id,title,subreddit,score,num_comments,upvote_ratio,url,created_date,author,post_body,flair,attachment_type,post_perspective
tqnp1u,Seriously though {FA}{DA},AvoidantAttachment,692,21,1.0,https://reddit.com/r/AvoidantAttachment/comments/tqnp1u/seriously_though_fada/,2022-03-29,Dismal_Celery_325,,,avoidant,general
1bvqno9,My poem on being avoidant,AvoidantAttachment,615,80,0.99,https://reddit.com/r/AvoidantAttachment/comments/1bvqno9/my_poem_on_being_avoidant/,2024-04-04,[deleted],,,avoidant,general
1kp4duk,The HOTTEST HOT TAKE,AvoidantAttachment,604,72,0.99,https://reddit.com/r/AvoidantAttachment/comments/1kp4duk/the_hottest_hot_take/,2025-05-17,imfivenine,This is going to piss people off but if you look at AT literature - not online coaches trying to make money off of you - love bombing is the opposite of dismissive avoidance.,Attachment Theory Material,avoidant,general
plr9xd,Anxious People on this subreddit: stop abandoning yourself and blaming it on someone else,AvoidantAttachment,526,71,0.99,https://reddit.com/r/AvoidantAttachment/comments/plr9xd/anxious_people_on_this_subreddit_stop_abandoning/,2021-09-10,imfivenine,"If you’re anxious preoccupied or anxious leaning whatever, by hyperfocusing on everyone else, figuring out an avoidant, dissecting someone else’s brain, spending all your time researching THEM, you’re abandoning and avoiding yourself. 

Every time you choose to not voice a need in fear they’ll run, YOU are abandoning YOURSELF. Sticking around repeatedly after your voiced needs aren’t being met? Choosing to stick around for someone who has been ignoring you for months? YOU are abandoning YOURSELF. You can make it about the avoidant’s attachment style all you want but then you’re being avoidant to yourself all over again. Double whammy. There really are so many avoidants in the world when you factor in self avoidant anxious + other avoidant attached people! The very thing you’re angry about them doing, you’re doing to yourself too. 

Every time you make yourself fit whatever contortion you’ve decided will “keep them” or “get them back,” YOU are abandoning YOURSELF. 

It’s highly probable (though there are some rare exceptions) that whatever abandonment you are fearing is probably related to something that happened to you before you even met the person you’re so worried about right no",Rant/Vent,avoidant,general
1i2qkl9,Pour one out for avoidant women who date women,AvoidantAttachment,478,68,0.98,https://reddit.com/r/AvoidantAttachment/comments/1i2qkl9/pour_one_out_for_avoidant_women_who_date_women/,2025-01-16,AbbreviationsNo7536,The u haul lesbian is a stereotype for a reason! I start squirming in my skin every time I hear about all these wlw couples whose first date lasted 48 hours.,Rant/Vent,avoidant,general
syzhtu,Same {FA},AvoidantAttachment,442,7,1.0,https://reddit.com/r/AvoidantAttachment/comments/syzhtu/same_fa/,2022-02-22,Dismal_Celery_325,,meme,avoidant,general
r7y93d,And that’s on self development,AvoidantAttachment,427,6,1.0,https://reddit.com/r/AvoidantAttachment/comments/r7y93d/and_thats_on_self_development/,2021-12-03,Dismal_Celery_325,,meme,avoidant,general
1hnppqt,Non-Avoidants: lurk at your own risk,AvoidantAttachment,410,100,0.9,https://reddit.com/r/AvoidantAttachment/comments/1hnppqt/nonavoidants_lurk_at_your_own_risk/,2024-12-27,imfivenine,"Reminder for the many of you who haven’t bothered to read the rules or the room:

This isn’t your subreddit. It’s a support group for avoidant attachers. In case you don’t know what that means, here it is:

You don’t get to throw your triggered tantrums here. 

You don’t get to talk to avoidants here like we are your ex. 

As a matter of fact, you don’t get to say anything here. APs especially ruin every attachment sub they try to infiltrate by not being able to control themselves and by externalizing everything. 

I’d much rather this subreddit be quiet with fewer yet higher quality, on topic posts than the unhinged daycare the others can easily become. 

No one can stop you from reading or following this subreddit, but I am asking you to respect our space. If you can’t manage your triggers and texting fingers then stop looking at this sub. We aren’t here for your soothing. 

FAs: most of y’all are cool but please check yourselves, especially when you are going into the “my DA ex,” “my DA…” stuff. As well as calling yourselves “avoidants.” FA is a separate attachment style. When referring to avoidant attachment, that typically means DA. FA/disorganized is a completely separate sty",Moderator Post,avoidant,partner-perspective
s32vt3,❤️,AvoidantAttachment,393,5,0.99,https://reddit.com/r/AvoidantAttachment/comments/s32vt3/_/,2022-01-13,Dismal_Celery_325,,,avoidant,general
v8ainl,"Can we talk about how painful it is as a {da} to see you're hurting the person you care about, but still be too empty and blocked inside to offer them what they need?",AvoidantAttachment,385,65,1.0,https://reddit.com/r/AvoidantAttachment/comments/v8ainl/can_we_talk_about_how_painful_it_is_as_a_da_to/,2022-06-09,PolishBrodin,"This is ridiculous. I didn't ask to be this way, I'm trying the best I can to change it and I still end up just hurting the only people who are willing to withstand my bullshit.

My gf was away for 5 days. I prepped the house for her arrival, cleaned everything and bought her some flowers, left a note with a heart (she was coming home earlier then me that day). When we finally met, we started chatting a bit how her trip was etc. and then she asked me if I missed her.

I said 'yea'. She's like 'only yea? or did you really miss me?' I answered, I guess in a cold tone, 'I missed you'. And then before I know it, it turned once again into an argument about how I don't love her and she's not even getting the bare emotional minimum, me always being cold and unhappy, her feeling unwanted.

And the thing is, I couldn't say I really missed her, because I didn't. When she was away, I did feel lonely and was texting with her etc., but I also felt very much free and safe, able to just be. And after all the yesterday, I know she'll be invalidated and looking for even some show of affection, while I literally feel empty and have to put my entire energy into not deactivating completely and only pr",DA Story Time,avoidant,general
p27shf,avoidant anonymous…,AvoidantAttachment,382,8,0.99,https://reddit.com/r/AvoidantAttachment/comments/p27shf/avoidant_anonymous/,2021-08-11,PM_ME_RANDO,,meme,avoidant,general
1hokqmo,Do you cut people off easily?,AvoidantAttachment,374,86,0.98,https://reddit.com/r/AvoidantAttachment/comments/1hokqmo/do_you_cut_people_off_easily/,2024-12-29,LackofBinary,"I find that I have an extremely low tolerance for other people’s shitty behavior and will quickly cut someone off.

I had a sorta-friend at work. She expressed wanting to lose weight by July. I enjoy working and told her I would be her workout buddy. Spent weeks talking to her about diet, exercise, other things. The first day she couldn’t work out for some reason. The second, she didn’t even hit me back.

I haven’t spoken to her since and don’t have any reason to. 

Not a vent but giving an example. Just wondering if anyone else feels similar.",General Question About Avoidant Attachment,avoidant,general
r81v04,How many people have we made confused lol,AvoidantAttachment,369,41,0.99,https://reddit.com/r/AvoidantAttachment/comments/r81v04/how_many_people_have_we_made_confused_lol/,2021-12-03,Philtastic_,,Rant/Vent,avoidant,general
tp4tpy,Did this get shared here yet?- {sa}{DA},AvoidantAttachment,341,13,1.0,https://reddit.com/r/AvoidantAttachment/comments/tp4tpy/did_this_get_shared_here_yet_sada/,2022-03-26,ComradeRingo,,meme,avoidant,general
vvh4jo,A good meme dump {FA},AvoidantAttachment,336,9,0.99,https://reddit.com/r/AvoidantAttachment/comments/vvh4jo/a_good_meme_dump_fa/,2022-07-10,[deleted],,meme,avoidant,general
12cv3n6,Someday ❤️{DA} {FA},AvoidantAttachment,321,11,1.0,https://reddit.com/r/AvoidantAttachment/comments/12cv3n6/someday_da_fa/,2023-04-05,Individual_Tour_6188,,meme,avoidant,general
1ktpgwn,Villainised for needing space,AvoidantAttachment,311,84,0.97,https://reddit.com/r/AvoidantAttachment/comments/1ktpgwn/villainised_for_needing_space/,2025-05-23,Primary_Ad7917,"I seem to always be the villain, no matter how many people I speak to. Out of 100 people, there have only been 2 people who understand me authentically, both of them coincidentally being online friends.

All I ask for is my own space. All I ask is to be left alone for a few days to process and deal with my own emotions, my own mental state. I hate feeling suffocated. I hate feeling overwhelmed. My anxiety goes out of control when I don't feel like I'm losing my own autonomy; my personal space, my time. I hate when my boundaries are constantly, **constantly** violated and trampled on, and yet, I am expected to apologise for that too. Recently, I broke up an anxious attachment, and I felt like I was drowning more often than not. No matter how many times I would ask for my own physical personal space and reiterate that she wasn't the problem, she would still get upset and label me as cold and unloving. Even despite *always* having some form of close intimacy; cuddling, kissing, holding, touching, that I had to force to do as well. 

When I was distressed and disorientated with anxiety, I wasn't allowed. When I wanted to be left alone to collect my emotions, I wasn't allowed. When I wa",Seeking Support - Advice is OK✅,avoidant,general
1l932u7,🛑STOP HIJACKING POSTS🛑,AvoidantAttachment,288,44,0.95,https://reddit.com/r/AvoidantAttachment/comments/1l932u7/stop_hijacking_posts/,2025-06-11,imfivenine,"📣Saying it loudly for the people in the back.

I know this post is going to have a “vibe” but being warm and fuzzy has never worked so I’m trying to be crystal clear and firm here: 

Recently there has been an uptick in people trying to derail threads. Of course it’s non-avoidants who haven’t read the rules or think they don’t apply to them. This has always been an issue but is happening a lot more all of a sudden. 

There is no shortage of spaces online for people involved with avoidants to tell their stories or ask for advice. Literally every other attachment related forum, comment section, etc is inundated with non-avoidants talking at and about us. 

You have plenty of places to go for support. This is the one place we have for ourselves. 

Stop invading our space. 

The world does not revolve around you and your relationship. 

It is rude to hijack someone’s post in general, but especially when they are seeking support or being vulnerable. It is entitled and sort of anti-social to ask someone who is sharing to help you with your unrelated situation. 

Low effort comments like, “You sound just like my ex” are equally unhelpful and selfish. Why would anyone care about your ex wh",Moderator Post,avoidant,general
1n15tpi,Breaking News: Anxious and Avoidant styles are equally problematic,AvoidantAttachment,287,44,0.96,https://reddit.com/r/AvoidantAttachment/comments/1n15tpi/breaking_news_anxious_and_avoidant_styles_are/,2025-08-27,imfivenine,,Attachment Theory Material,avoidant,general
1p52djo,Anyone else get super grossed out by neediness? how do you deal with it?,AvoidantAttachment,287,81,0.98,https://reddit.com/r/AvoidantAttachment/comments/1p52djo/anyone_else_get_super_grossed_out_by_neediness/,2025-11-24,fawne_siting,"Recently started going out with a guy, and the near everyday invites to hangout, the ""ignoring me?"" texts after not replying within an hour make me want to peel my skin off. like it just makes me so mad and feels icky and i feel so guilty about it. struggling with wether to say something about needing space, or the urge to just cut things off. any advice is appreciated!",Seeking Support - Advice is OK✅,avoidant,general
1lnkpvu,Do y'all lose sexual interest when someone gets close?,AvoidantAttachment,285,43,0.98,https://reddit.com/r/AvoidantAttachment/comments/1lnkpvu/do_yall_lose_sexual_interest_when_someone_gets/,2025-06-29,Consistent_Pop2983,"I recently started dating someone and this person is probably the most attractive person I've ever met in my eyes, absolutely gorgeous. But after the first 3-4 dates I started losing sexual interest and I have been noticing with other people before that. Does anyone have a similar experience and if yes how do you deal with this?",General Question About Avoidant Attachment,avoidant,general
15tpxl7,I hate how people view avoidant attachment,AvoidantAttachment,281,75,0.97,https://reddit.com/r/AvoidantAttachment/comments/15tpxl7/i_hate_how_people_view_avoidant_attachment/,2023-08-17,efftheestablishment,"Look, as an avoidant I know that my actions and behavior can be shitty - and it is something I do genuinely think I need to work on - but I hate how people view those with avoidant attachments as inherently assholes, rather than recognizing many of us are victims of abuse and neglect, and it's often a symptom of mental illness and/or neurodivergency.

Like yes, an avoidant attachment can hurt people, I'm not going to pretend it doesn't, but nothing I do with my avoidant attachment makes me inherently an asshole. I don't sit here and think ""hm, yes, i am intentionally going to ignore this person"" ... it is a symptom. 

I'm sure some avoidants can be assholes, but there's assholes in every type of group. My ex had a clingy, anxious attachment, and they ended up being a stalker, but I'm not going to say every single person with an anxious attachment is a stalker or a creep. 

It just sucks, honestly. Like I really try not to be an asshole with my attachment style, and I've worked hard to try and ""fix"" it - but I wish more people actually understood what it is like, rather than assuming we're all shitty. Because we're not.",Rant/Vent,avoidant,self-reflection
1m5em1p,The comfort of surface level connections,AvoidantAttachment,280,30,0.99,https://reddit.com/r/AvoidantAttachment/comments/1m5em1p/the_comfort_of_surface_level_connections/,2025-07-21,devilenka,"I’ve been thinking a lot about my patterns, not just in romantic relationships but in my family dynamics and friendships too.
And honestly saying I have kept and keep people at arm’s length feels like an understatement. It’s more like I built an entire life around making sure no one got close enough. I did let a few people in deep after they've earnt my trust but they have also shown me why I shouldn’t trust anyone that deeply.

I used to think it was compatibility when I felt that instant spark with someone but it turns out it was just another distraction that I'd chase and when the high wore off, I'd deactivate, shut down or bounce. It took a lot of therapy to realize that I was running from myself.

Superficial connections feel safe, until they're not. And suddenly what once felt comforting becomes yet another mirror that reflects back the intimacy I keep running from, or even that superficial connection suffocates me.

Does anyone else struggle with this despite trying to do the work?",Seeking Support - Advice is OK✅,avoidant,general
rmk4ns,"Oh, is that not how it works?",AvoidantAttachment,277,7,1.0,https://reddit.com/r/AvoidantAttachment/comments/rmk4ns/oh_is_that_not_how_it_works/,2021-12-23,Dismal_Celery_325,,,avoidant,general
1r3pi46,I finally realized my fear of closeness is really a fear of being known,AvoidantAttachment,272,27,1.0,https://reddit.com/r/AvoidantAttachment/comments/1r3pi46/i_finally_realized_my_fear_of_closeness_is_really/,2026-02-13,kluizenaar,"I've been working to understand myself better as a DA, in part with the help of Reddit. I now feel the last puzzle pieces fell into place and I finally have a coherent story of why I am the way I am.

# Background

Some of you may know me at this point. I'm dismissive avoidant (40M), my wife fearful avoidant (41F), and we have three children. We have been together for 17 years, married for 13 years, and this is my first relationship. I've never had or wanted any close friends, though now that I'm healing I'm reconnecting to my best friend from 20+ years ago and letting him come closer.

Our marriage has been very distant for over 10 years. I finally know when it started, because I told my wife about deactivation, and she immediately knew the times I had deactivated though she had no idea of the concept before. According to her, my long deactivation must have started in October 2014. It started when she began suffer from serious back pain as a consequence of the birth of our first (she still hasn't recovered from this) and lasted until October 7, 2025. I later deactivated again for about 10 hours and she could pinpoint the exact moment when I told her about deactivation, so I'm pret",Self Discovery,avoidant,self-reflection
1c1mwsd,Anyone else bothered by the rude comments about avoidants on any attachment related content ?,AvoidantAttachment,271,141,0.97,https://reddit.com/r/AvoidantAttachment/comments/1c1mwsd/anyone_else_bothered_by_the_rude_comments_about/,2024-04-11,hexaneandheels_,"So I follow @thesecurerelationship on instagram. I quite enjoy her posts and find them very informative and helpful. Lately though, the mean spirited comments about avoidants have become so prevalent that the creator now includes warnings on thieir content, urging anxious types to not lash out or engage in unwarranted hostility. Personally, I welcome constructive feedback and accurate portrayals from *professionals*; It’s why I’m in therapy. However… there is a difference between constructive criticism and harmful projection. 

Case in point below ⬇️",Input Wanted,avoidant,general
yvmzxo,thought this could be helpful to post! i'm a mix of rigid/porous as an {fa},AvoidantAttachment,270,13,1.0,https://reddit.com/r/AvoidantAttachment/comments/yvmzxo/thought_this_could_be_helpful_to_post_im_a_mix_of/,2022-11-15,scorpiokillua,,Attachment Theory Material,avoidant,general
1etxril,Recent Epiphany: My Avoidance Stems from People-Pleasing,AvoidantAttachment,258,75,0.99,https://reddit.com/r/AvoidantAttachment/comments/1etxril/recent_epiphany_my_avoidance_stems_from/,2024-08-16,Legitimate_Ad5434,"I'll start by saying that I'm well aware that this idea may be nothing new for many of you, but it's something that I haven't seen expressed - so I'd like to give it my best shot.

I have an extreme need for space and I often get very uncomfortable whenever I spend even just a few hours with one person or a group of people. I recently ended a three year relationship (mutually) because she wanted marriage. She was fantastic and our problems may have been relatively small (I'm still trying to assess how big they were), but she wanted marriage and while I could picture it at times, my biggest reservation was that I couldn't see living with her.

We often spent weekends and even weeks together and while she was very easy to spend time with and didn't ask much of me, I still found myself craving the type of privacy and space I could only get without her anywhere near me. But why?

My epiphany is that my avoidance is linked to my severe people-pleasing nature. Even when we were both relaxing apart from each other and she was asking nothing for me, I found myself becoming drained. Again, why? I'm realizing now that I was constantly assessing and attempting to keep her mood good. If she wa",Seeking Support - Advice is OK✅,avoidant,general
ou830w,This doesn’t get talked about enough,AvoidantAttachment,258,20,0.99,https://reddit.com/r/AvoidantAttachment/comments/ou830w/this_doesnt_get_talked_about_enough/,2021-07-29,imfivenine,,meme,avoidant,general
1kdadym,Charts organizing attachment traits,AvoidantAttachment,256,76,0.98,https://reddit.com/r/AvoidantAttachment/comments/1kdadym/charts_organizing_attachment_traits/,2025-05-02,imfivenine,"I’m a sucker for information organized in this way and wanted to share. Some traits are *universal* and others are more likely to be attributed to certain styles, though some things may not fit your personal experience perfectly.",Attachment Theory Material,avoidant,general
1qdfej5,"How does avoidance ""feel"" in your body?",AvoidantAttachment,248,87,1.0,https://reddit.com/r/AvoidantAttachment/comments/1qdfej5/how_does_avoidance_feel_in_your_body/,2026-01-15,VillainousValeriana,"Been thinking about this one for a bit because I see people frame avoidance as a fear, like you're afraid of love and intimacy . It doesn't always feel like a fear for me? If I were afraid I'd have a racing heart and shaking. It's more of a long term low grade discomfort, a looming feeling of dread, irritability, and a visceral need to isolate myself.

Its kind of silly that people think if they just love you more you'll somehow stop being scared. But I'm not usually scared. 

What is it like for you?",Self Discovery,avoidant,general
1q162aj,What did you notice changed when you began leaning secure?,AvoidantAttachment,248,44,0.99,https://reddit.com/r/AvoidantAttachment/comments/1q162aj/what_did_you_notice_changed_when_you_began/,2026-01-01,VillainousValeriana,"I'm pretty happy with my progress. I notice I have a much lower tolerance for unaware dysregulation (no matter what kind it is whether it's someone push-pulling or an anxious type dumping on me).

I don't tolerate circular complaining from others for long before disengaging

I can spot incompatible patterning sooner and detach effectively a lot quicker

I don't complain as much as I used to either. I noticed even the content I watch changed I don't watch stuff causes me to feel rage, injustice, or stuff with constant negativity

I found routines activities  that calm my nervous system (not even realizing those were actual regulation techniques)

I'm not shaken by disappointing or painful situations as long now. No more crying and freezing for weeks or months it's now just ""welp, that stunk. Time to move on"" and I actually do

I'm starting to know what I want and why. My values, beliefs, and ethics changed for the better. My discernment for security got better I can now spot green flags instead of running from red flags

This is makes me so happy and I'd love to see what everyone here noticed along their journey too!",Self Discovery,avoidant,general
12qdzom,"Me every day: “No one cares about me, I’m all alone, and I will always be alone” while I ignore texts from a dozen people {FA}",AvoidantAttachment,247,11,1.0,https://reddit.com/r/AvoidantAttachment/comments/12qdzom/me_every_day_no_one_cares_about_me_im_all_alone/,2023-04-18,RevolutionaryTrash98,"So tired of living life inside this narrow, boring and depressingly well-worn groove in my brain.",,avoidant,general
1pbu2wc,I like when people have a lot going on for themselves.,AvoidantAttachment,245,21,0.98,https://reddit.com/r/AvoidantAttachment/comments/1pbu2wc/i_like_when_people_have_a_lot_going_on_for/,2025-12-02,NoYard5575,"Something about a person being so enthralled with (distracted by) you that they start not doing the things they said they were going to do, missing events, isolating to be with you and pretty much just sleeping on themselves is so off-putting to me. I do NOT want that level of attention lol. People have even said they cut off their hoes for me and I’ve said (only half-joking) that if we move quick we can prob get some of them back! 

It just feels like so much pressure. I would much rather get in where I fit in (if the connection is meaningful and we are both present in those few moments) than have somebody prioritizing me to that extent. 

Mind you- I have adhd and have been known to exhibit some of those behaviors when I meet somebody new. I even hate when I do it. It’s irrational, I usually regret it and then associate the person with me compromising myself. So if I notice us BOTH doing it simultaneously I feel like the relationship is troubled / heading for trouble. And that it’s an even bigger issue if only I notice.",Rant/Vent,avoidant,general
qrydbq,For the partners of an avoidant,AvoidantAttachment,242,22,0.98,https://reddit.com/r/AvoidantAttachment/comments/qrydbq/for_the_partners_of_an_avoidant/,2021-11-11,Dismal_Celery_325,,,avoidant,general
1nyzgw9,the loneliness is killer,AvoidantAttachment,239,25,0.99,https://reddit.com/r/AvoidantAttachment/comments/1nyzgw9/the_loneliness_is_killer/,2025-10-05,hungryhappy112,"This is gonna be a short vent post but the loneliness is absolutely killer. I want a normal, healthy connection, but I know I can't hold space for another person like that, can't handle another heartbreak, and am not healthy enough to be in a relationship yet.

I can barely accept kindness from others. I overwork myself too much and I still feel lazy. I have a long way to go before I'm ready for a real relationship. 

The loneliness is killing me. I feel empty inside. Lost interest in food.",Seeking Support - Advice is OK✅,avoidant,general
1em6hu4,Avoidance = lack of agency,AvoidantAttachment,236,23,1.0,https://reddit.com/r/AvoidantAttachment/comments/1em6hu4/avoidance_lack_of_agency/,2024-08-07,[deleted],"Coercive relationships in childhood robbed me of my ability to love people willingly. This was done through heavy shaming and physical abuse by some pretty chaotic caregivers. My codependent parents made relationships feel like burdensome obligations where autonomy and independence go to die. 

Fast forward adulthood I fear being trapped in unhappy relationships where favours, attention and love are extracted from me and I cannot do anything except just endure it with a smile (since I was always punished / dismissed when speaking up for myself). 

I struggle with healthy conflict and setting small boundaries - which is why I’m always looking for a perfect person (someone who will never stress me out ever). I panic when intimacy starts growing (because that means they will soon colonise my emotional state) and then I distance myself/ ghost completely. 

I’m learning recently that my fear of intimacy is actually a fear of self-advocacy. Like what if they reject, guilt trip, judge or ridicule me for being vulnerable/ speaking up? Because of my aversion to defending myself I am always at risk of being dominated again. As a child I had no choice but to accept it but as an adult I can se",Attachment Theory Material,avoidant,general
uek0yf,One of the most profound books I’ve read - on self-esteem and self-fulfilling prophecies {FA} {DA} {AP},AvoidantAttachment,236,26,1.0,https://reddit.com/r/AvoidantAttachment/comments/uek0yf/one_of_the_most_profound_books_ive_read_on/,2022-04-29,tpdor,,Attachment Theory Material,avoidant,general
1qutku2,This is why this group has rules and standards that the other groups do not have to have.,AvoidantAttachment,234,26,0.97,https://reddit.com/r/AvoidantAttachment/comments/1qutku2/this_is_why_this_group_has_rules_and_standards/,2026-02-03,imfivenine,I shouldn’t have to say this but please watch the video in its entirety before simply reacting to the video’s title.,Moderator Post,avoidant,general
sh80hv,I reached out to my ex to apologize for me being avoidant,AvoidantAttachment,233,19,1.0,https://reddit.com/r/AvoidantAttachment/comments/sh80hv/i_reached_out_to_my_ex_to_apologize_for_me_being/,2022-01-31,HoldPsychological1,"I practically forced my ex to break up with me due to my avoidant traits. It got so bad and I was so overwhelmed that I began to check out of the relationship. I didn’t know why but I just needed to be alone. She noticed that and eventually ended it with me. 

It wasn’t until after the breakup did I realize that I was avoidant. I looked into attachment theory and it destroyed me when I realized the implications of my attachment style. Everything suddenly clicked and I couldn’t help but need to reach out to my ex to make sure she knew it wasn’t her fault for how I was. To let her know her reasons were valid. She wasn’t asking too much of me at all. While she is anxiously attached, I brought out the worst in her. 

She actually responded and told me how she’s been waiting for me to tell her that for months. She’s with someone else now but at least she knows that I hold no ill feelings and can own up to how I was. I can’t blame everything on our attachment styles clashing, or me being avoidant, but it didn’t help one bit.

Now I’m alone again knowing I probably won’t be able to keep a relationship alive until I fix myself and move towards a more secure attachment. She loved me so much",,avoidant,self-reflection
175gldx,"I never see ""mean memes"" about anxious attachers. Why are there so many about avoidants?",AvoidantAttachment,230,93,0.92,https://reddit.com/r/AvoidantAttachment/comments/175gldx/i_never_see_mean_memes_about_anxious_attachers/,2023-10-11,greysunlightoverwash,"Facebook algorithm has been shoving shitty memes mocking avoidants down my throat. 

Maybe I'm not on the right algorithm, but I never see memes and parodies of anxious attachers? 

Why are they babied and coddled by the internet, while we're shamed and slammed? 

If anything, it seems like the real cruelty comes from anxious attachers. We're under so much pressure to seek therapy, we usually do and evolve. Meanwhile, they're allowed to keep being ""passionate"" and ""loving."" 

I'm over it. Anxious attachers are smothering. Being smothered is triggering. I know it comes from a wounded place, just like all of my stuff does, which is why I don't bitch about it. But come. on.",Rant/Vent,avoidant,general
1n6ph7c,UPDATE: Having difficulty responding to being “seen” / challenged,AvoidantAttachment,229,30,1.0,https://reddit.com/r/AvoidantAttachment/comments/1n6ph7c/update_having_difficulty_responding_to_being_seen/,2025-09-02,LoudAmbassador1,"Just wanted to follow up to the post I made last week considering I had so many good responses.

**Short recap: I was detaching from a girl I was seeing and while breaking it off, she hit me with some home truths about my avoidant behaviour. After that I started really thinking about what she said and reconsidering my feelings toward her.**

As per the consensus advice, I reached out last week and asked if she wanted to come over for a cooked dinner and a chat. She asked me what took so long. I apologised for my coldness toward her and she told me to not mention it. She also joked about how what she said must’ve struck a cord and all I could do was laugh and agree. 

Anyway, we chatted about what was said last time, and she basically made an appeal for me to take a gamble on taking her seriously as a partner. I told her I’d spent the last week thinking about that exact idea. 

We then had a very emotional conversation where she basically said she knows how uncomfortable I am being pushed toward a proper relationship and she would have spared me the restlessness and not said anything, but she cared about me too much to see me slip away. She then professed how much she cared for me,",Seeking Support - Advice is OK✅,avoidant,general
16j84n0,Cognitive Dissonance,AvoidantAttachment,225,28,1.0,https://reddit.com/r/AvoidantAttachment/comments/16j84n0/cognitive_dissonance/,2023-09-15,anon678123,"Does anyone else get the worst cognitive dissonance when it comes to relationships? Or almost like a pendulum type of thinking that swings back and forth. For example:

“I love this person. I feel so happy and comfortable spending time with them.”

“But I wish I could be free to hook up with other people.”

“But that wouldn’t be worth losing this person. I’ll stay and work it out.”

“But if I stay, I’ll lose my independence and  resent him for it.”

“But I’ve voiced this feeling with him and he still loves me and is willing to work through things with me.”

“But what if I’m really just half assing this relationship and I should leave and stop wasting his time.”

“But I can’t imagine my life without him.”

“But if I get out now before it gets TOO serious, maybe I can spare both of us from some of the pain.”

“But shouldn’t I at least give it a chance?”

“What’s the point of giving it a chance if I’m going to keep escape routes open for myself the whole time? He deserves someone who’s all in.”

“But does it have to be that serious? So many people just get into and out of relationships all the time without a second thought.”

“But that’s not how it ever goes for me, getting into anoth",Input Wanted,avoidant,general
19eb87b,👇🏻👇🏻👇🏻👇🏻👇🏻,AvoidantAttachment,222,7,1.0,https://reddit.com/r/AvoidantAttachment/comments/19eb87b/_/,2024-01-24,imfivenine,,,avoidant,general
1mn6inr,I broke up with someone I never agreed to be in a relationship with.,AvoidantAttachment,219,47,0.95,https://reddit.com/r/AvoidantAttachment/comments/1mn6inr/i_broke_up_with_someone_i_never_agreed_to_be_in_a/,2025-08-11,General_Ad7381,"I told this woman **multiple** times, as clearly as I possibly could, that I only wanted to *get to know her* to see if we were compatible in the first place. She ignored me every time I said that, and I found out she was telling everyone we were together. That is wild.

I know that some people are prone to deciding that DAs are always the """"bad guys"""" regardless, but there is not a thing I could have done differently. I really believe that. How hard is it to understand, ""I'm interested in you, I just want to get to know you better before we are official?"" Which is exactly what I told her. Multiple times. Within the first month that we were even talking, because as SOON as she realized that I had any feelings for her at all she started saying that she was in love with me. 🤷🏻 People are wild.",Rant/Vent,avoidant,general
vhb60v,{fa} {da} {ap},AvoidantAttachment,215,13,1.0,https://reddit.com/r/AvoidantAttachment/comments/vhb60v/fa_da_ap/,2022-06-21,fearfuldarkgrey,,,avoidant,general
1lufzdg,A non avoidant reddit user screenshotted my DA post from the DA sub…to post on their sub. We can’t even be vulnerable in our own spaces.,AvoidantAttachment,214,95,0.9,https://reddit.com/r/AvoidantAttachment/comments/1lufzdg/a_non_avoidant_reddit_user_screenshotted_my_da/,2025-07-08,BelleAubrey,"And of course it’s those people. You know what I’m talking about. And maybe you know which sub. Always crossing boundaries, toxic with their communication, etc.
Is it overreacting to be pissed off about this. I’m in therapy for the first time. I wrote that post when I felt vulnerable and lost. Just for someone to post it where everyone can talk shit. I think I will never post shit anymore after this. How disrespectful.",Rant/Vent,avoidant,general
1ji4jjr,Do you detach when you know someone is mad or upset with you?,AvoidantAttachment,214,63,0.99,https://reddit.com/r/AvoidantAttachment/comments/1ji4jjr/do_you_detach_when_you_know_someone_is_mad_or/,2025-03-23,Alternative_One_8488,"I commonly feel like I pull away when someone is upset with me or being short/ distant. It turns into basically days without talking and sometimes even longer. Is this common? 

Like if they aren’t talking to me, I have an apprehension with wanting to restart communication.",Seeking Support - Advice is OK✅,avoidant,general
xk5ts0,{fa} three months into any relationship,AvoidantAttachment,213,10,1.0,https://reddit.com/r/AvoidantAttachment/comments/xk5ts0/fa_three_months_into_any_relationship/,2022-09-21,[deleted],,meme,avoidant,general
1m6ul4e,The basics of AT that so many miss.,AvoidantAttachment,212,31,0.95,https://reddit.com/r/AvoidantAttachment/comments/1m6ul4e/the_basics_of_at_that_so_many_miss/,2025-07-23,imfivenine,"Finally, someone is saying it.",Attachment Theory Material,avoidant,general
1mrj157,"I don't know what it's like to ""miss"" a person.",AvoidantAttachment,209,60,0.99,https://reddit.com/r/AvoidantAttachment/comments/1mrj157/i_dont_know_what_its_like_to_miss_a_person/,2025-08-16,OkAccountant5204,"I don't ever recall having that feeling. Even when almost a decade younger as a budding teen. I was a latchkey kid and enjoyed the solitude, I didn't feel lonely. When I was sent across the country for a while, I did not miss my family. When I vacationed overseas alone for half a year and my family left back to the States without me, I did not truly care. I require solitude for at least some hours a day or else I start losing it.

At first I thought this was normal and just because I generally find my family annoying, but this behavior is part of my friendships too. No matter how much of a good time I have chatting with my friends, I do not care if they suddenly have to be gone for extended periods of time. One of my friends unknowingly to me became upset with me and didn't speak to me for almost two years, and I did not care in the slightest.

It really hit me that this is a very deep part of me when I left my hometown of 15 years forever, and I still cannot care that I will likely never see my family or friends again. I avoid interaction with my family, and I like chatting to my friends on the phone now, but there is no pain from not seeing or hearing from them.

I realized that",Attachment Theory Material,avoidant,general
1jeqhmw,How things change when us avoidants have space...,AvoidantAttachment,201,27,0.97,https://reddit.com/r/AvoidantAttachment/comments/1jeqhmw/how_things_change_when_us_avoidants_have_space/,2025-03-19,speedylady,"My boyfriend and I are going through another rough patch. He is securely attached and introverted. He doesn't really have a friend group or a best friend though he has a lot of hobbies outside of me. During a couple days of us not talking as we took space, I drove to an event by myself and saw him talking to another guy on the team he helps out on. My mind went to this sound effect:

[https://www.youtube.com/watch?v=3UYc23aAMpE](https://www.youtube.com/watch?v=3UYc23aAMpE)

  
It made me giggle to realize how much seeing our partner living their life outside of us avoidants can be so attractive. It's not that we want what we can't have (as can often be portrayed when we are demonized), we just feel turned on by someone having a rich life outside of us.   
Have you ever had an experience like this?",Humor,avoidant,general
1b3i39a,Things that get blamed on Avoidant Attachment might actually be an Anxious Attachment Strategy...,AvoidantAttachment,201,52,0.94,https://reddit.com/r/AvoidantAttachment/comments/1b3i39a/things_that_get_blamed_on_avoidant_attachment/,2024-03-01,imfivenine,"I have been reading *Assessing Adult Attachment* by Patricia Crittenden Phd and Andrea Landini MD. It discusses the Dynamic-Maturational Approach to Discourse Analysis. In simple terms, it is like an expanded AAI (Adult Attachment Interview). 

[This link](https://familyrelationsinstitute.org/course-type/adult-attachment-interview/) offers an overview. Any quotes I use below are taken from the book, which was published in 2011 by WW Norton &amp; Associates.

What I found really fascinating (yet not surprising) is that the academic texts do not coddle any attachment style like pop-psych does. Most notably,  the descriptions of anxious attachment are very straightforward in the text and aren’t sugar coating them or giving them unending grace or perpetuating their victimhood, like you find in books like \*Attached\* and all the pop-psych stuff on the internet. Even more interesting was that I noticed my observations were really similar to what they outlined in the book, which I found was validating because many times when anxious people get called out on this kind of stuff, avoidants get dogpiled and blamed, treated as if everything we have the capacity to witness or observe is becaus",BOOK: Assessing Adult Attachment by Crittenden and Landini,avoidant,general
zk9dqg,Letter from a Dismissive Avoidant {DA},AvoidantAttachment,197,25,0.99,https://reddit.com/r/AvoidantAttachment/comments/zk9dqg/letter_from_a_dismissive_avoidant_da/,2022-12-12,NetworkEvery,"Hi everyone,

I am currently working on my master's to become a therapist. Part of the process was for me to go through my own long-term therapy. I've been going weekly for over a year and have made a lot of progress.

When I started therapy, I was convinced I had a secure attachment style. However, slowly, I came to the realization that I have had a DA style. My therapist asked if I would write a letter to my mom, who is also DA. When I sat down to write, I got maybe a paragraph in and just could not do it. I kept feeling like I was being melodramatic and whiney.

Fast forward 1.2 years later, therapy helped me find the strength to do it. The trick was to tell myself to lean into those feelings and just accept the cringiness of the letter. I told myself no one was ever going to see it anyways. This allowed me to let it all out, and it's helped my therapy immensely.

I wanted to post it on this subreddit for multiple reasons. 1. I'm hoping that letting others see this will encourage me to let my defenses down in my future relationships and accept vulnerability. 2. I hope that others with a DA style can relate to the letter and see they are not alone. 3. I wanted to show that therap",Self Discovery,avoidant,general
125lfa9,{DA} Vilification of avoidants and lack of taking responsibility by other styles in many spaces,AvoidantAttachment,196,87,0.93,https://reddit.com/r/AvoidantAttachment/comments/125lfa9/da_vilification_of_avoidants_and_lack_of_taking/,2023-03-29,dilqncho,"This gets so exhausting. From popular resources like Attached through pop-psych Facebook reels(and the comments under them) to attachment style boards, the prevalent attitude seems to be ""Avoidants are messed up, just stay away from them and find someone who doesn't trigger your anxiety"".

Which...yeah, avoidants are messed up. And we don't deny it. Any time I see a comment by an avoidant, it's basically an admission of guilt and acknowledgement of things they need to fix. Myself, I've never denied I have shit I need to work on.

But you know, so do APs. And I see those admissions much less frequently.

Whenever I read attachment style threads, it seems to be the same thing.

An avoidant always has to want space because they're incapable of closeness, or haven't healed, or don't realize they're deactivating etc. etc  - basically all reasons related to their internal issues. It couldn't possibly be that protest behaviors, blaming and guilt trips played a part in pushing them away.

An AP/DA relationship is failing because ""an avoidant not getting treatment is incapable of relationships"". Okay, true so far. But zero mention of the anxious person needing treatment, too.

It just seems",Rant/Vent,avoidant,general
v3rxzc,{fa} I think that many of us insecurely attached people have the potential within us to actually be some of the best of partners!,AvoidantAttachment,194,23,0.98,https://reddit.com/r/AvoidantAttachment/comments/v3rxzc/fa_i_think_that_many_of_us_insecurely_attached/,2022-06-03,eulersidentity1,"I think that so much of our fear and avoidance is actually born of a deep sense of care, love, kindness, and wanting to be good. We just weren't given the tools to know how to handle our own emotional lives and we learned deeply painful and false beliefs about our lack of value at a very young age. But I think there is in all of this the seeds of the very best of partners, lovers, parents and more!",,avoidant,general
1bgp186,Constantly torn between wanting connection and wanting to isolate,AvoidantAttachment,192,13,0.99,https://reddit.com/r/AvoidantAttachment/comments/1bgp186/constantly_torn_between_wanting_connection_and/,2024-03-17,neuraltransmission,"I am the source of my own misery. I don’t have many irl friendships that go beyond surface-level acquaintanceship, and I don’t feel motivated to seek many out because I never feel understood. The only place I can really open up and be myself is online, the anonymity of the internet. With in-person interactions, it feels like I’m always trying to come off a certain way that is more palatable to others because I know people won’t truly like me if they know everything about me.

Some of the most genuine connections I have made have been online because I didn’t feel this pressure to suppress sides of myself, but this is immensely lonely. I wish I had more fulfilling in-person connections, yet whenever I try to make new friends, I just end up feeling unseen because I can never fully open up. I sometimes even want to just drop off the internet as well, because opening up and being vulnerable can be terrifying. It’s easier to remain alone, especially out of fear of judgment or rejection, but I’m someone who really craves connection, so while I enjoy my time alone, the loneliness gets to be too much to handle at times. I fear I’ll never feel unconditionally accepted and appreciated anywher",Rant/Vent,avoidant,general
vavv8i,Finally allowed myself to have stuffed animals as a 29-year-old and it’s one of the best comforts I’ve found this year…{da},AvoidantAttachment,192,17,0.99,https://reddit.com/r/AvoidantAttachment/comments/vavv8i/finally_allowed_myself_to_have_stuffed_animals_as/,2022-06-12,ninito001,,,avoidant,general
1pncpqm,How do you tell whether you need to push through the avoidance or if you just don’t like them as a partner,AvoidantAttachment,189,72,0.99,https://reddit.com/r/AvoidantAttachment/comments/1pncpqm/how_do_you_tell_whether_you_need_to_push_through/,2025-12-15,islandwalking,"I feel silly asking this but I’m in my first serious long term relationship and I’m struggling so hard. I get very paranoid that it’s not meant to be because I feel so insanely avoidant. Like what if the right partner would make me feel less avoidant? 

I think the true answer is that I will always struggle with these avoidant issues no matter the partner. But I get sent into these spirals when things aren’t going well in my relationship where I just can’t stop getting the ick from my partner and I feel so ashamed and awful for it. I just constantly pick him apart in my mind. It makes me scared that I don’t actually like him and I absolutely hate even saying that. But a lot of the things I can recognize as me being uncomfortable expressing my emotions and being vulnerable. Like I’ll feel grossed out that he wants to be mushy gushy bc I feel weird and wrong doing that so I just unconsciously put up this wall. It makes me not want to be around him because I know I can’t reciprocate and I get really angry with myself and want to avoid avoid avoid. Like why can’t I just reciprocate without wanting to cry, throw a fit or throw up? Is it me or is it just not meant to be? 

I feel like I’",Seeking Support - Advice is OK✅,avoidant,general
174pstx,Why does The Ick happen? Where does it come from?,AvoidantAttachment,183,33,1.0,https://reddit.com/r/AvoidantAttachment/comments/174pstx/why_does_the_ick_happen_where_does_it_come_from/,2023-10-10,PearNakedLadles,"I've recently discovered attachment styles (thanks to Heidi Priebe's videos) and this way of thinking has helped me understand myself so much better. One thing I have felt a lot but never had a word for was ""the ick"". I get it a little in dating but I barely date so I mostly feel it in friendships or family relationships that get too intense. Just a strong feeling of repulsion that makes me want to get the fuck out of there and think of the person as little as possible. 

I find it really helpful to get explanations of things or to hear other peoples experiences when I am working through my own stuff. So...does anyone have recommendations for how to learn more about the ick? Can be videos, books, posts, etc - anything that goes into where it comes from, what purpose it serves, how to work through it. 

Or maybe some of you have your own answers to those questions. I would like to hear them! I just want to understand why this happens.",,avoidant,general
197nfc5,“How another person responds to you doesn’t define your attachment style.”,AvoidantAttachment,180,30,0.99,https://reddit.com/r/AvoidantAttachment/comments/197nfc5/how_another_person_responds_to_you_doesnt_define/,2024-01-15,imfivenine,"I loved this explanation. I linked the original post to give credit although it doesn’t have that much to do with the comment. 

A good reminder - no, they didn’t MAKE you do it. Your own attachment style made you do it. Part of accountability is identifying that without putting the responsibilityy for your actions on the other person. Everyone has triggers, and we are responsible for our own actions/reactions. It’s not what happened, it’s how you deal with it.  

https://www.instagram.com/p/Cn2WYdAP5CZ/?igsh=MzRlODBiNWFlZA==",Attachment Theory Material,avoidant,general
1jifdi9,How many of you are lonely?,AvoidantAttachment,178,35,1.0,https://reddit.com/r/AvoidantAttachment/comments/1jifdi9/how_many_of_you_are_lonely/,2025-03-24,LackofBinary,"I’m avoidant and I’m all about handling my shit before I enter a relationship because I don’t like traumatizing people, lol. 

I’ve been single and celibate for the last 7 years, now. I got close with one woman but she was acting odd(outside circumstances), and that ship sailed. I really liked her so I haven’t even attempted to talk or attempt to date anyone since and that was almost a year ago.

But, I can tell by my behavior and certain actions that I’m lonely and the feeling is increasing. I hardly ever find someone I can feel vulnerable with. I’m 26, so I’m still in that weird age bracket.",General Question About Avoidant Attachment,avoidant,general
zw1gie,Intimacy {DA},AvoidantAttachment,177,21,1.0,https://reddit.com/r/AvoidantAttachment/comments/zw1gie/intimacy_da/,2022-12-27,Aubreebee,"What level of intimacy do your relationships normally fall in? Do you think you progress too fast/slow or skip any levels? Did your partners always reciprocate at the same level?

[Source](https://caps.unl.edu/Creating%20Emotional%20Connection%20Handouts.pdf)",Input Wanted,avoidant,general
x5sax5,Thought of this during a shower I took to have an excuse to be alone; this one goes out to all the {fa} cuties in the chat,AvoidantAttachment,176,9,1.0,https://reddit.com/r/AvoidantAttachment/comments/x5sax5/thought_of_this_during_a_shower_i_took_to_have_an/,2022-09-04,_telegraph,,,avoidant,general
1igvnhu,Anyone else end up avoidant despite growing up with a loving/healthy family?,AvoidantAttachment,173,58,0.99,https://reddit.com/r/AvoidantAttachment/comments/1igvnhu/anyone_else_end_up_avoidant_despite_growing_up/,2025-02-03,lead-role-in-a-cage,"I’m a textbook DA (moved close to secure through much trial and tribulation), and one thing that’s never resonated with me about the DA “origin story” is that it’s caused by neglectful parents. Or emotionally demanding parents that cause the DA attachment style to develop for self-protection. Both of my parents were extremely loving, attentive, and worked hard to get my needs met, and I nonetheless ended up avoidant in all my adult relationships.

I’m wondering if anyone else had a similar experience, and if so, what you think caused you to become avoidant? 

Interestingly, my mother is also avoidant (though she expressed that with my dad rather than me), while her three brothers all have secure attachment, and her sister is autistic. Since they were all raised in the same environment, I’ve wondered if the women on my mom’s side of my family have some sort of neurodivergence that predisposed towards avoidant attachment — like an easily overwhelmed nervous system.

Would love to hear anyone else’s experiences here to help put together a more complete theory!",General Question About Avoidant Attachment,avoidant,general
1bp86u1,The Icarus' Problem,AvoidantAttachment,168,44,0.99,https://reddit.com/r/AvoidantAttachment/comments/1bp86u1/the_icarus_problem/,2024-03-27,ProcrastinatingBrain,"I (FA) ache to get closer to the people I care about, to be more affectionate, to be more vulnerable... I dream about how amazing it would be; to cuddle in someone's arms, to share my inner passions without concern, and to freely give affection of my own.

But how can I? 

For if I ever get close to such radiant affection, surely something will burn. Like Icarus getting too close to the sun, surely I will singe myself, I will be hurt and end up falling further from this life-giving source of warmth. Yes, it is better to just orbit it, stay here at a distance, where I can still feel some of the warmth.

And we don't know just how close we can get, only that trying is not worth the risk. Getting too close to the affectionate sun will just incinerate our feathery wings and plunge us into yet colder and unloving strata; that is, expressing affection will just push away the people we care about. 

Our subconscious is the proverbial Daedalus warning Icarus not to fly too close to the sun. We warn ourselves to not become Icarus.

The only difference is, of course, that other people are not raging balls of superheated plasma... Surely, some people might hurt us if we get too close, but oth",,avoidant,general
1hj2iuk,Do you feel deeply drained by socialization/people as a result of your avoidant attachment?,AvoidantAttachment,167,18,0.99,https://reddit.com/r/AvoidantAttachment/comments/1hj2iuk/do_you_feel_deeply_drained_by_socializationpeople/,2024-12-21,speedylady,"For the longest time I thought that my “quirks” around socializing had to do with being only somewhat extroverted. As in, I know that I am an extrovert, but I am less extroverted than most anyone else who would consider themselves an extrovert. 

When I began having serious problems in my romantic relationship, I entered therapy ~6 months ago, and that was where I discovered my dismissive-avoidant attachment. I can be skeptical when it comes to new information as in I need to thoroughly check it before mentally accepting it, but I’ve made some deep discoveries during therapy, and I’ve begun to suspect that the way I find most people draining is actually related to being a DA. 

I’m really “picky” with people. Even when life is good, I only like spending time with people I click with and that understand me. Most people drain me, especially talkative people.

And when life is bad (like now where my emotional &amp; love language needs can’t be met by my partner) I feel an extreme drain by people. I have felt actually traumatized by socialization. Times where I feel like crying after work (I’m a flight attendant which is very social).

I’m wondering if anyone else has this same experie",Hypothesis,avoidant,general
1nv953h,Since many of us have probably been on the receiving end…,AvoidantAttachment,166,34,0.93,https://reddit.com/r/AvoidantAttachment/comments/1nv953h/since_many_of_us_have_probably_been_on_the/,2025-10-01,imfivenine,,Attachment Theory Material,avoidant,general
163beb7,"I'm horrified by Instagram characterizations of avoidants. I can't even find an empathetic account to follow (although there are a few overal ""attachment"" accounts that are okay). Recs? (and a bit of a lament, if not a full rant)",AvoidantAttachment,166,72,0.96,https://reddit.com/r/AvoidantAttachment/comments/163beb7/im_horrified_by_instagram_characterizations_of/,2023-08-28,greysunlightoverwash,"I like to follow Instagram accounts for personal benefit, and was recently scrolling the comments of an attachment styles/therapist post. 

Y'all, I had no IDEA the public vitriol harbored towards Avoidants. Having only encountered it in a caring therapy context and objective books, I just assumed everyone recognized it as something painful and confusing to the traumatized person experiencing it. 

NOPE. I honestly could. not. believe. the nastiness towards avoidants. I had no idea I was perceived as cold and uncaring, especially since I consider myself an extraordinarily sensitive person. 

What's worse, as I scanned for attachment accounts, I saw reassurance after reassurance towards anxious attachers. Things like, ""we love to see your passion in relationships!"" ""No one cares like you do!"" ""You're tireless and loyal!"" It felt like validating behavior that—while a valid sign of trauma—needs to be changed, not cheered. And I admit, I was saddened to see there's no such reassurance for avoidants. Every account seemed to be dedicated to, well, avoiding us. 

First of all, I need some comfort. It really sucked to read that this behavior that has mystified and plagued me, and that I've",Input Wanted,avoidant,general
1k76rnu,Needing to have a solution,AvoidantAttachment,165,28,0.99,https://reddit.com/r/AvoidantAttachment/comments/1k76rnu/needing_to_have_a_solution/,2025-04-24,essstabchen,"Hello fellow avoidants,

I just had a very productive, and also a little jolting, therapy session. And I wanted to share, and see if anyone has either had a similar moment in therapy, or resonates with how I feel about this specific thing.

I've been working on the idea of being vulnerable with other people and how hard that is (I'm sure y'all relate). I was talking about my struggles with telling people anything that's emotionally affecting me in the moment.

In the past, I've also discussed my difficulties with making mistakes or having issues apologizing, instead opting to go ""I did this thing but already solved it"".

We know the song and dance of hyper independence, of feeling the need (and often being proven right) that we need to take care of things ourselves. Especially emotionally.

Today, I was telling my therapist that I can talk about stuff that I went through, so long as I feel emotionally distant from it. Describing how difficult it is to receive any kind of support. I mean, what is someone else going to say? And now I'm dumping my issues on them when I could just handle it myself? I mentioned to her that some of my closest friends don't know some of the major things I",Self Discovery,avoidant,general
1p4c8i4,Sometimes I feel so much shame for being this way,AvoidantAttachment,165,20,0.99,https://reddit.com/r/AvoidantAttachment/comments/1p4c8i4/sometimes_i_feel_so_much_shame_for_being_this_way/,2025-11-23,lazyycalm,"This is going to be a really self-loathing, self-pitying post probably, so sorry in advance haha. Idk I guess I'm just really struggling and wonder if anyone else here has felt similar.

As unfair as I find some of the stuff APs post about us, I have to admit that I think a lot of the negative stereotypes of are true of me. I don't think it's right for APs to call all avoidants liars and cowards who think only of themselves and run from accountability. But I say those exact things to myself on a near daily basis. It doesn't usually bother me that much, as I can admit that have character flaws that I need to work on, and other people have different character flaws that I don't have.

I was talking to my therapist recently about how I feel like contempt comes naturally to me and how the feeling was nearly overwhelming towards the end of my last two relationships. My internal monologue is so judgmental, both of myself and others, that it feels almost abusive at times. It's full of phrases like ""deal with it"", ""you *should* feel bad"", ""you're *such* a victim"" (sarcastic) and terms like ""annoying"", ""embarrassing"", ""childish"", and of course, my mom's favorite word, ""pathetic"". I also hav",Seeking Support - Advice is OK✅,avoidant,general
1q7itt3,"Is it just me or is ""date secure people"" a bad idea?",AvoidantAttachment,164,78,0.97,https://reddit.com/r/AvoidantAttachment/comments/1q7itt3/is_it_just_me_or_is_date_secure_people_a_bad_idea/,2026-01-08,VillainousValeriana,"To be specific, people who were born into families that fostered secure attachment. Not earned secures. I think the latter is exactly what I need but there's no stat on how much of the population is earned secure. 

I can't relate to ""normal"" people and I probably sound bitter but sometimes I resent them 💀. I repeatedly have this jaded thought of  ""wow must be nice not having a dysfunctional family"" around people like this. I feel vulnerable, ashamed, and irritable, even when they're accepting of me. 

I probably sound like a hater (and maybe I am who knows) but that's what I noticed. I also struggle with explaining the trauma. I don't open up for pity points, but so they can have context on why Im so guarded . Often times it turns into pity or shock anyway.

I don't want anyone to feel sorry for me I just want understanding. Can you guys relate? I feel like my best bet are with avoidant leaning secures, or earned secures with no other dominant lean. But I'm not sure if I can find that so maybe I'll just resign and be cat lady.",General Question About Attachment Theory,avoidant,general
18cjoqx,The Secure Relationship on IG gets it. (Link to post in comments).,AvoidantAttachment,164,14,0.96,https://reddit.com/r/AvoidantAttachment/comments/18cjoqx/the_secure_relationship_on_ig_gets_it_link_to/,2023-12-07,imfivenine,,,avoidant,general
1pnntnd,"How am I supposed to deal with the ""ick"" without leading a person on?",AvoidantAttachment,164,36,0.99,https://reddit.com/r/AvoidantAttachment/comments/1pnntnd/how_am_i_supposed_to_deal_with_the_ick_without/,2025-12-16,NeedleworkerSilver49,"I don't get emotionally attached easily, so the early stage of dating is often a long game for me where the other person is trying their best to win me over, and I'm trying to be a good sport and go through the steps to get to know them better. And I worry constantly that every step I take trying to get to know them is taken by the other person as a sign that I'm into them, and building up this excitement and attachment that I'm not reciprocating. On top of this, I have a tendency to self sabotage by noticing a quality I don't love about the other person and fixating on it til it makes me dislike them. So like, exposure therapy, don't dismiss someone right away, let yourself warm up to them, blah blah blah. But am I not leading someone on if I'm still trying to get to know them, acting like I'm interested, when internally I'm having to force myself to talk to them? How are you supposed to move past stuff like that without being the bad guy?",Seeking Support - Advice is OK✅,avoidant,general
1n0sctw,Having difficulty responding to being “seen” / challenged…,AvoidantAttachment,163,38,0.99,https://reddit.com/r/AvoidantAttachment/comments/1n0sctw/having_difficulty_responding_to_being_seen/,2025-08-26,LoudAmbassador1,"For the last two months I’ve deactivated from a girl I’ve been seeing for over a year. I’d gone through short bursts of this with her before, but none this prolonged and I have been resigned to ending things for a few weeks now, I’ve just been kinda waiting for her to bring it up as the thought of starting that conversation was filling me with dread. 

Last Friday she finally initiates the talk, and I pretty quickly try and tell her how I’m sorry, I can’t give her what she wants, I can’t explain why I do this thing where I detach, and that I think it’s time for us to stop seeing each other. This is unfortunately a cycle that’s recurring (3rd relationship that has gone this way). 

Anyway, she asked me if I would be okay with her musing on why she thinks I detach. I’m in a state of relief at this point so don’t see the harm, and she then basically diagnoses my avoidant patterns to a T. While I was severely uncomfortable with being exposed like this, she was right about everything. 

She then hit me with a home truth that deep down I’m aware of but never have confronted: How I’m craving love and intimacy, but I never get to feel love because I purposefully put limits on how much I al",Seeking Support - Advice is OK✅,avoidant,general
1okhg56,Losing Desire For Intimacy After 3 Months in Every Relationship,AvoidantAttachment,163,80,0.98,https://reddit.com/r/AvoidantAttachment/comments/1okhg56/losing_desire_for_intimacy_after_3_months_in/,2025-10-31,annaopolis,"I’m in my 3rd relationship, and I’ve finally confirmed my intimacy issues are a problem with me, not them.

In my first relationship, I stopped wanting them to touch me or speak about me sexually three months in, I froze and cringed. However, he was a psycho, so I just thought I wasn’t interested.

My second relationship, the same thing happens, but he deeply deeply bored me and didn’t share any of my passions, so I assumed it was due to that. 

Now I’m in my third. He’s funny. We’re genuinely great friends. But the cycle repeated, and I really wasn’t expecting it to. 

We were intimate 2-3x a day for the first few months.. and then.. like a switch flipping, I didn’t want to anymore. 

It’s been 7 months since then. I opened up to him about my problems. He said he wants to work through them. Secretly, sometimes, I wish he would just end it. But that’s only because of my problems. What I want even more is to fix this. I want to be someone who can be so in love with someone and intimate with them every day even more. I haven’t broken with him because I know we’d be great together if I was normal. 

I dream of running away and backpacking other countries all the time. 

My question is",Seeking Support - Advice is OK✅,avoidant,general
1r1k5au,Decided it’s time to call out blatant misrepresentation regarding our sub,AvoidantAttachment,162,111,0.9,https://reddit.com/r/AvoidantAttachment/comments/1r1k5au/decided_its_time_to_call_out_blatant/,2026-02-11,imfivenine,"Slide 2 is a post made elsewhere that exaggerates and distorts what was actually said.

Slide 3 is the actual conversation in the comments including their “reaction” at the bottom. 

PLEASE DO NOT go hunting down that post/poster to argue or comment or anything else, I intentionally left out names and the sub for a reason, leave them alone. 

I think it’s important to highlight how they see a lot of stuff that isn’t even there, made a whole show of it, for what? This happens frequently, this isn’t even the worst one, but enough is enough.",Humor,avoidant,general
1pj6uo6,Earned Secure... So This Is It?,AvoidantAttachment,162,24,0.97,https://reddit.com/r/AvoidantAttachment/comments/1pj6uo6/earned_secure_so_this_is_it/,2025-12-10,dismissibleme,"I have gone from an extreme dismissive avoidant to secure attachment, leaning dismissive avoidant and I can say that I am proud of the personal changes I have made... but I honestly I feel like I am just less triggered and more at peace when I decide to walk away.  In my mind... it would fee more, I don't know more special.

  
I, in the past, would occasionally second guess my decision to walk away and now I don't have to.  I know that I showed up as my authentic self, and the best version of me, so when it doesn't work out... it just didn't work out.  (AND I am still going no contact)

  
I have my boundaries, I am upfront about my needs, I am a good communicator as well as a good listener. My capacity to receive criticism has increased and I am more open than I was before to make changes. 

  
I am no longer worried about setting the wrong expectations as far as time or communication when I send text or call someone I care about because expectations have been given. I do not worry about, if they weaponize my words/flaws, that is their character flaw to work through and I don't have to stay in a place where I cannot be vulnerable.

I am enjoying my new mentality on personal relat",Self Discovery,avoidant,general
1imokb0,How do you handle compliments?,AvoidantAttachment,159,32,0.98,https://reddit.com/r/AvoidantAttachment/comments/1imokb0/how_do_you_handle_compliments/,2025-02-11,speedylady,"Something I’ve realized about myself recently is that I don’t like being perceived by others. It feels like an invasion of my privacy, especially when the thoughts they have are negative. (I pick up on others’ thoughts very easily)

What’s very difficult is that one of the things I sense is that some people in my social circles  think I like attention, because I put effort into my makeup, hair and fashion since those are interests of mine. I like girly stuff, and like many women, I feel good when I put effort into my appearance. But I don’t want praise or attention.

I actually feel awkward when I receive compliments, especially big ones. A few weeks ago an acquaintance told me, “I always think you look like a celebrity when I see you. You look like Rachel McAdams, Scarlett Johansson, and Kate Winslet.”

I felt awkward because I felt like if I didn’t react in some super gracious and humble way, I would be perceived as vain and self-absorbed. 

Does anyone else have similar experiences?",Seeking Support - Advice is OK✅,avoidant,general
1qoyz0l,feeling numb in dating but longing for intimacy,AvoidantAttachment,158,28,0.99,https://reddit.com/r/AvoidantAttachment/comments/1qoyz0l/feeling_numb_in_dating_but_longing_for_intimacy/,2026-01-28,adamrogu24,"For the past few years, I've been mostly numb in dating. I don’t really feel anything romantic. I don’t feel sparks. I don’t feel excited about anyone or attached. I don’t miss people when I’m not with them. I don’t feel butterflies. I don't even know how to make love anymore. I'm just going through the motions, half dissociated. I had one person I felt strongly pulled towards, but it was very fleeting. I think my nervous system quickly realized she wasn't stable/safe, and I numbed out with her too. Other than this quick blip, the last time I felt this way for someone was ten years ago.

I’ve always been extremely selective with who I get attached to. It has always been rare for me to feel pulled towards someone. And for most of my life, I preferred being this way. But lately I feel deeply sad -- almost constantly depressed -- about the fact that I haven’t felt desire or passion in so long. It's like I have so much space in my heart that it has started to feel heavy. I am longing without an object to attach my longing to, which makes the grief boundless and aimless.

I *want* to feel crazy about someone again. I listen to people around me getting excited about people, falling in lo",Seeking Support - Advice is OK✅,avoidant,general
1bkopxn,Is resenting your parent/s a natural stage of healing?,AvoidantAttachment,155,33,1.0,https://reddit.com/r/AvoidantAttachment/comments/1bkopxn/is_resenting_your_parents_a_natural_stage_of/,2024-03-22,dontletmedaytrade,"As I learn about all this, I can’t help but be angry at my mum.

I spoke to my sister (who is a psychologist) and she said she went through the same thing. She believes it’s part of the process of becoming a more healthy and well-adjusted adult.

She said it’s part of a process of maturing and cutting yourself free from a childlike attachment to them and I’ll come out the other side ready to forgive and then engage in the world in a new and better way.",,avoidant,general
1bd3fvw,Recovering avoidant and wanting to disappear every time I feel possible rejection after opening up ,AvoidantAttachment,154,29,0.99,https://reddit.com/r/AvoidantAttachment/comments/1bd3fvw/recovering_avoidant_and_wanting_to_disappear/,2024-03-12,deardiarywtf,"As title states. 
Years of therapy to try to heal this and I’m still horrible at new relationships. But I’ve gotten better. 

What to do when you open up, become vulnerable, even developed feelings and express those feelings, for the other person to act unsure? (They’re aware of your old ways) 

I feel like my home no longer feelings like home. I need change immediately. I want to change jobs. Move apartments. Maybe move cities. I need to change everything and throw away everything and start over feeling. 

I’ve done this before even. 

I’ve been donated all my clothes and furniture just to get new ones to feel change and distance. 

It’s the only way I know how to feel in control and “safe” again. And avoid the feeling of being left behind.  (Abandonment) 

My mini moments I’ll obsessively clean. 
My major moments I’ll drop everything and move. I obviously can’t keep doing this and feeling this way. 

Any advice or just…. Same? Lol",Avoidant Input Wanted,avoidant,general
tycjnb,"{da} I just read ‘Attached’, and now my life makes sense",AvoidantAttachment,154,10,1.0,https://reddit.com/r/AvoidantAttachment/comments/tycjnb/da_i_just_read_attached_and_now_my_life_makes/,2022-04-07,LucozadeBottle1pCoin,"The chapter on Avoidance feels like it was written by someone inside my head. 

1. I used to have a slight obsession with independence and ‘getting away from society’, I’d frequently talk about wanting to go and live in the woods and never come back, or buying some land in the middle of nowhere and living as a hermit. I moved out of my parents house at 16 to live by myself because I wanted that independence (they were/are great parents, I just felt stifled at home)

2. In my previous (and only) relationship, I’d frequently distance myself and get concerned we were too close, and that I was “leading her on” in some way. I was terrified that she ‘needed me’ and I was going to be stuck in this relationship forever.

3. This manifested itself in me turning up late whenever we hung out, being overly secretive, keeping very separate friend groups and social lives, dropping ‘joking’ hints that I wasn’t that interested in getting married, etc.

4. Reminiscing about the ‘freedom’ I enjoyed when single (which I actually hated), and thinking I could probably get someone better.

5. Not committing to things like vacations together, in-case we did break up

6. Lack of physical closeness - she w",Self Discovery,avoidant,general
1m8iafw,How am I supposed to practice being non-avoidant without hurting people?,AvoidantAttachment,151,45,0.99,https://reddit.com/r/AvoidantAttachment/comments/1m8iafw/how_am_i_supposed_to_practice_being_nonavoidant/,2025-07-24,Full-Fly6229,"i stopped dating for the past few years, when i realized the problem is me. sometimes I think about dating again someone new or dating again someone i ghosted and trying to get it right - to go from 2 years of just having to care for myself to handling a perfect streak of non-avoidance .. then i think thats too much i'd need some kind of practice .  getting better with anything in life requires practice right? but what form would practice even take in respect to avoidantattachment ? and how could it even be possible without hurting anyone",Seeking Support - Advice is OK✅,avoidant,general
1iizbs4,Some avoidant behaviors get villainized too much,AvoidantAttachment,148,33,0.96,https://reddit.com/r/AvoidantAttachment/comments/1iizbs4/some_avoidant_behaviors_get_villainized_too_much/,2025-02-06,AlpDream,"This is a topic that has been on my mind a few times and I would like to hear some more opinions on it and have a discussion about it.
I've noticed a few times how people discuss certain avoidant behaviors online and I absolutely believe that some avoidant behaviors get shit on too much, especially from the anxious attached crowd. 

One of these behaviors is autonomy/independence and being too busy. While yes I do think it can be harmful if someone is so extremely hyper independent that they can't accept help from others and isn't capable to ask for help in return and overall doesn't have emotional space to connect with others. It can lead to sabotaging close relationships, but overall all being a bit independent isn't bad. 

I personally started to really like the term interdependence, which means being able to be independent but also capable of depending on others. It's the capability to be both comfortable with independence and dependence on others.

Some people fall more on the independence spectrum, some more on the dependence and having balance in those is crucial. My problem is that I feel like a lot of people only see the extremes, especially on the attachment style sites.",Hypothesis,avoidant,general
tnnwu4,{fa} destined for arm's length.,AvoidantAttachment,147,13,1.0,https://reddit.com/r/AvoidantAttachment/comments/tnnwu4/fa_destined_for_arms_length/,2022-03-25,Peenutbuttjellytime,"*Chasing someone more avoidant than me* ""what the hell is wrong with you?? Can't you see how awesome I am??

*Someone actually likes me* ""they must be desperate, gross""

I want people to ask me out, but when they do I cancel at the last minute. I ignore friends and family who reach out to me, yet I keep reaching out to people who are rejecting.

I want people to leave me alone, but I want to feel like it's my choice.

I'm doing the torture limbo, ensuring my own unhappiness.
Can I get a hell yeah.",Rant/Vent,avoidant,general
1pcqydb,How do yall live with people??,AvoidantAttachment,146,42,0.98,https://reddit.com/r/AvoidantAttachment/comments/1pcqydb/how_do_yall_live_with_people/,2025-12-03,NoYard5575,"I live with my partner and it’s going well. It’s been 3 months. It was a move I made out of necessity with the aim of being temporary, and I am feeling antsy and irritable about some of the aspects of sharing a space, even with a loved one. 

I’ve lived with partners or roommates for all of my twenties. Because you share a bed with partners, it’s often just a matter of time before I start feeling… suffocated for lack of a better word. I don’t like that there’s nowhere to retreat for privacy, that someone is always privy or expecting to be privy to my comings and goings, and that I am visible when I am going through depression or something like that. I get that that’s what close relationships are “supposed” to be but I just don’t want that. I like being able to go home, recharge and then come back out as the me that I am comfortable being seen. If I’m in a low libido period I like having a private space to be at versus having to potentially disappoint somebody with rejection every single night. 

I also just have a hard time seeing that much of other peoples unfiltered reality. I have a very strict inner monologue and high expectations, which inevitably spill out (in my mind) on who",Seeking Support - Advice is OK✅,avoidant,general
1nqfogl,How do you end relationships you don’t want to be in?,AvoidantAttachment,146,54,0.99,https://reddit.com/r/AvoidantAttachment/comments/1nqfogl/how_do_you_end_relationships_you_dont_want_to_be/,2025-09-25,Alternative_One_8488,"I feel like as avoidants often times we delay having tough conversations until we reach our breaking point. 

How do you all approach breakups and communicating that you don’t want to be in a relationship anymore? 

Sometimes it’s hard for me to explain my reasoning other than it just doesn’t feel right to me.",Seeking Support - Advice is OK✅,avoidant,general
1hm6txs,Feeling pressure to commit to a relationship quickly ,AvoidantAttachment,143,49,0.97,https://reddit.com/r/AvoidantAttachment/comments/1hm6txs/feeling_pressure_to_commit_to_a_relationship/,2024-12-25,Alternative_One_8488,"Something I struggle with is telling women who are interested in me that I am not ready or willing to commit to a relationship quickly- or even that I am not as interested in pursuing a relationship at all. I sometimes think it’s an intense fear of telling people what they don’t want to hear- on top of my general desire for independence and peace of mind. 

I feel like I let it drag out and inadvertently breadcrumb them when I should just nip it in the bud early. I don’t want to be like that because I understand how shitty that makes people feel 

Any recommendations on how to set boundaries in these situations?",Seeking Support - Advice is OK✅,avoidant,general
r57wo5,Spot on advice - “If they wanted to they would”,AvoidantAttachment,143,13,1.0,https://reddit.com/r/AvoidantAttachment/comments/r57wo5/spot_on_advice_if_they_wanted_to_they_would/,2021-11-29,Dismal_Celery_325,,,avoidant,general
yw8lf8,📣Boundaries! {DA} {FA} {SA} {AP},AvoidantAttachment,142,8,1.0,https://reddit.com/r/AvoidantAttachment/comments/yw8lf8/boundaries_da_fa_sa_ap/,2022-11-15,imfivenine,,Attachment Theory Material,avoidant,general
1bj0px5,Has anyone here successfully gone from an Avoidant to a Secure attachment style?,AvoidantAttachment,141,62,1.0,https://reddit.com/r/AvoidantAttachment/comments/1bj0px5/has_anyone_here_successfully_gone_from_an/,2024-03-20,alpha_dove,"Because it's such a paradigm shift, it's difficult to imagine how you can go from one attachment to the other. If any of you can share your success or progress stories on what that shift feels like, I'd appreciate it.",Input Wanted,avoidant,general
1q4dzc1,I have been feeling a capacity for love I never knew existed and I'm a bit scared of it.,AvoidantAttachment,140,17,0.99,https://reddit.com/r/AvoidantAttachment/comments/1q4dzc1/i_have_been_feeling_a_capacity_for_love_i_never/,2026-01-05,speedylady,"I'm a dismissive avoidant now leaning secure after 1.5 years of therapy. I've made huge progress and communicate much better in my romantic relationship and with my roommates.

I have 2 toddler nieces I love. As they've gotten older I've become closer with them as more of their unique personalities have come out. Spending time with them, especially when I'm solely responsible for them, feels somewhat like my heart is outside my body. I can't even imagine if it were my own child with a spouse I deeply loved.

I feel these twinges of understanding of how much love is possible to experience in the world and it's scary. It would be an unreal level of vulnerability to love someone that much. Anyone had a similar experience?",Self Discovery,avoidant,general
1i83pwz,How to get an avoidant to____.,AvoidantAttachment,140,159,0.97,https://reddit.com/r/AvoidantAttachment/comments/1i83pwz/how_to_get_an_avoidant_to/,2025-01-23,imfivenine,"Inspired by many of the rant threads - 

What is the most ridiculous/inaccurate advice or mantras you see “relationship coaches,” Tik Toks, YouTube videos, clickbait, comment sections, etc say about avoidant attachment and why?",Humor,avoidant,general
1onhp67,new relationship and struggling with repulsion,AvoidantAttachment,139,46,1.0,https://reddit.com/r/AvoidantAttachment/comments/1onhp67/new_relationship_and_struggling_with_repulsion/,2025-11-03,miserablesalad,"fearful avoidant. *update below*

i started dating someone like a month and a half ago. he treats me very well. i've cried over things he's said and done for me because it's healthy in a way i haven't felt in a while. 


a few weeks ago i felt an ""ick"" feeling after we had spent a large chunk of the weekend together and i assumed i don't like him or something. but the next time i saw him i felt totally normal. i guess spending too much time together triggered me? 


this weekend i asked him when we should make our relationship official, not really expecting him to say ""now"" but he did. i felt fine about it. i've been so commitment phobic in the past and i just decided this time to try to work through it because it already feels like a relationship and even if it stayed uncommitted, we'd have to break up anyways. just so happens he also met my parents this weekend. 


last night i was so anxious, couldn't sleep, felt nauseous, running back and forth to the bathroom. i feel so guilty because it's like my mind is trying to convince me i am not attracted to him, he's not right for me, and it's not going to work out, and he'll be another person whose heart i break. i have thoughts like",Seeking Support - Advice is OK✅,avoidant,general
1dtwlwa,"""You are not scared of committing long-term to another person, you are probably scared of committing to a inauthentic version of yourself with that person in a long-term relationship.""",AvoidantAttachment,138,8,1.0,https://reddit.com/r/AvoidantAttachment/comments/1dtwlwa/you_are_not_scared_of_committing_longterm_to/,2024-07-02,simulacrasimulation_,,Attachment Theory Material,avoidant,general
1qzvpp4,"""I want someone obsessed with me""",AvoidantAttachment,135,39,0.92,https://reddit.com/r/AvoidantAttachment/comments/1qzvpp4/i_want_someone_obsessed_with_me/,2026-02-09,onetiredbean,"This isn't a comment on anyone specifically but I see this often on dating apps amongst women. For the record I am also a woman. I just don't get this? Like what does this mean? How is this applied in a relationship? And just like...why????? I hate it when partners are obsessed with me. Like, dude...get a life 😂",Humor,avoidant,general
1qyqkvi,My Experience Being an Avoidant Woman,AvoidantAttachment,133,33,0.95,https://reddit.com/r/AvoidantAttachment/comments/1qyqkvi/my_experience_being_an_avoidant_woman/,2026-02-07,Historical-Jello9018,"I 27(f) am a lesbian who has a fearful avoidant attachment style. I have almost no control over my attraction; I can be really into/attracted to and excited about someone but then something happens/they do something (and it can be something really minor) and its like my attraction completely dissipates. And then I feel the overwhelming need to get away from them. This is tough because if I try to overcome this ick and keep seeing them, it feels fake/forced and its not fair to lead them on but then if I break up with them thats hurtful also because I really can't give a good explanation (other than ""its not you its me"" which is actually 100% true for me). What often happens is that I just stop being super responsive to texts/stop making a big effort to see them, which makes them get more anxious which makes me freak out more and get more annoyed, until I finally end it. I wish I wasn't like this, and I've been working on it in therapy but its been really difficult to overcome.

Most of the time when I break up with these women, I give some generic excuse like ""I'm not in a place for a relationship"" or ""I have too much going on for this right now"" because I can't exactly come out and",Seeking Support - Advice is OK✅,avoidant,general
1fcuqyi,I lost all feeling for my husband of 19 years in one moment ,AvoidantAttachment,133,14,0.98,https://reddit.com/r/AvoidantAttachment/comments/1fcuqyi/i_lost_all_feeling_for_my_husband_of_19_years_in/,2024-09-09,Exciting-Author1330,"I've always known I was a bit avoidant but was shocked when my marriage counselor told me my husband and I were simply acting out an anxious-avoidant pattern and I was leaving because of my DA. I didn't believe her because I'd acted securely throughout my marriage. It made no sense based on years of secure behavior. 

But my loss of feeling was extreme: I'd been questioning things and growing more averse to my husband by the day, but we have kids and I had no idea I was going to leave. And then I was sitting at a red light and every shred of feeling just ... went away. I sobbed, but not over him. Over losing my whole life. 

And I could NOT figure out how this happened. It's scary, because how will I ever be able to trust it won't happen to me?   
  
Then I dated an extreme DA, studied up on attachment theory and realized -- I absolutely went into survival mode after a series of extreme triggers, and my husband started chasing like crazy -- classic anxious pattern -- until I went ever deeper into 'save yourself' instinct and fully deactivated. 

Like, I had loved and liked this man a long time when he made me feel safe. And I lost all feeling when he didn't (on top of huge personal",Attachment Theory Material,avoidant,general
xkk1sm,What was the dumbest thing that gave you the ick? {fa} {da},AvoidantAttachment,133,39,1.0,https://reddit.com/r/AvoidantAttachment/comments/xkk1sm/what_was_the_dumbest_thing_that_gave_you_the_ick/,2022-09-21,[deleted],,meme,avoidant,general
1dfd16o,Moving in with the love of my life and I feel terrified and dread. (I want this more than anything),AvoidantAttachment,131,32,1.0,https://reddit.com/r/AvoidantAttachment/comments/1dfd16o/moving_in_with_the_love_of_my_life_and_i_feel/,2024-06-13,deardiarywtf,"I fucked up this relationship years ago with my avoidant attachment and have lived in regret for years. Somehow someway the universe gave me a second chance and I am madly in love with him now. We are moving in together in few months and my anxiety is so bad that my avoidance was triggered and had an urge to start a fight to break up. 

I’m exhausted. This is not what I want. I’m just terrified. That he can hurt me. That he will hurt me. It’s made me nitpick everything including myself. 

I’ve been trying to keep it under wraps but I think it’s causing him anxiety and he feels it anyway. 

I read something earlier here that helped me: 
Unless they are actively betraying you or harming you, it’s not grounds for termination. 

So no, I can’t leave because he didn’t watch all my memes and I took it as rejection. No I can’t leave if he’s silent on the phone because he worked all day. No I can’t leave because he didn’t get the table I wanted. 

Everyday is a constant battle. But I have to be willing to hold on and face it no matter how scary it looks. 

I need positively guys. How do I stop the negative thoughts. I can’t hurt this beautiful man again.",Seeking Support - Advice is OK✅,avoidant,self-reflection
x75ygr,I've been repeating my avoidant patterns for 20 years now and don't know if I will be able to change. {da},AvoidantAttachment,131,27,1.0,https://reddit.com/r/AvoidantAttachment/comments/x75ygr/ive_been_repeating_my_avoidant_patterns_for_20/,2022-09-06,chompey403,"I just got dumped by my girlfriend of 18 months. Even though I found the Attached book and read it about 3 years ago and vowed things would be different this time, it was the same old story. Met an amazing girl who is loving and caring and truly one of the strongest and secure people that I've met. 

I fell madly in love with her. At the beginning I really tried making it work. I journaled about her, and made a gratitude list about her. But then around 6 months in I started noticing things that I don't like about her. Little things. But in my mind they were dealbreakers.

So I detached. I was emotionally distant and unavailable. I wasn't as into the sex anymore and would fantasize about other women or exes during our intimate times.

I convinced myself she wasn't the one. I compared her to my Phantom exes in my mind constantly.

She broke up with me twice before because she saw through my bullshit, but I was able to beg and plead for her to come back. The third time did not work and she has left me for good now. And now all I can think about is how perfect she was for me, and her good qualities.

I'm not a young guy. I'm 37. This is literally the 10th time this has happened to me a",,avoidant,general
1csu2w3,Dispelling the myth that avoidants don’t/can’t change ,AvoidantAttachment,130,25,0.96,https://reddit.com/r/AvoidantAttachment/comments/1csu2w3/dispelling_the_myth_that_avoidants_dontcant_change/,2024-05-15,imfivenine,,Attachment Theory Material,avoidant,general
s3ceiw,"Ask Avoidants FAQ: ""Typical"" Avoidant Statements",AvoidantAttachment,130,37,1.0,https://reddit.com/r/AvoidantAttachment/comments/s3ceiw/ask_avoidants_faq_typical_avoidant_statements/,2022-01-13,imfivenine,"Please see the intention of this post thread [here](https://www.reddit.com/r/AvoidantAttachment/comments/s1n6hw/ask_avoidants_faq/?utm_source=share&amp;utm_medium=web2x&amp;context=3)

Avoidant Attachers:

Below are what some define as ""typical avoidant statements."" If you have ever said any variation of the following, **what did you mean by it, what triggered it, and was it the truth?**

1) ""I dont want a relationship.""

2) ""I'm scared of commitment.""

3) ""I can't give you want you need.""

4) ""I'm not looking for anything serious.""

5) ""I lost feelings.""

6) ""I think we should just be friends.""",FAQ,avoidant,general
1lrnl8f,"Is the solution to have friends who are also ""low maintaince""?",AvoidantAttachment,130,20,0.96,https://reddit.com/r/AvoidantAttachment/comments/1lrnl8f/is_the_solution_to_have_friends_who_are_also_low/,2025-07-04,VillainousValeriana,"Hopefully that description isn't bad I heard the whole low maintenance VS high maintenance trend on tiktok a while back and I was thinking about it again today.

I was beginning to feel hopeless about making new connections but I noticed my best friend (who lives in another state) has been reaching out more and I noticed that we never take anything we do personally.

We can leave each other read for months and neither of us get mad. We're both dealing with traumatizing situations and get it when it comes to randomly closing up and not talking for a while.

I don't feel that sort of ""pressure"" from her like I do from others and I have two questions. 1. Is this healthy? And 2. Is it possible to meet new people who are low maintaince from the get go but still develop a deep bond?

 I know that's silly question but I haven't bothered making new friends for a while because it always ended in me being unable to meet their needs. I genuinely don't know what's healthy and what isnt

On those ""low maintaince VS high maintenance"" friends videos I noticed there was a low key avoidant shaming vibe to them. I see it in more general posts, threads, and videos too. People saying that low maintena",Seeking Support - Advice is OK✅,avoidant,general
1sz0dds,Do you feel resentful when you feel affection towards someone?,AvoidantAttachment,129,16,0.99,https://reddit.com/r/AvoidantAttachment/comments/1sz0dds/do_you_feel_resentful_when_you_feel_affection/,2026-04-29,VillainousValeriana,"I don't like that I view relationships as a bunch of power plays. I don't want power over others though. It's more like I don't want people to have ""leverage"" over me. So whenever I feel affectionate, I get mad because I feel like they have the key to control me which can cause me to shut down.

Whenever I feel love or want love I feel like I'm ""losing"". Which is stupid. I noticed the other day I felt angry (at myself) for asking my mother to rub my arm while I was in pain to calm me down (it also caused me to realize how touch starved I am. I don't let anyone including my mother touch me most of the time ) 

I can't take any sort of vulnerability on my end. I'm a wannabe lone wolf that gets mad when I realize there's no such thing as being a lone wolf. I need people, love, and support and I hate it.",Seeking Support - Advice is OK✅,avoidant,general
1gvd8th,Another poem I made about trying to open up as an avoidant ,AvoidantAttachment,128,14,0.97,https://reddit.com/r/AvoidantAttachment/comments/1gvd8th/another_poem_i_made_about_trying_to_open_up_as_an/,2024-11-20,[deleted],"The 8 of Swords

I want to be loved, just as you

Yet when Ive showed you a glimpse into my soul

It means nothing as for you this is true

You show yours to whomever, an endless hole. 

However mine is precious like porcelain

Dainty and molded by hungry beggars

Who created this mold for evil men

A revolving door for temporary settlers. 

And showing you this part of me has been no easy feat

The pounding against my head nauseates me

The fluttering of feathers in my chest in need of release

Then the silence you gave, a need to grieve.

To you, climbing a mountain is unyielding

Something celebrated when you’ve finished

However baring my soul is just as uncompromising

No applauds for my bravery, my heart diminished. 

How is it that being human is facile for those like you

But I struggle to exist as being human is unknown to me

What do I do with this shield and sword that I drew

Why would I fight when I could simply flee?",Self Discovery,avoidant,self-reflection
1m9ys1u,"ALL insecure styles distort information and can cause harm. Yes, all of them. Loving hard doesn’t exempt you from causing harm.",AvoidantAttachment,127,23,0.96,https://reddit.com/r/AvoidantAttachment/comments/1m9ys1u/all_insecure_styles_distort_information_and_can/,2025-07-26,imfivenine,Citations from an actual BOOK,Attachment Theory Material,avoidant,general
yp0gux,"This one touched me, an argument that played out many times {fa}{da}",AvoidantAttachment,127,20,0.99,https://reddit.com/r/AvoidantAttachment/comments/yp0gux/this_one_touched_me_an_argument_that_played_out/,2022-11-07,si_vis_amari__ama,,meme,avoidant,general
1l12h3y,"FA is the adult form of *disorganized* attachment, NOT avoidant attachment. There are not 2 avoidant attachment styles. FA is its own unique style.",AvoidantAttachment,126,58,0.96,https://reddit.com/r/AvoidantAttachment/comments/1l12h3y/fa_is_the_adult_form_of_disorganized_attachment/,2025-06-01,imfivenine,"This creator has a really interesting series about this, I will try to post more of these. It’s important to know the difference and stop lumping things together. FA didn’t fit in the anxious OR AVOIDANT category, it’s a category of its own. The word “avoidant” is often overemphasized in conversations about FA, when some oscillate and some are leaning highly anxious. Calling them “avoidants” is not the full picture and often very reductive.",Attachment Theory Material,avoidant,general
115jrv0,Can {FA} and FA leaning DA really say they know the {DA} experience?,AvoidantAttachment,125,43,1.0,https://reddit.com/r/AvoidantAttachment/comments/115jrv0/can_fa_and_fa_leaning_da_really_say_they_know_the/,2023-02-18,imfivenine,"***Discussion Question:*** ***Can Fearful Avoidants and FA leaning DA really say they know the DA experience? How?*** I'm requesting that you please review what I've posted (I know its A LOT) and/or also provide references that might be different from mine if you have any. 

***Background:*** I wrote this, partly because I wanted to tease out the differences and understand them better, but also provide direct references for others so hopefully it's clear what I'm talking about and where I am coming from, and that I didn't make it up :)

As a DA, I've found myself a lot less able to relate to a lot of what I see on this sub, and I was kind of getting confused. I then realized it is because **FAs and DAs are not the same, even though we continue to be lumped together as one.** I often see this occurring when people of other styles ask us questions, and they say, ""My ex is DA or FA..."" and that kind of sends up a flag for me because there are major differences between the two. We have different experiences, pasts, core wounds, and difficulties. One being disorganized attachment (FA) being different than the organized attachment style DA (APs are also organized styles). 

I also found",,avoidant,self-reflection
q9mpij,"I started this sub, and now I’m just a filthy silent lurker…",AvoidantAttachment,123,7,1.0,https://reddit.com/r/AvoidantAttachment/comments/q9mpij/i_started_this_sub_and_now_im_just_a_filthy/,2021-10-16,Philtastic_,"But watching this sub grow to over 2.3k this past year has helped me learn I’m not as alone in this world as I thought I was. My favorite part of this sub since day 1 has been learning more about myself through what y’all post here. 

Cheers",DA Story Time,avoidant,general
1ht1bqk,A Reflection.. ,AvoidantAttachment,118,17,1.0,https://reddit.com/r/AvoidantAttachment/comments/1ht1bqk/a_reflection/,2025-01-04,lavender_mac,"One of the toughest parts abt this attachment style is feeling innately made to love but somehow sidestepping or misplacing it, being too intense or too cold. Does anyone else feel this way? How have you managed that feeling or transformed it into something productive?",Seeking Support - Advice is OK✅,avoidant,general
ogullq,How to not rush to intimacy on first dates,AvoidantAttachment,118,14,1.0,https://reddit.com/r/AvoidantAttachment/comments/ogullq/how_to_not_rush_to_intimacy_on_first_dates/,2021-07-09,participation-prize,"I asked my psychologist advice on dating as a DA and a very slow trust builder. She asked about what I do on dates, and then said *""You make the conversation about them 95% of the time and you validate their needs if you see them? No wonder they all fall in love with you so quickly, if you're making it so easy for them to project onto you! You're coming across like a warm, accepting figure who will take care of them and make them feel SEEN.""*

Which is true, I do all of that. I hate talking about myself, and I find people very interesting. I also trained myself never to be boring, so I end up being a personal entertainer. All of which primes people for an intimacy I can't reciprocate.

So my homework is to be less irresistible on dates. Small talk more, don't pick up awkward silences, talk about stuff *I'm* interested in (AssCreed II, framing in movies, what the best plants are), don't open people up like clams so you can get to all of their interesting insides, don't disclose more than you feel comfortable with. And if they're insecure about something, to just let that fucking shit lie because they're a stranger at this point.

I'm doing it now for pre-date chats and I feel like t",Input Wanted,avoidant,self-reflection
1k3rezp,The Demonization of Avoidant Attachment (And why it has to stop),AvoidantAttachment,117,49,0.91,https://reddit.com/r/AvoidantAttachment/comments/1k3rezp/the_demonization_of_avoidant_attachment_and_why/,2025-04-20,imfivenine,QPlease watch the video and not just react to the title,Attachment Theory Material,avoidant,general
1pr8ru4,The monster jar theory of FA or avoidant attachment.,AvoidantAttachment,117,16,1.0,https://reddit.com/r/AvoidantAttachment/comments/1pr8ru4/the_monster_jar_theory_of_fa_or_avoidant/,2025-12-20,eulersidentity1,"So I was talking to a friend of mine and supporting her and my own feelings of shame and I was reiterating somethjng that isn’t anything new at all but hit on an analogy that really worked for both of us. 

The part that isn’t anything new is that when we are very young we don’t have a well enough developed theory of mind to really understand that when we have been hurt that that comes from the other person’s internal world and is separate from us almost entirely. Instead in order to make sense of the world we usually assume that something must be bad or wrong with us. It’s ironically much more grounding to have a painful but internally consistent understanding of the world where we are the cause of and are responsible for all the pain we encounter, than for it all to remain a confusing mess. None of that is new to me.

But the analogy that I came up with is that we cary around a “monster jar” with us from a really young age. It’s the jar that represents the concept of being a monster, being bad and broken and wrong in some primal sense. At the beginning it represents ourselves almost universally. And it’s not a conscious thing we do or carry either. At any rate from a very young a",Hypothesis,avoidant,general
o0jwsy,The Essential DA Problem,AvoidantAttachment,117,39,0.96,https://reddit.com/r/AvoidantAttachment/comments/o0jwsy/the_essential_da_problem/,2021-06-15,Cougarex97,"Believing you cant change this, believing this cant be fixed.

I see most Avoidants, online &amp; irl, doing this. Instead of trying to become securely attached, they try to work with being avoidantly attached. Instead of seeing it as a problem programmed into them they need to program out, they think thats just who they are.
It's like being on fire and trying to learn to live with it instead of trying to blow the fire out. Would you rather learn how to try to reduce the pain you cause yourself and who you have contact with by you burning, or would you rather put the fire out, *ending* the pain inflicted by this to everyone involved? 

Now managing the symptoms instead of fixing the root cause is a very common human issue. Believing you cannot fix it is the definition of a self fullfilling prophecy.
If you believe you cant fix it, it is guaranteed you wont fix it.
Subconsciously this is what you want, because you believe the work to fix it is too much for you.
Meanwhile truly believing you *can* fix it, and behaving accordingly by making it a priority in your life you commit to, it's guaranteed one day you would have this fixed.

Now there's an excuse for people who do not know abo",,avoidant,general
1olzytb,Do you ever reach out to others when you need to?,AvoidantAttachment,117,32,0.99,https://reddit.com/r/AvoidantAttachment/comments/1olzytb/do_you_ever_reach_out_to_others_when_you_need_to/,2025-11-01,conflicted_person,"So like I know many of us do, I tend to keep a “safe” distance from people in my life, even from the ones I consider the closest to me. 

But there are moments far in between where naturally life gets overwhelming; feelings and thoughts overflow all of the sudden, and I breakdown (going through it rn). 

I want to vent, scream and cry my brains out. So I go through the minute list of people I’d consider closest to me. I freeze. Even though I have this urge to be vulnerable, I don’t feel it in me to actually reach out to anyone. Not because I’m scared to open up, not because I don’t trust them. It’s almost because reaching out and opening up feels out of character at this point. 

Feels a bit pointless, even though I know it’s common sense that actively seeking help from others makes you feel better in most cases. 

The thought tires me out so much, I quickly give up and spiral alone till I get distracted again and the feeling passes. It’s confusing and I don’t think it’s a healthy way to handle things because I always end up “bursting”. It doesn’t affect anyone, cause no one sees it, but I feel very tired inside.",Seeking Support - Advice is OK✅,avoidant,general
1lbvooa,Lack of boundaries is ruining my life. how do you set them and...,AvoidantAttachment,116,22,1.0,https://reddit.com/r/AvoidantAttachment/comments/1lbvooa/lack_of_boundaries_is_ruining_my_life_how_do_you/,2025-06-15,VillainousValeriana,"Not fear the responses? Growing up and till this day, I can't say how I feel without receiving extreme hostility, blame shifting, guilt trips, and deflection. I am exhausted with the emotional labor I'm expected to do constantly while I get nothing back

I can't meet new people or enjoy connection because I'm constantly waiting for demands. I've gotten better at saying no and saying how I feel, but why does it have to devolve into a screaming match everytime? 

I don't feel safe. I want to meet new people, I want to be upfront and be honest about my needs and who I am. But I'm constantly afraid of the obligation, the demands, and then guilt and hostility.

Its probably easier to set the boundaries right away when first meeting someone though, which I haven't done in the past. How do you guys move past fear and guilt? I'm recovering from chronic fawn and freeze trauma responses. I just want to be straight forward without fearing fights :(",Seeking Support - Advice is OK✅,avoidant,general
1k4xpt5,How to stop self-sabotage?,AvoidantAttachment,116,19,0.98,https://reddit.com/r/AvoidantAttachment/comments/1k4xpt5/how_to_stop_selfsabotage/,2025-04-22,NeedleworkerSilver49,"This weekend I hung out for the third or fourth time (in a group setting, not like we've been going on dates) with a guy who checks a lot of my boxes and did show an interest in me previously. And leading up to this party I was excited to see him and thought I might ask him out. But even though he was super nice, and clearly still liked me, I could barely bring myself to talk to him. (Which isn't like me at all, normally if I know a guy is interested in me that's invitation enough for me to talk to him more, especially if I'm indifferent.) Then I got home and just cried because he made me think of my ex, whom I haven't been with in over a year. 

I want to go out with new people, and he seemed like a perfect candidate because I genuinely think he's a nice guy and there's lots about him that I think I would really like in a partner. But for some reason I just was not interested in him that night. I told my friend that it was cuz he wasn't as attractive as I remembered, he doesn't seem like the type who would like the same pastimes as me, etc. Now though, a few days out from when I saw him, I feel like those are all just excuses. Everything I've gotten to know about him I have liked,",Seeking Support - Advice is OK✅,avoidant,general
1kww2mi,When “sitting with discomfort” becomes self-flagellation and how to find the balance,AvoidantAttachment,115,46,0.97,https://reddit.com/r/AvoidantAttachment/comments/1kww2mi/when_sitting_with_discomfort_becomes/,2025-05-27,deferredmomentum,"Not relationship advice as I’m currently single, but there isn’t a plain advice flair. 

A lot of work on avoidance centers around becoming more comfortable with conflict, distressing emotions, etc, and a big part of that is letting yourself “sit with discomfort” rather than immediately pushing it away and/or internally berating yourself for having it in the first place. I’ve come a long way with this, but I think that now the pendulum has swung the other way, and I’ve turned that into punishing myself by ruminating, thereby forcing myself to feel whatever it was I was trying to “sit with” in the first place. 

For example, a few weeks ago I *really* put my foot in my mouth at work. It was super embarrassing (I’m trying to reframe my thoughts around shame so I’ve been trying not to use that word very much in life. . .but yeah, shameful) and is one of those moments that pops into your head and makes you cringe. A couple years ago, I would have clamped down on that thought/feeling, forced it out of my head, and given myself a mental slap on the wrist for having it in the first place (“this isn’t helpful, it’s over, you can’t change it, there’s no reason to think about this”). Then, I",Relationship Advice,avoidant,general
v6ktqb,{DA} Just a reminder: You're all really fucking brave.,AvoidantAttachment,112,15,0.99,https://reddit.com/r/AvoidantAttachment/comments/v6ktqb/da_just_a_reminder_youre_all_really_fucking_brave/,2022-06-07,[deleted],"I'm a DA and after three years of very deep/intense attachment work in therapy, I feel I'm entering a new stage. (I'm hesitant to even say it, but I'm feeling pretttty earned secure these days :O) 

The shifts that have happened internally lately, are causing me to reflect. And the main thing I'm reflecting on is the fact that any Avoidant person who comes to healing work, and who peels back these layers and defenses inside themselves, *is really brave.* 

I'm often humbled and amazed at how deep these patterns run in our minds. We were dealt this hand of cards that we didn't ask for, and we didn't deserve, and it would be so much easier to just let it be. I'd wager a big bet that 99% of people who inherit an Avoidant attachment pattern as a child, never change that pattern significantly, and they live their entire lives that way. There is very little out there on the internet writted by Avoidant people who are working on themselves (particularly DAs) and that's becuase frankly, most people aren't willing or able to do the work. 

Everybody here who is working on themselves, growing, and pushing their edge of vulnerability, I just want to remind that you're doing extremely difficul",,avoidant,self-reflection
1r26zkr,"A little win, I hope",AvoidantAttachment,112,7,0.99,https://reddit.com/r/AvoidantAttachment/comments/1r26zkr/a_little_win_i_hope/,2026-02-11,shortonwilltolive,"Every once in a while I tend to think myself into a spiral about my relationship. That I actually don't like my partner, that I'm stringing her along and will break her heart someday, that I'm just not meant to be in relationships.

I think because I've been anxious in most of my romantic relationships, my standard for ""love"" has been the really anxious, insistent kind.

I'm pretty good at self-soothing, as most avoidants (or avoidant leaners) are, but lately I've been trying to engage with my partner and talk about my worries with her instead. It's been pretty helpful, I think. She's always happy to reassure me, and it's good to know that my deepest worries about being an awful person won't be met with guilt trips or huge displays of emotions.

I think that kind of trust, for me, builds more of a bond than texting every second of the day or finding my partner so much cooler than I am, like it used to be in my relationships. I'm just trying to go against old patterns.",Self Discovery,avoidant,general
1nyzy94,What to actually do when deactivating?,AvoidantAttachment,110,49,0.97,https://reddit.com/r/AvoidantAttachment/comments/1nyzy94/what_to_actually_do_when_deactivating/,2025-10-05,Consistent_Pop2983,"So, I'm quite often deactivating when I get to know people better. At first I lose sexual interest, a little after that general interest. 

I see these topics here quite often but what the fuck am I actually supposed to do? Setting boundaries, being honest and open, talking with the person is all great and all but it doesnt stop me from deactivating. I'm also in therapy but this takes a lot of time of course.

What are your strategies, that help you to kinda ""reactivate""? Are there any? Am I doomed to lose interest in every relationship until I'm sufficiently healed, which probably takes years or decades?",General Question About Avoidant Attachment,avoidant,general
1qwzj99,"I deactivated again while healing, wondering whether your experiences are similar",AvoidantAttachment,110,37,1.0,https://reddit.com/r/AvoidantAttachment/comments/1qwzj99/i_deactivated_again_while_healing_wondering/,2026-02-05,kluizenaar,"A few days ago I (DA) deactivated again, the first time after working on healing (4 months now). It was short (just 10 hours) but gave me more understanding.

For context, I'm trying to reconnect with my wife (FA), and generally making good progress, though we are still distant. I want to give it all my effort even though she is ambiguous, so I'm not giving up, even when she says while flooding that we'll be roommates forever.

This time, rather than get sad, I deactivated. I noticed immediately that I went cold, in the sense that I felt emptiness and no emotions at all. My thoughts changed completely. I suddenly no longer cared about my wife, and I was convinced we were set on divorce, as if I'd made the decision a while ago. I didn't question this line of thinking even though I'd been fighting for reconnection just moments earlier. I thought about the practicalities of divorce, such as housing and the kids' schedule for coparenting. I slept (much better than usual since healing) and next morning I snapped out of it when I saw my wife smile.

What scared me was that at no time during deactivation did I realize what was going on, even though I've been talking about deactivation a l",Self Discovery,avoidant,general
12ktnbw,Ask Avoidants FAQ: Is it my avoidance or disinterest? {FA} {DA},AvoidantAttachment,110,20,1.0,https://reddit.com/r/AvoidantAttachment/comments/12ktnbw/ask_avoidants_faq_is_it_my_avoidance_or/,2023-04-13,imfivenine,"Please see the intentions of this post thread [here](https://www.reddit.com/r/AvoidantAttachment/comments/s1n6hw/ask_avoidants_faq/?utm_source=share&amp;utm_medium=ios_app&amp;utm_name=iossmf)

**Avoidant Attachers:**

How do you tell if it is your avoidance/deactivation or disinterest?

&amp;#x200B;

\----

This can be the megathread for this topic which comes up frequently here, both asked by users and non-avoidant attachers in the weekly thread. 

***Reminder:***  
*- I’m looking for Avoidant attachers to answer for themselves, not for their exes or partners. For example, “I’m DA and I've done that, and this is why.” Not “My FA/DA ex did XYZ…”*

*- This is a JUDGMENT FREE ZONE, where Avoidants can answer these questions open and honestly. There will be zero tolerance for attacks, shaming, lecturing, or therapizing the people answering the questions. There are no right or wrong answers when you're speaking from personal experience.*",FAQ,avoidant,general
1js5msf,How are you actually supposed to openly communicate?,AvoidantAttachment,110,34,1.0,https://reddit.com/r/AvoidantAttachment/comments/1js5msf/how_are_you_actually_supposed_to_openly/,2025-04-05,Apo-cone-lypse,"This might seem like a dumb question and maybe I'm over complicating it all but I feel like I'm missing something. This is half a vent and half looking for advice.

Im in what you might call a situationship (I hate that word but here we are) and its all been getting a bit much for me. I've been open from the start that I have attachment issues and am working on them (dabbling in some therapy!) but its only really started to dawn on me with this new therapist that not all my issues are, well, actually issues but preferences. Every other therapist has treated me like I'm disordered and broken. This one is both acknowledging the negative traits I have but also pointing out that some of what I thought were problems with me are just preferences and I'm not broken.

One of these things is how I feel about touch. I'm not a very touchy person, like at all, a little bit is fine but, for example I dont like long snuggle sessions, or PDA, or sharing a bed, etc etc.
Anyways, before I realised that I was quite touchy with this situationship as I was trying to push my boundaries as I thought thats what I needed to do - an attempt to fix something that turns out might not have been broken.

The p",Seeking Support - Advice is OK✅,avoidant,general
1pmtr1t,Does anyone else feel sad knowing you'll never get married?,AvoidantAttachment,109,35,0.98,https://reddit.com/r/AvoidantAttachment/comments/1pmtr1t/does_anyone_else_feel_sad_knowing_youll_never_get/,2025-12-15,BruyereQ,"I looked up this topic and saw posts in other subs that didn't quite match my feeling and seemed like this would be a more likely place to find kindred hearts.

I've never been a ""traditional"" person and I'm queer so I'm not talking about missing out on a diamond ring or walking down the aisle in a white dress. Although I can imagine if that kind of thing appealed to me it would be even sadder.

What I'm talking about is never being in a situation where I feel really safe with someone and they with me and we commit to each other and build a life and family together (whatever that looks like doesn't have to be house + kids just something that is ours just for us). Like having deep intimacy and trust and safety and a place and person who you always have and they always have you. Not always having to do everything alone or recruit different friends for help and companionship, or always going it alone on the damn bills. I mean just having built-in consistent support and being able to offer that to someone you love in return.

I can picture it but it feels like a fairytale dream that I am so far away from. Not to mention, due to my age (40) basically everyone in my social circle is part",Seeking Support - Advice is OK✅,avoidant,general
1l4dy70,"""You'll get your karma"". Why do you need to make up stories about my future to feel better about yourself?",AvoidantAttachment,109,60,0.88,https://reddit.com/r/AvoidantAttachment/comments/1l4dy70/youll_get_your_karma_why_do_you_need_to_make_up/,2025-06-05,0nlyaghost,"I think that's a huge difference between us avoidant attachers and others (in my experience anyways). If you're not on their side, they need to villify you and make up a future in their head of you in pain to feel better about themselves. But they call YOU toxic for 'not caring'. 

It's just baffiling to me that they think we're cruel. They're the ones wishing ill upon us, while we know how to let go of what isn't good for us. 

Spite is gross, be proud of yourself for knowing how to let go. 

Anyone else noticed this?",Hypothesis,avoidant,general
1sxldgc,I'm deactivating quite strongly rn,AvoidantAttachment,108,11,0.97,https://reddit.com/r/AvoidantAttachment/comments/1sxldgc/im_deactivating_quite_strongly_rn/,2026-04-28,roll_and_fritter,"I've been quite triggered this week

Phantom ex-ing, doing a mental inventory on what my gf is doing 'wrong', fantasizing about other women and picturing being broken up, feeling relieved gf is away on a work trip for 2 days.

I've caught it which made me pause and check in with myself as to why this is happening. I think I figured it out and am resolved to discuss it with my gf and get her perspective. Part of me still thinks we might actually have to break up but I want to try being open and vulnerable first with how I'm feeling and see how the convo goes. She's AP and not very receptive in general but I realise I can only do my bit and her reaction is her own. 

So some up, some down. I wouldn't have recognized this in myself 2 years ago so that's progress at least.",Seeking Support - Advice is OK✅,avoidant,general
12s6m5f,Update: This sub remains restricted. It is still about AVOIDANT attachment {DA} {FA},AvoidantAttachment,107,6,0.98,https://reddit.com/r/AvoidantAttachment/comments/12s6m5f/update_this_sub_remains_restricted_it_is_still/,2023-04-19,imfivenine,"I’m giving an update, this is especially for people who are trying to gain access to this sub, but also in effort to communicate about some of the whys and hows. 

- This sub is about AVOIDANT attachment. This sub is for posts by people with avoidant attachment. Not for others to post about their partner with avoidant attachment, not their anxious side, not random topics that have nothing to do with AT other than you sprinkling in an attachment style.

- For the purpose of this group, we allow people with avoidant attachment as well as disorganized FA who trend highly toward avoidance to post and talk about their own avoidant aspects here. The anxious related side of disorganized/FA is not what this sub is for. There are several FA subs, all of which I do not know the status of, but I hear they open and shut on a dime and I’m sure that stinks for the people who want to have a designated space. Regardless, this sub is about avoidant attachment. We are not responsible for other subs. 

- You have to be an approved user to post/comment. This is because our avoidant users and this sub itself was a longtime target of trolls, people who do not understand AT taking out their frustrations",mod,avoidant,partner-perspective
1sr2wbh,broke up with my anxiously attached partner of 7 years,AvoidantAttachment,107,26,0.97,https://reddit.com/r/AvoidantAttachment/comments/1sr2wbh/broke_up_with_my_anxiously_attached_partner_of_7/,2026-04-20,Spare-Me-Creator,"Hi.

After a long time of thinking about it, I managed to let it out and told my partner we're breaking up. We have been in this relationship for most of our adult life. To me it was the first ever everything. 

And I think we just didn't know how to manage things properly in the beginning. It started out as a imbalance between us because of our personalities (me, introverted, few friends, not many interests, vs. them, extroverted, many friends, many interests, vast inner world). This led me to trying to adapt myself and grow in a way they would've liked, which in turn led me to abandoning my friends, my interests, and more. And later on in the relationship when I caught on and didn't want to conform anymore I started to grow in a different direction, and had to fight for every inch of individuality and independence I got. I felt like I grew DESPITE them, not with their support, because they have expressed distaste in numerous times over the people I hanged out with, my hobbies/interests, and there was this weird feeling of a constant pushback.

For years, I was the primary emotional regulator in our relationship. My partner struggled with significant anxiety and OCD, and I spent t",Seeking Support - Advice is OK✅,avoidant,general
1jnfuzn,How do you actually feel about your partner?,AvoidantAttachment,106,44,0.97,https://reddit.com/r/AvoidantAttachment/comments/1jnfuzn/how_do_you_actually_feel_about_your_partner/,2025-03-30,JaderBug12,"I'm in a 20 year relationship, 15 years married. We met in high school. I learned about attachment styles about a year ago and I feel like I am a DA... but I'm not sure if that's where I really land or if I am this checked out in my relationship. I've been checked out for about as long as I can remember. He is an AA.

I guess what I'm looking for here is, for those of you who identify as avoidants- do you actually like your partner? Do you want to be around them? Do you WANT to be with them or does your desire for independence cloud how you feel towards them?

I am checked out in this relationship and I don't feel like we are compatible. Is this the reality or am I just displaying DA behaviors and attitudes?

What's the difference between being a DA and just being checked out and how do you identify the differences?",Seeking Support - Advice is OK✅,avoidant,general
16h1uij,Unable to fantasize or get excited in the beginning,AvoidantAttachment,106,17,1.0,https://reddit.com/r/AvoidantAttachment/comments/16h1uij/unable_to_fantasize_or_get_excited_in_the/,2023-09-12,douxfleur,"I’ve noticed that in casual situations, I get drawn to a person and the possibilities of us being together, but once the reality kicks in that we could date, I immediately find all the flaws and ways the relationship could end. Every date I’ve gone on in the past 2 years, once it starts becoming more serious, I freak myself out and lose attraction. It feels like so many people start dating and have their “honeymoon phase” first, but I dive into the serious compatibility issues immediately and have a hard time letting it go forward. I’m usually looking for reasons not to give them a chance before we even know each other deeper. I don’t even want it to get deeper because then i feel guilty for leading them on. We will end up dating for a while, since I think I will overcome those fears, then once I’m asked to make it official I will say no, even though it seems like we’ve been in a relationship the whole time. 

All of my friends who are anxious attachers have told me they get sucked into the fantasy of the relationship and will plan out their future with them early on, but I am the complete opposite and struggle to imagine things going well for us. Distance, lack of enjoyment, bored",,avoidant,general
12ba7yz,Does anyone struggle to feel truly connected with people? {da},AvoidantAttachment,106,21,0.99,https://reddit.com/r/AvoidantAttachment/comments/12ba7yz/does_anyone_struggle_to_feel_truly_connected_with/,2023-04-04,crtmhttpibwv,"I've had this issue for my whole life; a type of disillusionment or dissociation, like imposter syndrome with the whole world. I feel like I'm searching for an unattainable state with people where I can ""reach"" them, we are fully present together in the moment, and can share ourselves honestly, with no walls. I've never attained this state with anyone (friends, family, partners). 

Either I feel like they aren't being present or ""real"" with me, or I've got a million things going on in my head that I'm withholding and so I don't feel present or real myself. Most of the time I can put the worry aside and go about my life, but when I get stressed, it's front of mind. It can be really distressing and cause me to spiral as well as distance myself or end relationships. 

I think I just broke up with one of my closest friends because of this. I've talked to her about it before, but things finally fell apart when we were coming home from a vacation together and I worked up the courage to tell her (on the plane, ffs) I didn't think I could do trips with her anymore. The times she thought we were sharing a close moment, I still felt like she was distant and not reachable. She thought our bac",,avoidant,general
ssqu9q,You’re The Worst is the greatest depiction of an {FA} {DA} relationship,AvoidantAttachment,106,14,1.0,https://reddit.com/r/AvoidantAttachment/comments/ssqu9q/youre_the_worst_is_the_greatest_depiction_of_an/,2022-02-15,oopsididitagain74,,,avoidant,general
1hh0526,"Anyone experience hyper vigilance to even the slightest triggers only to get angry, argue, shut down, and withdraw? ",AvoidantAttachment,105,28,0.97,https://reddit.com/r/AvoidantAttachment/comments/1hh0526/anyone_experience_hyper_vigilance_to_even_the/,2024-12-18,tinklemute,"I can be extremely sensitive and intolerant with my girlfriend of 2 1/4 years. The fact she's put up with me for so long is definitely her own AP journey but here goes. The following are some examples of situations that can be triggering and lead to anger, shame, shutting down, and either taking space or just being cold in her presence. I know these things can probably seem ridiculously petty but I am trying to put things out in the open and not feel so ashamed of these conditioned states. 

She looks away while I am telling her something or doesn't respond or even acknowledge just a little bit to everything I say. Like at least a ""yea"" or something eases my mind. 

She forgets things frequently and I have a really good memory and I get irritated and annoyed. 

If I feel I am doing a certain task around the house even slightly more than her I will refrain from doing it. That applies to picking up or cleaning anything of hers. Everything has to be perfectly balanced or she has to do a little more for me to feel ok. Lots of subtle resentment and thought processes go into this one.

That being said, I'm extremely resistant to divulging information about what I'm doing or who I am text",Seeking Support - Advice is OK✅,avoidant,general
1rsnx41,"""Never Go to Bed Angry"" is bad bias advice",AvoidantAttachment,105,55,0.89,https://reddit.com/r/AvoidantAttachment/comments/1rsnx41/never_go_to_bed_angry_is_bad_bias_advice/,2026-03-13,HealthyAvoidant,"Last night I got into a slightly heated debate with a friend of mine who said ""my partner and I can never go to bed angry, it doesn't help anyone"". I immediately pushed back because this imo will silently erode a relationship.

The statement is heavily bias toward the more anxious person in the relationship, completely ignores the regulation required by the more avoidant one and is annoyingly colloquially presented as a given.

My strong position is that this is merely projection from whoever believes this, my more charitable take is that if one sleeps, the communication wouldn't have been sufficient to reassure both that the relationship is okay.   
  
A better approach is for both people to state that they can be committed to each other despite the conflict, there's love and the relationship isn't in trouble. After both are well rested, they can come back with a clearer mind to resolve the issue.  
  
Thoughts?

Bonus: Is there any equivalent phrase that's heavily bias toward our attachment?",Rant/Vent,avoidant,general
15v7eer,My therapist said….,AvoidantAttachment,103,13,1.0,https://reddit.com/r/AvoidantAttachment/comments/15v7eer/my_therapist_said/,2023-08-19,WriteByTheSea,"“I’ll still be here.”

Earlier this year, I switched therapists to a more somatic, feeling focused one.  I’m trying to feel feelings that I’ve long shut away, figure out trust, just generally make some headway in shifting my DA ness to something more secure. When questions of trust come up — trusting others, trusting the therapist — I have an instinctual, visceral reaction: Anger. Raise my voice. Yell. It’s my fear, showing up but it pops out as anger.

When that happens, when those outbursts come, I’m ashamed of myself. (It’s underlying theme of all the sessions.) We process that too.  In doing so today, I told my therapist how ashamed I was of getting angry. I hate it when I do it. I hate yelling. I hate yelling at him. All he’s ever said were positive, truly helpful observations, and it rips me up that I raise my voice. That I can’t stuff the anger and fear back down.

In response, he floored me. “You can be angry. You can yell at me. I’ll still be here. I’m not going anywhere.”

 I couldn’t talk for what felt like 10 or 15 minutes. I’ve never heard anyone say that before. To me. To me. 

I’ve cried off and on since then. The avoidant parts of myself scream not to trust what he",,avoidant,general
1s1af2p,How do you handle conflict?,AvoidantAttachment,103,63,1.0,https://reddit.com/r/AvoidantAttachment/comments/1s1af2p/how_do_you_handle_conflict/,2026-03-23,vaingirls,"Correct me if I'm wrong, but I guess the stereotypical avoidant way to handle conflict is to... well, avoid it. Withdraw, stop responding, take time to yourself to process etc.

But as for me, once a conflict is *on*, I tend to want it ""dealt with"" ASAP and hate the feeling of prolonged unresolved ambiguity? Not in an anxious ""I want the connection fixed at any cost"" -way, more like ""this is draining my mental bandwidth, so for better or for worse, I want clarity on what happens next"" - even if that would mean ending the relationship. 

I guess I'm very possessive of my mental space and even a slight nagging feeling about something feels like an intrusion or like it's ""stealing"" my energy. Might also have to do with the fact that I have generalized anxiety (≠ attachment anxiety or social anxiety) so I dislike uncertainty in general.

Any other avoidants similar? I'm basically just curious, 'cause I don't know if this is a problem to fix - I guess there's no perfect way to handle conflict, they'll always be ""a problem"" by definition.",General Question About Avoidant Attachment,avoidant,general
1rj90bp,Avoidant wins! 🎉🎊,AvoidantAttachment,102,8,0.99,https://reddit.com/r/AvoidantAttachment/comments/1rj90bp/avoidant_wins/,2026-03-02,VillainousValeriana,"Meant to put this in thr weekly vent but it's kind of late now. It's amazing what consistency of safety can do to your nervous system. So the main reason I have no real friends is because I fear the expectations and obligations that come with maintaining any sort of bond.

I've been talking more with coworkers at my job. Not the best place to ""make friends"" but it's doing it's job for me as far as healing. At first I was afraid of someone I got a number from because I worried he's needy

Early on I did mistake his eagerness for being clingy and it caused me to be slightly flaky. Like not texting, not responding, making way too many conditions for when I can do simple things like game with them.

But I told myself just give it a try and see how it feels because even though he's excited he hasn't been pushy. He might occasionally double text or check on me at work but he for the most part does his own thing and has his own life. After we gamed together, I calmed down and now I actually look forward to playing

Especially when sometimes he will ironically shut down on me too occasionally and my brain goes ""wow, rude. But that's perfect"" lol

So far I've been more chatty at work and my",Self Discovery,avoidant,general
s5i5yt,Ask Avoidants FAQ: Deactivation,AvoidantAttachment,102,35,1.0,https://reddit.com/r/AvoidantAttachment/comments/s5i5yt/ask_avoidants_faq_deactivation/,2022-01-16,imfivenine,"Please see the intention of this post thread [here](https://www.reddit.com/r/AvoidantAttachment/comments/s1n6hw/ask_avoidants_faq/?utm_source=share&amp;utm_medium=web2x&amp;context=3)

**Avoidant Attachers:** 

1) What triggers your deactivation?

2) What do you do or how do you feel when deactivated?

3) Do you know how long you usually deactivate on average? What is the shortest and/or longest you ever deactivated?

4) Are there certain things, events, etc that can help you out of a deactivation?

5)  What, if anything, do you expect another person to do while you are deactivated?

6) If you are deactivated for long periods of time, let's say a month or more, do you expect others to wait around for you?

7) Looking back on past deactivation, do you think you gave off any cues that deactivation was happening, or said certain things, that may help others know that this is deactivation?

Feel free to include anything else about your own personal deactivation that might not be covered in the questions above.",FAQ,avoidant,general
1hbkvz3,"Anyone else pathologize having feelings so hard, you labeled yourself as an AP? (DA)",AvoidantAttachment,102,52,1.0,https://reddit.com/r/AvoidantAttachment/comments/1hbkvz3/anyone_else_pathologize_having_feelings_so_hard/,2024-12-11,untitledgooseshame,"Basically, I thought DAs were these magical superpowered people who were immune from wanting hookups or even casual friends to game with and didn't have feelings at all, so I figured there was no way I was DA (meanwhile, ghosting everyone, shocked when dates expect to hear from me regularly, repulsed by touch, if I talk about having feelings I feel like I'm going to die)

My thought process was like:

Be pissed off for a week when my non monogamous casual fwb dumped me for liking romance novels, because said fwb was a hottie? Uh, having feelings is fucked up, clearly I’m AP.

Wanting to have a birthday party? Thinking about friendship and not wanting to do something alone isn’t normal. Clearly I’m AP.  

Feeling sad for a couple weeks when a friend of six or seven years, one of the only people I ever trusted, stole a thousand dollars from me and skipped town? Caring about people is gross, I must be AP!

Wanting to tell someone when I’m in the hospital with something serious and scared out of my mind? Ew, needy, clearly I’m AP.

Et cetera.

Anyone else do that? Because I thought I was AP until I dated an actual AP.",Self Discovery,avoidant,self-reflection
1og71w3,Hurting someone but not breaking up,AvoidantAttachment,102,20,0.98,https://reddit.com/r/AvoidantAttachment/comments/1og71w3/hurting_someone_but_not_breaking_up/,2025-10-26,[deleted],"As a dissmisive avoidant who is in a long term relationship. my partner has endured for a long time. For me, my avoidance tells me ""push them away"", ""lash out"". And i do. My partner gives me chance after chance to change. But I don't. All they ask for is the bare minimum in a relationship but I feel it is so much effort. I try but can't sustain the energy more than a week. I feel like a horrible person. Also we have been together so long now because I won't break up with someone who tolerates my behaviour and they never break up with me.
I know I hurt them, I emotionally destroyed them (by accident, before i knew what was wrong with me). Partially they would be better off without me, being with someone who cherishes them. But partially they lost a lot of friends when they became sort of dependent on me, and have no family. Without me I worry they would spiral. So this is a really toxic situation. Because when we have relationship ending talks, i feel a bit of relief, but then they actually want me to fight for the relationship and say i will change. I always say i will try, so we dont break up. A never ending cycle. Because if i end it then it will make them think i dont care, neve",Seeking Support - Advice is OK✅,avoidant,general
1sf67tl,Anyone else view connection as a competition?,AvoidantAttachment,102,24,0.97,https://reddit.com/r/AvoidantAttachment/comments/1sf67tl/anyone_else_view_connection_as_a_competition/,2026-04-07,untitledgooseshame,"I’ve noticed I view all my friendships and relationships as a competition. if you’re the one who cares less, needs the other person less, and is less invested in the other person, you’re winning- you’re strong, good, have good social skills, and are handling things correctly. if you care about the other person more than they care about you, or show vulnerability or make requests, ew. when I ask anyone for anything, want to see someone, want to talk to someone, I feel like I should do better because that’s a sign that I’m starting to “lose” my “victory” in the friendship or relationship. sometimes if I notice I’m starting to enjoy someone’s company I’ll go for a few days without talking to them just so I don’t become weak. 

I don’t mind when my friends ask me for things and I love doing favors for people, but when I want to hang out with anyone i find myself disgusted at my feelings.

anyone else feel this way?",Seeking Support - Advice is OK✅,avoidant,general
1q7320b,contemplating root of avoidance,AvoidantAttachment,101,28,0.95,https://reddit.com/r/AvoidantAttachment/comments/1q7320b/contemplating_root_of_avoidance/,2026-01-08,AliceM116,"I have been considering why some of my relationships work while others make me disconnect. I think the root is a desire to feel deeply understood and seen. 

I recently had a connection with someone I enjoyed. But then some personal life events happened and I needed to take some space away from this person. Suddenly the daily messages no longer felt light and easy, they felt like a chore. Even though it was uncomfortable for me to be blunt, I was brave and voiced that I needed space. I even said clearly “hey getting multiple messages triggers my avoidance so please give stop with the double texting. I would prefer conversations feel like a tennis match. I go, you go.” It worked briefly, but then again the double and triple message started if I took more than 4 hours to reply to texts. 

It honestly makes me feel really uncomfortable because I feel TOTALLY unseen. I did my best to voice my needs, and when they aren’t heard, it feels like this person doesn’t actually understand what I need, and they don’t realize their texts make me feel worse, not better. It’s almost like “yeah I know you need space but give ME attention, that’s more important.” It’s a shame because I was hoping the",Self Discovery,avoidant,general
rm76gh,What I wish more people would realize,AvoidantAttachment,101,32,0.94,https://reddit.com/r/AvoidantAttachment/comments/rm76gh/what_i_wish_more_people_would_realize/,2021-12-22,Dismal_Celery_325,"Attachment style is irrelevant in relationships. 

What is relevant:

\-Self awareness from both parties  
\-Values that align  
\-Healthy and effective communication  
\-Healthy boundaries  
\-Mutual love and respect

Obviously this list isn't exhaustive. In my opinion, attachment theory is meant to be a tool to help *yourself.* It's meant to be a tool to help you recognize and correct unhealthy patterns and coping mechanisms that you may have. It's meant to be used for self healing and development. 

A lot of people take it way too far, especially when it comes to avoidants. The focus becomes ""how can I fix my partner's avoidance"" and not ""how can I be more healthy in this relationship."" Or god forbid, ""Is this even a healthy relationship to begin with?""

I started my current relationship as an FA leaning very anxious. Looking at my post history when I first discovered attachment theory, I definitely was one of the ""How can I change my partner"" people. My boyfriend, who I'm pretty sure is FA leaning heavily DA, is the most caring person I've been with. Due to his avoidance, he could not fully commit to our relationship. Had I listened to popular dating advice as well as the gener",Rant/Vent,avoidant,self-reflection
1ambac7,Avoidant or just hurt?,AvoidantAttachment,101,33,0.99,https://reddit.com/r/AvoidantAttachment/comments/1ambac7/avoidant_or_just_hurt/,2024-02-09,Bread_and_Butterface,"I feel triggered when criticized or overburdened, I tend cut off and disappear from any friendships/relationships when I'm overwhelmed. I don't want to be abandoned but I also don't totally want to be relied on.
My current situation has me wondering if this a response to AA or just feeling unheard and unloved.
I've tried a million times to express my needs and feelings and it's like l'm talking to a wall. Nothing changes and my emotional needs go completely unmet. So I just shut off.
Mentally/emotionally it's just ""Bye Felicia"".
I'm curious how you all know the difference?",Input Wanted,avoidant,general
rxhdv3,Avoidance is like Hoarding,AvoidantAttachment,101,11,1.0,https://reddit.com/r/AvoidantAttachment/comments/rxhdv3/avoidance_is_like_hoarding/,2022-01-06,Dismal_Celery_325,"I just want to start by saying that I'm in no way implying that avoidant attachment is a psychological disorder. I thought of this analogy the other day and it fits so well with my own experience, so I just wanted to share it. 

Avoidance is like hoarding. You could say that our brains are like a house. In my brain, I suppress things. It starts off small enough when I'm a child, and I can still still move around freely and without really noticing this thing. Slowly I add more things to the collection. This room holds my traumatic memories. This room holds my feelings/emotions. This room holds my fears. As I grow up, the rooms start to become less maneuverable. I'm vaguely aware that something doesn't seem right in my brain, but I can still access everything I need so I ignore it. I continue to suppress until one day I have only a small path that is safe to use. I stick to that path day after day 

I let someone in (my therapist) who points out how cluttered my brain is. How little room there is to move. How much I have to face and deal with. But I can't. It's easier to suppress and pretend it doesn't exist. Until one day a pile of things falls on me and I finally see how bad it is.",,avoidant,general
1bt3odu,Avoidant Attachment with Neuro Diversity ,AvoidantAttachment,101,28,1.0,https://reddit.com/r/AvoidantAttachment/comments/1bt3odu/avoidant_attachment_with_neuro_diversity/,2024-04-01,Mr_Writes,"Along with having an avoidant attachment style, I have ADHD, along with everything that goes with ADHD, like a strong propensity to procrastinate.

I'm finding they often overlap each other, and make each other worse.

Anyone else dealing with some sort of neuro diversity along with being avoidant? Wish I had some answers or pointers to offer, but I'm just realizing this.",,avoidant,general
1frcidi,"Been like this since I was kid, is there anything I can do to mitigate this problem?",AvoidantAttachment,99,19,1.0,https://reddit.com/r/AvoidantAttachment/comments/1frcidi/been_like_this_since_i_was_kid_is_there_anything/,2024-09-28,[deleted],"Sometimes I like the idea of a relationship, but the few times I've got closer with someone I always lose that feeling when it gets too serious and starts to become real. Then I get a ton of anxiety and simply feel bad for leading them on. It's like I like the thought of being in a relationship but I don't actually want to be in one.",Seeking Support - Advice is OK✅,avoidant,general
1r4al6z,Tired of my own inability to connect,AvoidantAttachment,98,18,1.0,https://reddit.com/r/AvoidantAttachment/comments/1r4al6z/tired_of_my_own_inability_to_connect/,2026-02-14,tidehaus,"I try my best, but even my best really isn’t that much connection. Sometimes I wonder if my childhood and young adult experiences permanently destroyed my ability make attachments at all,  let alone healthy attachments.

I usually get a mix of FA and DA whenever I take the attachment test, which is consistent with my life experiences. I just don’t feel like I have the ability to fall in love at all, but I think I have the ability to appreciate people and care about them deeply. I just don’t know if I’ll ever know what love is. I don’t know what it feels like or how to contend with it, and others telling me they love me doesn’t make me feel anything, and I desperately want it to but I just don’t.

I feel incredibly jealous of people who can fall in love or even in limerance with others, because even when I like someone and can imagine building a life with her, I just don’t \*feel\* anything. And I wish I did. I’m so jealous of people who can. I was so jealous of my partners in the past who could, who felt so head over heels about me, but I couldn’t feel anything. I hate it. I hate it so much and it’s so miserable. I sometimes feel that my childhood permanently ruined me and my abili",Rant/Vent,avoidant,general
om1jq8,Avoidant Relationship Advice,AvoidantAttachment,98,18,0.99,https://reddit.com/r/AvoidantAttachment/comments/om1jq8/avoidant_relationship_advice/,2021-07-17,[deleted],"We get a lot of posts asking for advice related to understanding an avoidant within a romantic relationship. Please read this post before posting about your situation as it may have the answers you're seeking. If your post contains a question answered here, ***your post will be removed***.

&amp;#x200B;

**Q:** Do you know what my Avoidant is thinking?

**A:** Absolutely not.

&amp;#x200B;

**Q:** My Avoidant broke up with me. Will they come back?

**A:** Impossible to know. However, the reason why your Avoidant has left is important.

* The more dramatic the ending, the less likely they're coming back.
* The less established a relationship is, whether or not your Avoidant actually has avoidant attachment style becomes more questionable. Maybe they just decided a connection wasn't there. Probably not coming back.
* They left out of the blue. The relationship dynamic was Avoidant-friendly. The most likely situation they're coming back.

&amp;#x200B;

**Q:** My Avoidant deactivated. How long is this going to last and what should I do to encourage them to come back?

**A:** The reason for deactivation and your dynamic matters.

* Deactivations can last months and even years especially",,avoidant,general
1occy2x,"Success Story: FA/Disorganized Attachment Healing Roadmap, Resource Recommendations",AvoidantAttachment,97,15,1.0,https://reddit.com/r/AvoidantAttachment/comments/1occy2x/success_story_fadisorganized_attachment_healing/,2025-10-21,antheri0n,"**Hello, fellow Fearful Avoidants! The below post has grown out of almost 3 years of research and healing this attachment style, which in my case was coupled with Relationship OCD (ROCD). ROCD is a vicious manifestation of Disorganized attachment that can develop in long term relationships. For those who are not familiar, imagine anxiety, relationship doubts, the ""Ick"" towards your partner, and deactivation urges (to run away) multiplied tenfold in a vicious loop. Anxiety from intimacy causes doubts about the relationship to escalate, which causes more anxiety, causing more doubts and on and on, the loop from hell turns and turns, causing all kinds of somatic effects. Basically, ROCD is the ultimate form that Relationship Anxiety can take.**

Since early 2022, when my FA attachment erupted in this hellish condition (and I learned about the fact that I am Fearful Avoidant), I have been researching ways to heal it. As my experience and knowledge grew, I shared them mostly with other “poor souls” like me primarily in the ROCD subreddit, less frequently in this and other attachment-related subs, mostly responding to posts. After about 2 years of work, I felt I healed to the point that",Self Discovery,avoidant,self-reflection
1gg2u7l,Avoidant and Disorganized are two different styles. DA =/= FA. ,AvoidantAttachment,95,35,0.99,https://reddit.com/r/AvoidantAttachment/comments/1gg2u7l/avoidant_and_disorganized_are_two_different/,2024-10-31,imfivenine,"You can view these posts on her IG in their entirety. The disorganized one was posted today, the avoidant one isn’t too far down. 

This isn’t a pissing match, I’m posting this to show how different they are and that DA and FA aren’t both simply “avoidant attachment styles.” FA is much more complicated and there is a lot more overt fear and anxiety even if some can “keep a lid on it” by serious levels of avoidance which is not the exact same as attachment avoidance.",Attachment Theory Material,avoidant,general
si10f6,Feels like I'm unable to love people as much as they love me,AvoidantAttachment,95,33,1.0,https://reddit.com/r/AvoidantAttachment/comments/si10f6/feels_like_im_unable_to_love_people_as_much_as/,2022-02-01,isthisathrowaway819,"This is an Avoidant thing, right? I've found that even if I love someone, I get the ""ick"" a lot from them and there are times where I think they're irritating and I don't want to talk to them. I don't get the urge to show affection that much. And I care about them, sure, but it feels more obligatory than genuine. 

Thoughts?",Input Wanted,avoidant,general
1ptjqzr,Both best friends got engaged,AvoidantAttachment,95,31,0.99,https://reddit.com/r/AvoidantAttachment/comments/1ptjqzr/both_best_friends_got_engaged/,2025-12-23,IllustriousStar00,"I (27F) have never been in a relationship and struggle to form emotional attachments at all. I've gone on dates and forced myself to keep seeing a guy because he's perfectly nice and there's nothing wrong with him but in the end I know I don't actually have those feelings for him. The only time I have really liked a guy he wasn't in a place where he wanted to be in a relationship (I also did not meet him while actively dating). I've been struggling with this and with my inability to do what is supposed to be the easiest part of dating (catching feelings) and now both of my best friends from high school are officially engaged.

One of them has been seeing this guy for over a year and got engaged last summer and the other one has literally been with her boyfriend (now fiance I guess) since high school and just got engaged today. They only waited this long because of finances. Both of them facetimed me when they got engaged and showed me the ring and obviously I'm happy for them. At the same time, I know I feel left out like I'm missing a core part of life that everyone should have experienced by now. Both of my best friends that I grew up with are getting married and I haven't ever b",Seeking Support - NO ADVICE WANTED🛑,avoidant,general
1rkqj3m,"Input wanted — avoidants, what has helped you heal?",AvoidantAttachment,94,54,0.99,https://reddit.com/r/AvoidantAttachment/comments/1rkqj3m/input_wanted_avoidants_what_has_helped_you_heal/,2026-03-04,corkscrewlobotomy,"Hi everyone! This is my first post here. I’m looking to hear from other avoidants what, specifically, has helped you heal (more detail than just “therapy”). I’ve known for a while that I’m avoidant, but it’s really been showing up in big ways lately. I’m not currently in therapy, but I’ve done years of therapy in the past and obviously am still struggling with avoidant tendencies. However, I wasn’t in therapy specifically to target my attachment style/issues, so maybe I need to find someone who focuses on attachment theory? 

I know everyone is different, and not every person will benefit from the same approaches. I just don’t even really know where to start. I’m happy to give more info if needed. And please go into as much detail as you’d like about yourself, your experience, and your healing journey. Thanks in advance :)",Seeking Support - Advice is OK✅,avoidant,self-reflection
1ovsoxg,How to mourn/get over a relationship that got ruined?,AvoidantAttachment,94,25,0.98,https://reddit.com/r/AvoidantAttachment/comments/1ovsoxg/how_to_mournget_over_a_relationship_that_got/,2025-11-13,GaySheriff,"Back when I had no idea I had an avoidant attachment, I got into a relationship (to be honest, it was never made official, so I guess it was a situationship) with a person who was lovely in my eyes. They had their flaws, and they also crossed my boundaries without realising, which was why I reacted very strongly. I kept pushing them away and couldn't even properly explain what was happening, because I didn't know it myself. So I wronged them in a lot of ways, and although looking back I think they could've acted differently as well, ultimately I was the one who fucked it up. And man... It's so hard to accept. Because I still like them. Not love, but I still think we're alike, and we're still each other's type, so I keep thinking: ""If only I met them now, with the knowledge I have about myself, I would've taken responsibility and acted completely differently. I would set my boundaries and tell them what I was struggling with. We'd still be together."" 

Those thoughts are so pointless. I also couldn't have acted any differently back then. I was a teenager, I had never been in any type of relationship, I hadn't even held hands. There was no way to know what was happening to me and why",Seeking Support - Advice is OK✅,avoidant,self-reflection
1elpkj8,Lose interest quickly in dating,AvoidantAttachment,94,38,0.99,https://reddit.com/r/AvoidantAttachment/comments/1elpkj8/lose_interest_quickly_in_dating/,2024-08-06,JohnnyUte,"Hey everyone, this is my first time exploring this community and first post here. I started therapy last year and it's been good to talk to someone and I've noticed some improvements in some areas of myself, but when it comes to actual dating and relationships, I still feel like I'm struggling a lot. I very much want to be with someone but I feel like I have an avoidant attachment style (still figuring out the specifics) and fear of intimacy.

One of the most common situations that occurs with me is that I'll go out with someone and after either a date or two I quickly lose interest. For me, I'll see a ""red flag"" (that's not really one or made up) or something else that makes me no longer want to pursue them. I'll make an excuse like ""we're just different people"" but I don't really give them the chance. It's awful and I have a hard time overcoming it but then after awhile (weeks or months) I'll think of them and regret not continuing with them. Then, if I do get another chance with them, it's the same thing. I hate doing this to others and myself.

I read about others here who say they feel like they're not enough for the other person, but that's not my situation. I think I fear if",Seeking Support - Advice is OK✅,avoidant,self-reflection
vsrx0n,Judginess as a way of pushing people away {da},AvoidantAttachment,93,18,0.99,https://reddit.com/r/AvoidantAttachment/comments/vsrx0n/judginess_as_a_way_of_pushing_people_away_da/,2022-07-06,[deleted],I tend to be a very judgey person - practically nobody meets my standards and I spend a lot of time being frustrated and annoyed with all their little flaws. I've come to realize that this is a way I have of pushing people away. Any thoughts or tips about how to change this mindset and habit?,Input Wanted,avoidant,general
18x7xh5,Only attracted to unavailable or other avoidants,AvoidantAttachment,93,25,0.99,https://reddit.com/r/AvoidantAttachment/comments/18x7xh5/only_attracted_to_unavailable_or_other_avoidants/,2024-01-03,HazelC1,"I want a relationship, but don’t seem to be able to get past the first few dates.

I seem to only be attracted to very conventionally good looking men, who are in some way unavailable to me, past examples, married, living far away, say they don’t want a girlfriend, etc.

I have had a lot of attention from available men, but when I find them ‘too keen’ I deactivate - for me this actually feels like a physical urge to run and hide.

People tell me attraction grows, I even tried dating a close friend in the hope it would grow, but I just ended up making him feel bad about himself as the attraction was one sided, and I had this sense of dread most of the time.

My online dating follows a pattern of either rejecting the guy after 1 or 2 dates, or becoming very attracted/limerent with someone, only for them to end it after around a month. This latter category have sometimes been people who clearly weren’t looking for serious relationships or turned out not to be single. 

I watch friends break up with partners and be in a new relationship within months, and it makes me feel like I’m wired wrong. I’m in my early 30s.
No one I know IRL has this problem, so I wonder if anyone here can offer",Input Wanted,avoidant,general
1lv2629,What exactly is healthy anger supposed to feel like?,AvoidantAttachment,92,15,0.99,https://reddit.com/r/AvoidantAttachment/comments/1lv2629/what_exactly_is_healthy_anger_supposed_to_feel/,2025-07-08,lazyycalm,"Ever since I can remember, I’ve had a really difficult time experiencing anger or expressing it directly. When I was younger, this mostly manifested as a sort of people-pleasing where I would agree to/accept things I didn’t like and then act flaky to try to get out of it or just ghost people. Confrontation made me shut down, and evasiveness was the only way I knew how to protect myself. In the moment of conflict, I felt totally confused and detached, but of course afterwards I would build up massive resentment.

For the last few years, I’ve been trying to be more assertive and set boundaries directly rather than just icing people out. In attempting to be more direct, I’ve been trying to tap into my anger and act upon it in a constructive way. But it’s like the part of me that should feel normal anger (whatever that means) is just cold, critical, and disdainful. Like I’d rather write a person off than express frustration, or god forbid hurt, and rather than asserting boundaries directly, it’s easier to just make it unpleasant for the other person to cross them.

Recently, I’ve been dealing with a lot of anger about events in the past. But whenever I try to feel my anger, it doesn’t",Seeking Support - Advice is OK✅,avoidant,general
10ej3jr,{AP} or just too into me???,AvoidantAttachment,92,17,1.0,https://reddit.com/r/AvoidantAttachment/comments/10ej3jr/ap_or_just_too_into_me/,2023-01-17,hiya-manson,"How many times a day do we see posts titled *DA or just not into me??* in the AT subs?

I've begun to consider the opposite: Is it possible Avoidants are turned off by people whose interest in us is so antithetical to our feelings about ourselves?

I've written before about how I think I can sniff out APs on a first date. I said they don't truly see me, but only see an immediate solution to the ""girlfriend vacancy"" they're desperate to fill. Their enthusiasm feels inauthentic. How could they know me well enough to think I'm so great?

When people like me too much, too soon, I think they're fools. I know I'm terrible, and I feel guilty for misleading them with my superficial charm.

But I'm beginning to wonder if maybe a few of these people were just showing a normal degree of enthusiasm. Is it possible people we Avoidants perceive as dangerously AP are actually secure and simply very excited about getting to know us? 

Perhaps they aren't prematurely over-estimating us, we're just chronically under-valuing ourselves.

NB: This is not an invitation for APs to tell us all we need to do is \~\*accept their love omg\*\~. This is a discussion prompt for Avoidants about whether our hyper",,avoidant,general
1fmmrfk,FA on the verge of a new relationship - the stress of being caught between the yearning for connection and the fear of being engulfed.,AvoidantAttachment,91,23,0.99,https://reddit.com/r/AvoidantAttachment/comments/1fmmrfk/fa_on_the_verge_of_a_new_relationship_the_stress/,2024-09-22,bigskymind,"I 57M met a wonderful woman by chance in a cafe. She commented on the book I was reading and next thing I know, a couple of hours of earnest and connected conversation had passed just like that. It was a strange feeling of excitement to connect so well and at random with her.

I grabbed her number, she was responsive and we had a dinner date the next week that again was really enjoyable.  We squeezed this dinner date and a couple of casual coffee catchups in before she went overseas for a month.

But I was actually relieved that she was going away. The feelings of limerance and attraction were strong along with a pull to merge amd dive in and yet, as I shared with a close friend, I don’t trust those feelings. They feel dangerous and destabilising but also strangely tantalising at the same time.

So having her at arm’s length for the last three weeks has been a bit of a reprieve and a relief. We’ve been texting every day - I get to feel someone is there but at a safe distance without any possibility of her making demands of me.

But she’s back next Friday and has asked me if I could pick her up at the airport and also organised a date for the Saturday with me.

As the time apart com",Seeking Support - Advice is OK✅,avoidant,general
1gpxg68,How can I stop self-sabotaging in early stages of dating?,AvoidantAttachment,91,31,1.0,https://reddit.com/r/AvoidantAttachment/comments/1gpxg68/how_can_i_stop_selfsabotaging_in_early_stages_of/,2024-11-12,AbbreviationsNo7536,"I (33F) am fearful avoidant and have never been able to maintain a relationship for longer than a year, the major exception being that when I was 18, I became romantically involved with my English teacher and had an on-and-off-again relationship with him for about 3 years.

Most of my dates these days come from apps, and even the few that don’t tend to follow the same pattern. I match with people who seem compatible in terms of values, lifestyle, humor, and intelligence. 

First date: so long as I am physically attracted to the person and they don’t display any glaring red flags, I’ll have a nice time and often feel comfortable being flirtatious. 99% of the time it is mutually understood that there is no emotional or sexual expectation on a first date because 1) we’ve just met; 2) we’re in public; and 3) I don’t go on dates with people who say they are looking for casual sex. 

Date Two is harder. The fact that we’ve both agreed to a second date indicates some degree of mutual interest. I tend to feel less attracted to people on the second date than I did on the first. Sometimes the other person will initiate a kiss at the end of date two. I am usually not enthusiastic about it, bu",Seeking Support - Advice is OK✅,avoidant,general
1cxqh3q,Delayed response to stressful events?,AvoidantAttachment,90,19,1.0,https://reddit.com/r/AvoidantAttachment/comments/1cxqh3q/delayed_response_to_stressful_events/,2024-05-22,balletomanera,"Was curious if anyone else has delayed emotional responses to stressful situations? I tend to be quick to problem solve, composed, and emotionally detached while in crisis mode. In the moment I will feel in control and able to manage the situation well. Others may look to me for guidance, depending upon the situation. However days, weeks, months later. The heaviness of what happened will hit me. I will begin to feel the emotions deeply. It can knock me down depending upon if it’s grief or sadness. The delay can be confusing to myself and others. As it feels like everything is fine until it’s not. 

Not sure if this resonates with any attachment style? It may just be a trauma response. I also have PTSD.",Hypothesis,avoidant,general
xmcntz,"Words popular with avoidants: space, suffocation, clingy (guys got anymore?) {DA} {FA}",AvoidantAttachment,90,30,0.99,https://reddit.com/r/AvoidantAttachment/comments/xmcntz/words_popular_with_avoidants_space_suffocation/,2022-09-23,[deleted],,meme,avoidant,general
zxdllu,"Words by Instagram's The Rising Woman. A soothing balm for those of us with calculating, risk-averting, avoidant moments. Venerability is brave and worth it ❤️ {FA}",AvoidantAttachment,90,11,1.0,https://reddit.com/r/AvoidantAttachment/comments/zxdllu/words_by_instagrams_the_rising_woman_a_soothing/,2022-12-28,[deleted],,,avoidant,general
12ua1t3,"Is attachment theory as portrayed in today's world truly helpful, or does it just perpetuate damaging generalizations? {FA}",AvoidantAttachment,90,60,0.95,https://reddit.com/r/AvoidantAttachment/comments/12ua1t3/is_attachment_theory_as_portrayed_in_todays_world/,2023-04-21,Dismal_Celery_325,"Another user recently asked for Thais Gibson's credentials, which include a PhD from an online ""university"" that can be obtained in a matter of months. As one of the main sources of modern attachment theory resources, one that I myself have referred others too, the knowledge that her degree is not exactly credible makes me question a few things. 

Across the attachment spaces on Reddit, Facebook, PDS, etc there are quite a few generalizations about the attachment styles. It seems that people take these generalizations and apply them to anyone in their life that shows the least bit of a sign that they may fit into x attachment style. However, even from my participation in the attachment subs here on Reddit, it's easy to see that one DA is not exactly the same as another. One AP is not exactly the same as another, and so on. Yet just the mention of the label creates an automatic bias. When someone I personally know shows signs of being AP, it immediately makes me withdraw and distance. 

Only after initially learning of Attachment Theory as portrayed today did I focus my knowledge on my partner and how I can use it to ""fix"" him. I quickly realized that the only person I needed to ""fi",,avoidant,general
1ip9yc9,Depression and Avoidance,AvoidantAttachment,89,37,1.0,https://reddit.com/r/AvoidantAttachment/comments/1ip9yc9/depression_and_avoidance/,2025-02-14,[deleted],"I noticed that my depression is showing bc of the weather, stress and life in general. 

Is depression and avoidance linked? I haven't come across any articles relating both but curious to know if they might be out there.",Seeking Support - Advice is OK✅,avoidant,general
16igtj7,Feel myself getting the ick {FA},AvoidantAttachment,89,45,0.98,https://reddit.com/r/AvoidantAttachment/comments/16igtj7/feel_myself_getting_the_ick_fa/,2023-09-14,quickthrowaway108,"I (28F) have been on three dates with this guy. I felt like we clicked personality wise and initially found him quite attractive. I stayed round his place last night (but didn’t do anything sexual). All was fine until this morning when I felt like I’m bordering on getting the ick. 

I think I just feel uncertain about whether I feel attracted enough to him. I think to a degree based on physical attraction but in a larger way worried we won’t be that sexually compatible. 

I think that makes me feel really anxious. I think it’s the fear of feeling trapped into something where I feel uncomfortable. I know most people’s approach would be to just keep dating and see how it goes. But it scares me because I don’t want him to become more invested then hurt him by cutting it off. Or the bigger thing is I’m scared of things escalating sexually and feeling uncomfortable but feeling too awkward to stop it. 

I find it incredibly hard to say no in sexual situations. So in the past I usually just go along with it feeling uncomfortable and then cut things off afterwards via text. But that is obviously not a pleasant experience for me. 

So idk whether the ick is partly a result of an issue with",,avoidant,general
176dwas,"I [31F] Dumped my recent ex [35M] out of avoidance, now he is happy with someone else and I'm devastated.",AvoidantAttachment,89,28,0.99,https://reddit.com/r/AvoidantAttachment/comments/176dwas/i_31f_dumped_my_recent_ex_35m_out_of_avoidance/,2023-10-12,relazioconsilia,"**TLDR:** I lost the only man I ever ended up loving and who ""unlocked"" a long series of unique things I didn't have with any of my partners and which I thought to be impossible for me before, but I discovered my feelings after I dumped him. Now it's permanently over because he found the love of his life (yeah cheesy to say but I think it's really it), and didn't accept my last offer. It's over and I massively failed.

A story of how the avoidant attachment style can seriously kick your ass like never before.   
Learn from my story...

I have a fear of commitment, no problem in trusting people, but rather, fear of being trapped forever in something that will limit me, my options and won't grow with me, a bubble. This plus my ability to stay single marks a certain perfectionism and high requirements, too.  
One year relationship, met once, LDR. My life got extremely busy, couldn't meet more. We shared an insane **amount of specific similarities** and were never bored of continuing to interact and talk every day.   
I took 8 months of constant chemistry and talks online to start having any feeling, then I confessed. He got his brain intoxicated and reciprocated, but I **kept telling",Rant/Vent,avoidant,general
1ovs6eo,How can you tell if you're falling for someone?,AvoidantAttachment,88,17,0.96,https://reddit.com/r/AvoidantAttachment/comments/1ovs6eo/how_can_you_tell_if_youre_falling_for_someone/,2025-11-13,VillainousValeriana,"This person doesn't make me feel heart flutters or butterflies in my stomach, he makes me feel at home and im utterly terrified that he's having this effect on me 🫠.

I don't think I know what love feels like, but this might be it? Earlier in the week I was fearing ""what if something makes me feel turned off by him later and i accidentally hurt his feelings?"". Now I actually miss him when he's not around

Which is very new for me because I don't typically miss people at all. I'm used to being alone and to myself. 

I don't dislike most people. I can think they're funny, interesting, talented, pretty, enjoy talking with them and still not miss them. 

So the fact I'm not only missing him but I actually felt safe is kind of like... Woah. I didn't feel like he was invading my space, he didn't feel controlling, he didn't force support on me, and yet when I needed him, there he was. 

I've never met anyone like him.",Seeking Support - Advice is OK✅,avoidant,general
1eoae06,Sudden changes of feelings,AvoidantAttachment,88,15,1.0,https://reddit.com/r/AvoidantAttachment/comments/1eoae06/sudden_changes_of_feelings/,2024-08-09,Mission-Corgi6602,"Hi everyone! In the tale as old as time, I am an avoidant who tends to seek out emotionally unavailable people. I know I seek out these people because I know they will not commit to me. However, during these experiences after a few months I start building feelings and become upset they aren't interested in the same way.

I have been in therapy for this issue. On paper, I think having a partner would be really fun. I dont objectively find disadvantages to commitment. Since working on this, I have changed my ways of dating and try and seek out emotionally available people. I tend to go for people who are more casual with dating because it's less pressure for me but will be less likely to end up in a ""situationship"", aka, I only date people who are dating other people, but still dating with intentions.

Here is where my issue comes. When the people start ""choosing me"" my fight or flight kicks in and I just want to run!!! Meanwhile, a week or even the day before, before they expressed their want to commit, I have thoughts of ""I hope they want to commit to me."" I like these people and can envision a future, but as soon as they express these feelings it's an immediate spiral.

I don't kn",Seeking Support - Advice is OK✅,avoidant,self-reflection
1o2q3oo,Thoughts on Thais Gibson in 2025?,AvoidantAttachment,88,66,0.91,https://reddit.com/r/AvoidantAttachment/comments/1o2q3oo/thoughts_on_thais_gibson_in_2025/,2025-10-10,VillainousValeriana,"If you don't know who she is, she's a (or was, her views have been dropping lately) a popular attachment theory guru who runs the channel Personal Development school

I liked the content at first but I noticed her latest videos mostly seem like attention grabs at avoidants expense. I noticed she almost never talks about anxious or secure attachment anymore. Which is pretty disappointing because I like to learn about all styles as I'm navigating my own

I've always had mixed feelings on this woman, especially since I feel like she is a big reason the word ""discard"" is thrown around every where in attachment spaces. 

It's not her fault that people took the term and ran with it, she seemed to have meant well in the beginning and I vaguely recall her basically telling her followers not to shame any attachment styles. But still, I think she unintentionally contributed to a lot of the avoidant shaming I see online.

 All of her latest videos are on analyzing and trying to change avoidants behaviors and it's really rubbing me the wrong way",Seeking Support - Advice is OK✅,avoidant,general
16slb60,Avoidant Shaming and Blaming,AvoidantAttachment,88,29,0.96,https://reddit.com/r/AvoidantAttachment/comments/16slb60/avoidant_shaming_and_blaming/,2023-09-26,[deleted],"Once people in your life have a little knowledge of attachment theory and realize you have avoidant tendencies, do you find they tend to blame every relationship problem on it. Yes, sometimes I'm being avoidant, but sometimes you gave genuinely done something problematic that I'm reacting to. Sometimes I need to set boundaries or pull away for legitimate reasons. Everything can't be traced back to the idea that I need to heal my avoidant attachment. 
How do you handle that?",Avoidant Input Wanted,avoidant,self-reflection
1oh8yvj,How does this attachment effect your social life in general?,AvoidantAttachment,87,31,0.98,https://reddit.com/r/AvoidantAttachment/comments/1oh8yvj/how_does_this_attachment_effect_your_social_life/,2025-10-27,VillainousValeriana,"I know a lot of attachment conversation is around romantic relationships. What do you do when this attachment style is wrecking your entire social life? 

What do you do when you want to care more about people, but you don't? There's like zero reward to getting better for me and I'm genuinely scared of how long I'll stay like this. Here's an edited piece of a journal I made that encapsulates exactly what I'm talking about

(pretty long feel free to skip) 

""What does it mean if I feel like I just can't (connect with people) ? Im utterly terrified of feeling exposed and humiliated, but beneath that I simply don't want to answer to anybody. Not because I think people are bad or that I don't care. I just hate rules and obligations. I don't want to show up to the function I don't care about, I don't want fake being happy, I don't want to spend time with someone who has unpredictable incompatible needs compared to mine

If I want to be a slob, I can do that alone. If I want to be chaotic and energetic, I can do that alone. I don't feel like contorting myself to societies rules. And it's not like they're bad rules. They're there for a reason, they work, they foster good connections that",Seeking Support - Advice is OK✅,avoidant,general
1lz85ff,"“There are 4 attachment styles, that’s it.”👀",AvoidantAttachment,87,35,0.91,https://reddit.com/r/AvoidantAttachment/comments/1lz85ff/there_are_4_attachment_styles_thats_it/,2025-07-14,imfivenine,I’ve been waiting for this. I’ve often thought the “leaning” thing was made up. The only thing I have heard with a paper behind it is with disorganized attachment (oscillating and impoverished but NOT a secure subtype). I blame PDS for this “leaning” stuff. Where else has anyone heard of the “leaning” stuff?,Attachment Theory Material,avoidant,general
1swuzgf,"Fellow DA’s, how do you feel about texting?",AvoidantAttachment,87,55,1.0,https://reddit.com/r/AvoidantAttachment/comments/1swuzgf/fellow_das_how_do_you_feel_about_texting/,2026-04-27,conflicted_person,"I struggle A LOT with texting / replying. 

When I mean struggle: It feels like a rush of adrenaline mixed with cortisol runs through my body whenever I receive a text. 

Yes I’m aware it sounds dramatic. But I genuinely feel as if texts = problem / puzzle I have to solve. 

I have ADHD too so I was wondering how much of that feeling arises from my avoidance traits vs. my ADD; (probably a combination of both?)

Makes me feel like shit too, cause I dread replying to even simple texts — \*especially\* if they’re from someone who is interested in me romantically. 

Even if I like the person in question, in my utopian world we would just exchange texts strictly to arrange to meet up in person and that’s it. 

Is this common at all within our attachment, I’m very curious to know",Seeking Support - Advice is OK✅,avoidant,general
1q3fxrb,How does the process look transitioning from dismissive avoidant to secure?,AvoidantAttachment,86,23,0.99,https://reddit.com/r/AvoidantAttachment/comments/1q3fxrb/how_does_the_process_look_transitioning_from/,2026-01-04,[deleted],"I'm 44 and have slowly worked out there's something up with me, to finding out about this term and seeing a lot of myself in fellow sufferer's description of it.  

My life is full of unrealistic expectations and any relationships I ever got into would be followed immediately by trying to escape them. I noticed how this hurt people I tried to get into relationships with and for the past decade I just haven't bothered because it seems mean. I feel like maybe this reflects a level of low self worth in that I maybe don't even think I'm worthy of nice things (e.g. a relationship), which mutes the threat of never pairing.  

Also since my horrific aging accident, its far too easy to adopt an attitude of ""its too much to ask of someone to deal with this"". People my age got shit to do or even have kids, maybe someone in question has a ticking bio-clock so it would be a waste of their time to try with me, when they might be able to have children with someone else, who isn't broken in this way. So it seems an absurd ask to find someone willing to deal with this bullshit who also might have a chance of getting close to my unrealistic expectations.  

So generally I'm just wondering, if I did",General Question About Avoidant Attachment,avoidant,general
1j568ih,Is taking time to reply toxic?,AvoidantAttachment,86,56,1.0,https://reddit.com/r/AvoidantAttachment/comments/1j568ih/is_taking_time_to_reply_toxic/,2025-03-06,Mission-Corgi6602,"Hi everyone! I have an issue when it comes to disagreements. As one could expect from an avoidant, it's hard for me to engage... period. I have been working on it by giving myself a 10 second count down to say something. However, I really prefer when I have a cool down time and have time to articulate my thoughts. I am attorney so I spend a lot of time ""perfecting"" my arguments or replies. I want to make sure I communicate clearly and respectfully and I have more trouble creating such replies with certain things. I don't have a temper per se but I am able to recognize that I tend to look at things better after some time has passed. Sometimes it's a few hours, sometimes it's a day or two, but they are always given a thoughtful reply. I am trying to find a balance between being more considerate with the time I take to reply, while still respecting my own emotions.

This has caused some issues in my personal life, I am not in a relationship at the moment but my ""taking time to reply"" has been mentioned prior. Most recently, my friend who I got into a disagreement with sent me an apology on Monday. I replied last night (Wednesday) and they were upset I took awhile. When she first sent",Seeking Support - Advice is OK✅,avoidant,general
w0i7ln,Make peace with your beautiful heart {fa}{da},AvoidantAttachment,86,7,0.96,https://reddit.com/r/AvoidantAttachment/comments/w0i7ln/make_peace_with_your_beautiful_heart_fada/,2022-07-16,si_vis_amari__ama,,meme,avoidant,general
1c432xc,"Broke up with partner because I don't want kids and she does. Now that we're broken up and the stress is gone I wonder if that was the right decision. But I know if we get on the path of having kids, I'll feel all that stress again. Anyone relate?",AvoidantAttachment,85,33,0.94,https://reddit.com/r/AvoidantAttachment/comments/1c432xc/broke_up_with_partner_because_i_dont_want_kids/,2024-04-14,Thehealthygamer,"I guess I'm just looking for a little support from people who experience similar attachment systems.

I was adopted from China at 8, and became hyper independent. The only close relationship I have in my life is to my now ex-partner. 

We have a great relationship, traveled well together, communicate well, and feel lots of love and affection toward each other. The main conflict is she really wants kids and through our travels realized that this is a non-negotiable for her, and I don't.

I've tried, for the last year to myself to the place internally where I could be okay with having kids, but my gut and intuition tells me that the path of having kids is not my path right now. That if I tried to push that path I would just feel resentment and stress, which is what I felt a lot in the last year. 

I started reading on attachment theory recently and attended therapy and that made me realize I've been suppressing my own needs/desires. Once I finally gave myself permission to truly look at my own desires/wants and say ""maybe I don't really want kids, and that means this relationship needs to end"" then a lot of my energy was freed up. I was no longer depressed, I've been super productive",Input Wanted,avoidant,general
1ijclw8,How did your healing journey progress?,AvoidantAttachment,85,54,1.0,https://reddit.com/r/AvoidantAttachment/comments/1ijclw8/how_did_your_healing_journey_progress/,2025-02-06,[deleted],"I read somewhere that as avoidants heal, they begin to show more anxious traits before becoming more secure in their attachment expression. I only remember reading this a while ago, and only in one place. I haven’t been able to find any other references.

Have any of you who have been healing for a while or consider yourselves now secure-leaning, etc, especially if you were FA, is this co distant with how you changed over time? If not, how do you think you changed over time?

I’m happy to discuss my own healing journey and why I’m asking this particular question in the comments if helpful, but don’t consider it relevant to the post.",Attachment Theory Material,avoidant,general
1q6ynrn,Are there any poems that resonate with you in terms of avoidance?,AvoidantAttachment,85,18,0.99,https://reddit.com/r/AvoidantAttachment/comments/1q6ynrn/are_there_any_poems_that_resonate_with_you_in/,2026-01-08,dragon-age-io,"Sorry, wasn't sure what flair to add.

This is one poem that particularly gets me. What are some poems (or other works of art) that resonate with you from an attachment standpoint?",Self Discovery,avoidant,general
ssapvb,The truth about loving yourself first {FA},AvoidantAttachment,85,16,1.0,https://reddit.com/r/AvoidantAttachment/comments/ssapvb/the_truth_about_loving_yourself_first_fa/,2022-02-14,Dismal_Celery_325,"""You have to love yourself before you can love somebody else."" 

That's the general quote, and I've always hated it. Mainly because I don't relate. I've never had any trouble loving anybody else. In fact, it's come easy to me. Loving is easy, it's the relationship that is hard. 

I spent 13 years in relationships that were abusive in one way or another. Always believing that 'love conquers all', another general quote that is total bullshit. Love doesn't conquer narcissism. Love doesn't conquer abuse. Love doesn't do anything except keep you in the cycle for longer than you should (although maybe that's just the codependency). 

When marriage 2/2 failed, I started to realize that I was the common denominator. That there was something within me that brought me to these types of men. Something within me that kept me with these types of men for longer than I should have. Something within me that is so deeply seeded that I have been aware of it my entire life, but that I didn't realize was causing me so many external problems - I hated myself. 

I didn't feel worthy of love. I didn't feel seen, heard, or understood. I didn't believe I deserved to exist. And all of these core wounds led",,avoidant,general
1eqn3uk,Beyond Attachment: Boundaries,AvoidantAttachment,85,15,0.99,https://reddit.com/r/AvoidantAttachment/comments/1eqn3uk/beyond_attachment_boundaries/,2024-08-12,Dismal_Celery_325,"It's been a while since I've been super active here for various reasons. The biggest one being the realization that attachment theory is a small blip on the map of healing. Is it helpful to know your attachment style? Yes. Is it helpful to know the basics of all attachments when dealing with others? Yes. Is focusing solely on attachment going to heal you? Probably not. 

In my opinion, attachment theory as it presents on reddit, Facebook groups, TikTok pop psychology videos, etc is just one more way to create separation between people. In reality, all attachment styles have the same issues to work on. One of those being boundaries. 

With so much information out there, it can be hard to digest and actually apply. So I wanted to share a breakdown that is simple and has helped me the most.

\_\_\_\_\_\_\_\_\_\_\_\_\_\_\_\_\_\_\_\_\_\_\_\_\_\_\_\_\_\_\_\_\_\_\_\_\_\_\_\_\_\_\_\_\_\_\_\_\_\_\_\_\_\_\_\_\_\_\_\_\_\_\_\_\_\_\_\_\_\_\_\_\_\_\_\_\_\_\_\_\_\_\_\_\_\_\_\_\_\_\_\_\_\_\_\_\_\_\_\_\_\_\_\_\_\_\_\_

* Having a personal boundary system protects and contains a person's reality when relating to other people. 
   * Boundaries *protect* me from others' reality, and I avoid becoming a",Self Discovery,avoidant,general
1myu8nh,"Best relationship I’ve ever had, but still feeling unsure",AvoidantAttachment,85,27,0.96,https://reddit.com/r/AvoidantAttachment/comments/1myu8nh/best_relationship_ive_ever_had_but_still_feeling/,2025-08-24,[deleted],"I’m in a relationship, the best I’ve ever had. Usually I am too avoidant to even get into a relationship—or anxiously chasing someone who doesn’t want me. So this is uncharted territory for me.

In a lot of ways, it’s easy. We just kinda click. She makes me smile and laugh, the conversations are calm and long. We even had a disagreement involving our insecurities clashing that was calmly discussed. We text daily. Once we started getting physical, that also just felt natural, which is different from my one past relationship (which was a train wreck in a variety of ways.) I was ecstatic about her for the first 4-5 days after we matched on Hinge before my anxiety set in. The anxiety seems to blunt my feelings frequently.

I’ve been sticking around because of the quality of the relationship—I’m not done learning about this dynamic and I’m not sure sometimes whether I want this to succeed long term or not. Sometimes it feels like I can see a future with this person, sometimes I feel like it could end any minute and I would be fine. Right now I want it to continue. I think I am hoping it will continue long term.

The nature of the anxiety feels odd. The conscious thoughts shift. Sometime",Seeking Support - Advice is OK✅,avoidant,general
ryccce,Ever fall in love with someone but then you remember that their shoe-sock combo is the worst and then want to stop talking to them?,AvoidantAttachment,85,26,0.96,https://reddit.com/r/AvoidantAttachment/comments/ryccce/ever_fall_in_love_with_someone_but_then_you/,2022-01-07,ResponsibleFinance11,"All I’m saying is, deactivation sucks.",,avoidant,general
1kkfqq3,To those who go to therapy: how do you motivate yourself to do it?,AvoidantAttachment,85,73,0.98,https://reddit.com/r/AvoidantAttachment/comments/1kkfqq3/to_those_who_go_to_therapy_how_do_you_motivate/,2025-05-12,lazyycalm,"I absolutely know that I should be in therapy, and I’ve gone to therapy before, but I am struggling to motivate myself to seek it out. I think there are a lot of different things holding me back. A big part of it is basic executive functioning issues, combined with the fact that I’m generally very busy and feel like I need a lot of time to self regulate just to feel normal.

But I also feel like…even though I see myself engaging in unhealthy behaviors, and I see the negative effects of these behaviors, I often don’t feel enough accompanying distress to motivate action? It seems like I’ve only gotten more avoidant but have structured my life in such a way to mitigate the consequences. It is kind of exhausting, and I also feel bad for those close to me, because I am unreliable, and basically make others take it or leave it. I have genuinely improved a lot over the years in terms of communication and conflict resolution, but the idea of attaching normally or practicing real interdependence is almost inconceivable to me. I don’t even know if I want to be securely attached if I’m being honest, because being avoidant has actually benefitted me in many instances.

But given that I can bar",Seeking Support - Advice is OK✅,avoidant,general
wz7gus,Sometimes my partner will annoy me {FA},AvoidantAttachment,84,6,1.0,https://reddit.com/r/AvoidantAttachment/comments/wz7gus/sometimes_my_partner_will_annoy_me_fa/,2022-08-27,[deleted],"Sometimes my partner will annoy me.

Sometimes they will fall incredibly short of what I want for myself. 

Sometimes they will actually infuriate me.

Sometimes these instances will sour me toward them and I'll feel off with them for a moment, an hour, a day, two days. 

And by ""sometimes"" I mean ""regularly.""

But even more often they're amazing. And most of the time things are going just fine or better. And when I zoom out and remember to notice the good, I am nearly bowled over with gratitude. 

So those ""sometimes"" don't have to ""mean"" anything. They just mean that we're both human and relating closely. They just mean we have differences, and thank goodness really, how else would we grow. So when those ""sometimes"" arise I remember to express things that are necessary to express, but otherwise hold onto the big picture, and make sure to remain loving because we are lovable through loving. So long as I am loving I will not lose. Even if I lose it all.",FA Story Time,avoidant,general
1rrmo8j,"I feel it is very hard to make ""permanent"" progress, like this is a mind virus that keeps coming back",AvoidantAttachment,83,23,0.98,https://reddit.com/r/AvoidantAttachment/comments/1rrmo8j/i_feel_it_is_very_hard_to_make_permanent_progress/,2026-03-12,UnderTheSettingSun,"I'm 39M. I met my partner when I was 36. Dated for 2 years, now we have lived together for 1 year. I've made progress over these 3 years but I feel like it's very easy to ""reset"" and get back down into a funk again.

I was 36 when I learned about avoidant attachment, and it dawned on me that this was the reason I have had such issues with relationships my entire life. 

**This was my common pattern**: *I start talking to someone, and my interest is sky high, I can talk to them nonstop, all day everyday when things are still undecided. Then, when they like me and there is not so much uncertainty left, my brain freaks the fuck out, I lose interest, I withdrew and then they move on. Then after a few months of them being gone, I can try to reach out again and try to get back in touch but then they don't want anything to do with me anymore.*

With my current partner, when I got into this ""freak the fuck out"" period, I decided that I was going to push through and not do what I normally do. So that I don't lose them and then try to get them back later. 

I have managed to make progress, and get into stretches when I feel really good about the relationship. But the good times doesn't seem",Seeking Support - Advice is OK✅,avoidant,general
1bimukg,Do other FAs/DAs feel scared to clarify or ask questions?,AvoidantAttachment,83,28,1.0,https://reddit.com/r/AvoidantAttachment/comments/1bimukg/do_other_fasdas_feel_scared_to_clarify_or_ask/,2024-03-19,rlyfckd,"I am a fearful avoidant. I have been reflecting on my patterns and have found that I struggle to ask questions or clarify if something does not add up or if I just want to understand better. This usually happens in romantic relationships, because I feel most vulnerable in those dynamics. I end up with so many questions or uncertainty that I am scared to address. I often find myself having delayed responses to things that were said or happened upon reflection. I then regret not bringing it up or saying something there and then. An example from many years ago: someone I was FWBs with said they didn't want anything serious, which I was okay with, but during conversation they'd contradict themselves. For example: they'd casually drop or say things like how I'd get on with their parents or that I should meet their parents, or we should get a dog together. In the moment I didn't think of it much (wrapped up in the fantasy/moment?) until after reflecting and realising I should have addressed the boundaries and uncertainty when I had the chance to. I get irritated because I feel as though the uncertainty was introduced as a result of me not reacting appropriately in time. It does not help",,avoidant,self-reflection
1sbiwjp,I’m trying to be healthy through a deactivation..,AvoidantAttachment,82,36,0.99,https://reddit.com/r/AvoidantAttachment/comments/1sbiwjp/im_trying_to_be_healthy_through_a_deactivation/,2026-04-03,strawberrykxtten_,"I have somehow managed to be in a relationship for about 9 months. My partner is an anxious attacher so it has been tough, and I have currently hit a huge deactivation state. Obviously my social media managed to pick up on it and every post is about anxious/avoidance dynamics and every comment section is about how avoidants are the worst of the worst. It’s very hard to deal with, i’m feeling that horrible complexity of detachment, guilt, overwhelm, love and frustration.

I’ve been working on healing and self discovery in the past few years and I feel like this is what i’ve been training for - my poor friends have listened to me dithering back and forth about whether i love her, whether she loves me, whether she actually doesn’t love me, but loves who she wants me to be, and doesn’t understand why i’m not who she wants me to be, and whether I have better options elsewhere and should just end things. It’s overwhelming and I’ve done nothing but spiral about it for a while and it’s just getting worse.

Finally this morning I realised I just need to sit down and talk with her. Explain what avoidance is, how it behaves, and how I am aware our attachment styles clash, and maybe we can wor",Seeking Support - Advice is OK✅,avoidant,partner-perspective
153wmhq,Validating instagram post from thelovingavoidant on deactivation {da} {fa},AvoidantAttachment,82,6,0.99,https://reddit.com/r/AvoidantAttachment/comments/153wmhq/validating_instagram_post_from_thelovingavoidant/,2023-07-19,RespectfulOyster,Source: [https://instagram.com/thelovingavoidant?igshid=MzRlODBiNWFlZA==](https://instagram.com/thelovingavoidant?igshid=MzRlODBiNWFlZA==),,avoidant,general
xpv4nc,I just communicated a boundary and I feel more connected {FA},AvoidantAttachment,81,8,0.98,https://reddit.com/r/AvoidantAttachment/comments/xpv4nc/i_just_communicated_a_boundary_and_i_feel_more/,2022-09-27,quickthrowaway108,"I (27F) have been casually dating a guy for a month or two. Today he messaged me about wanting to try a new type of thing sexually. I didn’t want to. 

I felt the urge to either just go along with it or to just end things completely. I felt like I was going to let him down, that we’re incompatible and that he doesn’t understand me. I felt like crying and just very uncomfortable. 

But instead of following my gut I responded instead asking for more info about his perspective and also expressing that I didn’t think I was interested in it. He replied in a curious way, asking questions about how I felt and about my previous experiences of it. 

And actually I was surprised because he was very validating, understood my perspective, was not pressuring at all, and still communicated his side of things. And I was able to be vulnerable sharing how it often feels like there is generally pressure to do certain things to meet other people’s expectations and how I appreciated him being understanding etc. 

And now I feel way more connected to him than before and like it’s helped build trust. I’m glad I for once actually communicated my true feelings and gave him the opportunity to talk it throu",,avoidant,general
1ov1exl,My willingness to socialize is almost non-existant (Avoidant and Introvert Combo),AvoidantAttachment,81,33,1.0,https://reddit.com/r/AvoidantAttachment/comments/1ov1exl/my_willingness_to_socialize_is_almost_nonexistant/,2025-11-12,UnderTheSettingSun,"I wanted to make this post to see if others feel the same. I'm bot DA and Introverted and I started to notice that my willingness to socialize is almost non-existant. Things that shouldn't be that big of a deal is slowly starting to become something I try to avoid. Like having lunch with my co-workers, I usually find an excuse that I have an errand or something and have lunch alone. I will actively avoid people I recognize when I am out and about to not have to small talk. 

When my partner wants me to spend time with her parents is rough. Really all people that I haven't chosen myself (besides my family), there is no appeal to socialize. 

But this has started to become a problem, because writing this post I am away at a conference, and there is going to be a lot of socializing and I already feel pre-fatigued knowing how much I will have to talk to random people. 

I wish there wasn't this barrier I feel that tries to prevent me from socializing.

Has anyone else felt like this and done something to improve it?",Seeking Support - Advice is OK✅,avoidant,general
108olc8,"I {FA} love my anxiously attached partner, but it's so hard to keep doing this.",AvoidantAttachment,81,19,0.92,https://reddit.com/r/AvoidantAttachment/comments/108olc8/i_fa_love_my_anxiously_attached_partner_but_its/,2023-01-10,murkishdelight,"I love him so much. So much. He's the only one I want.

But the constant suspicions, trust issues, mean comments when his feelings are hurt, passive aggressiveness, inability to tell me what he wants/needs in the relationship, insecurities, anxieties are getting too much. Too much. The fights are too much.

All he wants is to feel security from me. All I want is to be with him. But I can't be with him when he reacts so anxiously to everything (he was upset I missed my cat after we traveled for 3 weeks TOGETHER), and then that makes him feel insecure, and then the cycle continues.

Why don't people talk more about how DAMAGING anxious partners are? How toxic they can get? How it can turn into verbal/emotional abuse when their partner is really trying to give them what they need, but the AP just wants *moremoremoremoreneverenoughalwaysMORE*?

Help. We were supposed to start couples therapy today, but we got into a fight last night and left each other. So we canceled the appointment. I love him, I want him, I need him. But I can't do this. It's getting so hard to bounce back from the things he says when he's hurt.

(just a vent, sorry)",Rant/Vent,avoidant,general
s74xgw,"I do it to myself, I do, and thats why it really hurts.",AvoidantAttachment,80,16,1.0,https://reddit.com/r/AvoidantAttachment/comments/s74xgw/i_do_it_to_myself_i_do_and_thats_why_it_really/,2022-01-18,Peenutbuttjellytime,"I recently came to a crushing realization that; I am only attracted (very attracted) to people who are more avoidant than me. 

Because I am afraid of intimacy too.

I get to feel all the feels, from the safety of no reciprocation.

The crumbs are delicious when you are starving, with no threat of being smothered.

My first LTR was with an incredibly caring affectionate secure man. I left him for someone totally emotionally unavailable and dismissing. 

With DA I never felt loved in the ten years together, which while painful, felt safe, like I could breath.

How I sum up what it feels like to be FA : *I felt most comfortable when he was home, but in the other room leaving me alone.*

It was such a painful relationship. We would try to spend time together by going on hikes or riding our bikes, but he would always walk/ride far ahead of me, or far behind.

Like we where just both doing solo activities at the same time.

If I asked him to walk beside me, he would let me catch up for a few minutes, then he would be off again. Our pace would never match or sync up.

And it was always my fault for being ""too slow.""

I was a workaholic, and (by design) had an opposite working schedule to",FA Story Time,avoidant,general
pu71qu,❤️,AvoidantAttachment,80,9,1.0,https://reddit.com/r/AvoidantAttachment/comments/pu71qu/_/,2021-09-23,imfivenine,,,avoidant,general
z0kj79,My avoidant nightmare {DA},AvoidantAttachment,79,25,0.94,https://reddit.com/r/AvoidantAttachment/comments/z0kj79/my_avoidant_nightmare_da/,2022-11-21,lilitheena,"We met in spring. 

You asked me out about a month later. You seemed nice, so I said yes. 

We went on a few dates. Good dates, too. Never did you make me I feel like I owed you anything, or that you were pressuring me. 

A couple weeks later you said you had feelings for me. I was shocked, because, though you were a gentleman, I felt like we still were getting to know each other. We didn't even know each others' favorite colors yet. I felt you didn't know me well enough to genuinely have affection for me. 

I told you as gently as I could that I did not return the sentiment. You did not take it well, which was understandable. You were very lonely and very stressed in other areas of your life, and that didn't help. You fell apart telling me how frustrated you were wishing you could have a relationship like everyone else has. You told me you wished you had ""a girl"" and I suddenly felt like I wasn't special or unique to you in any way, that anyone could be in my place and you would've felt the same. In the end you told me that you were sorry, but you couldn't just be my friend. I understood, and let you be. 

You stopped talking to me for about 2 weeks. We passed each other like stra",DA Story Time,avoidant,general
1ehjtc1,Does anyone else lose interest or feelings with distance/space?,AvoidantAttachment,78,29,0.99,https://reddit.com/r/AvoidantAttachment/comments/1ehjtc1/does_anyone_else_lose_interest_or_feelings_with/,2024-08-01,rlyfckd,"Interestingly, a lot of media regarding attachment says that avoidants tend to miss people when there is distance and space. This is somewhat true for me. If I feel suffocated, I start getting irritated and wanting space. Once I get enough space, I start missing the person and wanting to spend time with them again. It's a very fine line though. If that threshold is crossed for me and I get too much space, it has the opposite effect.

I have realised something about myself based on self reflection and previous relationships/patterns. It takes me ages to warm up to someone and be affectionate, although my love language is physical touch. Perhaps because it means a lot to me, I find that it takes a lot of vulnerability on my part? I guess as well I do suffer with rejection sensitivity so perhaps if it's been a while since I haven't seen a romantic partner, I don't know where I stand and if things are still the same between us. I suppose clarifying is scary because of that rejection sensitivity and maybe breaking the fantasy.

In other words, too much distance makes me go cold and I start to lose interest and it takes me ages to warm up again to the person. I get sick of missing the pe",Seeking Support - Advice is OK✅,avoidant,general
vp6i4o,Avoidants are more common than you think {DA},AvoidantAttachment,78,24,0.99,https://reddit.com/r/AvoidantAttachment/comments/vp6i4o/avoidants_are_more_common_than_you_think_da/,2022-07-01,cognitive_disso,"I was talking to friend the other day who seems to be very much like me. He has had a string of short relationships, which he always gets bored of and bails on at some point. The difference with him is that he always finds a justification for leaving. He never sees himself as the problem. It’s always the other person falling short.

I think a pretty large percentage of the population is avoidant — they just don’t acknowledge it.

I think what makes people here different is that we recognize we’re in an unhealthy pattern and try to break out of it, and we are distressed by our avoidant behaviors and try to change rather than make excuses every time a relationship doesn’t feel right or gets too stale.

What do you guys think?",Hypothesis,avoidant,general
1qk87dl,Projecting insecurities,AvoidantAttachment,78,10,0.99,https://reddit.com/r/AvoidantAttachment/comments/1qk87dl/projecting_insecurities/,2026-01-22,Aromatic-Fox-554,"Hi everyone, I’ve just realised something that I’ve been doing which I think is both an outcome of my low self esteem and also a way for me to find excuses to end relationships when otherwise I have no real reason.

I think that I dislike myself and distrust myself to the point that, when I choose someone to date, it makes me like them less as a person. I think that because I’m me, I’ve made a bad choice that someone else who was smarter and more sensible wouldn’t have made. I start to hone in on little things about them and start to make a picture in my head that they aren’t good enough, basically in my head they turn into all the parts of myself that I hide from, parts that I’m embarrassed of and parts that I run away from. At this point I think sure I should break up with this person if that’s who they are, but it’s all just crap in my own head. These people are generally wonderful. 

Me liking them makes me dislike them if that makes sense.

Anyway I’m really really trying to work through all my FA shit as I’m tentatively embarking on a new relationship which, as I suspected, is triggering the fuck out of me. I just wondered if anyone had a similar experience or any advice 

Lo",Seeking Support - Advice is OK✅,avoidant,general
166jtmn,"FA - what changes have you made/things have you done in the short term to avoid ""randomly"" deactivating on a partner?",AvoidantAttachment,77,17,1.0,https://reddit.com/r/AvoidantAttachment/comments/166jtmn/fa_what_changes_have_you_madethings_have_you_done/,2023-08-31,PrettySocialReject,"i'm in what is looking to be the first actually healthy long-term relationship with someone who i enjoy the company of and find attractive AND who doesn't trigger my attachment issues hardcore but i'm worried the ""boredom"" that comes with that lack of being triggered and the stability/lack of drama is going to make me shut down on him. that i'm too ""broken"" to really enjoy a peaceful and happy relationship and all i deserve or can function in is chaos, drama, or with emotionally unavailable people who i feel like i have to prove myself to. i also have a bit of a case of ""phantom ex"" with a guy who dumped me after 3 months of spending time together + texting 24/7 + other stuff that set up an enmeshed dynamic, then breadcrumbed me for 3 more months after dumping me and then cut me out of his life entirely in march (and i know he isn't good for me, but it's something i'm still healing from and i definitely WANT to be over it.) it probably doesn't help that we're technically long-distance and can't see each other a whole lot.

he's staying for 3 nights this weekend and right now when we haven't seen each other for about a month (though we've video-called) i'm feeling more ""avoidant"" ab",Avoidant Input Wanted,avoidant,general
zpuhm1,For those who wonder if healing is really possible | {SA} {DA},AvoidantAttachment,77,7,1.0,https://reddit.com/r/AvoidantAttachment/comments/zpuhm1/for_those_who_wonder_if_healing_is_really/,2022-12-19,ComradeRingo,"Hello, all! I’ve been keeping more to the comments for a good long while because I’ve been keeping busy with life (and found it quite fulfilling). Yesterday I decided to take the attachment style quiz and see how my style has changed since the last time. Look at those results! The second slide is from roughly one year ago. 

You’ll notice that one particular relationship is very skewed away from the others, and it’s not so much my attachment style as a whole that affects that as it is the specific persons behavior. If it were a relationship I could opt out of, then they wouldn’t be on the list at all, but you can’t just undo someone being your parent, unfortunately. Still, I think it makes it really clear where the genesis of my attachment problems comes from. 

But, if you’re wondering whether or not it’s possible to really and genuinely earn functional security, the answer is yes. I have occasional tugs toward making some rough suggestions/guidelines on how I did it as possible resources, but I’m a) a little lazy and b) afraid of looking like a know it all, haha. 

Either way, have hope!",,avoidant,self-reflection
yy3n4j,{da} Does anyone else struggle with asking people to spend time with them?,AvoidantAttachment,77,35,1.0,https://reddit.com/r/AvoidantAttachment/comments/yy3n4j/da_does_anyone_else_struggle_with_asking_people/,2022-11-17,ApprehensiveWorth188,"I lean secure with my friends and DA with everyone else in my life. I get the ick when it comes down to asking people I'm potentially (i use that term bc my emotional permanence is horrendous and if I go a while without seeing someone, which I do often, all my feelings die down and it's back to square 1 again) interested in to hang out. 

I usually frame it as ""hey (insert thing I want to do) let me know when you're around, you also don't have to if you don't want to no pressure (give them an out bc I don't even want to really do it either tbh bc that might trigger me) 

Quality time is my love language so I enjoy spending time with friends but when it comes to folks I have some sort of romantic attraction for, I want to see them but I also don't. I get so embarrassed to even ask to see them because of the guilt and shame that comes with it that I stop reaching out and it fizzles out, esp if they're also avoidant. 

Does anyone else struggle with this? I'd love DA input esp.",,avoidant,general
1spcyfr,Is this a DA blindspot?,AvoidantAttachment,77,55,0.94,https://reddit.com/r/AvoidantAttachment/comments/1spcyfr/is_this_a_da_blindspot/,2026-04-18,Pursed_Lips,"I witnessed something interesting in a DA group I'm in on Facebook. Someone asked what it is about APs that makes you initially attracted to them. The responses were a case study in denial.

Many DAs responded and claimed that they aren't and have never been attracted to APs. They exerted that they always knew how to spot and recognize them and so were able to avoid them like the plague.

While this may be the case for a few people, I doubt this is true for the majority. People aren't born knowing about attachment theory (AT) much less with the ability to spot insecure attachment in others. For many of us (me included) we didn't come across AT until we were either in an emotionally traumatic relationship or after it was over. I, for one, didn't even find out I was DA until just a few short years ago and I have my marriage to an AP to thank for that.

We're getting divorced but I can admit that what initially attracted me to him was his emotional self-awareness and expressiveness which are two things I severely lack. He also did most of the heavy lifting when it came to all the relationship things. 

I'm not sure if it's due to our not wanting to be vulnerable or seen as weak or wha",Hypothesis,avoidant,general
1gz37i6,Feel sick/exhausted when thinking about getting v close to people - advice?,AvoidantAttachment,76,21,0.99,https://reddit.com/r/AvoidantAttachment/comments/1gz37i6/feel_sickexhausted_when_thinking_about_getting_v/,2024-11-24,sadhowdyboy,"Looking for advice. also probably needed disclaimer that i have diagnosed avoidant personality disorder, which may contribute to some of/the intensity of these feelings, but still wondering if you guys have any advice/insights/suggestions about this

When I think about the effort needed to make close friendships it sounds like a chore and makes me feel absolutely exhausted - i have acquaintances and am good at making conversation, but moving past that is where i begin feeling irritated with the efforts needed. The other part of this is that, like almost everyone, i do eventually want to ""find my person"" or whatever and settle down with them, but the idea of being that close with someone in such an emotional capacity literally makes me sick to my stomach

im working with a therapist who understands my issues and PD and shes pushing me to work harder to make friendships, etc but it literally borderline repulses me to think about the effort needed. this is probs due to a combo of how dismissive i am (its hard for me to want to get close to another person/want them in my life) and my overwhelming fear of being rejected/\~perceived for who i am\~

do any of you experience something simi",Seeking Support - Advice is OK✅,avoidant,general
1btwmi8,How can I (FA) manage my feelings better before deactivating?,AvoidantAttachment,76,11,0.98,https://reddit.com/r/AvoidantAttachment/comments/1btwmi8/how_can_i_fa_manage_my_feelings_better_before/,2024-04-02,devilenka,"Navigating my feelings can be challenging. I often find myself wanting to connect with others but I run into two different scenarios, first is not being able to form a connections with people (at all), or if I do eventually form one, in the end I just push them away or having a nuclear meltdown in front of them, then I hide out of shame/guilt.

Thing is that I don't get attached to people very often, that includes both romantic and platonic relationships, but when I do finally feel something, my fears start catching up and after maybe 6 months and I start losing it, destroying everything and deactivating if people require too much of my time or if I care for them too much.

I had multiple long term relationships, all of them were with APs, I managed to be vulnerable with them, telling them everything but I struggled to get attached or to love them the way they wanted me to or how they deserved to be loved, I was always transparent about my feelings with them but we fell into the broken and the fixer type of situations. Looking back those relationships weren't healthy on either end.

I only had one passionate and intense 9 month relationship with a FA but we both self sabotaged and",Avoidant Input Wanted,avoidant,general
10buy2k,{fa} Help! I always lose myself when I am in a relationship,AvoidantAttachment,76,22,0.99,https://reddit.com/r/AvoidantAttachment/comments/10buy2k/fa_help_i_always_lose_myself_when_i_am_in_a/,2023-01-14,sunistheway,"I identify myself (25f) as a fearful avoidant leaning more towards avoidance (also an introvert). I am very sensitive to other people's energy around me and I need a lot of alone time for me to feel normal and be in touch with myself, my thoughts, needs and feelings. This is not a problem for me when I am single and I get my alone time regularly. But when I am in a relationship I lose myself. My focus goes mostly on the relationship and my partner. Automatically I start to care more for my partner's needs, feelings and I attune to him so he can feel well. I understand that this is because I used to do the same thing with my parents but still I can't get out of this model. 

How can I stop abandoning myself? How can I feel and be myself while being in a relationship? I start to feel it's not possible anymore... I am deactivated for more than 3 days now and I don't know how to get out of it. Help?",,avoidant,general
1sluddi,I lost two friends,AvoidantAttachment,76,16,0.97,https://reddit.com/r/AvoidantAttachment/comments/1sluddi/i_lost_two_friends/,2026-04-15,Cold-Laugh-5242,"I don't have many close friends. I have acquaintances, work-buddies, but no close friends. After learning about my attachment style, I see how it also extends into friendships and familial relationships. I have a deep-rooted belief that I won't be liked, and therefore, I won't be my authentic self for fear of rejection. 

I let the two closest friendships I had wither away. I ghosted them, i guess. I'm not a phone talker, I hate it. They wanted to talk, ew. I would often ignore calls, but I would answer whenever I felt like I had ignored them too much. Then I would regret the conversation. What's weird is that they called me THEIR BEST FRIEND, but it was not the same for me. I didn't understand why, but I do now. I placated them and listened to their stories, complaints, and lives, without giving back much of my life. I grew tired and resentful. I was not my authentic self, and that created dissonance. 

I'm working on that now. Being more me when I meet people. No more hiding. I'm glad I lost them; now I feel I can start over.",Self Discovery,avoidant,self-reflection
1rvzioa,Why do ppl hate avoidants,AvoidantAttachment,76,66,0.75,https://reddit.com/r/AvoidantAttachment/comments/1rvzioa/why_do_ppl_hate_avoidants/,2026-03-17,Silver_Strike6416,"This is a genuine question yall 😭 I don’t understand all the hate, maybe cuz I’m an avoidant and don’t feel bad about it, I don’t trust lots of ppl speaking romantically and I ghost because I don’t want my peace ruined im perfectly fine with all my friends but ppl who always hit on me do it and it’s obvious it’s very superficial so why would I be in the wrong to ghost them if I don’t wanna be used 🙄✋ just wasting time speaking to them……",Rant/Vent,avoidant,general
xvkgg0,Lil bit proud of myself {FA},AvoidantAttachment,75,14,1.0,https://reddit.com/r/AvoidantAttachment/comments/xvkgg0/lil_bit_proud_of_myself_fa/,2022-10-04,advstra,,FA Story Time,avoidant,general
1idhtp4,Tricks to reassure partners,AvoidantAttachment,75,22,0.97,https://reddit.com/r/AvoidantAttachment/comments/1idhtp4/tricks_to_reassure_partners/,2025-01-30,Meatst0rm,Does anyone have any tips or tricks to help me remember to reassure my partners more often?  Or do I just have to heal my inner child and all that?  Its really been causing me trouble in my relationships that I don't seem to prioritize it or remember to do it.,Seeking Support - Advice is OK✅,avoidant,general
11k6wi0,Taking care of yourself? {DA} {FA},AvoidantAttachment,75,16,0.99,https://reddit.com/r/AvoidantAttachment/comments/11k6wi0/taking_care_of_yourself_da_fa/,2023-03-06,advstra,"Hey! Some fun self-sharing topic for everyone and also a suggestion.

Yesterday my friend spontaneously decided to go on a trip to another country for a while, and asked if she can leave the flowers she bought yesterday with me. Apparently she likes them so she just decided to get some for herself and put it in her room.

It's weird, and I'm not normally a flower person, but I realized that having them contributed to my overall mood. They just look pretty and every time I see them I get a little mental smile, it's not like a whole mood change but it's just some random nice thing throughout the day.

It made me realize that people do small things like this for themselves pretty often, and I never think of it. In fact I go out of my way to not get these things because they're not ""necessary"" and I feel like I'm spending money in a dumb way. I do the same with hobbies: instead of doing that, you need to focus on work etc. I realized I deprive myself of joy often just to do the ""rational"" thing. And to me that feels normal, but having these flowers in my room made me aware of how different I live and how many just daily happy triggers I miss out on in my days. This is a direct result o",FA Story Time,avoidant,general
1agh29n,Distinguishing Between Genuine Issues and Attachment Style Patterns in Relationships,AvoidantAttachment,74,12,1.0,https://reddit.com/r/AvoidantAttachment/comments/1agh29n/distinguishing_between_genuine_issues_and/,2024-02-01,PiscesPoet,"I've been reflecting on my dating experiences lately, particularly in the context of my attachment style, which I believe falls under fearful avoidance. I often find myself grappling with the question of whether the issues I encounter in relationships are genuine red flags or simply manifestations of my attachment style, leading me to deactivate and find faults as a defense mechanism against intimacy.

It's become somewhat of a cycle where I start to question whether my concerns are valid or if they stem from my fear of vulnerability and potential hurt. There are moments when I feel like I'm just overly critical and constantly finding faults in my partners, but then there are times when these issues genuinely feel like significant hurdles in the relationship.


So, my question to the community is: 

How do you discern between genuine relationship issues and patterns rooted in your attachment style? What strategies or insights have helped you navigate this gray area and develop healthier relationships? I'm eager to hear your thoughts and experiences. Thanks in advance for any advice you can offer!",FA Input Wanted,avoidant,self-reflection
18dsfuy,A very important distinction re: avoidance,AvoidantAttachment,74,13,0.97,https://reddit.com/r/AvoidantAttachment/comments/18dsfuy/a_very_important_distinction_re_avoidance/,2023-12-08,imfivenine,,,avoidant,general
142tgk2,Correlation between avoidant attachment style and not wanting kids? {FA} {DA},AvoidantAttachment,74,16,0.99,https://reddit.com/r/AvoidantAttachment/comments/142tgk2/correlation_between_avoidant_attachment_style_and/,2023-06-06,Just-Pattern-5039,"Recently I have been wondering if there might be a correlation between having an avoidant attachment style and not wanting to have kids? I’m FA leaning secure (28) and my partner is DA (36). We are both not keen on becoming parents in the future, while many of my secure friends are starting their own families.

I know that the reasons to have or not have children can vary from person to person, but I wonder if securely attached people are more likely to want children because they see the world in a more positive light? Aren’t afraid of messing their kids up, because they don’t carry as much trauma? And are more willing to give up their autonomy and freedom to take care of a baby?",Input Wanted,avoidant,general
uvx1o2,I got dumped by {DA} but I handled it {SA},AvoidantAttachment,74,24,0.99,https://reddit.com/r/AvoidantAttachment/comments/uvx1o2/i_got_dumped_by_da_but_i_handled_it_sa/,2022-05-23,si_vis_amari__ama,"As the title states, my DA sat me down to end things with me. It was on Friday the 13th. 

Two months before this break-up, he told me that he didn't believe I loved him. I took this as a sign that he loves me dearly, but he is unsure of my feelings (despite that he just needs to look at the evidence right under his nose). I took that as encouragement to use more affirmations. I called him ""darling"" and said ""I love you"" regularly. I focused on doing my own thing, being pleasant and myself, and we did not fight or argue. I felt really good these two months. I even picked up on small cues and hints that he was considering taking a leap of faith and committing to me. Which would entail that we get engaged and married - I know how he thinks and how seriously he would take this. 

On Friday he said that he needed to discuss our procrastination on some household chores. I agreed. It seemed sensible. He sat me down and the conversation escalated unexpectedly. 

He was grasping at straws to have a reason to dump me.  He for example said because I did not clean the windows that he suddenly got fed up with me. He also said that the past two months were a nightmare for him, because I kept sa",Secure Story Time,avoidant,general
1gyjww8,What to do when you deactivate?,AvoidantAttachment,74,25,0.97,https://reddit.com/r/AvoidantAttachment/comments/1gyjww8/what_to_do_when_you_deactivate/,2024-11-24,turco_lietuvoje,"So Ive been official with my girlfriend around 3 months and knew her for like 7 months.

She's reaaaaaaly the most amazing person on earth. Really thoughtful, lovely, cares about everyone, cute and funny. She cares about me a lot and i really feel it. I also like it.

Basically im a FA and she is AT(anxious). Recently Ive been feeling like suffocating because she keeps wanting more and more affection, confirmation and what not. We have been arguing recently and she asks more messages, calls, affirmation words and she is always SCARED that ill leave her

(nothing is in a toxic way, really healthy arguments but im getting tired)

What should I do? IM really fine spending days together but i have a busy schedule of friends and work and school. I make up time for her every week. But this intense messaging is making me deactivate.

I really dont want to lose her but im struggling right now. Ive expressed my feelings but she also expressed her neėds of these affirmations etc.

Thoughts?

TLDR: FA with AT. Im getting deactivated. I dont want to break up with her but she asks a ton from me.",Seeking Support - Advice is OK✅,avoidant,self-reflection
1rqqcdx,Are any people avoidant not because of emotional abuse/neglect ?,AvoidantAttachment,74,46,0.97,https://reddit.com/r/AvoidantAttachment/comments/1rqqcdx/are_any_people_avoidant_not_because_of_emotional/,2026-03-11,sossodu93,"So most people with avoidant attachment have childhood problem that explain there attachment style but I dont. Im avoidant because I dont build any deep enotional connection with anyone but it is not like a have a traumatic childhood or that I am afraid of be emotionally close to people. No, I just dont feel the need for deep human connection/build them. I was wandering if there is other people like me in the chat ?",Self Discovery,avoidant,self-reflection
1s0rq7x,Can deactivation be permanent?,AvoidantAttachment,74,40,0.98,https://reddit.com/r/AvoidantAttachment/comments/1s0rq7x/can_deactivation_be_permanent/,2026-03-22,phuca,"I’m in a year and a half long relationship and recently deactivated hard after a disagreement we had. Up until that point I was really happy and found the relationship quite easy, we’d had a few minor issues but everything was always resolved quickly. This time, however, I’m having a really hard time moving past the disagreement despite having discussed it with my partner and seemingly resolving it. I don’t feel upset over it. But for the past 3 weeks now I’ve been deactivating and I don’t know how much longer I can keep going like this.

I’m feeling so confused, I don’t know what I want, I feel very little towards him at the moment. It’s horrible. I feel like I’m just going through the motions. Little things are starting to get on my nerves really badly, things that I know didn’t bother me before this. I’m trying to be logical and remember that I really love this person and want to spend my life with him, but the voice screaming at me to cut and run is difficult to ignore. I find myself thinking of other people as well (no judgement please, it’s like intrusive thoughts almost). I want to snap out of it so badly, but I can’t remember a time in my life when I was able to come out of",Seeking Support - Advice is OK✅,avoidant,general
1lz5fv4,Your catalyst,AvoidantAttachment,73,27,0.98,https://reddit.com/r/AvoidantAttachment/comments/1lz5fv4/your_catalyst/,2025-07-13,BelleAubrey,"I write my healing journey on a journal for a while now. Writing has always felt easier than speaking things out loud like there’s more space to sort through the chaos when it’s on paper. I write when I’m confused, when I feel lost, when I need to reflect on past actions or prepare for therapy. Seeing my thoughts written out helps me track how far I’ve come, especially since I only recently started learning about attachment styles. One of the biggest realizations I’ve had is that I have an avoidant attachment style.
It didn’t come to me through quiet reflection or a lightbulb moment. My ex boyfriend told me. At the time, I was so defensive. I remember thinking, “Who does he think he is, a psychologist?” I immediately shut down. The label felt like an attack…not a revelation. And honestly, being told I am an avoidant from him didn’t help. I didn’t want to hear anything more about it. 

Looking back, I now understand why I reacted that way. I grew up in an environment where emotions had to be hidden or suppressed. Being emotionally distant was forced. So when someone came at me with a label that revolved around emotional behaviors, I got defensive. That’s how I survived for so long…b",Self Discovery,avoidant,self-reflection
15xcnsh,"Just found out I'm probably DA, and I'm pretty sure that's the reason why I broke up with my gf just 8 days ago",AvoidantAttachment,73,26,0.99,https://reddit.com/r/AvoidantAttachment/comments/15xcnsh/just_found_out_im_probably_da_and_im_pretty_sure/,2023-08-21,IOnlyPostOnCakedays,"We had a beautiful relationship, but every once in a while I felt detached from her, and this made me feel like I was deceiving her, pretending to be in love when in reality I wasn't (or rather, that's what my DA made me believe). 

She was shocked, crying desperately, asking me ""why? What's wrong? Everything was going so well!""

Now, should I tell her? Should I give her hope, maybe even have another go at the relationship? Or would the relationship become toxic? I genuinely don't know. I'm feeling extremely guilty right now.",DA Input Wanted,avoidant,general
yoqylx,Just annoyed with APs {FA},AvoidantAttachment,73,153,0.91,https://reddit.com/r/AvoidantAttachment/comments/yoqylx/just_annoyed_with_aps_fa/,2022-11-07,[deleted],"I don't get in this kind of irritated/agitated mood about attachment stuff quite as often these days (like, I'm working on my stuff a lot, but I care less about my anxious-leaning person's shortcomings) but today I just feel annoyed.

I feel like they just cannot ever admit that they might make mistakes. Can't apologize. Righteous as hell, and so so blaming. It's such bullshit.

I'm doing all the emotional work in this relationship, and since I'm spotting my part in our conflicts readily at this point, they stop there when I do. ""That's it! That's the problem!"" they say, releived that it of course has nothing to do with them, because if they had to deal with the concept of not being perfect they might explode (other than ""giving too much,"" AKA the classic AP ""my *real* problem is I'm just *too* generous, patient, and loving."") ""Well, that's *my* part of the problem,"" I say. That's good enough for them. They're just releived they don't have to either stay mad at me or look at themselves, because yet again I've taken all of the accountability.",Rant/Vent,avoidant,general
1qznjkq,Can I get some assurance from reformed people pleasers 🥲?,AvoidantAttachment,72,25,0.97,https://reddit.com/r/AvoidantAttachment/comments/1qznjkq/can_i_get_some_assurance_from_reformed_people/,2026-02-08,VillainousValeriana,"And some advice? Not necessarily on ""what to do"" because I know how to set boundaries in theory. It's managing the guilt and fear of fallout that I struggle with and I do because all my life any time I said no or set a boundary ended in abusive reactions. Whether it was outright intimidation (yelling, pacing, threats, aggressively invading my space, throwing things etc) or emotional abuse (stonewalling, guilt tripping, triangulation, smear campaign etc)

I've basically been taught my being, my body, my time is not my own. I'm a resource for others comfort and if I have or name any limits, I'm a bad person that deserves to be reprimanded for ""stepping out of line"" (I hate that phrase and it's been used on me. Being told I'm ""out of line"" for saying no to a behavior I dislike it's highly disgusting now I think of it) 

 It's very hard overcoming this and I feel like it's a massive  reason why I avoid people I feel unsafe in the world. Not just physically (although this is a big one because I'm an underweight female apparently looks younger than I actually am so that alone attracts boundary pushers), but emotionally as well . I can't enter any sort of bond because my first thought is",Seeking Support - Advice is OK✅,avoidant,general
r4srfl,The problem with boundaries,AvoidantAttachment,72,36,1.0,https://reddit.com/r/AvoidantAttachment/comments/r4srfl/the_problem_with_boundaries/,2021-11-29,thiscatcameback,"It is becoming apparent to me that the major gulf between attachment style groups is really one of boundaries. 

To better understand our relationships with others, I think all people in this sub should start by understanding themselves first. There is a constant theme of trying to understand other people, or asking us to interpret the behaviour of another person, or trying to control other people, but very little reflection on one's own behaviours and thought processes, needs.

To really understand a romantic situation, I think we need to reflect on  whether our boundaries are appropriate, how we are communicating them, and how we react under pressure.

**Prepare for shitty analogy**
Weird analogy but picture two people dancing with crinoline. In a perfect relationship, the two hoops should be delicately touching, but not invading. If one partner is too invasive, their crinoline will knock the other one's balance. If they are too far apart, they are dancing alone. The trick is to constantly navigate each other's crinoline while in movement to ensure that the correct balance is maintained. That is how healthy boundaries should look.


**My observations:**
People with avoidant style",,avoidant,general
tzv9yf,{fa} I am choosing to rewrite my internal monologue around deactivating.,AvoidantAttachment,72,9,0.99,https://reddit.com/r/AvoidantAttachment/comments/tzv9yf/fa_i_am_choosing_to_rewrite_my_internal_monologue/,2022-04-09,biologynerd3,"This stops with me. Today. 

I have been in a relationship for just over two months. For two months, I have managed to avoid deactivating. I have stayed present, I have avoided running, I have been vulnerable, I have stated my needs and asked about his.

It has been the farthest thing from easy. But I’ve done it. 

Last night the fear took over and I deactivated. Hard. Canceled plans, took to my bed. And all of the shame and fear came rolling into my head. 

“You hurt everyone that cares about you. You’d be better off alone. This relationship is isn’t right. You are trapped. Your are cornered. He is better off without you. You are too broken for a relationship.”

I suffered in that for about 18 hours. I feel hungover now, the next day. 

But I am choosing to be different. I am choosing to rewrite the internal monologue. I am CHOOSING to say “Damn, I went OVER TWO MONTHS without deactivating” (my record before that was THREE DATES).  I am choosing to say “I CAN stay.” I am choosing connection. I will not give in to this fear. 

It’s not an excuse, and I have an apology to make. But I know that I have to break out of this shame spiral if I’m going to reconnect. So I am making the cho",,avoidant,general
1lv47vj,Private Sub🥷🏻,AvoidantAttachment,71,8,0.89,https://reddit.com/r/AvoidantAttachment/comments/1lv47vj/private_sub/,2025-07-08,imfivenine,"r/Avoidant_Space

I decided to start a new private group. Only approved users can view and participate so there won’t be any more prying eyes. 

Avoidant attachers only. 

Send a join request if you’d like to be part of it. I feel creepy sending random invitations.",Moderator Post,avoidant,general
1r37a19,I'm so tired of people.,AvoidantAttachment,71,5,0.97,https://reddit.com/r/AvoidantAttachment/comments/1r37a19/im_so_tired_of_people/,2026-02-12,wokycookie101,"For reference, a couple of years ago, I was in an abusive relationship that kinda changed who I am. I won't go into too much detail, but let's just say that I used to be outgoing and fun, but also I had zero boundaries, and I was reckless in how I extended my kindness to everyone. I had parents and older siblings who would reward me or punish me if I complied to their wants, but they heavily emotionally neglected me, so for a time, I tried to find love from external sources. One thing led to another, and I was stuck with someone who I grew to hate.

I'm now free from that relationship, but also I kinda hate people now. Don't get me wrong, I'll still be kind and polite if I have to be with them, but I'll avoid hanging out with ANYONE if I possibly can. I hate the idea of someone monopolizing my time, forcing me to do things I don't want to do, and forcing me to act in ways I don't want to, and then calling it a ""friendship"" or a ""romantic relationship."" It's just so much easier being alone and unbothered by everyone. There's no one to ask me ""why are you acting differently today?"" There's no one constantly asking for favors they could easily do themselves if they weren't lazy. No on",Seeking Support - Advice is OK✅,avoidant,general
1lb1a7m,Just a thought,AvoidantAttachment,71,8,1.0,https://reddit.com/r/AvoidantAttachment/comments/1lb1a7m/just_a_thought/,2025-06-14,Lupinsong,"So a couple days ago I was singing along with a song that's been in my playlist for a while now. Its The Rockrose and the Thistle by The Amazing Devil (same group that wrote all the bard songs for the Witcher TV series). This particular song uses a metaphor to describe unwellness as ""unraveling"" and the process of ""stitching [yourself] back together"" but there's one clever thing it does that always stood out to me. 

The first stanza describes coming upon the sight of someone unraveling and ends that ""I know the kindest thing is to leave you alone"". By the time we reach the final stanza, the vocalist has changed, and the scene from the first stanza is sung again but this time it ends that ""I know the kidnest thing is to *never* leave you alone.""

And so I got to thinkin

Often when I try to show empathy, it's easy to fall into the habit of giving kindness the way I wished I would recieve it. For me, that means I may give someone space because space is what I need. I've had the opposite done to me- someone trying a little too hard to show support because that's what they need- and I know how frustrating that can be especially when its done over the needs you've actually expressed. S",Self Discovery,avoidant,general
rz5cvk,anyone else takes a long time to realize why they're upset?,AvoidantAttachment,71,11,0.99,https://reddit.com/r/AvoidantAttachment/comments/rz5cvk/anyone_else_takes_a_long_time_to_realize_why/,2022-01-08,[deleted],"When someone's upset me I usually just try to change the subject and start deactivating. Because I have no idea why I'm upset in the first place. And I usually just think I'm being ridiculous and dramatic for no reason lol. So I start acting cold hoping the other person will stop talking to me and if they ask I say I'm fine, sometimes I do say I'm upset but tell them not to worry about it and that it will pass, I'm just  being dramatic anyways.

But after a few day passes I start to realize why I was feeling the way I was feeling. But by then the person has already moved on and I don't know how to bring it up or if I even should...",Avoidant Input Wanted,avoidant,general
1nympwl,"""You're not allowed to see things go wrong:"" Also an avoidance thing, or...?",AvoidantAttachment,71,25,0.99,https://reddit.com/r/AvoidantAttachment/comments/1nympwl/youre_not_allowed_to_see_things_go_wrong_also_an/,2025-10-05,TwoServingsPlease,"*[Edited heavily for length and coherence. I tried. Thanks for bearing with the dump lol]*


Interesting thing happened today, and thank heavens I held my tongue otherwise I might be posting here as a newly single Redditor. 😂😭


I left something valuable in a public place while I was out with my SO today, so we had to rush back and get it. Fortunately I recovered it.


I did not like how the staff volleyed me around with minimal sympathy, but SO was also lightly scolding me (no yelling, no cursing, just a light scold).


For a chunk of the way home, I did not say a thing to him. I was thinking, ""I should tell him that I don't appreciate such words, but I should calm down first,"" but that quickly degraded to, ""I don't need another nag in my life,"" and, ""Is this the blazing red flag I've been looking for?"" 


I could not remember anything good about this man at all. Good memories and tender gestures and moments when he repeatedly proved himself safe? Nowhere to be found. All the thank yous and I love yous we'd exchanged? 404.


I held back from speaking my mind and chewed on this a bit more.


I didn't like his words because, even if I honestly did slip up and his words came from a p",Seeking Support - Advice is OK✅,avoidant,general
1j2mzgy,"Split for ex 6 months ago, now starting to miss her",AvoidantAttachment,71,32,0.92,https://reddit.com/r/AvoidantAttachment/comments/1j2mzgy/split_for_ex_6_months_ago_now_starting_to_miss_her/,2025-03-03,rick1234a,"Hi,

Can anyone relate to this please?

My ex partner had an anxious attachment style.  Things became difficult at the end and she became very controlling (my therapist confirmed) although I don’t deny I played into the dynamic.

At the end she devalued me over what seemed very trivial things, I walked away and then she wanted me back.  I’ve never been in the frame of mind to want her back and have felt angry for 6 months about the things she said and did at the end of the relationship.

However, the last few days I have really started to miss her and feel sad.  It’s like the anger has now subsided.

Is this just the grief cycle?  Is this an avoidant thing?  Can anyone relate?

Thanks in advance.",Seeking Support - Advice is OK✅,avoidant,general
1pmzs9c,How does one deal with shame?,AvoidantAttachment,70,25,0.98,https://reddit.com/r/AvoidantAttachment/comments/1pmzs9c/how_does_one_deal_with_shame/,2025-12-15,eulersidentity1,"I feel like it all goes back to shame over and over again. As someone who identifies with being FA my pattern seems to be that I get triggered then I immediately go into a rather desperate flight and or fawn response. It’s a horrible bodily feeling of being struck by lightning and then a massive sense of “badness and wrongness” about myself that I must get rid of, fix or get away from at all possible costs. A sense of acid in my bones, some kind of cancerous pit in my abdomen, and the whole world contracts around this one small tiny thing. 

And it can be ridiculous at times how small the triggering event can seem. Any kind of small words of rejection or judgment and suddenly it can feel like the invisible cameraman of my life has done a reverse dolly zoom. For those that don’t know this is that dramatic shot in horror films often where the camera backs away as it zooms in and it gives a dramatic effect where the world seems to telescope around the viewer. The world seems to collapse in on me and I’m now stuck in this panicked state of need, sometimes for hours or days off and on. 

This feeling of panic is almost always accompanied by a deep sense of wrongness about myself. And in",Seeking Support - Advice is OK✅,avoidant,general
12hsbku,Overwhelmed once people try to get close {da},AvoidantAttachment,70,10,0.99,https://reddit.com/r/AvoidantAttachment/comments/12hsbku/overwhelmed_once_people_try_to_get_close_da/,2023-04-10,[deleted],"Usually, I feel like I should get closer to people, but also like I have nobody close enough to me to be able to really hurt anybody. But then once in a while, I find people who want to spend time with me. I don't want to reject them, but then I get overwhelmed by the idea that they might expect more and more from me as we grow closer. I'm too scared to even share those things I've done anonymously on Reddit, but I basically cut people off as soon as they get close to me. Anyway, I'm going to try to get into therapy, though with the system in my country, it's going to take a while. However, I wonder if any of y'all may have had any similar experiences or may have any tips.",DA Input Wanted,avoidant,general
1kn24rs,avoidance and polyamory,AvoidantAttachment,70,64,0.91,https://reddit.com/r/AvoidantAttachment/comments/1kn24rs/avoidance_and_polyamory/,2025-05-15,Toxinia,"wondering if monogamy really isnt the relationship type to go for or if Im just letting avoidance take control

I've been in my first really committed relationship for about 8 months or so now, and when I made the commitment I had to push aside several feelings. I was really afraid of someone becoming entirely reliant on me, really afraid of if I was ignoring red flags, and didn't like the idea of losing all relationship opportunities with anyone else.

i've worked on calming myself and assuring myself that my partner can be self reliant, and worked on identifying real problems from fictional ones my head makes up in the moment. But the one thing I cant stop thinking about is that, while Im in a mono relationship, I can never date anyone again, I can never experience the same sort of closeness with anyone else, touch is one of my main ways I express affection and its just not possible anymore. I cant just let things happen if Im into someone anymore, I cant get certain sexual wants if my partner isnt willing or able. It all feels like so much pressure, trying to find someone to be with your entire life. I like being around her a lot but I cant imagine being with only one person for",Hypothesis,avoidant,general
ws5imf,{FA} How to (securely) let go of someone who can't meet you where you are?,AvoidantAttachment,69,28,0.99,https://reddit.com/r/AvoidantAttachment/comments/ws5imf/fa_how_to_securely_let_go_of_someone_who_cant/,2022-08-19,Senior-Ad200,"Like so many of you, I fell for another avoidant a while back. Another FA, I've historically been with (up to marrying) DAs so I think I found the familiarity and periodic depth and openness especially intoxicating. 

It was brief, but it did make an impact. I think on both of us. 

I tried to meet them where they were. They were not capable of receiving me. It's been over for a while and it's clear to me now that they are, likewise, unable to meet me where I'm at, though both of us had expressed interest in friendship. I've been iced out for reasons that will remain a mystery to me unless I ever hear otherwise, so I'm learning what I can from my own actions and trying not to tell myself any stories about theirs.

I am probably just more healed than they are. I don't even feel angry with them, I'm just sad. There was a lot of potential good there, even as friends, and it makes me sad we weren't able to make more of it. I also have some regrets about not being more communicative in some ways. I realize now I was just a bit scared to get vulnerable, because I'm still healing myself. Granted, their connection was not stable, so my fear was not unfounded.

If they ever contact me again",,avoidant,general
z70ghb,Just another avoidant coping mechanism - anyone else? {FA},AvoidantAttachment,69,11,0.99,https://reddit.com/r/AvoidantAttachment/comments/z70ghb/just_another_avoidant_coping_mechanism_anyone/,2022-11-28,Dismal_Celery_325,"So my boyfriend and I had a disagreement and I definitely felt some attachment wounds being triggered. He asked for some space to process his feelings, which I respected. I honestly needed my own space as well. 

But I noticed that I had this intense urge to do something to prove I don't need anyone. That night I took my shower faucet handle off to adjust the temperature because it wasn't getting hot enough for my taste. It was super frustrating and I literally thought when I was done ""See? I don't need anyone. I can do everything on my own."" 

Which got me thinking... I do this a lot. When I get upset in my romantic relationship mostly, I will do some task I've been putting off or hoping someone else will do and then validate myself that I don't need anyone. While obviously there's nothing wrong with me doing things for myself, I do think it's an issue to use this as a coping mechanism for being upset. Almost like ""Oh, you think you can abandon me? Well fuck you. I don't need you anyway."" 

Has anyone else noticed a similar pattern?",,avoidant,general
1hujn2h,New thought: It was never going to work out. Anxious + Fearful Avoidant,AvoidantAttachment,69,26,1.0,https://reddit.com/r/AvoidantAttachment/comments/1hujn2h/new_thought_it_was_never_going_to_work_out/,2025-01-05,Coolstorytho,I'm trying to reconcile what was. I see how drawn I was to the intensity of the relationship. The highs. The chase. The reward. The nearly unconditional unlimited love she gave me and the kink dynamic of control she gifted me along the way. The reality though is I don't think we would have ever worked. Neither of us had real tools. We just had extremes. I can only see hindsight and this time it's too late - it seems like we only see this clarity when the ultimatum is true. When it's absolute. When they move on and you can't even have a moment of a chase or a moment of hope. I'd appreciate some support - some compassion that I can have some version of that in a healthy way. That someone will give themselves to me in the way this person did and love and accept me - but that they also accept that I need a little slower intimacy that I need some tools so my anxiety does not drive the direction of success or failure. Can you please let me know that I'm looking at this in the right light? That I will be ok? That I will heal and grow? I so so want to stop repeating the past. I thought I was going to break the instinct this last time but I didnt - it was so fucking scary. I just want to le,Seeking Support - Advice is OK✅,avoidant,general
1rqhp5w,Differentiating deactivation vs genuine incompatibility,AvoidantAttachment,69,31,0.99,https://reddit.com/r/AvoidantAttachment/comments/1rqhp5w/differentiating_deactivation_vs_genuine/,2026-03-11,SatansNotThatCool,"I (30F) have been dating my current partner (28M) for nine months. We spent a lot of the relationship long distance (everything except the first month) and my partner is now moving to the state I live in. I’ve been very vocal about not wanting him to move for me and my general uncertainty. 

I find this person very funny, and I would love having them as a friend. They are a very committed partner and have lots of great qualities like being thoughtful, planning dates, communicating well and being very patient with me. We have similar values and desires for the future (kids etc). 

However, I just feel… kind of disgusted by him a lot of the time. Almost every relationship I’ve been in (except one) I’ve followed a similar pattern of high attraction and interest, followed by them being committed, followed by me completely finding them intolerable. My partner has gross habits I really don’t like (leaving residue in the toilet, the weird way he blows his nose I’ve never seen a person do before. I also don’t like when he uses a soft affectionate tone with me, it makes me feel like a kid. I don’t really want to have sex with him \*because\* it’s him, it’s more like sometimes I’ll be in the",Seeking Support - Advice is OK✅,avoidant,general
1ro11h7,"DA healing update: searching my true self, my inner child finally seen",AvoidantAttachment,69,13,0.99,https://reddit.com/r/AvoidantAttachment/comments/1ro11h7/da_healing_update_searching_my_true_self_my_inner/,2026-03-08,kluizenaar,"Some of you may know me at this point. I'm (40M) dismissive avoidant, my wife fearful avoidant (41F), together 17 years, married 13 years, 3 children. I've been working on my attachment style for 5 months now, working hard to better understand myself. This is an update about what I've come to understand about my life now that I'm considering not just attachment theory, but also psychoanalysis and CPTSD. This helped not just with understanding, but also brought back more memories and helps with acceptance.

My discussions on Reddit helped a great deal to understand myself better. I don't know to what extent my findings about myself generalize, but most elements seem very much in line with the theory, so perhaps others will also recognize and better understand themselves or their avoidant.

I'd be happy to hear any feedback you may have.

# Family of origin

My childhood household was materially sufficient but emotionally deprived, and we feared my father's tempers, though there was never any violence. I never received much affection or consolation, although my father did organize many fun activities, such as elaborate holidays. In hindsight though, I realize the destinations he pick",Self Discovery,avoidant,self-reflection
s3ttpu,"Are any of us, like… Actually healing?",AvoidantAttachment,69,60,1.0,https://reddit.com/r/AvoidantAttachment/comments/s3ttpu/are_any_of_us_like_actually_healing/,2022-01-14,ComradeRingo,"I guess this is a rant of sorts but I’m also curious if anyone has any actual insight. Before anyone assumes I’m attacking anyone or the like, I’m actually commenting more on general community trends— ones which I am *firmly* rooted within as well. Mods: I don’t know how to set flair on mobile but my style is DA/FA.

But. Does it seem to anyone else that severe avoidants, especially DAs, just… don’t ever get better? I see so much discussion, either about avoidants or by avoidants themselves that seems to reinforce this. People saying things like “if he’s a DA, he’ll never change. Move on and find someone who’s able to give you what you need,” or “I can’t be enough for someone. Trying to be open and giving me love and presence won’t change this and so you shouldn’t even try”. And as an avoidant myself, despite all of the work I’ve done and books I’ve read and therapy I’ve paid for and Thais Gibson I’ve binged I… don’t feel any closer to Healed. In fact, quite honestly I feel dug further into my rut. 

I don’t seem to notice any improvement in terms of letting new people in. I’m only capable of letting myself chase my equally avoidant ex because he’s unattainable and therefore “safe”",Rant/Vent,avoidant,self-reflection
10a3re1,Men who pathologize women who've rejected them are misogynists. {FA} {DA} {AP},AvoidantAttachment,69,70,0.82,https://reddit.com/r/AvoidantAttachment/comments/10a3re1/men_who_pathologize_women_whove_rejected_them_are/,2023-01-12,hiya-manson,"Of course female users do it, too, and sometimes people's exes really did have mental illnesses/personality disorders/extreme attachment insecurity.

But there's a gross trend of male users posting chronically about the same girl who dated them - often fewer than 5 times! - and throwing every diagnosis in the DSM-V at her until they can rationalize away why she lost interest.

Their egos simply cannot tolerate the notion that a woman who'd initially been nice to them could reasonably decide she no longer wants to date them. It *has to be* due to something broken inside her. It *has to be* caused by some faulty wiring in her brain.

It never fails that they admit they've discovered Attachment Theory within the last 72 hours, but they're oNE ThoUsAnd PerCeNT pOsITivE their ex (who often sounds like she was creeped out and tried to let them down nicely) was a stone-cold, calculating DA.

They weren't dumped, they were blindsided! It hadn't been early-days enthusiasm, it was love-bombing!

If the DA label doesn't fit, they suddenly realize she was actually FA. And if that doesn't get them sufficient ego-wanks, it's on to claiming she had BPD. BPD not quite explaining it? Next logical s",Rant/Vent,avoidant,general
19cajh0,Healthy Attachments,AvoidantAttachment,69,29,1.0,https://reddit.com/r/AvoidantAttachment/comments/19cajh0/healthy_attachments/,2024-01-21,Rollerager,"How do we make peace with the fact that a healthy attachment isn’t going to feel like what we are used to?

I got out of a relationship around a month ago. We were together for almost a year and a half. It just didn’t feel right. I couldn’t grow and I felt like I was working so hard to try to make him be the one. But it wasn’t meant to be. He treated me well and was super into me. We were like best friends. But I didn’t feel like I could connect to him in that deep way I have felt before. Any connection that doesn’t feel like that feels unfulfilling. However, I’m worried that deep connection I’m seeking is a result to the unhealthy attachments I’ve had in life.

I have a past person that I reconnected with. He is likely dismissive avoidant. I mean he will tell me he runs when things are hard, that if things get difficult he can’t focus on all the things at once so he withdraws. He opened up to me about a lot of stuff. I am fearful avoidant. When I am with this man I feel safe and calm. My brain finally settles. Like it always feels right. I just don’t understand why. Why do I only feel like I can connect with someone that can’t fully connect with me?

I felt like I was very vulnera",,avoidant,self-reflection
1p5kp26,When is it real or avoidant tendencies?,AvoidantAttachment,69,18,0.99,https://reddit.com/r/AvoidantAttachment/comments/1p5kp26/when_is_it_real_or_avoidant_tendencies/,2025-11-24,wishingwell56544,"I’m struggling enormously with trying to understand if my interpretation of my relationship is real versus my story or avoidant attachment thought patterns. I have been in a very long relationship and I think I want to end it, but what if I’m wrong? 

I’ve had no other serious relationships to compare it to, just platonic ones. I do not want to repeat patterns or just be a worse version of myself without accountability if I leave. 

I’ve talked to several therapists, and they have each validated my reactions to the events I’ve shared. But my best friend and sister have essentially pushed against my negative thought patterns and into the relationship. Although, I haven’t shared everything with them out of respect for the privacy of my relationship.

How do you decipher trauma responses versus healthy responses? Does it just take hindsight?",Relationship Advice,avoidant,general
1rs60fo,I'm learning myself,AvoidantAttachment,69,11,0.99,https://reddit.com/r/AvoidantAttachment/comments/1rs60fo/im_learning_myself/,2026-03-12,Cold-Laugh-5242,"I'm in my 40s, and I came across Avoidant Attachment about 2 years ago. I made a post on FB about a dating experience I had. He was a great guy. Good job, good father, cool to hang around with, everything good on paper.  We were relaxing on my couch one day, watching TV, and I caught him staring at me with the love-eyes. You know, the gaze that they give you when they are falling for you. Well, I instantly lost any of the good feelings/excitement that I was developing. It was instant. I felt repulsed. He didn't do anything but gaze at me. When I posted about that experience, someone mentioned the term Avoidant. That's how I learned about what I am. 

I've had countless similar experiences like that. I like a guy, then I don't. I've spent lots of time reading and watching podcasts. I haven't seen a therapist yet, but I feel like I need to. 

I am currently in a long-distance relationship. Nearly a year. Throughout the relationship, I've been able to define the moments that caused deactivation. It's whenever it feels like things are progressing. In the very beginning, we exclusively sent text messages. Once he sent a picture, I got turned off, not because of his looks, but because it",Self Discovery,avoidant,general
qwrto7,Before you decide your partner is a narcissist,AvoidantAttachment,68,46,0.94,https://reddit.com/r/AvoidantAttachment/comments/qwrto7/before_you_decide_your_partner_is_a_narcissist/,2021-11-18,Peenutbuttjellytime,,Attachment Theory Material,avoidant,general
11el2wv,Why is it that /I/ have to work on me and not the other way around? {da} {fa},AvoidantAttachment,68,29,0.97,https://reddit.com/r/AvoidantAttachment/comments/11el2wv/why_is_it_that_i_have_to_work_on_me_and_not_the/,2023-02-28,maryca666,"Long story short, I have a friend who’s extremely anxiously attached and has BPD on top of it. I have autism and I’m avoidant. We clash a lot, and I’m usually the bad guy.

She needs me to promise her that I will never leave, but I can’t, because to me that’s an absurd thing to ask someone. I don’t know if that’s my avoidant attachment style speaking, or if that’s true, but it makes my skin crawl.

I talked about wanting to go to therapy for my low self esteem, and she said “Eh yeah! And for your attachment issues!” where I then questioned what she meant, and she said “Well for starters, you can’t even promise your best friend you won’t ever leave her.” Which just rubbed me the wrong way.

She says stuff like “I know you want to live alone in a little house somewhere but I want to move next to you!” or “I can just see us growing old together” and I want to scream.

If I bring up how uncomfortable this makes me, I’m being avoidant and need to work on myself. I want to cry and scream and hit myself.

Why are we as avoidants the mean and devilish abusers, and the anxious are the victims and angels who can’t help the behavior.

I’m sorry I’m so negative, I’m just so frustrated. I’m not",Input Wanted,avoidant,self-reflection
1k4f5sa,READ THIS if you want to POST here,AvoidantAttachment,68,402,0.96,https://reddit.com/r/AvoidantAttachment/comments/1k4f5sa/read_this_if_you_want_to_post_here/,2025-04-21,imfivenine,"This is a new thread with the SAME GUIDELINES as the previous post which is now archived. 

THIS THREAD IS ONLY FOR APPROVAL TO POST. You don’t have to be an approved user to comment or lurk. ONLY someone with an avoidant attachment who wants to post should comment. Secures and AP/AP leaning need not apply. 


**FIRST AND FOREMOST**

This sub is different than other subreddits. It is a safe space for avoidant attachers. This means it is not a support group for anyone else. Once again, **this is not a support group for partners, exes, etc of avoidant attachers.** If you’re a partner, friend, ex, etc, you’re welcome to read and learn but not bash, complain, dump, shame, lecture, or otherwise vent about avoidant attachers here. We’re not your ex.  This is not a breakups sub. 

This also goes for “healed” or “leaning secure”/former avoidants - hatred of your former self need not be projected at others here. We’re all on our own journeys, whether that’s to secure or not. 

**FAs:** This sub is ONLY for your avoidant traits, not the anxious traits. If you are ruminating, activated, upset with an avoidant attacher, take that somewhere else. I mention this specifically because this is one",Moderator Post,avoidant,general
129rb20,"Wanting to run when I do ""something wrong"" even if no one is upset {FA}",AvoidantAttachment,68,10,0.99,https://reddit.com/r/AvoidantAttachment/comments/129rb20/wanting_to_run_when_i_do_something_wrong_even_if/,2023-04-02,MidnightCatRabbit,"Hello, I recently found this sub and it's been really comforting and eye-opening to read your experiences, I resonate with a lot of them. So thank you for that. 

I was wondering if anyone has experienced the desire to avoid/run away when you've done something that feels against your morals, even if no one has expressed anger or disappointment with you? 

For example, I recently mistook a cold for allergies and my roommates got sick. I'm upset with myself that I didn't take more precautions but my roommates haven't shown any indication they blame me. 
Yet I'm still feel the urge to run, to find a different place to stay, to stay away from everyone. 
can anyone relate?",FA Input Wanted,avoidant,general
vmg403,{da} Does anyone ever feel really depressed because of the missed experiences they think they are having due to being avoidant?,AvoidantAttachment,68,12,0.99,https://reddit.com/r/AvoidantAttachment/comments/vmg403/da_does_anyone_ever_feel_really_depressed_because/,2022-06-28,arashehsani,"I feel like ever since I realized I had a dismissive-avoidant attachment style, I have been really sad about the missed experiences I have had because of this. This really hit harder when I turned 24 a few months ago. I just find it so hard to believe that I have reached this age without ever having been in a relationship and I primarily feel like being da was the reason for this. Otherwise, I have always been a fit, friendly person and many people have described me as pretty charismatic as well. It's just really difficult for me to understand how I can be so successful in my inter-personal relationship/friendships, but have very little experience when it comes to dating. It sometimes makes me question my worth  and I start to think about how much I lack as a person.",Rant/Vent,avoidant,self-reflection
u2vnzg,Other reasons besides parents for avoidant behavior {DA},AvoidantAttachment,67,49,1.0,https://reddit.com/r/AvoidantAttachment/comments/u2vnzg/other_reasons_besides_parents_for_avoidant/,2022-04-13,cognitive_disso,"I know that your early experiences with your parents can affect attachment style, but this is not always the reason behind avoidant attachment. Some of us came from loving caring households and still developed avoidant styles.

What have people here discovered about what may be causing your attachment issues, other than early childhood? 

For me, I think it might have to do with a social inferiority complex I developed in my early teens. I felt unattractive, and never had someone desirable like me. Now when someone expresses romantic affection to me, I deactivate (sometimes). I think this is because my subconscious says “if she loves you, she must be undesirable, because the people you want don’t want you back”. 

It’s a theory, and it needs more testing, but it makes WAY more sense to me than trying to find trauma in my relatively happy childhood.

What about you?",Hypothesis,avoidant,general
scpk85,Ask Avoidants FAQ: Ghosting,AvoidantAttachment,67,42,0.99,https://reddit.com/r/AvoidantAttachment/comments/scpk85/ask_avoidants_faq_ghosting/,2022-01-25,imfivenine,"Please see the intention of this post thread [here](https://www.reddit.com/r/AvoidantAttachment/comments/s1n6hw/ask_avoidants_faq/?utm_source=share&amp;utm_medium=web2x&amp;context=3)

**Avoidant Attachers:**

1) What is your personal definition of ""ghosting""?

2) Do you, or did you in the past,  ghost people?

3) What were your reasons for ghosting?

4) If you've ghosted someone, what should that person do?

5) How long, if at all, does it take you to resurface and reach out? Why?

\*\*Random personal request, if you feel comfortable, please include your age or age range. I wonder if age has anything to do with the personal definition/reasons/behavior.",FAQ,avoidant,general
1ra04ks,Please help,AvoidantAttachment,67,25,0.96,https://reddit.com/r/AvoidantAttachment/comments/1ra04ks/please_help/,2026-02-20,Meetmeinthehallway,"Hey there! Found this community a few days ago and I seriously need advice on how to push thru the panic/ anxiety. 

I know I'm an avoidant. All my life I've never wanted people to see me. All my life I've wanted casual relationships that ended being LTRs. I ended things with my ex bf 5 months ago, we were together for almost 4 years. I believe he contributed to the avoidance but that's not important rn.

I met this awesome man a little bit more than 3 months ago. Like I said, I wasn't looking for a relationship, but I wasn't happy alone either. We hit it off instantly. We said I love you after a month, we hung out all the time, we talked all the time. We definitely rushed things, became exclusive after two weeks, official after a little bit more than a month. Of course all my relationships have been slow burns as an avoidant, but this just felt right since the beginning, even though I felt scared. I love him, he is the sweetest, kind, considerate, empathetic guy I've ever met, when I look into his eyes the world stops, being with him feels like home, I genuinely see myself with him for the rest of my life. I've met his family, and we've been having serious conversations about the",Seeking Support - Advice is OK✅,avoidant,self-reflection
sj692t,The book ‘attached’ solidified my ex’s view of me,AvoidantAttachment,67,18,0.99,https://reddit.com/r/AvoidantAttachment/comments/sj692t/the_book_attached_solidified_my_exs_view_of_me/,2022-02-03,HoldPsychological1,"I’ve started to read that book and have realized it’s really critical of the avoidant attachment style. My ex actually wanted me to read it at one point but I dismissed it as I thought I was above that kind of stuff. Unfortunately it wasn’t until after the breakup that I started to look into attachment theory. I regret not doing it sooner because if anyone needed to read the book it was me. 

After she read the book things started to change though. She became very critical of me and even began to accept that I was never going to change or even want to change for the better. I think she knew that she needed a more secure person as a partner if she was going to be in a relationship meant to last. She wasn’t wrong to think I’d never want to be secure as I showed no signs of changing. 

Now I want nothing more than to move towards a move secure attachment style. It took me hurting someone I didn’t know I loved as much as I did until after she broke up with me. I finally realized how I made her feel and don’t ever want to do that to another person again. And now because of how I behaved, I pushed her into the arms of someone else. Now the damage is done because of me.",,avoidant,general
1l4lonc,Incompatibility or Attachment issues?,AvoidantAttachment,66,46,0.98,https://reddit.com/r/AvoidantAttachment/comments/1l4lonc/incompatibility_or_attachment_issues/,2025-06-06,onetiredbean,"I'm in a relationship for the first time in a few years. It's the first time I've been really hyper aware of my issues (the attachment stuff, mental health, my reactivity, etc). The guy I'm dating is a really kind person but I find myself constantly irritated and overwhelmed by him. Honestly, it's to the point I can't sort out my own feelings about the situation. 

He texts/tells me he loves me and texts me these professions of love every night. I find the entire thing just...odd. I am more put off by them then anything. Reader, I don't even know if I love him (probably not). He gives me all these compliments and while I know they're genuine, I often feel like he's telling me them for the wrong reasons. They annoy me instead. 

Every time we spend any amount of time together, I find myself counting the seconds until it's over. I am genuinely irritated by him over the most mundane things. Anytime he comes over to my house, I can't wait until he leaves and I dread when he asks to come over again. 

I try my best to push it down and be present, to try to be happy, but it feels unnatural. Kissing him in public or private is always awkward so I avoid it which makes it more awkward. 

I",Seeking Support - Advice is OK✅,avoidant,general
q4epwl,Avoidant's pain,AvoidantAttachment,66,27,0.99,https://reddit.com/r/AvoidantAttachment/comments/q4epwl/avoidants_pain/,2021-10-09,[deleted],"This will purely be a rant/vent/story.

Some of you guys may recognize me by my comments and posts. You guys often tell me how self-aware I seem. For that, thank you very much. Despite this, I'm still deeply avoidant.

While chatting with one of my good friends here, I remembered how in the past, I've done the horrible thing of getting on with someone with everything going perfectly fine and then ""the talk"" happens. And in the past, I've disappeared with little to no explanation.

In this case, I did like him. I liked him enough to be scared to hurt his feelings by confessing that I wasn't ready for what he wanted. In this particular case, I felt zero resentment towards him. Just fear. And of course I felt awkward and guilty afterwards especially because I had to see him almost every day. I wouldn't be surprised if he wondered the same as you guys, ""how could she suddenly flip the switch?"". I made it ""unhappen"" as I put it.

He did nothing wrong and I don't think we argued once. It's just... I can barely describe it. I hadn't even thought about not wanting to be with him anymore up to that point. It just seemed like no other way out at the time. This was many years ago and if I rem",DA Story Time,avoidant,general
ydzfp5,"“When you know, you know” {DA}",AvoidantAttachment,65,38,1.0,https://reddit.com/r/AvoidantAttachment/comments/ydzfp5/when_you_know_you_know_da/,2022-10-26,SmokeProfessional919,"I have gotten this advice from a handful of family members (usually a happily married aunt or uncle).

The gist of it is that you oughta trust your gut and keep dating around till somebody just “feels right”.

I am of two minds on this. On one hand, my gut seems intent on sabotaging every relationship I’ve been in.

On the other hand, I am still young enough (28), to keep dating more people on the chance that maybe “I will know when I know”, and haven’t met that forever person yet.

How does this resonate with others here?",Input Wanted,avoidant,general
qlgrjt,She loved me so much and would be there for me for anything. It took her finding someone else after I broke us up for me to realize how much I love her,AvoidantAttachment,65,31,1.0,https://reddit.com/r/AvoidantAttachment/comments/qlgrjt/she_loved_me_so_much_and_would_be_there_for_me/,2021-11-02,inahst,"It's too late to do anything. She was more of an anxious attachment and would lash out. I just dealt with it and felt like I deserved it. Started pulling away because of it and she felt it. Did couples therapy and I could finally connect with my negative feelings about her lashing out but just focused on that and didn't think or care about her feelings of why she did it and decided ""I didn't want the relationship"" 

For the first time I'm actually feeling the love I really had for her. I haven't stopped crying since Friday. I'm beating myself up about all the times I was so close to recognizing that it was just my attachment style and if I did and talked about it with her we could've worked on it together. 

On the plus side I'm actually feeling my feelings more than I ever had so I guess that's good? I just wish it didn't have to take losing her. I saw her this weekend (it's been 6 months since the relationship ended) and told her all of my realizations and recognizing what was going on and was bawling. She gets it but is over it, she's focused on this new guy that has no hesitation in how much he wants to be with her, and the fact it took her finding someone else for me to even u",DA Story Time,avoidant,self-reflection
slp2t8,The personality shift when men are romantically interested is inherently unattractive to me.,AvoidantAttachment,65,26,0.98,https://reddit.com/r/AvoidantAttachment/comments/slp2t8/the_personality_shift_when_men_are_romantically/,2022-02-06,ResponsibleFinance11,"I’m so frustrated. There have been so many guys in my life who behave with this casual confidence, make funny jokes, are just all-around likable…

And then they develop feelings, and the minute that happens, it’s like they lose their sense of humor, they become clingy, cloying, and self-conscious, and there’s this artificial sincerity of them trying to be “nice,” asking questions about my life that I’m pretty sure they don’t even care about the answers to.

I’ve had this back and forth shift with so many men it’s crazy. Of course not all of them are like this, but many of them are. Can anyone else relate? How do you cope with this?",,avoidant,general
z633hn,IMPORTANT: We have changed this sub from Public to Restricted {DA} {FA},AvoidantAttachment,64,7,0.94,https://reddit.com/r/AvoidantAttachment/comments/z633hn/important_we_have_changed_this_sub_from_public_to/,2022-11-27,imfivenine,"For right now, we have restricted the sub meaning it is visibly public and only approved users can post and comment. Please send a request to become an approved user and continue participating normally. 

There are very good reasons for this but I do not want to create any additional drama so I will leave it with hoping you will understand this is to keep this sub a safe place for avoidant attachers.",,avoidant,general
15cdptt,Rant about avoidant-bashing {fa},AvoidantAttachment,64,10,0.94,https://reddit.com/r/AvoidantAttachment/comments/15cdptt/rant_about_avoidantbashing_fa/,2023-07-29,RepresentativeAd4395,"I hate seeing comments people make about avoidant people. I understand that people feel pain after being hurt by someone avoidant and they wish that that person went through therapy so no one was hurt. I get that and empathize with that and I wish they weren’t hurt either, truly I do. But unfortunately we live in a world where none of us are ever perfectly healed, but that doesn’t mean we aren’t deserving of love. People talk about avoidants with such vitriol and it makes sense when they’ve been hurt, but it is so painful to read. I hate stumbling across comments like that especially when I’ve been doing better. All it makes me feel is that I am not deserving of love, I never will be loved, I will always fail people, I deserve to be hurt and lonely, etc. and all of it just instantly makes me want to avoid more. I want to be able to reach out to people and share myself and talk about the things that are hard for me and be vulnerable and try even when I am so so so scared, but how can I let myself take those steps when I am so afraid that finally sharing myself will result in the exact thing I am so afraid of: people telling me I don’t deserve love and rejecting me. I have to remembe",Rant/Vent,avoidant,general
w7z1ur,Those moments when you can tell you're more secure {FA},AvoidantAttachment,63,42,0.99,https://reddit.com/r/AvoidantAttachment/comments/w7z1ur/those_moments_when_you_can_tell_youre_more_secure/,2022-07-25,Dismal_Celery_325,"I received the following DM today.

&gt;Ah you classic avoidants. Can’t stand for someone to try to understand you and be patient with you. Here’s to your life being absolutely miserable. May your kids grow up dysfunctional and insecure without anyone wanting to understand them. And here’s to you, single mom. May no one ever come into your life who deems you worthy of the time, space, and energy you avoidants desperately crave, but have no idea how to ask. Be well\~ 

A year ago, I probably would have started crying and been caught in a shame cycle for the next day or two. Even today I can feel some shame and discomfort in my core. I will never understand why people feel the need to be cruel just for the sake of being cruel. 

But in all honestly, thanks to this user for showing me that I am growing and progressing. I'm able to recognize that this is something in you, and not a reflection of me. In fact, you don't know anything about me, so how can you possibly make such judgement? 

Anyway, I think I may have figured out why the avoidant in your life pulled away from  you.",,avoidant,general
ytbvlo,So…How do you actually bring up things that bother you in a relationship? {fa},AvoidantAttachment,63,27,0.97,https://reddit.com/r/AvoidantAttachment/comments/ytbvlo/sohow_do_you_actually_bring_up_things_that_bother/,2022-11-12,biologynerd3,"This is starting to become a big problem in my relationship. I’m aware that it’s a problem, but I am immensely struggling to fix it. 

Also, this is really hard for me to be vulnerable over because it’s strongly poking my “I’m a shit person” wound. So please be kind. 

The background: I’m an FA (historically very avoidant - hence the conflict avoidance here. I have been more anxious lately though) with a history of family trauma with a lot of anger, gaslighting, and invalidation. 

The issue: I am finding it immensely difficult to bring up things that bother me with my secure partner, even though he always responds very reasonably, because I am so scared that he’s going to be angry or gaslight me. My difficulty bringing things up then spirals internally and it’s putting a strain on our relationship. 

The issue in more detail:
Here’s what happens. 

Boyfriend says something that bothers me (“That movie is so toxic, how could you like it?”). I’m immediately aware that I feel judged and criticized. 

I think to myself, I should tell him that I didn’t like how he said that. I take some deep breaths to calm myself, and plan the words in my head. (“Hey, I really didn’t like how you said",,avoidant,general
1ibiv1a,how to prepare for my breakup relief to turn into anxiety,AvoidantAttachment,63,21,0.98,https://reddit.com/r/AvoidantAttachment/comments/1ibiv1a/how_to_prepare_for_my_breakup_relief_to_turn_into/,2025-01-27,miserablesalad,"been trying out a LDR for a couple months, been struggling a lot with detachment, deactivation, generally feeling like i couldn't form a solid connection the whole time. feel like my attachment system was just sucking my blood out the whole time lol. he broke it off with me today and i feel initial relief that i didn't have to do it first, and also that the threat of a relationship and all of these negative feelings ive been having are being removed. i know this is not going to last though. i am likely going to feel like i/we didn't try hard enough and it's my fault. (that's how i reacted last time- this is our second break). i really want to try not to switch over to feeling anxious after the break because he's no longer a threat.. advice and experiences welcome. particularly from those of you that have tried LDRs.",Seeking Support - Advice is OK✅,avoidant,general
uav8rg,Most guys give me (26F) the ick {FA},AvoidantAttachment,63,45,1.0,https://reddit.com/r/AvoidantAttachment/comments/uav8rg/most_guys_give_me_26f_the_ick_fa/,2022-04-24,quickthrowaway108,"Most guys I date give me the ick. Like I just suddenly feel like I’m not attracted to them and I want nothing more to do with them. It’s very much a feeling of disgust/repulsion. 

For example, I went on a date with a guy a week or so ago and it felt quite nice at the time. Neither of us are looking for a relationship. I spent the night around his and felt pretty positive about it after. But since then I’ve developed the ick. Like I feel like I’m not attracted to him. Certain mannerisms. I don’t like how he’s keen to see me again. I don’t like the flirty messages he’s sending. I don’t like the pressure to be flirty back. I don’t like the idea of having to make time for him and reply to him. I don’t like the idea of introducing him to my flatmate. 

Idk how I’m going to tell him because he’s really keen and has recently been through a breakup so feel like it’s shitty time to reject him. 

This so often happens in dating though. The vast majority of people I go on dates with give me the ick. Even if not immediately, then eventually. And once I feel it, it doesn’t go away. What’s other people’s experiences of this been?",,avoidant,general
pqtfk8,Is it common for people with avoidant attachment styles to end relationships saying they can’t give their partner what they deserve/need?,AvoidantAttachment,63,62,1.0,https://reddit.com/r/AvoidantAttachment/comments/pqtfk8/is_it_common_for_people_with_avoidant_attachment/,2021-09-18,singingkiltmygrandma,With most people that’s a soft letdown that really means l don’t like you as much or in the same way as you like me. Does it have a different meaning with an avoidant?,Input Wanted,avoidant,general
1ij9374,First relationship as a DA. Please help me navigate this.,AvoidantAttachment,63,30,0.96,https://reddit.com/r/AvoidantAttachment/comments/1ij9374/first_relationship_as_a_da_please_help_me/,2025-02-06,TemporarySun6974,"Hi everyone!

I hope it's okay to post here.  

Lately, I've realised I have an avoidant attachment style. I've dated many guys, but as soon as they made one mistake, I would immediately cut them off. I'd justify it by finding all these reasons not to continue dating and completely stop talking to them.

Recently, however, I said yes to a guy (my first boyfriend) after he asked me the second time. We met through a dating app last October, but I've only met him in person about ten times since then.  

The reason I said yes was because I felt really chill — no pressure at all. This was different from my past experiences, where I felt compelled to put in so much effort. With him, it just feels easy and relaxed.  

Now I’m wondering — do I really like him? I’m not trying to dismiss him, even though some things he says and does annoy me. Normally, I would cut off communication.

My friends say that the beginning of a relationship should be all about clinginess, butterflies, and this raging fire of excitement. But I just feel... chill.  

It’s got me doubting myself. I’m planning to get help from a counsellor too, but I wanted to hear from others here — is feeling calm and steady in a re",Seeking Support - Advice is OK✅,avoidant,self-reflection
1empa7s,Just some words if you relate ,AvoidantAttachment,63,5,0.97,https://reddit.com/r/AvoidantAttachment/comments/1empa7s/just_some_words_if_you_relate/,2024-08-07,Oioisavo,"I’ve murdered my love 
But she’s still alive 

I can’t hear her 
I can’t see her 
I can’t smell her 

A text comes through and rattles her grave

I feel her love and a thousand fears 

I don’t know if I can bare to bury her again 
Please don’t make me do this 

I see the other bodies here now there’s blood on my hands 

A future fading , I stay a lonely gravedigger

Just me and this god forsaken shovel",Rant/Vent,avoidant,general
18cotm2,any avoidants with an uncomfortable relationship with sex?,AvoidantAttachment,62,15,0.99,https://reddit.com/r/AvoidantAttachment/comments/18cotm2/any_avoidants_with_an_uncomfortable_relationship/,2023-12-07,lunarlez,"TW for mention of csa and sexual assault/abuse.

-

the source of my trauma is primarily due to CSA and the way my caregivers handled it (or failed to). i often see suggestions for people with insecure attachment styles to make time for sex with emphasis on how important sex is in a relationship...but i worry this will never be the case for me. i theoretically have no issue accepting myself as ace, but the emphasis on sex in attachment posts or just relationship advice in general contributes to my insecurities and feeling like that's just another hurdle my partner has to deal with in order to love me.

i'm currently dating someone with a significantly healthier relationship with sex where ideally she'd have it several times a week. i basically never crave that kind of intimacy unless i'm high (which isn't great, i know). i've agreed to try different methods because for months we haven't been intimate in that way and i just feel like such a shitty person not being able to provide that. she insists she wants to make things work and i know she loves me but a part of me feels that this will never work and i end up pulling away as a result.

i just feel stuck, and i wonder what kind of",Input Wanted,avoidant,general
1sa1lh3,Starting therapy soon!,AvoidantAttachment,62,15,0.99,https://reddit.com/r/AvoidantAttachment/comments/1sa1lh3/starting_therapy_soon/,2026-04-01,Cold-Laugh-5242,"If therapy helped you, when you went, did you go specifically for Avoidant attachment, or something else, but it still ended up helping your attachment? 

I'm starting therapy in a couple of weeks. I'm excited and proud that i took that step. I'm not going specifically for attachment, but I still think it will help me in that area. I primarily want to work on my self-esteem/self-worth issues. I think that is at the root of most of my problems and anxieties. 

I feel that if I were to get to a place of real self-acceptance/love, I would be more open and less afraid of receiving love from others.",General Question About Avoidant Attachment,avoidant,general
svvtbi,Guys…. {FA},AvoidantAttachment,62,11,1.0,https://reddit.com/r/AvoidantAttachment/comments/svvtbi/guys_fa/,2022-02-18,Dismal_Celery_325,,,avoidant,general
ri5n3p,The struggle,AvoidantAttachment,62,9,0.92,https://reddit.com/r/AvoidantAttachment/comments/ri5n3p/the_struggle/,2021-12-17,imfivenine,,Humor,avoidant,general
1or9lgt,"How do you cope with the ""phantom ex""?",AvoidantAttachment,61,18,0.96,https://reddit.com/r/AvoidantAttachment/comments/1or9lgt/how_do_you_cope_with_the_phantom_ex/,2025-11-07,roll_and_fritter,"Hi, the deeper I get into a relationship, the more I picture ex-partners. I see their faces in people on TV and on the street. I sometimes fantasize about them. It's mostly as a physical attraction thing. 

I recognise this is a detachment mechanism and I consciously remind myself why I broke up with them and it's my avoidant attachment I need to work through.... but it's always there. 

Have you found any coping strategies?",Seeking Support - Advice is OK✅,avoidant,self-reflection
px65zp,You’re not alone,AvoidantAttachment,61,18,0.99,https://reddit.com/r/AvoidantAttachment/comments/px65zp/youre_not_alone/,2021-09-28,LatterConsequence128,"Ever since I can remember, I’ve been full of doubts and fears in relationships, even those with the loving and caring partners I’ve been lucky enough to cross paths with. I’ve run away from way too many relationships that were absolutely fine, and I’ve got myself into some others I shouldn’t  have.

The Doubt starts when sh!t gets real. It’s like a chain of intrusive thoughts you can’t get rid of. I’ve pushed away and hurt people I loved because I thought I wasn’t able to love them to some arbitrary standard I myself had set in my mind, and out of fear of being rejected if they knew how I really am inside. And after the fact I was always able to rationalize and explain away why I left: because they were at fault of some defect, because I wasn’t really feeling “in love”, because If only I was able to find “the right one”, the person I could really  “connect” with and with whom things would be different… But then sh!t gets real and The Doubt starts once again.

I am fearful avoidant (or dismissive avoidant according to some other tests), and this has made me and others suffer throughout my life. I’ve only become aware of the problem, and started been working on it recently.

The key",Rant/Vent,avoidant,self-reflection
1f562d1,How to overcome feeling like a lost cause?,AvoidantAttachment,61,20,1.0,https://reddit.com/r/AvoidantAttachment/comments/1f562d1/how_to_overcome_feeling_like_a_lost_cause/,2024-08-30,justalostdot,"I’ve tried and I want to give up. Has anyone managed to make love work?


I would say I’m fairly FA. After an extremely brutal breakup in my early 30’s I think my FA was very triggered but my desire to still meet someone was there (eventually after much time, therapy and “healing”)

But I’ve just ended a relationship. It wasn’t working for me for a number of reasons, I felt constantly triggered, anxious and yet I was trying.

I tried against all my will not to sabotage it, not to run away, to try communicate my needs, to put my DBT/CBT into practice, to keep an open heart and it feels like it was all for nothing.

What’s the point in doing all this work just to end up in the same place? I’m desperate for connection but terrified at the same time. I can’t keep doing these heartaches. It’s safer alone.

I feel entirely hopeless and scared I’ll remain alone, but cannot see any other way because the cost is too high. 

Has anyone got any success stories of light at the other end of this heartbreaking and exhausting battle with love?",Seeking Support - Advice is OK✅,avoidant,general
pxvieu,How do you feel “love”?,AvoidantAttachment,60,36,0.99,https://reddit.com/r/AvoidantAttachment/comments/pxvieu/how_do_you_feel_love/,2021-09-29,LatterConsequence128,"Hi, everyone. I feel I lean towards FA or DA depending on the relationship, and one thing that’s always bugged me is a sort of numbness or difficulty to feel I love someone (I also have trouble perceiving love from others, but we can leave that for a different post). 

The whole thing starts after the chemical “high” of falling in love subsides, and when the relationship heads into the not-so-high phase of commitment/negotiation etc. Many times I just hard for me to find inside me the feelings of love I’m supposed to have for my romantic partner. This makes me feel anxious, ashamed, sad, guilty, like I’m an impostor, and I often end up walking away from relationships that in retrospective were good or, at least, perfectly workable.

I wonder how it is for others here.",Input Wanted,avoidant,general
1fuusu9,How do you tell if a relationship is worth pursuing if emotionally unavailable? ,AvoidantAttachment,59,30,0.97,https://reddit.com/r/AvoidantAttachment/comments/1fuusu9/how_do_you_tell_if_a_relationship_is_worth/,2024-10-03,Rxlentless,"I just made things official with my girlfriend after dating for about 3-4 months, but I still feel like it’s too early to say “I love you.” For whatever reason (avoidance obv) saying it feels like dragging my body through a sea of broken glass and my body refuses to let me feel the warmth accompanying love. Now obviously this would suggest that I’m not ready for  a relationship, but I truly feel as if I’ve done all the healing in isolation that I can. I’ve discussed this with her, but it seems like she is eager to say it to me and exercising patience. I don’t want to feel like I am keeping my romantic partner in a state of limbo because obviously that is an abusive pattern and she will lose interest. 

Any advice is appreciated. Specifically, how do I facilitate the growing of closeness? Even though anxiety and excitement are similar emotions, falling in love feels like a rushed dread that is kind of imposed upon me but I wish my attitude could be welcoming instead of afraid.",Seeking Support - Advice is OK✅,avoidant,general
1fqsa1f,Difficulty being around people who express strong emotions ,AvoidantAttachment,59,13,0.99,https://reddit.com/r/AvoidantAttachment/comments/1fqsa1f/difficulty_being_around_people_who_express_strong/,2024-09-27,rick1234a,"Hi,

I have difficulty being around people who express strong emotions - in the sense that it causes a reaction in my body and I feel dysregulated.

I listened to a podcast on emotional neglect today and it said the above trait can be due to emotional neglect.

I grew up in a family where:-

-emotional needs weren’t expressed
-emotions weren’t talked about
-conflict was avoided
-there was an emotionally reactive person that I learnt to caretake
-my brother died at 9 years old, after having cancer for 3 years (I was 6 when he passed),  we visited the hospital every day for three years prior to his death and then when he died we all shut down and his death was never discussed (I had no counselling as a child, but have now)

In addition I have always relied on my logic rather than my emotions, but I am feeling them more now.  I’m also wondering if it has something to do with my ‘shadow’.

Does anyone have insights into why I would find it difficult to be around strong emotions please?  Many thanks in advance.",Seeking Support - Advice is OK✅,avoidant,general
