id,title,subreddit,score,num_comments,upvote_ratio,url,created_date,author,post_body,flair,attachment_type,post_perspective
axluhw,It’s super important to know your attachment style when dating,dating_advice,1707,241,0.97,https://reddit.com/r/dating_advice/comments/axluhw/its_super_important_to_know_your_attachment_style/,2019-03-05,lilicwren,"Just realized the reason I’ve been single for almost two years is because I have Fearful Avoidant Attachment style. I date Avoidant men out of safety from my own anxiety and fears. If I never date someone that provides me security I never have to truly be intimate with them, I’ll never have to be close and truly feel exposed or invested. 

Any man that has had a Secure Attachment style and has been genuinely interested in me makes me want to run. I thought that it meant there was something wrong with them, but it was actually just me this whole time. Never realized that I was the one doing the rejecting. 

I just started doing therapy, but it was before realizing this. I discovered this whole thing this past weekend, so I’m looking forward to talking to my therapist about this.",,disorganized,self-reflection
1m4tzqy,He broke NC after 6 months,ExNoContact,1296,131,0.99,https://reddit.com/r/ExNoContact/comments/1m4tzqy/he_broke_nc_after_6_months/,2025-07-20,n_t_w_t,"I dated fearful avoidant for longer than I care to admit. We had 3 off/on cycles, always with him running away and coming back. The last cycle ended at the beginning of the year. I gave him an ultimatum that he either deliver on the commitments he promised or we go our separate ways and he got spooked and ran, of course. 

Last night he texted me for the first time in 6 months. I’m not at the point where I can ignore just yet but I’m proud of myself for not validating him. I know his lazy ass “How are you” was him testing the waters to see if I’m open to entertaining him again without him having to express any vulnerability and to relieve any guilt/shame he might have about how he treated me if he sees that I’ll still entertain him. 

While we were dating I tried really hard to be understanding, empathetic and kind because I knew how traumatic events in his childhood impacted how he showed up in relationships. Now, I’m at the anger stage of healing and it feels good to prioritize how I feel about the way he treated me instead of only empathizing with him over the traumatic events that inform his behavior. So even tho this text exchange was short, it’s a big deal for me. No more ove",Motivation ,disorganized,general
1mwulg3,An Apology From an Avoidant to the Ones Who Loved Us,BreakUps,752,278,0.98,https://reddit.com/r/BreakUps/comments/1mwulg3/an_apology_from_an_avoidant_to_the_ones_who_loved/,2025-08-22,Sufficient_Rub_5832,"To every anxious and secure partner who’s ever loved someone like me, I want to start with the simplest but hardest truth: I am sorry.

This isn’t just about me—it’s about all of us who carry avoidant patterns, whether fearful-avoidant or dismissive-avoidant. We’ve left behind a trail of people who gave us patience, effort, and love, while we offered silence, distance, or defensiveness in return. And too many of you have been made to feel like you were “too much” when, really, it was us who couldn’t be enough.

My Story

I was in an eight-year relationship with someone who gave me more love than I knew how to receive. She showed up fully. She communicated her needs. She asked for reassurance. She wanted closeness. She wanted us to talk through things and grow together.

And me? I shut down. I minimized her feelings. I got defensive when she expressed hurt. I withdrew when she needed me most. I let fear of conflict become avoidance. I let fear of vulnerability disguise itself as “independence.”

The hardest part to admit: when she was struggling with her own mental health, when she needed comfort and presence, I wasn’t there. I thought silence or space would somehow make things easi",,disorganized,general
l4f3xa,"A few months ago (before I knew about attachment theory) I wrote something trying to explain my struggle to get close to people, and I’m realizing now it’s textbook FA",FearfulAvoidant,693,24,1.0,https://reddit.com/r/FearfulAvoidant/comments/l4f3xa/a_few_months_ago_before_i_knew_about_attachment/,2021-01-25,fernsage,"Just message them back, it’s not hard - at least not in theory. It would be the easiest thing in the world to shoot back a quick reply, the same brand of endearing dry wit that has already tricked so many people into believing that I’m someone cooler and more interesting than I really am. 

I’m good at it. I know how to be likeable from a distance, pretty in a blurry photo, funny in 280 characters or less. Bite-sized and easily digestible. I know how to cut myself into all the right pieces and organize them into a convincing approximation of someone worth knowing.

But I don’t want to be known. I don’t want to be seen. If you look any closer at the facade, it starts to crack. I don’t want to give anyone the chance to see what’s underneath. I am the dirty dishes in my sink, the dirty laundry on my floor, all of the unfinished homework and the piles of recycling left to take out and oh fuck I have to sweep the floor I have to change the sheets I have to respond to so, so many messages-

You don’t care about that, that’s not what you came to see. I am nothing if I’m not liked, if people don’t think that I’m cute and funny and helpful and quirky and good. I need to be good. I need you",,disorganized,general
s3keh4,Neighbor Update,datingoverthirty,500,179,0.88,https://reddit.com/r/datingoverthirty/comments/s3keh4/neighbor_update/,2022-01-14,CandleQueen90,"HE AIN’T IT YOU GUYS.

When he said he didn’t want anything serious, that was enough. But I did consider casual with him, because he’s attractive, and has been really kind and respectful in all of our interactions. I also am open to casual. I’ve been single for 8 years. Up until somewhat recently, casual was all I wanted. I’m fearful avoidant and do not relationship well. I think I am in a better place and am really hopeful I can navigate relationship territory, but I digress- casual is totally an option for me. 

THEN HE TEXTS ME THIS GEM:

“So pansexual huh. You’re just a wild one. Here I was thinking you’re an innocent nerd who had a wild night and ended up with a child. I guess you can’t judge a book by it’s cover.”

I’m a lil shocked, and don’t know where to even begin with this text, the offensiveness is layered.

Needless to say, I will be pursuing nothing with neighbor.

Now to plan a meet with Mr. Long Distance.",,disorganized,general
sgg7t6,Pulling away from everyone when you have problems with just one person,FearfulAvoidant,440,29,1.0,https://reddit.com/r/FearfulAvoidant/comments/sgg7t6/pulling_away_from_everyone_when_you_have_problems/,2022-01-30,roseky17,I’ve noticed I have a habit of pulling away from all relationships whether platonic or romantic when I’m having problems in a relationship with one person. Specifically when I feel betrayed by someone and it’s making me question my worth. Does anyone else experience this? Unspecific deactivation basically.,,disorganized,general
p64y7b,A few lessons I learned in therapy after exploring my relationship with a fearful avoidant ex…,BreakUps,393,108,1.0,https://reddit.com/r/BreakUps/comments/p64y7b/a_few_lessons_i_learned_in_therapy_after/,2021-08-17,kitsimis,"For my fellow redditor with FA exes…

Some facts:
- Yes, the person probably loved you. 
- It is normal to want more emotional intimacy as time goes on. You were not crazy or asking for too much. 
- People can self-sabotage relationships out of fear of emotional depth and they won’t even know it. You’ll hear excuses like, “I just suddenly realized that I’m not over my ex”, “I just lost feelings suddenly”, “I don’t think I’m attracted to you anymore [suddenly]”. They’ll probably be confused about why they’re suddenly losing feelings overnight too because they lack self awareness. 

They’re probably grateful for you because you taught them that it’s okay to be vulnerable with someone. They might’ve learned from you that the world is a bit safer than how they perceived it before meeting you. You gave them something special and changed their lives drastically. This probably freaked them out a little. 

 They’re probably scared of and intimidated by your emotional maturity. Even if they stayed, you would’ve found yourself in conflicts over this (ie them feeling inadequate compared to you and undeserving of you, putting you on a pedestal, feeling resentful about not matching your self aw",,disorganized,general
1c7ay4k,Me (23M) and my wife (23F) are Moving Out of My Parents (46M and 44F) House Against Their Wishes. Mom is very difficult. How do I control this situation?,relationship_advice,390,223,0.9,https://reddit.com/r/relationship_advice/comments/1c7ay4k/me_23m_and_my_wife_23f_are_moving_out_of_my/,2024-04-18,csbhullar5,"This is going to be a long one, and it will have a lot of backstory, so bear with me here.

My wife and I have been married for 8 months, and have been living with my parents while attending graduate school. Before getting married, my parents helped a ton with our wedding, and offered us the chance to stay with them as long as we needed, rent-free, in order to save up as much money as possible and buy a house. We live in a very high COL major city, and houses are north of $1 million. However, living at home after marriage has not been easy due to several dynamics.

My mom and wife have had a very hot and cold relationship since they have met. Since she moved in, my mom has been highly critical of my wife, both privately to me, and in front of my wife. She has criticized her cleaning ability, her family's (my in-laws') cleanliness, her willingness to work hard, her commitment to ""family values"" (more on that later), her personal hygiene, and her treatment of me. This is all what comes to mind in the moment, and I am sure I am missing a lot. Mom believes my wife has ""changed me"" and made me less involved with my family, and turned me into an ""unclean person.""  She called my wife a fi",,disorganized,general
1i02xnr,How I’m (successfully) dealing with my avoidance,FearfulAvoidant,372,87,1.0,https://reddit.com/r/FearfulAvoidant/comments/1i02xnr/how_im_successfully_dealing_with_my_avoidance/,2025-01-13,Any-Sorbet8646,"I’m an FA who usually leans anxious and I’ve been battered in relationships by the crazy-making behavior of unaware avoidants. So it’s been interesting to see my own avoidant tendencies come up in a new relationship. 

This is the best person I’ve ever dated. She’s kind, smart, supportive, creative, beautiful. So of course I found myself pushing her away in little ways, second-guessing myself, finding flaws in her, etc. 

So here’s what I’ve done. Mostly nothing. Mostly I have been noticing my thoughts and not reacting to them. And sometimes I’ve told her: this is different for me and it’s triggering me (she’s not stupid, she could tell) and that allowed us to talk about it and not ignore it. And she’s been scared sometimes, too. 

But mostly I’ve been noticing without panicking. So when I’ve felt neutral or a little turned off I haven’t allowed those feelings to become the truth of how I feel. Those are just passing weather patterns. 

It’s hard to explain. We just communicate very well, we repair very quickly when someone feels hurt, we laugh a lot. We’re kind. And this weekend I fell in love with her again. And I feel like I have finally met my person. And it’s so different to b",,disorganized,general
1f5yz0q,Please stop saying that men always come back. No they don't.,BreakUps,372,245,0.97,https://reddit.com/r/BreakUps/comments/1f5yz0q/please_stop_saying_that_men_always_come_back_no/,2024-08-31,TonightSalad,"It can be really frustrating, hearing people talk about how men always return. That honestly isn't true. I wish people would stop giving false hope to those who desperately wish that their person would come back, when they have no intention of doing so. Some men are stubborn, even if they are in the wrong, even if they feel regret, even if they miss you, they aren't going to come back to you no matter what. 

Just because there's a higher chance that they'll come back then a woman would come back, doesn't mean all men will come back. 

How do you ladies feel who do have a guy that you wish would come back, but never has; how do you feel whenever you see comments like this? 

Are there any of you who never expected a guy to come back after a long time has passed but he did come back in the end? 

My guy said that we would never talk again and blocked me *everywhere*, because he was too scared to try again. He is a fearful avoidant and I just honestly cannot imagine that there is a day in the future where he's going to unblock me and try to communicate with me. I think he's way too scared for that even if he wanted to. He would just take the L if he wanted to come back and just move",,disorganized,general
12t23al,Avoidant broke up with you out of the blue? Read this.,BreakUps,349,201,1.0,https://reddit.com/r/BreakUps/comments/12t23al/avoidant_broke_up_with_you_out_of_the_blue_read/,2023-04-20,Substantial-Royal404,"This happened to me a few months ago. A seemingly strong, healthy relationship, albeit with a few fixable issues, was ended in the flick of a switch by my fearful avoidant ex. Ouch. And of course it would be silly to pin that all down to ‘attachment styles’ but I do think they play a role and, when an anxious person like myself is completely blindsided and shattered by a breakup, it helped me immensely looking into this. 

This article (and website) is absolutely brilliant at putting into words how a fearful avoidant feels and acts during and after a breakup:
https://www.freetoattach.com/breakups

The ways that anxious and avoidant people love and breakup are fundamentally different. To see my avoidant ex seemingly tickety boo immediately after the breakup pulverised my already bruised heart, yet, for my overthinking brain this article was indescribably helpful in narrating their side of the story. If you can relate to me, I highly recommend giving it a read :)",,disorganized,general
urfhak,is it your attachment style or actually because:,FearfulAvoidant,313,7,0.99,https://reddit.com/r/FearfulAvoidant/comments/urfhak/is_it_your_attachment_style_or_actually_because/,2022-05-17,jasminflower13,,,disorganized,general
wiz50p,so helpful in being more secure,FearfulAvoidant,310,5,1.0,https://reddit.com/r/FearfulAvoidant/comments/wiz50p/so_helpful_in_being_more_secure/,2022-08-08,jasminflower13,,,disorganized,general
1oyod4f,Fearful Avoidant - Why we do what we do,BreakUps,300,382,1.0,https://reddit.com/r/BreakUps/comments/1oyod4f/fearful_avoidant_why_we_do_what_we_do/,2025-11-16,Murky-Bus-5922,"I saw a post recently talking about being the avoidant ex and dumper. A lot of it was good information but, there’s no real posts about fearful avoidants or they’re completely wrong.

I’m going to try my best to explain.

This feels like a betrayal of the group of people I am grouped with. The misconceptions need to stop.

———

For context, I am a fearful avoidant (healing). I have been going to therapy for about a year. I take accountability for my actions and it’s been hard recognizing how much I’ve hurt people due to how I am.

I am dating a self-aware fearful avoidant. She’s the best. She doesn’t know I wrote this but, maybe this will help her one day.

———

I used to get bullied a lot due to my quiet and shy nature. One of those bullies became one of my only friends. A couple weeks after we graduated, I found out he died in a horrible accident through instagram.

It’s been a long time since that happened and I am young but, I think back how many times he cared for me and I simply was never there. I never attended his funeral out of guilt, am haunted by it and I owe it to him to share this.

The last thing he ever said to me was: “Stop running and learn how to grow”.

Rest in p",,disorganized,self-reflection
somtcr,Is it deactivation or am I not interested anymore?,FearfulAvoidant,290,80,1.0,https://reddit.com/r/FearfulAvoidant/comments/somtcr/is_it_deactivation_or_am_i_not_interested_anymore/,2022-02-09,hp3131,"I’ve been dating my current boyfriend for four months. I haven’t noticed any red flags, and our values/futures seem to align pretty well. 
In the first couple months, we didn’t communicate every day, which gave me anxiety. This kept me interested in him, as I was constantly consumed with “when is he going to reach out” thoughts. I finally let him know I needed more communication, which he was happy to do. Now that we are communicating more often, all of those anxious thoughts have subsided leaving me to feel kind of…bored? I don’t know how else to describe it, but I’m sure it’s healthier to feel this way. 

My issue is that now, every time he mentions something that sounds like a “relationship milestone” I want to distance myself from him. (Ex: meeting his family, becoming more integrated in his friend group, keeping clothes at his place, etc.) I just blatantly do not want to do it. I even started telling him he doesn’t need to call me every day we don’t see each other (which is what I wanted in the first place?!). 

Has anyone else experienced this? How do I know if I’m deactivating or if I genuinely am not interested in pursuing a long term relationship with this man?",,disorganized,general
shg2zb,"Gentle Reminder: You are not your Attachment ""Style""",FearfulAvoidant,273,22,1.0,https://reddit.com/r/FearfulAvoidant/comments/shg2zb/gentle_reminder_you_are_not_your_attachment_style/,2022-01-31,[deleted],"Attachment theory is amazing and gives us such insight into human personalities and relationship dynamics, but please remember to take a break from all this and remember that you are an adaptive living being above all else. 

I think this is immensely important for us. We are often labelled the hardest most problematic attachment style. There is some romanticizing of AA and DA that FA will never get (and I'm not saying we should) where AA is seen as this consistently needy but loving person who means well and DA is this consistent free bird that is just afraid of being suffocated but once they feel safe can be oh-so-loving. We all know FA is not just ""a mix of AA and DA"", it's much more complicated than that. And sometimes this complexity can make someone who leans FA to feel lost, marginalized, not-yet-understood. I've struggled to find books that specifically shed light on FA. Before finding Thais Gibson's videos, ""Attached"" by Dr. Levine et.al left me feeling so confused and thirsty because the authors focus solely on SA, AA and DA and I didn't fully feel seen in any of those chapters. Then when I do find sources online it's mostly ""This is by far the most complicated attachment",,disorganized,general
1juf6gp,"As a healing FA, dating another FA and it gave me a new level of understanding",FearfulAvoidant,269,48,1.0,https://reddit.com/r/FearfulAvoidant/comments/1juf6gp/as_a_healing_fa_dating_another_fa_and_it_gave_me/,2025-04-08,dumbcaramelmacchiato,"It took me a lot of years of hearing from a long-term partner that I made him feel emotionally unsafe for me to get over my defensiveness, go to therapy, find out I am fearful avoidant, and start working on it. That partner and I separated last year, but I’ve been in therapy for close to 2 years now and thought I was about to “graduate.”

I fell hard for a friend of a friend a few months ago. We met at a get together and there was an instant connection. I wasn’t looking for anything serious at the time, but we shared this really intense emotional and physical intimacy right away and it really sucked me in.

It’s the first time I’ve really put myself out there in an honest way and consistently tried to show up rather than emotionally distancing myself when I felt like I could get hurt. It actually felt really good.

But you know what happened – he would initiate a lot of closeness but then would disappear afterward every time. It felt like I was trying to date my past self and I finally deeply understand all the complaints. How the relationship felt entirely on his terms, the emotional whiplash, how he would pull away at the most confusing moments, the sudden withdrawal of touch/int",,disorganized,self-reflection
1c7076d,This is for you if your ex is a fearful avoidant,ExNoContact,264,105,0.99,https://reddit.com/r/ExNoContact/comments/1c7076d/this_is_for_you_if_your_ex_is_a_fearful_avoidant/,2024-04-18,BunRecruiter,"Most fearful avoidants grew up in abusive and dysfunctional households where high degrees of parentification and enmeshment can be observed. In these cases, the parents are often the source of safety and fear at the same time. When there are lots of chaos and inconsistencies in the household, children cannot predict what will happen next and whether their needs can be met by their parents. From a survival standpoint, these children learned to be hypervigilant (constantly looking for signs of dangers whether they are real or not). Over time, it makes it hard for them to trust and rely on their parents.

When these children grow up, they most likely carry the same maladaptive behaviors into adulthood and then repeat them across all different forms of relationships. Due to their upbringing, it is very difficult for fearful avoidants to trust others. This fundamental lack of trust keeps them stuck in a negative feedback cycle.

1. Fearful avoidants generally lack trust in other people.
2. These people avoid people who could help, or never even ask for help.
3. They isolate themselves due to not having enough experiences and perceptions of others as positive, safe, and helpful.
4. There",Motivation ,disorganized,general
n9l4v2,The FA Flowchart: me trying to make sense of my deactivation,FearfulAvoidant,252,18,1.0,https://reddit.com/r/FearfulAvoidant/comments/n9l4v2/the_fa_flowchart_me_trying_to_make_sense_of_my/,2021-05-11,cornucopacabana,"Hi everyone,

I'm a FA. I made a flowchart of what it's like for me when I deactivate-- and some strategies for getting out of it.

Hopefully it helps some of you, too. And feel free to make suggestions for branches.

https://preview.redd.it/sd5txq2y4ey61.png?width=3196&amp;format=png&amp;auto=webp&amp;s=00960e901155a40256b63b8add7a13bf2847642f",,disorganized,self-reflection
rp01bh,I just went through the hardest bout of deactivation I had to battle through ever and my boyfriend helped me out to the other side.,FearfulAvoidant,236,14,1.0,https://reddit.com/r/FearfulAvoidant/comments/rp01bh/i_just_went_through_the_hardest_bout_of/,2021-12-26,umyshawty,"Man, healing as an FA is so fucking difficult. My therapist even says I’m mostly secure at this point. 

I’m not going to go into my history for sake of brevity, but basically, I am healed enough to have worked out of the fog of getting myself into blatantly wrong relationships out of self-sabotage/self fulfilling prophecies, etc. Now, I know what I deserve and have much better boundaries, etc 

I’m in the relationship I want to be in for the rest of my life right now with a guy who is simply incredible. We went through a really rough 2 weeks- timing wise it’s on track with my pattern of FA tendencies to act up. 

My lizard brain tried its fucking hardest to just tell me everything that’s wrong, all the reasons why my boyfriend is actually horrible, and tried so so hard to get me to deactivate. It was by far the hardest I’ve ever experienced in any relationship- at least in my past relationships I was so self-inflicting that it made SENSE when I wanted to just run away- most people would have!

This time, no. I experienced debilitating anxiety from cognitive distortions and dissonance and fallacies. I fought so so so so hard, some days all I did was stay above water with the help o",,disorganized,self-reflection
1igu7nq,Read this if you need help healing from a blindside breakup by an avoidant,BreakUps,230,161,1.0,https://reddit.com/r/BreakUps/comments/1igu7nq/read_this_if_you_need_help_healing_from_a/,2025-02-03,Degenerate_Rambler_,"For those who do not know what an avoidant is, but you have experienced a blindside breakup while the relationship seemed healthy, you may want to familiarize yourself on the topic by starting here: [https://www.instagram.com/coach\_ryan\_h/reels/](https://www.instagram.com/coach_ryan_h/reels/) 

For those who are already familiar with fearful avoidants and dismissive avoidants, the following lessons are for you:

First, understand that you did nothing wrong. Avoidant deactivation is a feature, not a bug. The earlier that deactivation occurs, the better for your emotional health. Do not ruminate on ""I should've done this better or not crossed that boundary."" Yes, you should have crossed their boundaries, because you triggered the trap sooner, which benefited your sanity long term.

Here's an important exercise for healing: Visualize your future spouse, and how that spouse would treat you, support you, comfort you, and make you feel secure. Then contrast that feeling with what your avoidant ex did to you, and tell yourself, ""My wife would never have done this to me."" Or ""My husband would never have done this to me."" Let it sink in that this person was not meant for you. Repeat this",,disorganized,general
9rlc4z,Fearful Avoidant attachment style,datingoverthirty,228,87,0.97,https://reddit.com/r/datingoverthirty/comments/9rlc4z/fearful_avoidant_attachment_style/,2018-10-26,fistfulloftosca,"Is anyone else here a fearful avoidant? I suspect I am. It is primarily why I have been single and haven't had an actual LTR in 10+ years.

Here are the ways in which it messes with me:

* People who are into me scare me off. Their intensity is too high, and I feel smothered instantly.
* I get very obsessive and anxious over people who are distant-avoidant. I am not even sure IF I ACTUALLY LIKE THEM, but their distance drives me insane.
* I am very prone to getting feelings for people who aren't available; people already in relationships, therapists or coworkers, or people long distance (in my 20s I had a ton of LDRs)
* I prefer the fantasy of love to the actual deal
* I come off as very aloof and uninterested initially with almost anyone
* I am fearful of romantic interests taking over my life and squashing my independence

Does anyone have any insight? When I am dating someone and I like them, I find myself deactivating them constantly, but if they suddenly cool on me then I get obsessed with gaining reciprocation. I am not BPD but sometimes I FEEL BPD because my feelings are so conflicted.",,disorganized,self-reflection
rs2kh6,Living alone and loneliness,datingoverthirty,220,120,0.96,https://reddit.com/r/datingoverthirty/comments/rs2kh6/living_alone_and_loneliness/,2021-12-30,kitrichardson,"Hello folks. Long time lurker first time poster. 

A bit of context: I (34F) have chosen to live alone most of my life. From shitty bedsits to my now cozy flat, it just always felt right to me. I'm a relatively sensitive person, and I found my mood was quite anchored on how my flatmates were doing and how they were taking up the space. I would find I'd be super affected by their daily vibes, and the social benefits largely dwarfed by the general discomfort.

Anyway, I'm single and have realised that I desperately need to take some time away from dating - even though (_because_) it absolutely terrifies me and I'm prone to pretty aggressive bouts of loneliness/""I have failed as a woman"" spirals. I'm recovering from Complex PTSD and one of those awesome fearful avoidant types who push away good people and then panic when they leave. Big love to all the other people who have to cope with this - it really does blow.

The crux: As I've done more therapy and work on healing myself, I think I'm realising that living alone probably works less and less in my favour. In fact, I'm wondering whether, in a way, it was always an expression of my avoidance and frazzled nervous system - closeness w",,disorganized,general
og2t3f,"What is the ""ick"" feeling that FAs get?",FearfulAvoidant,217,61,1.0,https://reddit.com/r/FearfulAvoidant/comments/og2t3f/what_is_the_ick_feeling_that_fas_get/,2021-07-08,ibeendirt,"I (FA/ AP if I'm with an avoidant), tend to run away from guys who show too much interest too quickly (unless they're unavailable). And by too much interest I'm talking about when we are on a first date with a new guy, and he maybe flirts with me before I'm ready to be flirted with, I get a strong ""ick"" feeling of repulsion, like the weight of his romantic expectations suffocates me, and I get this urge in my legs to run away and never see him again before I've even gotten to know him. To be clear i don't care if people I'm not on a date with flirt with me, I know how to handle it and don't get that ""ick"" feeling unless they're really over the line. 

From what I've read that feeling matches up with ""fear"" the most. But fear of what? I can't be scared of being rejected, because I'm not yet interested. I can't be scared of being hurt because I'm not attached. What could this fear be connected to? Is it the fear of not being able to uphold my own boundaries? 

The closest explanation that I've found is that when there's an emotionally available person who's interested in me, i might be too scared to show them the ""real me"" if i didn't ""work for it"" because deep down I might believe t",,disorganized,general
143tcy4,Fearful avoidant rumination,FearfulAvoidant,217,48,1.0,https://reddit.com/r/FearfulAvoidant/comments/143tcy4/fearful_avoidant_rumination/,2023-06-07,lifeheadcanon,"Exactly the title. Fearful avoidant rumination. The constant drag of stories, projections, fears, everything that crops up in your head when your FA wounding rises to the surface.

Has anybody found any tactics on keeping it at bay, particularly when you're not doing anything and just trying to relax? I've tried meditation and getting my mind off things through hobbies and other activities but it's like the rumination is this huge gravity that pulls me away from whatever I'm trying to enjoy, back down onto my bum, eyebrows low, head loud.",,disorganized,general
ocp2ez,FA becoming secure,FearfulAvoidant,206,18,1.0,https://reddit.com/r/FearfulAvoidant/comments/ocp2ez/fa_becoming_secure/,2021-07-03,Cold-Evidence-1740,"After reading posts by others with FA, I realised that my patterns are slowly changing into secure so I'm here to share what helped me in case anybody is curious.

My whole adult life I had FA attachement in close relationships. I grew up in an emotionally abusive household and didn't have much luck with longterm relationships. I always looked for partners that demanded the least amount of emotional investment from me (so either anxiously attached partners who were devoted despite me being distant or dissmisive partners who weren't invested themselves). 

Be it by luck or chance, I came upon another FA and didn't even know it. Because I had more avoidant tendencies and he had more anxious tendencies at the time, we hit it off per our usual patterns. But then something interesting happened - he understood and accepted my distancing when it happened, without putting any emotional pressure on me. I realised he understood them because before me he was usually the more avoidant one. We started talking about our patterns and learned a whole lot about eachother before they even came into more serious play. 

I explained to him everything about my most common fears (of it not working out,",,disorganized,general
1dro49v,My Experience With a Fearful Avoidant,ExNoContact,204,124,1.0,https://reddit.com/r/ExNoContact/comments/1dro49v/my_experience_with_a_fearful_avoidant/,2024-06-29,Dry-Measurement-5461,"Eighteen years ago, I decided that I had had enough of failed relationships.  Admittedly, I was the reason for the failures.  I was immature and preferred partying all the time to building a healthy relationship with someone.

Four years ago, I met a woman at my workplace.  We were on the same team in a very complex technical role and found that we worked very well together.  While our individual skillsets complimented one another, it was our work style that stood out.  We would laugh, make jokes and occasionally rib one another, but it was usually us vs. the world.

She had a boyfriend at the time.  She had expressed that their relationship was toxic and she had irreconcilable issues with this person and his previous marriage and kids.  Essentially, she felt more like a side piece than a girlfriend.  In retrospect, I am sure I contributed to their ultimate breakup because I was an available monkey-branch option.

Ultimately, they broke up.  About a month after, we began to discuss getting romantically involved, but we still worked together and that is ALWAYS a bad idea.  Given the time we had spent working together and my cautious nature, we held off until she found another job wi",,disorganized,general
1nsticy,"For those of you who lost relationships because of this attachment style, how do you move forward?",FearfulAvoidant,180,147,1.0,https://reddit.com/r/FearfulAvoidant/comments/1nsticy/for_those_of_you_who_lost_relationships_because/,2025-09-28,drabThespian,"Especially when the person that left you/you left was genuinely good. I'm learning to cope with it but I think it's always going to hurt a little. I couldn't tell if our incompatibilities were valid or if I was just feeling too vulnerable and scared, now looking back on things I feel like they were fixable but self sabotaged so hard. We had an on and off relationship that was starting to crack... wish we could start over.",,disorganized,general
so3ibg,"Have you ever gotten over ""the ick""?",FearfulAvoidant,178,134,1.0,https://reddit.com/r/FearfulAvoidant/comments/so3ibg/have_you_ever_gotten_over_the_ick/,2022-02-09,[deleted],"Specifically, becoming repulsed by a partner for a long period, and later feeling attracted and in love again.",,disorganized,general
skumh2,I’m glad this has a name,FearfulAvoidant,175,15,1.0,https://reddit.com/r/FearfulAvoidant/comments/skumh2/im_glad_this_has_a_name/,2022-02-05,I_AM_VERY__LONELY,"I’ve always had issues with consistency in my feelings for people, going from super clingy to being quite intimacy averse and isolating myself. I thought it was just a me thing, but I identify with quite a lot of the stuff here and elsewhere. I’m rly glad to see there’s a community and support available. Ngl I was just at the point of accepting that I was stuck like this, and I was figuring out ways to work around it, but knowing there’s ways to mend things is really good.

Not rly a point to this post, just happy to be here 🤩",,disorganized,general
zopsch,The battle with loneliness as a FA,FearfulAvoidant,174,36,0.99,https://reddit.com/r/FearfulAvoidant/comments/zopsch/the_battle_with_loneliness_as_a_fa/,2022-12-18,[deleted],"I’m sitting in my living room feeling so sad and lonely, feeling like I will never find a healthy partner. Anytime a man tries to initiate conversation or ask me on a date, I reject or avoid it. 

I crave connection but to connect requires vulnerability and I just can’t do it. It makes things so hard. 

I’m extremely lonely and know that my attachment style has a lot to do with this. 

Do any other FA’s here battle with constant loneliness?",,disorganized,self-reflection
1n3dwx7,How do you do relationships,FearfulAvoidant,170,61,0.98,https://reddit.com/r/FearfulAvoidant/comments/1n3dwx7/how_do_you_do_relationships/,2025-08-29,ValueTraditional9184,"Hi Im 27f just realized I’m FA and I see my whole life differently now. They weren’t joking with the “it’s not you it’s me” line.. I’m starting to get into a serious relationship for first time and holy shit I am physically and mentally unwell. Talking about my feelings/ being vulnerable (I said mine over text, we’re LD) I was hyperventilating, uncontrollably sobbing and threw up….I wish I was kidding I was shocked my body had such an intense reaction and ofc now I’m worried more for him to see this and change his mind. Ik I sound dramatic but I feel like a lot of moves I make  in effort to be better end up being wrong and I’m only able to see it after the fact. How on earth do people get through this in relationships?",,disorganized,general
sf2fx8,Why not just stay alone VS being in a relationship?,FearfulAvoidant,168,65,1.0,https://reddit.com/r/FearfulAvoidant/comments/sf2fx8/why_not_just_stay_alone_vs_being_in_a_relationship/,2022-01-28,_Magic_fox_,"Hey everyone, 

I am FA (F33). The only times I really feel peace in my mind is when I am alone (as in: travelling alone, spending a day alone, going on a walk alone). Relationships for me are always stressful, painful and I find it incredibly hard to get out of my head and relax while with my partner.

Yet I've always been in relationships since the age of 15. I often wonder: Wouldn't I be happier alone? 

I am interested in hearing if you other FAs asked yourself the same question and if so, what was the answer?",support/encouragement,disorganized,general
1lvipje,I’m exhausted from myself.,FearfulAvoidant,165,70,0.99,https://reddit.com/r/FearfulAvoidant/comments/1lvipje/im_exhausted_from_myself/,2025-07-09,Naive_Spray_2421,"Growing up, i always thought i was anxiously attached. i fell hard, became obsessive, jealous, and codependent. my longest relationship was 4 years- we lived together after we graduated college. when it ended mutually, i began having immediate rebounds and fell into an avoidant pattern. For the past 3 years, i feel like i have genuine feelings for someone, we date for a few weeks, and then i pull away cause either i get the ick or i wake up randomly feeling completely detached and i end things. it’s happening again and i feel awful because i thought i was doing things differently this time. i was taking things slow, and i told him from the beginning i needed to be cautious. but now im just exhausted from what seems to be my own self sabotage or being untrusting of myself. i want love, i crave love, but it always dissipates and disappears. i often feel lonely and want someone in my life, but then im the one who pulls away. alternatively, i chase the people who want nothing to do with me and get upset that no one wants me. i don’t understand and i don’t know how to cope or move forward with anyone. clearly i have a lot more healing to do, but i don’t know where to start. i’ve gained",,disorganized,general
1180khz,The thought of vulnerability makes me feel sick,FearfulAvoidant,165,11,1.0,https://reddit.com/r/FearfulAvoidant/comments/1180khz/the_thought_of_vulnerability_makes_me_feel_sick/,2023-02-21,Frequent_Cream4333,"So I'm 23M, single and all that standard stuff. I've been FA my entire life, due to emotionally immature and alcoholic parents. Never had my needs met (beyond making sure I didn't die), always felt forgettable and inadequate. I've also always been pretty self-aware about myself (I was around 9 or 10 when I understood I'd need to work hard to avoid repeating the cycle).

I recognise when I'm avoiding something. 'I'm too much of a burden right now', 'I need to work on myself more', 'I have to love myself first'. On one level, I'm being honest with myself there - I *do* want to be in a better position before getting into a relationship. But those are also clearly avoidance strategies - 'I'll do it later'.

Even at the times when I feel somewhat in control of my avoidant and my anxious thoughts and behaviours, I feel like 'too much' for someone else. The theory only ever goes so far, and at a certain point you have to step out of your comfort zone. You only need to be *ready* to take that leap, right? Ready to put the hard, uncomfortable work in? I can keep going when shit gets tough but if someone held me in their arms, I'd break down in tears. That would be the good response.

Does a",,disorganized,general
sc079h,"In every relationship I’ve been in, I get this lingering feeling there’s someone better (more compatible) for me and someone better for my partner. Is this a fearful avoidant thing? A way of staying slightly disconnected? Or am I with the wrong people?",FearfulAvoidant,159,22,0.99,https://reddit.com/r/FearfulAvoidant/comments/sc079h/in_every_relationship_ive_been_in_i_get_this/,2022-01-25,Lashleyhowell,,Want Opinion/Advice,disorganized,general
q8f01h,Is it really true that I have to be hot and cold to hold down a relationship?,dating_advice,159,256,0.83,https://reddit.com/r/dating_advice/comments/q8f01h/is_it_really_true_that_i_have_to_be_hot_and_cold/,2021-10-15,Murky_Primary_1947,I’ve heard people say that to be able to keep a woman interested that I have to show interest but then pull it away is that true?,,disorganized,general
1eg89bb,Self aware Fearful Avoidant - Ask me anything.,BreakUps,153,324,0.99,https://reddit.com/r/BreakUps/comments/1eg89bb/self_aware_fearful_avoidant_ask_me_anything/,2024-07-30,rachlilliandalt,"If you’re feeling lost/confused about what happens internally for a FA, I have been doing deep work for 7 years and counting and have a lot more clarity around my experience. I have also been on the receiving end of a relationship with someone who is FA and unaware. I am still learning but would love to provide any solace or clarity I can to those who are struggling to understand such a unique attachment style.",,disorganized,general
likprm,Let go,dating_advice,152,23,0.99,https://reddit.com/r/dating_advice/comments/likprm/let_go/,2021-02-12,Secret_Side_0101,"When someone is always one foot out of the door, just let them go.
You don't want a hot and cold relationship that will leave you when they want and come back when they feel like it. 
Have some respect for yourself. If it happens once, okay give them a chance, but if it happens again let them go. You are not a fool to just wait around until they become whole. Let him/her find their self and you move forward. 

I did that today.
No regrets.",,disorganized,general
ef5f6y,Importance of Knowing About Adult Attachment Theory (Life Changing),dating_advice,151,28,0.96,https://reddit.com/r/dating_advice/comments/ef5f6y/importance_of_knowing_about_adult_attachment/,2019-12-24,harryhoudini66,"I have wanted to make a post like this for some time now. I was just not sure in which sub it would make more sense. This topic could easily be in the self-improvement sub, seduction sub, relationship advice and codependency subs that I frequent. However, after some serious thinking I believe that this is the best place to start.

Before I share this information, I want to let you all know a little about myself. I came from a very difficult upbringing. Growing up I was a victim of verbal, physical and emotional abuse by both parents. Although I had both parents for most of my life, I was emotionally abandoned by them. I was basically raised by TV and movies.  The neighborhoods that I grew up in where also some of the toughest in Los Angeles. I saw routine acts of violence almost daily. It was because of this upbringing that I developed what is known as an Fearful Avoidant (think Goodwill Hunting) Attachment style. Another consequence of this upbringing was believing that all of this was normal.

Keeping it short, I had a hard time connecting with people. Many people would describe me as a quite introvert. Aloof is another common word use to describe me. I felt far more comfortable",,disorganized,general
snbib4,"Increased intimacy, decreased attraction",FearfulAvoidant,150,43,0.99,https://reddit.com/r/FearfulAvoidant/comments/snbib4/increased_intimacy_decreased_attraction/,2022-02-08,gandalfAF,"Does anyone else consistently experience decreasing attraction to a [potential] partner as intimacy increases? Can this be caused by attachment issues?

Ex., by the time sexual acts are going down, feeling aversion?",,disorganized,general
1ppkro8,I broke no contact and it did not go well.,BreakUps,150,100,0.98,https://reddit.com/r/BreakUps/comments/1ppkro8/i_broke_no_contact_and_it_did_not_go_well/,2025-12-18,Altruistic-Cover6877,"I was dating a fearful avoidant guy for 9 months. Since 3 months in he always worried about us not working out because of any imagined reason he could think of. Well after 2 breakups and reconciliations he finally broke up with me for the big one this last November. I lean more anxious so I always tried my hardest and would drive an hour and a half each week to him there and back. 

It was about a month now and I was reading that he would be in a turned off stage and feel happy the pressure is gone and that he would feel the decision is right. I just felt I couldn't live in that limbo anymore.

I reached out to him today and he said he was sure about it, said he felt the pressure was gone, told me he felt like he had to babysit my emotions. Not once did he take accountability even when I did. He broke my heart and through all of it I thought he would be different. Im done now I think. I cant do it, the level of cruelty and indifference I just felt from him was unworldly. 

I dont know how a person can just throw away someone who was patient, kind, and always tried their best to make it work. I am by no means perfect but I always wanted to try and be better. 

Im just really hurt ri",,disorganized,partner-perspective
sgcntl,unable to fall in love?,FearfulAvoidant,147,54,1.0,https://reddit.com/r/FearfulAvoidant/comments/sgcntl/unable_to_fall_in_love/,2022-01-30,[deleted],"Has anyone else experienced this as an FA?

 I'm 27, put myself out there and dated a lot but have realised I was subconsciously unavailable - rejecting people for no reason and saying no to second dates with interesting people, on the assumption it won't work out.

With the people I've dated, usually DA, I've never actually fallen in love. My feelings of infatuation rarely appear, and when they do, they disappear quickly in early dating. I always always question whether I like someone or am forcing it. 

I've met someone I could see myself building a life with, but am currently unsure if I'm actually going to be able to fall in love with him. Despite us having a deep connection and physical attraction, part of me isn't as interested as I should be. I was infatuated shortly at the beginning, and do enjoy the time I spend with him. 

Can anyone relate? How do you induce the feeling of bering ""in love""? I've been being very truly vulnerable but am not feeling the love/infatuation yet. Maybe it's as simple as me not meeting the right person, but I think it's likely attachment related.",,disorganized,self-reflection
1emcu6h,Karma is real!,ExNoContact,147,19,0.98,https://reddit.com/r/ExNoContact/comments/1emcu6h/karma_is_real/,2024-08-07,DiscretionIsBetter,"I’ve lurked in this sub for months, and wanted to say all of you sharing your stories has helped me stay strong. I’m 58 days into NC now and about five days ago, finally reached the point where if I never see her again, I won’t be sad about it. 

TL;DR, I (39M) was discarded by my Fearful Avoidant ex (45F) who, just 12 hours after we split up, was in a relationship with the guy she’d been grooming as a monkey branch. 

Last night, I went out with a friend who had already been on dates with the monkey branch before he started seeing my ex! She said he’s the dullest, most excruciatingly cringey man she has ever met and wanted to climb out of the bathroom window 10 minutes after meeting him.

Here’s the karma: A month after my ex and this dude became a couple, he started messaging my friend asking to go out on another date. She showed me the message and it’s clear to my eyes that he’s already looking to move on from my ex to someone else. 

Sometimes, friends, you don’t need to make your own karma, just be patient and let the universe reorient itself towards balancing all things out.",Motivation ,disorganized,general
sdh4nk,Consistency as a priority for us Fearful Avoidants?,FearfulAvoidant,145,47,1.0,https://reddit.com/r/FearfulAvoidant/comments/sdh4nk/consistency_as_a_priority_for_us_fearful_avoidants/,2022-01-26,[deleted],"DAE who is FA find consistency extremely important? Being a toddler in a scary home with domestic violence, then death of one parent, then growing up in poverty with a single parent who was always afraid and dysregulated, my system learned that sh*t can hit the fan any time and to never get comfortable, to constantly look over my shoulder, never knew which version of my parents I'd get in any given day. 

I grew up in fear without solution which basically summarizes FA. 

I understand I'm responsible for healing my trauma as I see how being FA fucks up my life left and right. 

But I've found a breakthrough: Consistency is really really important to me. Growing up my parents were both my sources of fear and comfort and it was confusing a f. It has carried on to my intimate relationships where I both desire to be close to whoever I'm dating but I also anticipate they will abandon me, betray me. So  a person in my life has to be extremely consistent otherwise it activates my need to run away and get away from them. All of my dating experience is thematic ( I've dated MANY guys, usually for very short periods of time, it all unfolds exactly the same way). We meet, we feel attraction,",Want Opinion/Advice,disorganized,general
1ktnkcj,Do we hurt the ones that make us feel the most??,FearfulAvoidant,143,66,0.99,https://reddit.com/r/FearfulAvoidant/comments/1ktnkcj/do_we_hurt_the_ones_that_make_us_feel_the_most/,2025-05-23,Clean-Staff-9485,I loved my ex and he wanted to work on things after a break we took because I had been exhausting him with mixed signals and picking arguments. I fell fast for him and then projected reasons for why we shouldn’t try but those reasons are things about myself and not him.,,disorganized,general
1f9h2k9,Accepting it,ExNoContact,141,25,0.98,https://reddit.com/r/ExNoContact/comments/1f9h2k9/accepting_it/,2024-09-05,MajorCry7,"I’m learning that he was fearful avoidant and future faked with me quite a bit. He was a narcissist at times too. But, in his own way, he loved me. And maybe I can just accept that. Cherish the times we had, mourn the future I thought we would have.

I loved him endlessly but truth be told, the relationship drained me. I was in constant anguish everyday from the anxiety he caused me. 

I feel lost without him, but I think it’s because I lost myself in the relationship by trying to always accommodate him. 

I miss him dearly but I think I miss me more. I’m ready to accept this new reality, embrace it, and see what I can do with this life.

“You will find that it is necessary to let things go; simply for the reason that they are heavy.”",Motivation ,disorganized,general
18mm6ub,He ended our relationship because I'm too avoidant,FearfulAvoidant,140,40,0.99,https://reddit.com/r/FearfulAvoidant/comments/18mm6ub/he_ended_our_relationship_because_im_too_avoidant/,2023-12-20,drifted__away,"I'm posting this mostly to just tell someone because I haven't told anyone else and I feel like trash.

I met a guy a few months ago and I really like him. He likes me too. I want to be with him but every few weeks I flip back to the idea that things are moving too fast, I don't want to be exclusive, I'm not ready, etc. and I open up to him and tell him how I'm feeling. I'm also very anxious when we're apart and miss him lots but I think overall it's my avoidance that dominates my brain.

Today we met again and he said that he doesn't want to be part of this because I'm so hot and cold. It sucks, but I respect his decision because I can see how it's not healthy for him.

I really wanted this to work because I like him so much. I wish I wasn't so avoidant. I don't know how to heal from this. This isn't the first time I've been hot and cold with someone but this time I really liked the guy.",,disorganized,general
10x2f1s,Is no contact with a fearful avoidant a good idea?,BreakUps,135,128,0.99,https://reddit.com/r/BreakUps/comments/10x2f1s/is_no_contact_with_a_fearful_avoidant_a_good_idea/,2023-02-08,DeskLampChair12,"It’s been around a week since I went no contact with my fearful avoidant ex after she broke up with me. The breakup was so confusing and she was very hesitant and emotional. I get the sense she deactivated very abruptly once an event occurred in our relationship that took a serious step toward intimacy and true commitment. She couldn’t handle it and had to flee. I have no idea what she is thinking now. I’ve heard all the advice surrounding no contact and I gotta say I think it mostly makes sense. Its so hard not reaching out but I also know that if we were to get back together things would have to be much different or it will just end like this again. On one hand I feel it’s not my responsibility to reconcile or reach out. If she realizes she wants to be with me then it’s up to her to reach out and make the necessary changes on her end to have a healthy relationship this time around. On the other hand i worry that even if she does regret her decision, she won’t reach out due to shame. I’ve watched her mature, grow, and become very aware of her own internal dialogues throughout our relationship and I’m very proud of her. Most of the time this progress happened when she deactivated,",,disorganized,general
14s42fg,How alarming is it not to have a honeymoon phase?,datingoverthirty,130,146,0.85,https://reddit.com/r/datingoverthirty/comments/14s42fg/how_alarming_is_it_not_to_have_a_honeymoon_phase/,2023-07-06,Klutzy_Tomatillo_429,"Before anything else, I care for this man. I want the best for him and myself and don’t know if that’s what we are for one another. 

We (32F 33M) started dating 3.5 months ago. Went exclusive about two and a half weeks in - he initiated and I went along with it although I felt it was a tad too soon. 

We are very different in our hobbies and communication style and very similar in other ways. We’ve had two conflicts by now - admittedly, one conflict was fuel by my own insecurities, second about  made worse by my impulsive reaction (stormed out). I took responsibility for both, apologised, pointed my future actions in a similar situation, and working through them in therapy. 
So, both were solved with open conversation, future looking ending, and mutual choice to continue. 

He meets me where I am even when he’s uncomfortable and I appreciate it very much. I’m dealing with a lot anxiety throughout this relationship, also due to the difference in communication styles (I’m fearful avoidant, he’s secure). But I won’t lie, having two conflicts in 3.5 months seem alarming to me.

Between all of this…. I feel like we haven’t really experienced a honeymoon phase. No crazy click or flowing",,disorganized,general
1e2eeuh,What is your experience in dating with Fearful avoidant?,BreakUps,130,173,0.99,https://reddit.com/r/BreakUps/comments/1e2eeuh/what_is_your_experience_in_dating_with_fearful/,2024-07-13,aguy35_1,"Mine in short: Fast connection, love bombing, moved together quite fast, lived together almost a year. When suddenly she started acting weird, exaggerating minor things or recalling things which i never did(I've started questioning my own sanity). Then she just broke up with me and moved out.

When i learned attachment theory and aligned her behavior and her past with FA traits it was 101% match.",,disorganized,general
11472d1,cbt in relation to trauma (indirectly related to AT),FearfulAvoidant,130,6,0.99,https://reddit.com/r/FearfulAvoidant/comments/11472d1/cbt_in_relation_to_trauma_indirectly_related_to_at/,2023-02-17,jasminflower13,,,disorganized,general
redzu5,Does anyone else feel like a sociopath?,FearfulAvoidant,130,35,0.99,https://reddit.com/r/FearfulAvoidant/comments/redzu5/does_anyone_else_feel_like_a_sociopath/,2021-12-12,throwaway9221011,"When I break up with someone (it has never been the other way around), I feel intense relief and zero remorse. My most recent ex was crying and having a total meltdown when I said I was done, and it took everything not to laugh at the absurdity. It felt cruel. 

Ironically I consider myself a highly empathetic and emotionally intelligent person. I just can't relate to these feelings of sadness after break-up. Tell me this is actually okay and not unhealthy?

Edit: thank you all for your insights and advice.",,disorganized,general
p6fs43,Does anyone else hate having crushes on/being infatuated with people?,FearfulAvoidant,125,13,0.99,https://reddit.com/r/FearfulAvoidant/comments/p6fs43/does_anyone_else_hate_having_crushes_onbeing/,2021-08-18,_MyAnonAccount_,"Crushes don't go well for me. They make me feel anxious until I distance myself from that person until the feelings dissipate. If I can't get that safe distance, the anxiety gets worse and eventually gives way to suicidal ideation. If I still can't cut off, I'll end up massively depressed for a couple of months at least. I've never even considered pursuing a romantic relationship because of how deep my negative feelings towards attachment are.

I've not heard anyone speak about crushes on here though. Is this something others have experienced as well? I've had my platonic feelings towards friends become soured recently upon learning that they work with an old crush of mine. It feels like I can't be close with my friends anymore, just because they know someone I crushed on. I hate the lack of control I feel over these emotions as I watch myself detaching from some of my best friends because of something so harmless.

This post is partly a late night vent/rant and partly me hoping to talk to others with similar experiences. Is this an FA thing? Do other attachment types experience it as well? Cheers in advance for any comments. I mostly just want to feel like I'm not alone, tbh.

**E",,disorganized,general
lkvdpx,Insecure VS secure,FearfulAvoidant,123,5,0.99,https://reddit.com/r/FearfulAvoidant/comments/lkvdpx/insecure_vs_secure/,2021-02-16,jasminflower13,,,disorganized,general
1gxzmzv,Opening up is a gamble.,FearfulAvoidant,122,35,0.99,https://reddit.com/r/FearfulAvoidant/comments/1gxzmzv/opening_up_is_a_gamble/,2024-11-23,ShamansShaft,"Ever heard of self-fullfilling prophecies?

When your partner tries everything in the relationship to see what is under your mask. When you try to keep up the stonewall around your heart and they literally want to break it. They sense there is something behind all the coldness, the avoidance, the fake-confidence.

You meet a person and they are genuinely interested in you. They fall in love with your appearance, your presence, your charme, your masks. But you know, they don't fell in love with *you.*

You keep them at distance. They think you are mysterious, hard to break, an adventure. Every new little thing that you do is a surprise for them. You appreciate how interested they are in how you live and think. They want to know everything. You enjoy it, you are in control.

But deep down you know...they want to see more. They want to reveal your light, they want to see behind the curtain, open the doors without knowing what awaits them. They want to be as close to you as they can. A relationship is on the horizon.

But you duck down. You are afraid. You fear they won't like what they might free from the cage. You know they will. You love them and you fight with yourself if the perso",,disorganized,general
pnw7nf,I just watched Good Will Hunting - no idea that it was about attachment issues (spoilers obv),FearfulAvoidant,121,22,1.0,https://reddit.com/r/FearfulAvoidant/comments/pnw7nf/i_just_watched_good_will_hunting_no_idea_that_it/,2021-09-14,spiritualien,"So I’m slowly making it down my list of movies to finish this summer, I didn’t watch the trailer for Good Will Hunting either so I had no idea that it would be about attachment issues. Matt Damon‘s character is a 20 year old prodigy who, turns out, is a fearful avoidant and it reminds me so much of the rampant defensiveness and denial I had when I was younger. I wish we all had a support person like Robin Williams’ character to help guide us toward clarity or even affirm that it wasn’t our fault. They did a pretty good job for the late 90s in describing/representing what fearful avoidance looks like. 

I don’t want to sound corny but, no one knows the inner chaos that happens around intimacy like another fearful avoidant. That includes shrouding yourself with illusions of what you want so that you don’t face rejection from what you really want. But every day we try to inch closer to healthy relating and grounding in reality, and as long as we’re one step closer than yesterday, that’s all that matters. Progress &gt; perfection. No matter where you are on your journey, I’m here to remind you that you deserve love in its truest form, and it’s not your fault.",,disorganized,general
zxkfxz,The Avoidant / Anxious dance - My Experience,BreakUps,121,40,0.99,https://reddit.com/r/BreakUps/comments/zxkfxz/the_avoidant_anxious_dance_my_experience/,2022-12-28,beach_bum_1991,"The silver lining to my most recent breakup is that it's led me to discover attachment theory. I agree with those who say that it is only one of many ways to understand who we are as complex beings, but I've found it to be incredibly illuminating in terms of understanding myself (M/31), my ex (F/25) and our failed relationship.

Hoping to shed some insight into my experience and what I've learned in case it can be helpful for any of you in your journey towards understanding and healing.

I certainly lean towards the anxiously attached side of the spectrum. Based on childhood experience it makes sense as my father was not a part of my life, though frequently would call, say he loved me and would come see me soon...that never came to fruition. I deeply fear abandonment, being alone, and often interpret things to fit the idea that I'm being rejected and am unlovable. I suspect my ex is a fearful avoidant. Her father was distant (constantly traveling for work). She desires a serious relationship but has issues trusting men, doesn't rely on her romantic partner for help, and is protective of her time alone and with her close friends. Although our relationship was only 5 months, it burne",,disorganized,partner-perspective
snueiv,Dating apps and fault finding / rejecting anyone interested in me or persistent,FearfulAvoidant,118,37,1.0,https://reddit.com/r/FearfulAvoidant/comments/snueiv/dating_apps_and_fault_finding_rejecting_anyone/,2022-02-08,[deleted],"Recently ended things again with a DA (says he’s still not ready and it’s too emotional for him - same as always for the last 3+ years). 

While I lean anxious with him, I exhibited much more secure behaviors this last time around after doing a ton of IFS and AT  work. 

The problem is I’m still seriously FA in most other relationships - friends, family, even my therapist and especially these guys pursuing me on the apps or after a first date. 

I was involved with a near perfect guy last year, totally emotionally available, funny, kind, supportive etc but I decided his thin ankles and wrists were unacceptable in addition to his occasional and expected insecurity when I’d deactivate. 

I will reject/dismiss someone if they like a band I think is uncool or if they wear running shoes with jeans or if they have a cat or an Android or the wrong hair or voice or even a name I’m not crazy about. I’ll go cold if they’re excited about me and keep text conversations going and I’m evasive if they ask what I’m looking for even though I think I want a committed relationship with someone emotionally available.

It feels like I cannot experience attraction to anyone who’s nice to me or enthusias",,disorganized,general
1qn4gts,"I couldn’t decide on marriage, so she left.",FearfulAvoidant,115,101,0.9,https://reddit.com/r/FearfulAvoidant/comments/1qn4gts/i_couldnt_decide_on_marriage_so_she_left/,2026-01-26,Fine-Artichoke-8065,"3 year relationship over. This is the most pain I have ever been in. 

She was so ready for marriage. So sure that I was the one. Nothing else mattered other than being with me. I could not reciprocate this, despite her being the most amazing, wonderful, beautiful, and loving young lady a man could ask for.

Everything always came down to an ultimatum. We were in the talking stage for 6 months before she gave me the ultimatum of a relationship, which I initially declined. The “I love you’s” were like pulling teeth for me. And finally after 3 years, the ultimatum of marriage came up. 

I so deeply crave *to want* a marriage with her. 

I was (and still am) so scatterbrained. Fearful of making the wrong decision. Fear of losing my autonomy. Fear of being responsible for another person. Fear of doors closing. Fear of losing the connection and bond we spent years creating. Fear of what could have been.

I would have dreams about us getting eloped and then immediately feel anxious, fearful and regretful and begging the officiator to reverse the decision. Every time the topic came up in discussion my nervous system started firing on all cylinders.

The hardest part is, I finally got insu",,disorganized,general
1h5po3y,You all need to philosophize less,FearfulAvoidant,112,32,0.94,https://reddit.com/r/FearfulAvoidant/comments/1h5po3y/you_all_need_to_philosophize_less/,2024-12-03,Due_Engineering_579,"Every time I don't support someone's ruminations on this sub and just reframe what they say in a clear language back at them, people tell me things like ""it's not black and white"" or ""it's too harsh"" or ""but my partner learns/grows/heals etc"". Bruh, it IS so black and white. Someone doesn't communicate? Someone doesn't communicate. Someone doesn't commit? Someone doesn't commit. This is the life you're living, with someone who doesn't communicate or commit.

No ""but we're healing/growing/learning etc"". If someone is healing and growing, they make it clear, they take responsibility, they communicate, they do **not** put you into a state where you go to ruminate about it on the internet.

I'm not different than you, I am like you. I've been in a situationship for years. What I've learned is that you should stop thinking, ruminating, analyzing, soothing yourself, reading about it, educating yourself, looking for signs etc etc etc and just face what IS happening in your life right now. I dunno maybe if you scroll through several years of my post history you will see that I used to do this too. And looking back on it, I realize that it only helped me to dissociate from reality and maint",,disorganized,general
14gvb8m,My confession: Why dumpers do what they do,BreakUps,109,112,0.95,https://reddit.com/r/BreakUps/comments/14gvb8m/my_confession_why_dumpers_do_what_they_do/,2023-06-23,su3ycyd3,"This is gonna be a really long post, its more a confession for myself, i need to get this all out finally. Im not looking for forgiveness or sympathy, and i welcome all criticism. I thought this could be helpful to many of you, some insider info that alot of  your dumpers have deprived you of. I have some answers for you, its the least i can do to help other people that are in the same situation as my ex.  


Im a fearful-avoidant attachment style too like one of the other commenters mentioned. Once i started learning about this, everything made sense. Theres so many articles and info online about fearful-avoidant attachment style and how to know if you have it, and what a relationship looks like if you have it. You should research about it now it will give you all the answers like it did for me.   
.  


Im the one who dumped my ex, and i did it for no real reason, other than i was scared, and i had no one around me who gave me good advice about it, the people around me that i called 'friends' were toxic insecure people, who were intimidated by my ex and never liked her from the beginning. They would tell me this behind her back, and instead of being loyal to my ex and standing up",,disorganized,general
1gm9z2r,Fuck this ,FearfulAvoidant,108,26,0.99,https://reddit.com/r/FearfulAvoidant/comments/1gm9z2r/fuck_this/,2024-11-08,ShiftingMoods,"Fearful avoidant here. I have been working on a relationship with another fearful avoidant for a while now. Tonight, I am so over it. Not caring and deactivating. I am tired of trying anymore, probably just for tonight. It feels good. It is nice to finally have a break from caring. Any other fearful avoidants out there to offer some feelings of solidarity!?

Apologies to all the secure people out there. We are terribly insecure people. I apologise for us all, on behalf of others like me.",,disorganized,general
1h5wosm,Heidi Priebe Blew My Mind,FearfulAvoidant,108,17,0.98,https://reddit.com/r/FearfulAvoidant/comments/1h5wosm/heidi_priebe_blew_my_mind/,2024-12-03,[deleted],"When I got into my current relationship about a year ago, I went from someone who was normally pretty stoic and calm to an absolute anxious wreck. Crying, begging, fawning - basically regressing into a child. So so much desperation. 

As I eventually cooled off, I realized how much I had lost myself, or so I thought. I was so confused - was this the real me? I’ve always been measured, intellectual, calm, understanding; how could I have lost who I was so deeply and fundamentally? I grew very avoidant in my relationship, becoming withdrawn, feeling disgusted and turned off by my partner.

I assumed I was struggling to cope with the reality that I extremely anxiously attached and that I lost myself in a codependent way. I began to view myself as someone who was pathetic, and weak, and embarrassing.

I gradually began to see how avoidant I had started to become, with the help of my partner, and surmised that I may fit better into fearful avoidant model. Fast forward to now, I’ve been improving, but still pretty avoidant in my relationship, often masking pretty intensely (I have autism as well).

Well, I just watched a Heidi Priebe video on fearful-avoidant blindspots, and… wow. I witne",,disorganized,general
1pi55n4,Do avoidant people really come back after discarding?,BreakUps,108,169,0.97,https://reddit.com/r/BreakUps/comments/1pi55n4/do_avoidant_people_really_come_back_after/,2025-12-09,Pretty_Solution_7955,"I have been discarded by my avoidant ex who is seemingly a fearful avoidant. During the initial days, he was the most amazing, caring and loving guy I could ever imagined. He seemed to consider me the best thing happened in his life. However, during occasional fights, when discussion gets real and confronting, he used to shut down and shield himself instead of talking about it and letting me know what's going on. His behavior made me insecure and triggered my wounds that eventually turned into several ugly fights and he would run away leaving me broken everytime a fight happens. 

So 5 months ago he finally discarded me while acting extremely mean, cold and apathetic. Few weeks or a month after, I tried to reach out and he said mean stuffs along with telling me how happy he is without any regret. I am still confused, how within a few days, people can go from ""everything to nothing"". I am still wondering which one of his versions was actually himself, but I am not waiting anymore, because a person like me cannot be handled by an avoidantly attached partner. But I still miss him, maybe love him till date. 

I just want to know from your experiences, do these avoidant people ever reac",,disorganized,general
1412z6a,I never knew,FearfulAvoidant,107,11,1.0,https://reddit.com/r/FearfulAvoidant/comments/1412z6a/i_never_knew/,2023-06-05,[deleted],"I never knew why I’d self sabotage my relationship, it would just be impossible to even want to reply back. I knew I needed to to preserve the relationship, but it felt like I was climbing out of a hole. I’d have to explain why I stopped replying or talking to them, and I honestly had no clue. I love them but I couldn’t explain the anxiety of it all and it’s still hard to even put into words what it is in my head that just freezes me up. 

I stumbled upon this whole Fearful Avoidant thing on a whim and the more I read and the more I was enlightened to the fact, this is me too the T. Honestly just happy to have a partial understanding of my brain.",,disorganized,general
sadh8m,Why conventional therapy (and it's methods) aren't always helpful,FearfulAvoidant,106,11,0.98,https://reddit.com/r/FearfulAvoidant/comments/sadh8m/why_conventional_therapy_and_its_methods_arent/,2022-01-22,jasminflower13,,Insight,disorganized,general
ne4k4x,Being an FA is not just a mix of AP and DA attachment behaviors.,FearfulAvoidant,106,34,1.0,https://reddit.com/r/FearfulAvoidant/comments/ne4k4x/being_an_fa_is_not_just_a_mix_of_ap_and_da/,2021-05-17,International_Pear52,"Lots of people believe that being an FA is being in between an AP and a DA. Although FA’s have traits from both sides, I don’t think this is the full story. 

   FA’s statistically the most trauma based attachment style. That means there are issues only FA’s will have that the other insecure styles will not. The biggest issue involves Trust. Most FA’s have a huge  fear of betrayal (something the other attachment styles do not experience). There are other major issues specific to FA’s but what’s your opinion?",,disorganized,general
1hoq2ww,FA's what helps you get out of deactivating? ,FearfulAvoidant,102,35,0.99,https://reddit.com/r/FearfulAvoidant/comments/1hoq2ww/fas_what_helps_you_get_out_of_deactivating/,2024-12-29,lamemoons,"I have a feeling I am deactivating from my AP/Secure partner of 2 years due to everything being stable and secure. I don't believe there is a trigger nor do I feel resentful about anything 

Currently on holiday with my family (definitely struggle with my family from time to time so this could be a factor) I just don't feel my usual loving feelings for my partner, I want more alone time, flaw find over silly things like what hes wearing and cringe when he says sweet things to me, I view him as weak and feel slightly trapped (not full on repulsive yet lol) 

I'm not running as this man is the best human being and I plan on spending my life with him but I'm curious how other FA's manage these feelings

Do you let them ride out? Any specific therapies like emdr etc help?",,disorganized,general
1ktldyx,Needing love but not tolerating it,FearfulAvoidant,101,21,1.0,https://reddit.com/r/FearfulAvoidant/comments/1ktldyx/needing_love_but_not_tolerating_it/,2025-05-23,Big_Parsnip_3931,"I was talking to a friend yesterday who was calmly explaining to me how she tried to share care with me and felt like I wasn't accessible, not interested in it or rejected it. Even if I was eager to *give* care.
And I was just shocked and checked with others in my life who also corroborated this.

And when they told me things they did (say they cared, tell me I was special to them, offer to give me some kind of support or do something for me).. I realized I have 2 automatic reactions.
1. I literally go oblivious like I don't notice. My brain just trampolines it off my dome like Dori. I hear it but it never lands. So I don't feel anything. 
2. I get wildly uncomfortable and want to run. Since I'm healing I try to just be up front about this reactin when I have it instead of just following it.

But I've been meditating on it since then and wanted to share. I hunger for love so much I cry about it but when I receive it in a way that I can't metabolize I literally can't receive it.",,disorganized,general
1q1emg9,"I didn’t believe these posts either, but here I am 7 months later",ExNoContact,100,44,0.97,https://reddit.com/r/ExNoContact/comments/1q1emg9/i_didnt_believe_these_posts_either_but_here_i_am/,2026-01-01,NotNic-,"I know, I know. You see these posts all the time. The “It works, I swear” posts, or the “I’ve come back a year later to tell you I’ve healed” posts. Well, this is one of those… but with a little twist.

I started following this sub about 7 months ago, right after my ex dumped me in what I can only describe as the coldest breakup of all time. It shattered me. It gave me attachment trauma, the kind I’m still working through today. Suddenly, I was questioning everything. 

Will I ever love that deeply again?

Will I ever find someone who even comes close to what I had?

I spent days crying, I mean full-on, convulsing-on-the-floor crying, wondering if life was even worth it. And before you write me off as dramatic, understand this, I opened myself up completely to that person in ways I didn’t even know I could. I loved without guardrails. And when I learned that love alone isn’t always enough, it rattled me to my core. I’m anxious leaning, she was avoidant. When she pulled away after closeness, I leaned in, which only pushed her further. It was a constant push pull dynamic. Not healthy at all. 

For months, I obsessed over getting her back. I counted down the days of no contact, hoping",Encouragement,disorganized,general
143nfva,Question to FAs: what behaviour scares you or reassures you?,FearfulAvoidant,100,90,1.0,https://reddit.com/r/FearfulAvoidant/comments/143nfva/question_to_fas_what_behaviour_scares_you_or/,2023-06-07,chappasen,"Hello,
I was in love with someone whose behaviour was close to a FA (from my external point of view, so not sure) and I became very curious about this attachment style. 
If you desire to be loved but are afraid of being trapped in a relationship, what behaviour from your love interest is the best way for you to open up and feel secure?
If someone says they love you but gives you space, is it OK? Or would you rather have someone around with a strong connection but not knowing their feelings at all? Do you prefer honesty or ambiguity? 
When someone doesn't talk to you because you pulled away, do you feel reassured or is it more stressful because you think they don't love you anymore?
Thanks, I'm very curious about it all and I hope to learn more!",,disorganized,general
rdngo1,Can fearful avoidants have their feelings come back?,BreakUps,100,200,0.99,https://reddit.com/r/BreakUps/comments/rdngo1/can_fearful_avoidants_have_their_feelings_come/,2021-12-11,TastyTaco217,"Me and my ex were together for 8 months and in a deeply connected and loving relationship, with seemingly no bumps along the way/no significant arguments. However, seemingly out of the blue 2 months ago she said that she had lost feelings and didn’t want to be together anymore but was determined to stay friends.

Initially this was deeply confusing and I was absolutely blindsided, had no idea where it came from. But after spending some time to understand attachment theory it seems obvious that I am classic anxious and she was fearful avoidant. Once this dawned on me certain interactions in our relationship made more sense: seemingly pulls away from intimacy whether physical affection or an emotional conversation; scared of commitment (labels, professing feelings/love); pulls away when I ask for more intimacy.

I had told her I loved her 2 months before we broke up and I think this started a spiral in which she felt smothered and started to look to exit the relationship. There was a month we didn’t see each other (she was in a different country) and then she seemed cold after coming back, getting snappy when we had little disagreements, not making time for me, while feeling pressure",,disorganized,general
yl5wtf,I get scared when things get too real,dating_advice,99,34,0.99,https://reddit.com/r/dating_advice/comments/yl5wtf/i_get_scared_when_things_get_too_real/,2022-11-03,geumkoi,"I'm so tired of this feeling. I want romance with someone, and when I'm in the talking/chasing stage of a relationship I get very anxious-like, but I actually enjoy the adrenaline. I love it when someone is the only thing in my mind and I love flirting and stuff. But when things become too real I get a nervous feeling in my stomach and it makes me wanna back down. I don't know why this happens. My best guess is I have a disorganized attachment style. My other best guess is that I don't really like the person enough for me to pursue something serious, but if it was that easy, why would I feel scared? 

I have hurt many because of this and this has also hindered me from having deeper romantic connections (I'm also a virgin because of this, I'm scared of being that vulnerable with anyone, but I /want/ to be). 

Any advice?",,disorganized,self-reflection
1i5mzrv,Is it possible to heal your attachment style while staying in the same relationship?,FearfulAvoidant,98,75,1.0,https://reddit.com/r/FearfulAvoidant/comments/1i5mzrv/is_it_possible_to_heal_your_attachment_style/,2025-01-20,[deleted],"Has anyone ever successfully healed their attachment style and developed a secure one while in a relationship/marriage that started out messy? 

Editing to add: my husband and I have had our ups and downs over 5 years, we both come from traumatic childhoods, but he at least had one safe parent, so he's partially securely attached (partially avoidant), and I had 2 unsafe parents, so my attachment is much less secure. I am really working on becoming more securely attached (and processing my trauma), but in the process I sometimes don't feel so close to my husband. I don't want to leave him but sometimes I get scared we'll grow apart :( I'm wondering if anyone else has had to sort of ""push through"" to get to the end of an uncomfortable scary phase of changing, to come out the other end securely attached and happily connected to their partner?",,disorganized,general
1qjmoyz,Should I end things after my alcoholic BF disappeared for 44 hours and landed in the ER?,relationships,97,113,0.82,https://reddit.com/r/relationships/comments/1qjmoyz/should_i_end_things_after_my_alcoholic_bf/,2026-01-22,No_Bobcat_839,"EDIT: I am incredibly grateful for all of the time all the commenters have taken to provide advice to me. This has been an eye opening experience and I clearly have a lot to learn. I broke up with him and will be working on myself going forward. Thank you again!

I’ve (18F) been dating this guy (18M) for a couple of months. In the beginning, he was extremely loving and communicative. Over time, though, that slowly changed. He started ghosting me more and more for up to 48 hours at a time, with no explanation.

He would still tell me he loved me and take me on dates, but then immediately disappear afterward. That push–pull dynamic has been incredibly confusing for me emotionally. About a week ago, he ghosted me again for 48 hours, and I finally addressed it directly. I told him that the disappearing was hurtful and confusing, and I asked if he could stop doing it. He brushed it off by saying he was “busy,” apologized, and said he’d do better. I took him at his word and gave him another chance.

For context, he drinks constantly and is almost always drunk or buzzed off a Zyn. He also drunk drives because he believes he’s capable of handling it. I genuinely believe he struggles with a",,disorganized,general
whs58u,Beware fearful avoidants,BreakUps,97,26,0.94,https://reddit.com/r/BreakUps/comments/whs58u/beware_fearful_avoidants/,2022-08-06,BlindSided2207,"I gave all my love to a beautiful, kind, and endearing girl for 8.5 years. We were best friends, and had deep conversations about marriage, kids, a house, and growing old together all the time. We were constantly called the perfect couple. We knew exactly how to make each other laugh, what we valued, and could generally read each others minds.

I had her finger sized late last year, and had a custom ring made for her. I even made the engagement ring box by hand from wood from my grandfathers tree. It was perfect. Then I proposed earlier this year, where we had our first date. At the time, she couldn't have been happier, she had no hesitation saying yes. Then her anxiety and inner demons took over, and she really started to withdraw. The wedding became overwhelming just in booking venues to view. She wasn't that excited about anything. 

Then she completely blind sided me a few weeks ago. Said that she didn't know if she wanted our 'lifestyle' and wanted to spend time finding herself, alone. Maybe go travelling abroad. It's like she woke up one day as a completely different person. The person I proposed to and spent the last 8.5 years with doesn't exist anymore, and I'm so angry she",,disorganized,general
14216vk,What is love,FearfulAvoidant,97,35,1.0,https://reddit.com/r/FearfulAvoidant/comments/14216vk/what_is_love/,2023-06-06,RoleInternational318,"Baby don’t hurt me….(I’ll see myself out)

I don’t know if this is due to being FA, but I can’t seem to feel strong chemistry for emotionally available partners. It’s like I need that edge of “he wouldn’t possibly stay” or “this guy is inconsistent” and shady behavior to feel excited about someone. I was thinking maybe my current partner just isn’t physically my type, but I was head over heels for the last guy who wasn’t my type but was shady as hell. 
My current boyfriend wants to marry me. I’m so confused and terrified. He’s a sweet, wonderful man, safe and patient and thoughtful. He’s tall with broad shoulders and a handsome face. And I can’t seem to feel excited about him. I think I’m incapable of feeling chemistry unless I already know the relationship is going to fail. He’s making efforts to connect with me and I just want to shut down.",,disorganized,general
119lfyk,Fearful Avoidant 💭 Secure: Ask Each Other Anything,FearfulAvoidant,96,139,1.0,https://reddit.com/r/FearfulAvoidant/comments/119lfyk/fearful_avoidant_secure_ask_each_other_anything/,2023-02-23,Inner-Research8727,"Hi,

Idk if this is a dumb idea but I know there are a few people on this sub who have more secure leaning attachment styles and since we're all trying to understand ourselves and other people, why don't we ask each other some questions?

Just to clarify, you don't have to label yourself as just ""a attachment style"". I'm just trying to keep it simple :) And remember, you're not any worse of a person because of your attachment style, these are traits that develop through circumstance.

Please let me know if this is too much or unproductive and I'll remove this!

I am more secure leaning, I'll start.

**Question to people with more FA leaning traits:** Do you find yourself pushing a partner away by criticizing them? For example, criticizing them on a lot of surface level fronts like; cooking, sense of style, taste in music &amp; popular culture. If so, do you find yourself being extra critical when that person embodies things that you *usually* would like or be attracted to?

Thanks!",,disorganized,general
1e3uwdg,Untreated Fearful Avoidants will make you crazy.,ExNoContact,96,55,0.99,https://reddit.com/r/ExNoContact/comments/1e3uwdg/untreated_fearful_avoidants_will_make_you_crazy/,2024-07-15,Docta320,"Hi there,

  
I'm not trying to accuse anyone and this is not a rant. But I'd like to share these thoughts with you as lately I've been doing some self reflection.

I had the chance to meet this other girl (let's call her Angelina) after my relationship with a FA (let's call her Lucy). Angelina was an extremely dependent person. She was really insecure and really attached to her parents. We stayed together for almost a year and we also lived together. The relationship eventually ended because she decided to go back to her parents after we relocated abroad.

When you deal with a person like Angelina, you get some troubles for sure due to the fact that the person has an extreme need to be taken care of. Not only in the emotional sphere. But if you have a secure attachment or even an anxious one, you manage to do that with pleasure because you feel like at least the other person is able to bring problems to the table. If you are an assertive person, you may also feel like you are, to some extent, responsible for the other person wellbeing. Of course, in the long run, this is not sustainable because the relationship tends to become a Parent/Child sort of situation. But you know what? A",,disorganized,general
yurt0y,Relationships and breakups are projection of past traumas,BreakUps,95,16,0.98,https://reddit.com/r/BreakUps/comments/yurt0y/relationships_and_breakups_are_projection_of_past/,2022-11-14,m_theory_noob,"It’s been 5+ months since my fearful avoidant ex dumped me. Here’s some takeaways of my journey.

Relationships are a projection of our past traumas. Anxiously attached people were not understood or were rejected in their childhood and learned to put their needs aside and seek validation in other, mostly through intimacy, to make sure they are not abandoned.

Avoidants try to create space and distance themself because they learned that they can’t trust people and they will be abandoned.

Now, it’s important to understand that what you do in your relationship is constantly triggering your partner’s past traumas, and they are triggering yours. How you handle it is the key to any succesfull relationship.

And your breakup is mostlikely a projection of their insecurities, not of your behavior towards them.

When I was dumped I felt so blindsided. I never saw it coming because my partner never told me how she felt. She ran because she felt pressured, she though she was dissapointing me because she though I only liked her for our intimate moments. But she didn’t understand that I needed thoses moments to feel validated and reassured that she wouldn’t leave me.

We both projected our inse",,disorganized,general
1m95shr,People rattle my emotions,FearfulAvoidant,95,42,1.0,https://reddit.com/r/FearfulAvoidant/comments/1m95shr/people_rattle_my_emotions/,2025-07-25,Necessary-Escape-587,"Hi! I recently found out that I'm a fearful avoidant. What I have noticed is that people in general make me feel not at peace/overthinking. Even the people I love.   
  
I get too attached to people I love, and when I don't get back the same intensity or get a little hint of rejection(rejection of plans), it makes me feel deeply hurt.  
It's not like they don't love me but it just doesn't feel enough. Especially if they prefer someone else over me it triggers me.

And when it gets a lot I escape and cut off communication. A small reason for that is because I hope that they see that I'm missing and give me love and attention but a huge reason for it is when I'm by myself not interacting with people it is so peaceful. There are occasional bouts of loneliness but the peace is so worth it.

I could communicate my issues with them but I am completely aware that I am way too sensitive and expecting way too much from other people is not fair to them as well.   
  
I also realize that I cannot cut off people like that. I want to be able to attach with people in a secure way. How do I do this?  
  
I'm so tired of this cycle. I look forward to any advice you can offer.",,disorganized,general
1go7ac2,"Dear fearful avoidant, ",FearfulAvoidant,94,31,0.99,https://reddit.com/r/FearfulAvoidant/comments/1go7ac2/dear_fearful_avoidant/,2024-11-10,Bitter-Yam2345,"i wrote this letter to myself about a year ago and shared it on another platform. seems to have helped some people so i hope it helps you too:)

Dear fearful avoidant, 

you let someone you love overstep your 
boundaries over and over and over again. you react, you pull away, you get defensive. but you say nothing. you let your needs go unmet. and yes, you have needs just like them. needs left unsaid. and one day, when all of this builds up, you implode. now look at you. drained, tired, and overwhelmed. you hurt the person you love and you hurt yourself. and all you needed was space. let them know how you feel. they have no clue youre suffocating. let them know. you want to be close, but you need some air. you need to clear your mind. this is your reminder to speak up. it will save a whole lot of hurt in the longrun. 
fearful avoidant, figure out what you need. once you do, you may realize that person is not for you. once you know, don't string them along. if that's your person, decide now to do the work to make things better. relationships are a two way street. it will take more than just you. but if thats your person and you are theirs, it will be okay. work together. if that is",,disorganized,general
143gztq,Super crappy feeling when dating,FearfulAvoidant,94,21,1.0,https://reddit.com/r/FearfulAvoidant/comments/143gztq/super_crappy_feeling_when_dating/,2023-06-07,thiccytt,"I get this bizarre issue with dating where I feel very, very stressed out (the feeling is almost indescribably awful), even when not interacting with the girl.

Currently, I've texted this girl a few times, once every few days, and the conversations have flowed well &amp; gone great. But it's bringing on this ongoing feeling of absolute stress and feeling trapped, anxious, depressed, and leads to me wanting desperately to cut her off to make the feeling go away.

I've cut girls off in the past because of this feeling (including a painful breakup) because it just feels so unbearable at times. My therapist has mentioned that it is likely some sort of flawed protection mechanism my brain has implemented, but I just don't know how to start breaking it down.

I haven't found anyone that relates to this specifically, but if anyone has any sort of similar experience or advice l'm all ears, because l'd like to meet up with this girl &amp; not let this feeling control me. And there are a million reasons why I like dating and feel like it's healthy for me so I don't want to just stop completely.

I realized recently that I have Fearful Avoidant tendencies, so I’m hoping that can shine some l",,disorganized,self-reflection
zpep0v,Does anyone else clam up after intimacy?,FearfulAvoidant,94,10,1.0,https://reddit.com/r/FearfulAvoidant/comments/zpep0v/does_anyone_else_clam_up_after_intimacy/,2022-12-19,Waste-Bend-41,"I have started to recognize a pattern and I am wondering if it’s related to the attachment style. A relationship will be going well for a few weeks/months so I decide that it is okay for me to be intimate with them. Immediately after the intimate moment, I clam up and do not want to be near them. I get the “ick” and push away. After that the relationship is not the same and it inevitably ends. 

It is extremely frustrating. 

If you do/did have this issue I want to know you how you cope with it ? What are some strategies to prevent this?",,disorganized,general
1bavsot,"Fearful avoidant here slowly detaching from a guy I really, really like. Help.  ",datingoverthirty,93,105,0.83,https://reddit.com/r/datingoverthirty/comments/1bavsot/fearful_avoidant_here_slowly_detaching_from_a_guy/,2024-03-09,ClockwiseSuicide,"I have a fearful avoidant attachment style, due to a lot of childhood trauma and never really receiving love on a consistent basis. I have also been in regular therapy for 4 years now, with the lash 1.5 years being focused on improving my interpersonal relationships. I have been single for about 2 years now. I ended my last relationship due to a plethora of reasons, mostly related to a lack of compatibility. I’ve gone one several casual dates in the last two years, but mostly just did it for fun and to not isolate myself. 

I then took a significant break from OLD and paused my account/deleted the app off my phone between October and March of 2024 (currently). I reactivated my app to see that the guy I was most interested in had been trying to message me since October. So I started talking to him again and have for the last week. I had a really busy week at work and had absolutely no time to meet up with him, but we did talk every day, through a 3-hour phone call and daily texts that were very deep and certainly not surface level conversations. The fact that we went in that deeply into what each one of us is looking for has me extremely interested in him, and I really want to hang",,disorganized,self-reflection
1q4ja04,The Hidden Truth Behind an Avoidant Discard,BreakUps,93,34,0.96,https://reddit.com/r/BreakUps/comments/1q4ja04/the_hidden_truth_behind_an_avoidant_discard/,2026-01-05,OkJeweler1795,"***Buckle in people, this is a long one!*** 

I was ‘recently’ discarded by text message. It came without warning, without conversation and without any prior signs that anything was wrong. In-fact we had both just returned from a once in a lifetime abroad vacation together (with no issues). I will keep ages out of this as to stay more anonymous, but for some context we are 2 gay men in our late 20’s &amp; early 30’s. 

A lot of social media, in particular TikTok will very quickly latch on to the fact you’re going through a break up. Inevitably you will then be bombarded with all sorts of facts about the ‘Attachment Style Theory’ including fearful avoidant, dismissive avoidant, anxiously attached etc. As insightful and frankly soothing these videos become the whole thing, although now somewhat backed is just as the title says, a theory. For those more emotionally intelligent than the person who dumped me (like you if you’re reading this) it becomes bordering on fascination to understand why the person we loved and cared for so deeply would do this to us. Why would the person we have spent years caring for and loving would decide to one day leave with no communication or answers. 

N",,disorganized,general
mav6uz,Difference between not in love or being avoidant,FearfulAvoidant,92,20,1.0,https://reddit.com/r/FearfulAvoidant/comments/mav6uz/difference_between_not_in_love_or_being_avoidant/,2021-03-22,hellio0,"Hi all,

This is the hardest part for me. I am dating a wonderful guy, with a lot of traits that I like. He is also very safe and trustworthy and the physical attraction is something I have never experienced before. However, I ended things with him a few months back, cause I thought I did not feel enough and was still hung up on my ex (which is also FA). With my ex there were a lot of things that I didn't like, but I was sooo in love so it didn't bother me. 

This guy is (rationally) almost perfect for me and also makes me feel very safe and seen. After dismissing him, he kept contacting me via text (just chit chat) and after a few months we decided to meet up. Now we are dating again. I just couldnt stop thinking about him! But I notice one day I can find him amazing and when he does something ""weird"" or is a bit quiet or sends a text I dont like I immediately think: no I am not in love, something is missing. 

So the question I just cannot answer for myself.. When do you know its your attachment style and when do you know you are not supposed to be with someone/something is actually missing?",,disorganized,general
1jtu4bn,How many of you are working to become securely attached?,FearfulAvoidant,91,154,1.0,https://reddit.com/r/FearfulAvoidant/comments/1jtu4bn/how_many_of_you_are_working_to_become_securely/,2025-04-07,suntomyleftson,"That pretty much says it all. I was a FA for my entire life until about a year ago or less. With a lot of work, I’ve been able to break out from it. It’s a whole new world for me now. I’m wondering if many of you are doing the same and want to chat about it?",,disorganized,general
16efuiq,It's a Curse!,FearfulAvoidant,91,51,1.0,https://reddit.com/r/FearfulAvoidant/comments/16efuiq/its_a_curse/,2023-09-09,RoutineSecretary38,"I'm new here, but I am on a journey to find out what is ""wrong"" with me. I took an online test and came to find out that I am identified as someone with a ""fearful avoidant attachment style"". The more I read about it, the more I recognize myself. It really bothers me; it is torture, nothing less than that.

As I am on a journey of getting help, I would like to know from people who did get ""cured"" and how they got help. There are thousands of therapists out there with even more different methods available. Which method is the best for this problem? What does it look like when someone is ""healed""? How long does that journey take, and what does it entail?

Thank you so much to all of you; I appreciate every piece of advice.

FYI: English is not my mother tongue.

&amp;#x200B;

&amp;#x200B;

Edit: 

&amp;#x200B;

Hey everyone,  
  
I can't begin to express how much your responses have meant to me. Opening up about my attachment style and how it has been feeling like a curse was not easy, but reading your words of advice and shared experiences has given me a comfort that I hadn't expected.  
  
Thank you, truly, from the bottom of my heart. I felt seen, understood, and less alone in",,disorganized,self-reflection
1t4ho9l,I met up with my Ex who I loved and we broke up 5 months ago. Here's my experience.,BreakUps,88,28,0.97,https://reddit.com/r/BreakUps/comments/1t4ho9l/i_met_up_with_my_ex_who_i_loved_and_we_broke_up_5/,2026-05-05,Simple-Gur-4304,"I know people might be going through a break up now, so firstly things get better and time heals. I like to make mistakes in my life, teaches me the lessons in reality than thinking it might be - It gives me surety &amp; I needed to know the truth.

I've neglected my relationships till now  but I was in one for 2 years &amp; not to romanticize it, I'm 32 and this was my first proper relationship where I loved. Long story short we broke up mutually and I wanted to see if there was anything left 5 months later. We loved each other at lot but we were different. What could have been argued as compatibility perfect actually clashed.  I've got a bit of my commentary of my experiences after reading things online

  
Should I reach out to my ex?

I'm glad I reached out and saw her one last time. We spent 24 hours together and it was wonderful to see her face, have intimacy but I feel closure. While very painful and actually left me feeling empty after, I am glad I did it. She is also glad and the next day I feel better. 

  
What did I learn?

I learnt that I had made mistakes, I let my fearful avoidant tendencies out and didn't even realize It was happening, I pushed her to the edge by no",venting/ranting,disorganized,general
s1ov5r,Trying to figure out if fellow FAs feel similarly... no desire for relationships or closeness with people.,FearfulAvoidant,87,33,0.99,https://reddit.com/r/FearfulAvoidant/comments/s1ov5r/trying_to_figure_out_if_fellow_fas_feel_similarly/,2022-01-11,throwaway9221011,"I'll start off by mentioning that I'm a self-aware, well adjusted person. I have great social skills and can chameleon like a pro. I'm loved (to a weird degree), often pedestalized, by people. 

Despite this I desire no relationships. Sometimes I'll feel a pang of ""this isn't normal..."" and will get together with people to feel like I'm doing something right by society's standards. But I quickly feel drained and relish being alone again. When my (amazing and otherworldly) boyfriend became covid exposed and had to isolate, I was flooded with relief. I could stare at a wall for hours and be content with just my thoughts. 

No suspected ASD, no personality disorders to my knowlege. I suppose I'm just a severe introvert. Anyone relate?",,disorganized,general
ry7qus,Can anyone share a success story of going FA to SA?,FearfulAvoidant,85,18,1.0,https://reddit.com/r/FearfulAvoidant/comments/ry7qus/can_anyone_share_a_success_story_of_going_fa_to_sa/,2022-01-07,Signal_Agency2868,"What helped the most? I'm listening to podcasts, recognising triggers and communicating them but am finding it SO hard. Please, if anyone has had success or seen improvements... What helped?",,disorganized,general
kcuvfn,So triggered by being ignored,FearfulAvoidant,85,25,1.0,https://reddit.com/r/FearfulAvoidant/comments/kcuvfn/so_triggered_by_being_ignored/,2020-12-14,jovialinternetkoala,"I’m FA and I can’t stand how triggered I get when a man I’m interested in, or seeing casually, doesn’t reply to my text messages or ignores them or replies later than I’m used to or at times I know they are free. Like, as you communicate with some, you get a sense of what their style of phone communication is and soon as it changes, it ruins my day, mood, or whatever.. and I really hate that I react like this!!! I can recognise it in myself but still I feel so shitty and then I start thinking they’ve found someone else... or when they do reply it’s out of some false politeness. The feelings of abandonment hit HARD and I want to run away but also I don’t in case the attention comes back. Ergh. 

I try my best to communicate that it makes me feel annoying when I feel this way. I start distancing myself and I tell the people I’m talking to that I will be in as calm a manner as I can. I even go as far as to delete the messaging app for a few days because I can’t handle checking and seeing nothing. Makes me feel like shouting into a void. I feel so much more calm when I delete the apps.. and then I want to go back on to see if anyone has been missing me.. imagine how it feels when I ope",,disorganized,general
1gwcqzx,Fearful avoidants           breakup regrets/reactivation ,FearfulAvoidant,85,136,0.99,https://reddit.com/r/FearfulAvoidant/comments/1gwcqzx/fearful_avoidants_breakup_regretsreactivation/,2024-11-21,[deleted],"I’m curious,I’ve heard a lot of fearful avoidants and their partners says they feel they broke up with seemingly (the right person) only to regret it down the line.
Is it true that once a fearful avoidant completely turns there emotions off and tries to feel numb it takes space on your own to not feel anxious and trapped.
What was it that made you regret breaking up with someone eventually,was it just space and time alone,or was it a particular scenario or  memory that made you come out of deactivation??",,disorganized,general
pni8bs,What does “emotionally unavailable” look like to you?,datingoverthirty,84,112,0.87,https://reddit.com/r/datingoverthirty/comments/pni8bs/what_does_emotionally_unavailable_look_like_to_you/,2021-09-13,spicy-avocado,"Curious about people’s opinions on this. 

I’m not currently looking for a serious relationship, but I think if I were I might *still* get labeled as emotionally unavailable because I would want to take things slowly such as:

* not being exclusively dating (but perhaps exclusively sleeping together) for at least 3 months 

* not each other boyfriend/girlfriend until 3-6 months 

* I have never said “I love you” to someone before close to a full year 

I actually consider myself generally quite secure (though I think right know I’m fearful avoidant after a bad break up), but this has caused problems in the past. 

Not posting to discuss myself, but included the above to add to the discussion. 

What does emotionally unavailable look like to you? 

Do you have any behaviors that others label as “EU” that you think are justifiable?",,disorganized,general
1iumquq,"You'll get over them, give it time.",ExNoContact,84,5,0.97,https://reddit.com/r/ExNoContact/comments/1iumquq/youll_get_over_them_give_it_time/,2025-02-21,schrodingers_turtle_,"6 months ago I was totally blindsided by a breakup (1.5yrs together).

Future planning the day before, then *poof* done.
Ex was/is fearful avoidant and I was fed the typical rubbish excuses... They literally checked every avoidant breakup bullshit box.

Random thought: do they have a secret club where they learn all of the classic lines? How do they all know to follow the same script???

Decided from day 3 after breakup to go no contact.
Have not reached out, minus twice to organise collecting things.

Recently, they've started messaging a bit more. Every 10 days for a month, like clockwork.
Initially I would reply, but now I just can't be bothered. Not as a game to ignore, but I literally just can't be f*cked...

But now I've had time and space to reflect on their behaviour, have used the time to reconnect with friends, get back into my work groove, get to the gym more, I actually find them and their behaviour (past and current) so incredibly immature and I actually struggle to feel anything for them. There's no love, no hate, no sadness, no anger, just a complete emotional void.

The reason I'm posting here is that for a few months I was in a hole and was engaging in these thread",,disorganized,general
1dr0eyb,Lessons Learned from a Short-Term Relationship with a Fearful Avoidant Ex,BreakUps,82,14,1.0,https://reddit.com/r/BreakUps/comments/1dr0eyb/lessons_learned_from_a_shortterm_relationship/,2024-06-29,Troutfarmer,"I'm sharing my experience to help others who might be going through a similar situation. This has been incredibly difficult, but I've learned a lot.

**Context:**

* 36M &amp; 33F
* I'm generally secure, sometimes anxious when communication drops off. Ex admitted avoidant behaviour, both dismissive and fearful tendencies in the past. She had a traumatic childhood, a stressful job, and ongoing health issues. Struggles with sleep &amp; anxiety most nights. Battled depression in recent years

**Relationship timeline and challenges:**

* Instant connection and love at first sight. She was very open, honest and upfront seeking a long term relationship.
* Dated exclusively for four months with no arguments, just deep conversations and a strong bond.
* We both told each other we loved each other after 3 months.
* She mentioned her avoidant personality and traumatic past, which we discussed openly. No pressure. She mentioned pushing people away when they got close. Spoke about toxic last relationships.
* The relationship did feel like it was moving fast, but I was just going with the flow.
* After 3.5 months she suddenly felt anxious, overwhelmed, and confused.
* She couldn't understand he",,disorganized,general
xt1rbp,Can we be both deactivated and anxious at the same time?,FearfulAvoidant,82,44,1.0,https://reddit.com/r/FearfulAvoidant/comments/xt1rbp/can_we_be_both_deactivated_and_anxious_at_the/,2022-10-01,[deleted],"I feel this is what happens to me once intimacy is before me- I'm shut down, turned off, pushing away... but I can also experience feeling ""clingy"" and other anxious symptoms at the same time. Is this possible?",,disorganized,general
jzqshr,Never considered that,FearfulAvoidant,82,9,1.0,https://reddit.com/r/FearfulAvoidant/comments/jzqshr/never_considered_that/,2020-11-23,jasminflower13,,,disorganized,general
1gbo5is,I need to leave here to heal. Thank you to everyone.,BreakUps,80,8,1.0,https://reddit.com/r/BreakUps/comments/1gbo5is/i_need_to_leave_here_to_heal_thank_you_to_everyone/,2024-10-25,TeknoSLK,"I’m going to put my story here, call this chapter complete and move on with my life. This community has been immensely helpful and I appreciate everyone single one of you. You’ll get through this, just like I will get through this.

I(35M) met her(30F) early this year. We hit it off, and I thought I finally met my person. I immediately fell in love, and I’d like to think she did too. For a moment I thought she was everything I ever wanted in a partner. Smart, beautiful, ambitious, loving, the chemistry we had was beautiful. She challenged me, expanded my mind, and made me want to be better - not for her, but for us. 

She was an aware fearful avoidant, who wanted to work through it. She had been betrayed hard in her previous relationship and I wanted to be her safe space. I wanted to make her feel loved. I never stopped courting her, I bought her flowers weekly, took her on dates, explored the things she loved. I tried to be a good partner.

Well she love bombed me quick. Buying me gifts, saying the right things, telling me I was the one, planned our future. We moved fast, maybe too fast. Like any relationship we had our disagreements and arguments. And we had one big fight and she",,disorganized,general
1h3e7ox,Losing interest and pulling away after physical intimacy,FearfulAvoidant,80,44,0.98,https://reddit.com/r/FearfulAvoidant/comments/1h3e7ox/losing_interest_and_pulling_away_after_physical/,2024-11-30,Outrageous-Wish4559,"I posted this in another forum but I wanted to get some opinions of any of you experience this? 

I seem lose interest after having sex with a partner especially in a committed relationship. It usually happens after we’ve been intimate 2 or 3 times especially after the partner starts to get serious or starts talking love. I start finding faults and why the person isn’t a good fit for me. If the person is not into me or emotionally unavailable, I don’t experience this….but I experience this only with the folks that like me or if there is a real chance of LT relationship.  It Happens in every relationship and I don’t do it intentionally but can’t help it. I almost feel body shame and feel extremely vulnerable after sex, it’s like the world has seen me naked on a big stage. 

I experience none of this with ONS and FWB’s because I know there is no chance of a relationship. I don’t feel any shame and my clothes come off quickly and I don’t think about it. 

Does anyone else experience this? How do you navigate shutting down after physical intimacy? Do you experience any shame? I almost feel like I am made for ONS and FWB and not real relationships but this is not a way to live. I don’t",,disorganized,general
1fbrmsj,Breakthrough Realization About My FA Ex,FearfulAvoidant,80,19,0.96,https://reddit.com/r/FearfulAvoidant/comments/1fbrmsj/breakthrough_realization_about_my_fa_ex/,2024-09-08,hippocampal_damage,"**I (25M) realized something that completely changed the way I saw my FA ex (20F) today.**

*(2-year relationship, typical push-pull behavior, game-playing, and blindside.)*

  
In the middle of our relationship, she opened up to me that ***she went through a horrible depressive episode due to family issues about three months before we started dating.***

  
We were coworkers at the time, and I saw her five days a week. ***She seemed just as happy and flirtatious as ever.***

  
Recounting this comment 3 months after the breakup, it's changed the way I've seen her. ***It all adds up,*** specifically the last few months where she definitely was building up the courage to break up with me. She once told me that she liked keeping her problems to herself.

  
When you're an FA or DA, *(correct me if I'm wrong)* you're hiding from the world. You're hiding your shameful perceived true self from everyone, especially those closest to you. She was great with my family and friends, but never wanted to be around anyone. She didn't even seem particularly close to her own friends. She loved me deeply, but once stated ***""I feel like a completely different person around you.""***

  
I'm still ma",,disorganized,partner-perspective
1m80n4f,"So FA, I can’t even date",FearfulAvoidant,80,32,1.0,https://reddit.com/r/FearfulAvoidant/comments/1m80n4f/so_fa_i_cant_even_date/,2025-07-24,exdorastan,"so, i’m a pretty unhealed FA who figured out my attachment style because I’ve always gotten in the way of myself seriously dating or getting into a relationship. it’s like, just having interest reciprocated if i hit on someone is essentially enough to trigger me. limerence is a huge problem for me, and the last friendship sustained with someone i liked was with a friend who i knew wasn’t interested in me, so i never shared my feelings with them. youtubers like heidi priebe and the rest of the usual suspects have been really helpful in starting to unpack my issues, but it also feels so difficult to heal when my tolerance for discomfort is so low, i can’t really even handle flirting with people in low stakes situations.

i know i just need to put more time and energy into healing, but i wanted to post this to see if there’s anyone who relates on some level (since most posts i see are about patterns in relationships, but i’m not even there lol). i try to tell myself that it’s best i haven’t had any relationships because i undoubtedly would put any partners of mine through hell — plus, i just wouldn’t be able to handle it. but i also find myself longing for connection and affection on",,disorganized,self-reflection
1hk2xtt,How would you interpret this reply from ex?,ExNoContact,80,66,0.95,https://reddit.com/r/ExNoContact/comments/1hk2xtt/how_would_you_interpret_this_reply_from_ex/,2024-12-22,TheDogeStandard,"I’m the dumpee M(30), ex dumper F(26). She was a classic fearful avoidant and a people pleaser on top of it all, so you can imagine the ups &amp; downs and lack of transparency around emotions at times. 

She was calling me everyday for about a week prior to our breakup, then one day she stopped completely out of the blue and just ghosted/left with no explanation. I went no contact for about 5 months, she stalked my socials throughout the entire duration. She only posted pics of her family/friends, I’m fairly certain she hasn’t been in a hookup/relationship since the breakup, but can’t say for sure.

I unfortunately broke NC about 2 weeks ago, had the overwhelming feeling of guilt/dread out of nowhere about the relationship so I texted her some feelings I had about the 2 of us. This was her response…

It’s likely time to move on for good, but she’s an emotionally complicated girl with a lot of great qualities that are hard to find. Now instead of closure or giving it another shot I’m in this grey limbo zone of mixed feelings, I hate it. So now I’m just focused on my own life, but any opinions on that text are appreciated.",,disorganized,general
1qopki7,"It's remarkable how difficult it is to achieve ""secure love""",FearfulAvoidant,78,35,0.99,https://reddit.com/r/FearfulAvoidant/comments/1qopki7/its_remarkable_how_difficult_it_is_to_achieve/,2026-01-27,Psychological_Lab_52,"In all the introspection I've done over the years after my failed (didn't even want to get into one) relationships, as well as my thinking things out with AI and researching, I still can't get my head around how hard it is for me to develop secure love. 

I'm so far gone with my fearful avoidance that I had a long time even accepting my feelings for someone - and probably still do. To admit that I actually feel something for someone, that I am attached and enjoy their presence, that I ""like them"". 

And yet, that interest always turns out to be so superficial since I will inevitably sabotage the relationship in the end after feeling completely engulfed by the anxiety it causes in me as well as depressed as a I gradually lose myself while she expects more stability and presence from me. 

What does the process look like of learning how to love safely? Accepting uncertainty and becoming more present without always looking for an escape route?",,disorganized,general
1lal9g5,Can’t tell if I’m deactivating or genuinely turned off,FearfulAvoidant,78,73,0.88,https://reddit.com/r/FearfulAvoidant/comments/1lal9g5/cant_tell_if_im_deactivating_or_genuinely_turned/,2025-06-13,R4PT0R314,"So, I’m a mildly self-aware FA, I recently restarted a relationship with an ex. She’s a wonderful person, definitely leans anxious but overall mostly secure. 

Since our breakup a year and a half ago I discovered I had fearful avoidant attachment, I started watching Paulien Timmer and everything she mentioned had resonated with me and explained feelings I had never felt were explainable

Things have been going well overall. I survived an onslaught of deactivating strategies in restarting the relationship and was making breakthroughs in allowing myself to feel love and connection. 

Then I saw her without makeup and I just freaked out. She normally wears a good bit of makeup and is absolutely gorgeous with it. She looked so different to me and I immediately felt my attraction die and felt like I needed to breakup with her (the strongest and most real feeling urge yet) 


And I’m just so freaking confused because in the past I’ve seen her without makeup and yeah she looked different but I still thought she was cute. I feel immediately guilty which I’m trying to manage. But I don’t know if I’ll be able to pull out of this one. I know logically that I should be able to love her however",,disorganized,self-reflection
1ccakg0,how do i heal,FearfulAvoidant,78,55,0.99,https://reddit.com/r/FearfulAvoidant/comments/1ccakg0/how_do_i_heal/,2024-04-24,ar1xllx,I know this is a very complicated question to answer but is there any way i can ever be in a normal relationship and not distance myself whenever they get too close? is the answer always therapy because i don’t rly have access to that.,,disorganized,general
s6dz3r,Starting a new relationship and I’m terrified I’m going to hurt her,FearfulAvoidant,77,31,0.99,https://reddit.com/r/FearfulAvoidant/comments/s6dz3r/starting_a_new_relationship_and_im_terrified_im/,2022-01-17,rburner267,"Just beginning to research into AT and I’m definitely a FA probably AP leaning. I met this girl and we went on a date for like 8 hours. It was a lot of fun and I think I like her. It’s weird like I’ll be super interested and then it just goes away. We were texting and she said something that was really sweet and eager — basically how she wants to go on another date and gave me a lot of options for when I’d want to go on it. It literally made me feel repulsed… like I had to turn my phone on do not disturb and distract myself doing something else. Then I cried for awhile because I don’t know why the fuck I felt that way and it’s a horrible way to think about someone.

I’m really interested in pursuing something more, but I am terrified I’m going to hurt this girl. Not intentionally of course, but I feel so torn between completely opposite emotions. I’m really upset because I don’t know if that means I’m not ready for a relationship. But, I’m horribly lonely and I feel that I really do need to start dating to become more secure in my attachments. Any advice?

Edit: thank you all so much for your kind, thoughtful and helpful responses. Honestly, even posting on this sub has made me fee",,disorganized,general
1ot191x,Night four with no sleep. I’m spiraling and don’t know how to hold on anymore,BreakUps,77,68,0.99,https://reddit.com/r/BreakUps/comments/1ot191x/night_four_with_no_sleep_im_spiraling_and_dont/,2025-11-10,Oke_Bye,"Hi everyone,
this is night four with little to no sleep. Tomorrow I have to work again, and I fought so hard for this job, I don’t want to lose it. But I’m completely spiraling.

My ex (7 years together) broke up with me about a month ago. He said he needed to “be alone, discover himself, and heal from trauma that is haunting him "". 

Then just four weeks later, he started a new relationship. He deleted our pictures and added her simoltaniously. It was like I was erased overnight. I can’t stop thinking about it. I barely eat, barely sleep. My thoughts are running in circles.

I’m anxiously attached, and he’s avoidant (maybe fearful avoidant). During the relationship he shut down emotionally, and now it’s like he’s just… fine. Moved on. But I can’t stop crying, I can’t stop checking everything, I can’t stop wondering how he can do this after everything we shared.

I’m currently living with my parents in a small village I hate, with no close friends around me. I can’t move yet because I don’t even know where to go. I feel trapped, in my head, in this house, in this heartbreak.

I know logically that I need to let go, that I deserve better. But right now I’m just so lost. Has anyone g",,disorganized,general
142os7a,Anyone else feels more comfortable when you're avoidant leaning than AP?,FearfulAvoidant,76,35,1.0,https://reddit.com/r/FearfulAvoidant/comments/142os7a/anyone_else_feels_more_comfortable_when_youre/,2023-06-06,whatsmyshame,"I am FA. And have been DA leaning for some time because I was talking to an extremely AP person.

Eventually after few months, I got more comfortable with him, he got distant/bored or maybe just annoyed by my avoidance. And now I'm more AP leaning... waiting for his messages and he's nowhere to be seen

I was much more at peace when I was in my avoidant stage. I want to go back! I was still lonely and sad and misunderstood then but i felt strong.

Now I look at myself as someone weak and pathetic. Someone who has no life except waiting for someone's messages.",,disorganized,general
1nskqxj,How can you tell if you're in the wrong relationship or just being an FA?,FearfulAvoidant,76,64,0.98,https://reddit.com/r/FearfulAvoidant/comments/1nskqxj/how_can_you_tell_if_youre_in_the_wrong/,2025-09-28,magnoliamaryjane,"I don't want to regret losing someone who I might actually love, but I can't stop fantasizing leaving my SO.",,disorganized,general
1hg5jx3,Just discovered FA attachment style aged 47 and forever single and lonely ,FearfulAvoidant,73,18,1.0,https://reddit.com/r/FearfulAvoidant/comments/1hg5jx3/just_discovered_fa_attachment_style_aged_47_and/,2024-12-17,mugoftealife,"I’m just writing this as I have discovered the term and the attachment theory finally.

i have just lived believing there is something wrong with me at the core of my personality.   
I have never had a proper relationship as I would get completly overwhelmed by around the 3 month mark. I would feel anxious/irritated and avoidant by physical touch and any progress to emotional closeness, pulling the plug quickly.

ive suffered alot of depression, binge eating disorder and used to use substances. 

i ended up just avoiding relationships for the last 20+ years, but I crave one so badly.   
  
I’m very lonely and feel like a freak in my family, my siblings got married and have successful lives. We all grew up in an emotional permafrost wilderness but I am a lot more sensitive by nature.   
I guess I’m just reaching out to say hi to any other people who can relate.

im going to need to know how to find my way out of here too as I’m incredibly lonely, but one day at a time",,disorganized,general
1ktghxp,I broke up with my ex twice — here’s what I learned about reconciliation and letting go,BreakUps,73,96,1.0,https://reddit.com/r/BreakUps/comments/1ktghxp/i_broke_up_with_my_ex_twice_heres_what_i_learned/,2025-05-23,AdmiralCritler,"Hello everyone,

I broke up with my ex at the end of November. We got back together at the beginning of February, and I ended things again about two weeks ago—basically at the start of May. So yeah, I was the one who ended it both times, and honestly, I don’t regret it.

I was the anxious partner; she was fearful avoidant. It wasn’t built to last unless both of us werr willing to do serious work —and that didn’t happen sadly. I made some mistakes during the second round, but I also improved a lot from the first time. Now, I’ve walked away with hard-earned insight about reconciliation and the reality of retrying a relationship.

I’m not here to give anyone false hope. But I do want to share what I’ve learned—how to handle the emotional rollercoaster, what to expect if you’re thinking about getting back together, and how not to abandon yourself too early in the process.

If you’re struggling with questions or hopes around reconciliation, feel free to ask. I’ll do my best to respond—and maybe help you let go of the idea that there’s always a happy ending waiting at the end of the story.


EDIT: I'm using AI to help me clean up my English as I'm not a native speaker, so if it sounds li",,disorganized,general
qgwutf,What causes the panicky feeling of being smothered/the need to run away when someone is showing love and affection and the relationship progresses?,FearfulAvoidant,73,17,1.0,https://reddit.com/r/FearfulAvoidant/comments/qgwutf/what_causes_the_panicky_feeling_of_being/,2021-10-27,ewolgrey,"Because I have no idea. 
I've been dating another FA for about 3 months now and recently our relationship has progressed quite a bit, they confessed to me that they are falling in love with me the other day and at the moment I just felt happy and warm and told them that I need some more time and trying to not be afraid of catching feelings.


Now the pace of the relationship seem to have escalated and they reach out more and over all being more affenctionate and tell me how much they feel about me and I've recognized that I'm becoming withdrawn and avoidant. I don't want to be this way and I'm quite aware of my attachment issues and try to sit with the uncomfortable feelings but I have no idea of what causes an FA to want to run away, feeling smothered and kind of disgusted and feel the need to deactivate when the other person is showing love and affection?",,disorganized,general
147qu6l,Went no contact with fearful-avoidant,ExNoContact,73,41,0.94,https://reddit.com/r/ExNoContact/comments/147qu6l/went_no_contact_with_fearfulavoidant/,2023-06-12,Tiny-toebeans,"After months of hot and cold mind games, I finally set strong boundaries and went no contact with a fearful-avoidant. It fucking hurts, but it so much better than the constant highs and lows. 

Not bashing avoidants, they can be respectful when they are self-aware and put in the work, but the person I was dealing with certainly was not. No self-awareness or accountability at all. 

For those of you struggling or on the fence - DO IT. I cannot tell you how good it feels to have your own power back and let go! 💓 engaging with an unaware avoidant is nothing but hurt, get out as soon as you can!",,disorganized,general
1hzdqks,Tired of my thoughts,FearfulAvoidant,72,30,0.99,https://reddit.com/r/FearfulAvoidant/comments/1hzdqks/tired_of_my_thoughts/,2025-01-12,Hedgie013,"I'm a FA and I've been working on myself for a while now. So I'm a the state where I'm extremely self aware of my unhealthy patterns but not yet there to successfully prevent and manage them

And I'm so damn tired. Every time I get triggered by something minor like person I weren't considering for anything more than FWB saying ""they might go on a date with someone they talk daily"" and my brain turns into my worst enemy telling me that I'm just a side fling, that I'm so horrible that I'm just a FWB and they don't consider me for the normal option. 

Like brain I never considered them as an option, I'm way too good for them, they have nothing that aligns with my values and I want to stay single for now. 

And it's so damn tiring to deal with those thoughts and notice how they undermine my self esteem I worked so hard on. 

I'm not even sure what I even want from this, I guess just let those thoughts out and see if anyone has something similar and how they cope with their intrusive thoughts like this?",,disorganized,self-reflection
1gn6bq1,Do you feel frightened/not interested as soon as your crush likes you?,FearfulAvoidant,71,18,0.99,https://reddit.com/r/FearfulAvoidant/comments/1gn6bq1/do_you_feel_frightenednot_interested_as_soon_as/,2024-11-09,OwnDefinition327,"I have this thing where I’ll get crushes very easily and become infatuated with them. I’ll think of them everyday, imagine scenarios where we’re together, and pine after them hoping they like me back. The problem is, whenever I get a hint that they do actually like me back I get this feeling of dread like something isn’t right. Them liking me just feels wrong and then I try to distance myself so that they don’t like me anymore. I’ll still talk to them I just won’t do any of the pining stuff. Why does this happen and do you guys experience it too?",,disorganized,general
rrq2x8,Looking for Attachment Theory (and other self-help) Book Recommendations,FearfulAvoidant,70,41,0.99,https://reddit.com/r/FearfulAvoidant/comments/rrq2x8/looking_for_attachment_theory_and_other_selfhelp/,2021-12-30,existentiallyslight,"I’m compiling my list of books I’d like to read in the new year and need some recs. I’ve read Attached and Thais Gibson’s attachment theory books and really enjoyed those, but haven’t heard anything about any others. This isn’t an attachment theory book, but I also loved “Maybe You Should Talk to Someone” by Lori Gottlieb and would like recs similar to it. Thanks in advance!",,disorganized,general
1mbn6op,6 weeks post break up over here,BreakUps,70,37,1.0,https://reddit.com/r/BreakUps/comments/1mbn6op/6_weeks_post_break_up_over_here/,2025-07-28,GeneralTraffic7282,"Y'all. let me start by saying simply: you don't need them, you will recover from this, and you will be okay.

We were very intentional. met each others friends and families, went ring shopping, all the things. And then my Fearful Avoidant BF broke up with me after our first big fight.

**Lesson: Just because someone says they are commited to you, doesnt mean they wont leave you. Some people can ""perform"" commitment, but once the storm hits, they cant handle it and freeze or flee.**

I spent the first 2 weeks in shock, reaching out, having emotional conversaions to let him know that i was willing to do the work to repair things, because i knew that if we repaired this, that our bond would be stronger.

**Lesson: If someone wants to leave your life, LET THEM GO. Dont waste a single second trying to convince someone that you are good enough for them to stay.**

He remained available to me which i appreciated but it was confusing. Usually when men are finished, you know it. He sent a ton of mixed signals he cried when we spoke and expressed his love for me. He felt like his trust was broken by the fight which i understood, but offered no steps toward repair.

**Lesson: Nothing that i s",,disorganized,general
1hge667,"How Have You ""Tested"" Partners? ",FearfulAvoidant,69,76,0.95,https://reddit.com/r/FearfulAvoidant/comments/1hge667/how_have_you_tested_partners/,2024-12-17,Upbeat_Place_9985,"Or How Have You Been Tested By a Partner?

Apparently this is a common 'protest' behavior or coping mechanism by pseudo-building trust by passing tests. Does anyone have real life examples? Do you know you are doing it in the moment?

The only one I can think of is me pretending to be open to threesomes and polyamory to gauge the truth on how open my partner would be to those things. I used this as a test to see how much they actually loved me, wanted to, or were capable of, being faithful, etc.",,disorganized,general
skcg9v,EMDR experiences?,FearfulAvoidant,69,30,1.0,https://reddit.com/r/FearfulAvoidant/comments/skcg9v/emdr_experiences/,2022-02-04,[deleted],"I have never fallen in love due to my FA attachment - I lose interest in anyone that likes me, have phantom exes, push away emotionally available people, try to earn love from unavailable people, can't accept love etc. I'm confident it all stems from emotional neglect and abuse as a child.

Has anyone done EMDR to heal their attachment style? How many sessions did it take for you to notice a difference? What are some of the differences you noticed? Any advice, thoughts, things I should look out for?",,disorganized,general
1nsukp2,Feeling sad and uncomfortable when I get close to someone I like,FearfulAvoidant,67,17,1.0,https://reddit.com/r/FearfulAvoidant/comments/1nsukp2/feeling_sad_and_uncomfortable_when_i_get_close_to/,2025-09-28,ralphwiggums3,"I met a guy this last Tuesday. I was walking with some of my friends and they had a new guy walking with them that day. He approached me first and we got along quite nicely. I really liked him and his personality, I couldn’t tell if I *liked* him but I was kind of giddy after the interaction, but I saw us as just friends. I had to go pretty abruptly and didn’t know if I’d see him again. I ended up seeing him the next day by surprise and he gave me his number. We had a really nice conversation and he texted me goodnight. He’s been texting me good night and good morning every single day since then and we’ve been talking a little bit more. We walked together again and It was pouring outside, and he held out his umbrella for me. I feel that I like him but I’m also very confused. I’ve never dated anyone before. I’m honestly scared out of my mind about it for some reason. Whenever someone has shown me romantic interest like this in the past, even if I liked them back, I’ve felt this intense need to retreat. I also don’t date outside of my religion which is making things even more complicated as he’s not on my religion. I like him but at the same time I have this increasing need to drift",,disorganized,general
1nhk89z,"On a second date she told me that she's a disorganized attachment style, so I told her that I can't continue dating her. Did I do the right thing? What would you have done?",dating_advice,66,53,0.8,https://reddit.com/r/dating_advice/comments/1nhk89z/on_a_second_date_she_told_me_that_shes_a/,2025-09-15,WalkingAcrossTheIce,"One week ago, I (M33) went on a first date with a girl (F28) and we took a long walk and talked for 3 hours. She was really cool, but also gave off this chaotic vibe, while I am more of a chill person. She was opening up a lot of different topics and the whole date was pretty intense for me. I had to really think a lot on my answers. After it ended, I was drained of energy. I decided that she's probably not right for me and didn't text her anymore after, and she also didn't text me. I basically told myself: ""*I won't text her, but if she by chance shows some interest, I might be open for a second date"".* 

But then yesterday, she texted me again and asked if we can go for another walk. I told myself why not give it a second chance and see how it goes. Well, the second date was much better. We talked for 4 hours and we could probably talk even more if it didn't get so late. I really liked that because she's really open about herself and talking to her felt like I'm talking to someone I have known for years. 

She's pretty in tune with herself, she studied psychotherapy, and she's also been a patient herself for three years. She openly told me that she's a disorganized attachment sty",,disorganized,general
mxs4w8,How to address my fearful avoidant tendencies?,datingoverthirty,65,36,0.93,https://reddit.com/r/datingoverthirty/comments/mxs4w8/how_to_address_my_fearful_avoidant_tendencies/,2021-04-24,lm08679,"I am fully aware of my attachment issues. I've always craved intimacy and a deep connection but am terrified of it at the same time. I take accountability for where my defense mechanisms have hurt my previous relationships. 

I've purposely kept my partners at a distance but would get upset when I felt like they weren't trying to progress things. I actively search for reasons why they are not fully invested in me. When I would ask for progression in a relationship and received it, I would internally freak out and want to bolt. I know this is very hot/cold behaviour and left my partners confused. I've been told numerous times I am difficult to read. 

My last relationship was very push/pull as we had similar insecurities. He jumped into a relationship right afterwards, which seems to be flourishing so much more than ours. I tell myself that I am happy for him and he deserves to be with someone who can give him what I could not. Yet I can't help but feel hurt, jealous and inadequate. 

I've done a good amount of reading and am in therapy now. My issue is that, while I'm fully aware of my tendencies, I don't know how to actively change my actions and way of thinking to avoid the same",,disorganized,general
b2zgj4,Anyone have fearful avoidant attachment style?,datingoverthirty,65,77,0.98,https://reddit.com/r/datingoverthirty/comments/b2zgj4/anyone_have_fearful_avoidant_attachment_style/,2019-03-19,Willrunforicecream7,"If yes, what has been helpful getting past it to develop a secure attachment? How did you communicate this to your partner? 

I know this attachment style comes from my parents. I crave their affection and while they were good providers, they were not reliable sources of affection.  As a result, I married someone who was very similar. That marriage failed 2 years ago and I’ve been dating since then.  I’ve learned from these experience, don’t need anyone. They will disappoint you.  

This is usually how my relationships go: I don’t get too attached early on. On the outside, I’m an independent, low maintenance, easy going person. I don’t do anything that shows that I need anyone. Or that I care too much. This is the avoidant part. 

However, after about 6 months or so, I start letting my guard down. Then the fearful part takes over. I feel as if my partner is just not that into me anymore. I feel that they are pulling away. But are they? 

I read somewhere that “my emotions may not give an accurate feedback about what’s going on in a relationship.” 

Maybe I need to go back to my therapist! [fearful avoidant ](https://www.google.com/amp/s/www.psychologytoday.com/us/blog/the-freedom-c",,disorganized,general
mjkdmv,"Broke up with someone after gut feeling, regretting hurting him. How to get over this?",FearfulAvoidant,64,17,1.0,https://reddit.com/r/FearfulAvoidant/comments/mjkdmv/broke_up_with_someone_after_gut_feeling/,2021-04-03,personalf234,"I'm an FA woman who has always had trouble in relationships. One of my past bfs called me ""dramatic"" and I sometimes find it hard to disagree with that opinion. I'm extremely loving at the cost of my own needs in order to make the other person happy, till I realize my needs aren't met. That's usually when I ""deactivate"" and usually blindside the other person, and within a week or two I'm out of the relationship.

I ended things last week with a guy I was dating. Same pattern, we were clearly falling for each other and things were going fairly well for a few weeks. But in the past 2 weeks his passive nature (which was also him being calm and patient) really got to me and I got tired of his silence when I wanted conversation. 

I expressed my needs and he was willing to work on it but my body started hurting so bad after that and I was in so much pain from the anxiety and doubt that he would hate me that I ended up breaking up with him out of the blue. I texted him once since then, apologizing and asking him if he wanted to talk but he hasn't replied and I think I have to let go and give him space. I feel totally devastated at yet another romantic connection going the same way. I fee",,disorganized,self-reflection
1o744hy,Self Sabotage of a Fearful Avoidant,BreakUps,64,21,0.99,https://reddit.com/r/BreakUps/comments/1o744hy/self_sabotage_of_a_fearful_avoidant/,2025-10-15,Bobs_Saggey,"I ruined my relationship with someone I truly loved because I became emotionally distant and I was unable to communicate or show my affection properly. I struggled to maintain our connection and to commit, or actively contribute to the relationship towards the end. Id also broken her trust and I’d taken advantage of her forgiveness. I was present, and supportive, and loving, but I was lacking in all those other qualities that makes a good partner. In the months since, I’ve started therapy and I’ve learned about attachment behaviors and I’ve realized that the avoidant fits me to a ‘T’, and that I’ve also been depressed for a long time. The more I go to therapy and read about it, it feels like it was written explicitly about me. I always had troubling making sense of and understanding certain aspects of my life and relationships, and now I understand everything so clearly. There are so, so many things throughout my life that make so much more sense to me now that it’s absolutely crazy. 

During our relationship, I sometimes couldn’t figure out exactly how I felt, just that I had these major anxieties of intimacy and insecurities that seemed to loom over me constantly. I couldn’t fi",,disorganized,general
zi8tv1,how do i stop feeling scared/guilty when someone wants to get close to me?,FearfulAvoidant,64,10,1.0,https://reddit.com/r/FearfulAvoidant/comments/zi8tv1/how_do_i_stop_feeling_scaredguilty_when_someone/,2022-12-11,thr0away4970,"[FA] i have no problem building relationships with people, particularly when i mt feels like i’m working to open them up. when they (naturally) respond to me like we are friends, i feel scared, anxious and guilty. i have trouble making eye contact, i get nervous when they touch me affectionately. i create distance.i hate pushing away people when i was just working to build the relationship. how do i make myself comfortable?",,disorganized,general
nfossm,I have no friends and I feel relieved,FearfulAvoidant,64,12,1.0,https://reddit.com/r/FearfulAvoidant/comments/nfossm/i_have_no_friends_and_i_feel_relieved/,2021-05-18,extrapyramidals,"This makes me feel like a terrible person to even admit but I've grown apart from the people I considered my closest friends and most of the time I just feel relieved. it has nothing to do with the type of people they are or them at all. they are wonderful people. does anyone else know what im talking about? 

 i can't help but feel trapped all the time even in good things. i feel like i should mind being lonely more than i do. it feels like freedom to me. i wish i could cut ties with everyone and everything. i desperately wish i was normal though. i want to be able to keep friendships without feeling the need to distance myself. 

i know i hurt my close friends when i do this but i dont know how to stop. when im alone i dont have to worry about the guilt of not being able to live up to other's expectations/ the bare minimum of what a friend should be. i dont have to worry about my attachment issues affecting them. 

does anyone have any advice about this? let me know if this is against the rules and i will take it down, im just so desperate to not be this way anymore.

tl;dr- i cant stop detaching from the people i am closest to",,disorganized,general
muaog3,Shame and sex,FearfulAvoidant,64,17,0.99,https://reddit.com/r/FearfulAvoidant/comments/muaog3/shame_and_sex/,2021-04-19,Elegant-Bluejay,"Do other FAs here have a deep shame associated with sex? To the point where it effects your ability to orgasm with your partner, where you can’t even communicate what you like or don’t like because of it?",,disorganized,general
r553tu,Does anyone else’s sense of time shift depending on person?,FearfulAvoidant,63,12,1.0,https://reddit.com/r/FearfulAvoidant/comments/r553tu/does_anyone_elses_sense_of_time_shift_depending/,2021-11-29,[deleted],"So if I go two weeks without hearing from someone I’m secure about, it feels fine and I don’t even really think about it.

If I’m anxious, two weeks feels extremely long and I will catastrophize.

If I’m avoidant towards someone, two weeks feels extremely short, and sometimes like they’re not giving me enough space.

This is true for longer timespans as well. Even years. DAE experience this?",,disorganized,general
1ifxkpc,"I pushed him away, now I think he’s gone..",FearfulAvoidant,63,48,0.97,https://reddit.com/r/FearfulAvoidant/comments/1ifxkpc/i_pushed_him_away_now_i_think_hes_gone/,2025-02-02,WeekIcy5754,"I (26F) met this guy (24M) a few months ago, and we had an instant connection. It might be worth mentioning that he has a secure attachment style. It was deep, intense, and real, but I kept pulling back… I told myself distance was an issue (we were long distance), that timing wasn’t right, that maybe it wasn’t meant to work. But the truth is, I think I was scared. He told me he loved me, and I felt something too, but instead of holding onto him, I let my fears win…

He visited my city last week because of a work trip. At first, he said meeting up was a bad idea, simply because he knew if he met up with me, he’d fall in love even harder, but I couldn’t stand knowing he was here and not seeing him. I called, texted, told him I’d regret it if I didn’t see him… he agreed to meet. When we finally met, it was like no time had passed. He kissed me first, held onto me, laughed with me. But then and at the end of the night, he mentioned how we’d probably never see each other again.. and how maybe we could be friends. 

Something about that made me shut down. I haven’t reached out since, and neither has he. I think he removed me on social media. Now I don’t know if I lost something real or i",,disorganized,general
qkf05w,I want to run and disappear. Possible “vulnerability hangover”?,FearfulAvoidant,62,7,1.0,https://reddit.com/r/FearfulAvoidant/comments/qkf05w/i_want_to_run_and_disappear_possible/,2021-11-01,howlsmovingdork,"TL;DR: Dating another FA but this has been the healthiest connection I’ve ever had. It’s easy for me to open up and be vulnerable but now I’m starting to freak out and detach/deactivate. Fighting the urge to ‘run’. Possibly a “vulnerability hangover”

I don’t even know how to properly explain this. 
I’m a FA-leaning anxious dating another FA and I’m feeling weird feelings lately. I’ve only been dating this person for a few months and I’ve already fallen for them - a rarity bc I’ve never fallen this fast. 
I’ve been in therapy for the last 6 years working on becoming more secure, so these feelings freaked me out and I spent weeks questioning my own feelings (is this real? Maybe it’s just infatuation. Or limerence? Lust? My therapist and psychiatrist eventually helped me just accept these feelings and stop over-analyzing them). 

But I’m running into a problem I’ve never experienced when dating. Like I’ve self sabotaged in the past but I also used to date a lot of toxic people. Either way, I’ve been working on that bad habit. 
But with this current person, they’re the healthiest person I’ve ever been with. When we’re together i do feel safe and seen and heard. They make it easy for m",,disorganized,general
m2it06,Being a Hopeless Romantic with Fearful Avoidant,FearfulAvoidant,62,8,0.99,https://reddit.com/r/FearfulAvoidant/comments/m2it06/being_a_hopeless_romantic_with_fearful_avoidant/,2021-03-11,LoveDriven_Diamond9,"This is pain! I used to be more anxious, but all this heart break made me very fearful. Deep down I want to love someone and be loved. I fantasize about romantic and affection a lot, but I also fear rejection and breakup. I feel avoidant because of hookup culture and how easy it is to get cheated on and replaced. Every time I fall in love I get my heart broken later. It’s always the other person who does the breakup. It takes longer for me to recover than regular people. Even though we were never together it hurts as if we were. I kind of expected my love life to be like this, no true love just small moments of romance and happiness followed by painful breakup. I’ve never been in an actual relationship and crave affection, this is what keeps me in this toxic cycle.

Are any of you FA also a hopeless romantic?",,disorganized,general
1180n8h,What is the wildest thing you have done as a FA to avoid intimacy?,FearfulAvoidant,62,99,1.0,https://reddit.com/r/FearfulAvoidant/comments/1180n8h/what_is_the_wildest_thing_you_have_done_as_a_fa/,2023-02-21,sansubensi,I’m dating a FA and he is really pulling out all the stops to throw obstacles in our path. OMG what do I do? How can I be loving?,,disorganized,self-reflection
kt3zo1,Manifestations of shame (not just for FA's),FearfulAvoidant,60,8,0.98,https://reddit.com/r/FearfulAvoidant/comments/kt3zo1/manifestations_of_shame_not_just_for_fas/,2021-01-08,jasminflower13,,,disorganized,general
1hnf81n,Love after limerence?,FearfulAvoidant,60,16,0.99,https://reddit.com/r/FearfulAvoidant/comments/1hnf81n/love_after_limerence/,2024-12-27,No_Charge_6256,"I've been analyzing my attachment style a lot lately. My pattern is that I fall in love very fast, I'm obsessed, then I win my person over with my charms and attention, then we end up in a LTR... and, of course, it gets harder and harder for me to keep being in this relationship. If nothing triggers me, I'm fine, but if we fight a lot, if we have a lot of disagreements and can't seem to find common ground, I'm thinking about ending things. And I'm always blaming myself ""god I used to care so much and now it's like I'm always sad and annoyed and want to be left alone"". And my men, well, they are never happy with the fact that I seemed so loving in the beginning and then I lost my spark. It's not like I'm not trying to be a good partner, I really am, but it comes from my head, not from my heart (""I don't really wanna have sex tonight, but he wants to, so...). And at that moment it's so easy for me to start feeling affection towards other people, and I feel awful, like I'm a cheater, even if I don't cheat.

Right now I'm afraid I don't even know how real love looks like. Do I like the man I'm with? He's a good man, but do I really love him? Limerence is over and now it feels like we a",,disorganized,self-reflection
pmt8nc,FAs and hyper vigilance in relationships.,FearfulAvoidant,59,30,1.0,https://reddit.com/r/FearfulAvoidant/comments/pmt8nc/fas_and_hyper_vigilance_in_relationships/,2021-09-12,[deleted],"I watched Thais Gibson's YouTube on this and I think I can see it in my FA partner. It's like he is constantly anticipating or guessing everyone else's needs and so he ends up exhausted and consequently distant. He seems overwhelmed at the thought of relationship needs, I don't have high needs at all and he is happy with how we are going, though he is overwhelmed if we have had conversations in the past if I've brought up something that hasn't been okay with me. I guess my question is, do FAs associate relationships with having to anticipate needs, people pleasing and then ultimately burn out from how exhausting this would be? Then hiding away to recover? Do you think the fear of not meeting people's needs can lead to that push pull?",,disorganized,partner-perspective
mtjofn,Getting attached easily,FearfulAvoidant,59,13,1.0,https://reddit.com/r/FearfulAvoidant/comments/mtjofn/getting_attached_easily/,2021-04-18,throwawayyyyx3,"I’ve avoided dating/relationships for most of my life because I was so afraid of getting hurt, and would rather be alone than go through the pain again of being left.  I’ve never been the girl to have a lot of crushes, and I’ve always felt like I was “independent” and didn’t need anyone.  I now realize it’s because I’m FA.

However, whenever I do like someone or start dating them, I find that I get attached to them easily, regardless if it’s a short-term relationship.  When they leave, I become very devastated, and it takes me a very long time to get over them.  It makes me even more FA (it’s a cycle I’m trying to break).  

Does anybody else feel this way?",,disorganized,general
1rp7j5o,How I handled my breakup with an avoidant in a secure way. This is what my first 30 days of grief actually looked like.,BreakUps,59,21,0.98,https://reddit.com/r/BreakUps/comments/1rp7j5o/how_i_handled_my_breakup_with_an_avoidant_in_a/,2026-03-09,Soft_Variation_71,"**\*Disclaimer**: My primary language is Spanish, so I had to get a little help from AI to write this. 

I often see people online ask what secure attachment looks like during a breakup. Some imagine that secure people don’t cry, don’t miss their ex, and move on quickly. That hasn’t been my experience at all.

I actually lean anxious in attachment, but during my last relationship I did a lot of internal work and became what is often called earned secure. When the relationship ended, the grief was intense. I cried, I felt empty, and some days my nervous system felt completely dysregulated.

But I handled the breakup very differently than I would have years ago. Here is what my first month of grief actually looked like.

**For context:**

My ex (37M) and I (36F) were best friends for two years before we became a couple. So when the relationship ended, I didn’t just lose a romantic partner. I also lost my best friend.

During the relationship I slowly started noticing a push–pull dynamic. My ex had strong avoidant patterns and when he became emotionally activated, he would withdraw. About two months before the breakup, I actually started therapy because his distancing had triggered my",,disorganized,general
1ju30x6,"Regret-ville, USA",FearfulAvoidant,59,15,0.99,https://reddit.com/r/FearfulAvoidant/comments/1ju30x6/regretville_usa/,2025-04-08,CapnRedHook,"I’m in my 40s and just starting therapy. I’ve come to realize that along with Inattentive ADHD and Cyclothymia, I’m also a possible “fearful avoidant”. 

Now it’s all makes sense why I’ve had so many short-lived relationships, never married, and no kids. I’m a product of a very dysfunctional home with a physically abusive (former military) father who was also an alcoholic. It’s amazing I don’t have permanent welts on my body from all the beatings. One of my biggest regrets in life is not running away from home. 

Learning about myself has been a bittersweet feeling. While it’s validating to finally gain some understanding, it also causes a lot of regrets that I constantly ruminate over. 

I’ve had quite a few opportunities for love that I let slip away, so, now all I can do is pray that I get ONE MORE chance now that I have more knowledge and self-awareness…..

…….we shall see.",,disorganized,general
1bodqhq,Did your BF stop wanting to have sex before u broke up?,ExNoContact,58,103,0.98,https://reddit.com/r/ExNoContact/comments/1bodqhq/did_your_bf_stop_wanting_to_have_sex_before_u/,2024-03-26,Yolotrader469,My Ex (Fearful avoidant) decreased the level of intimacy more and more. 6 weeks before he broke up with me he stopped wanting to have sex with me. Was anyone in the same situation and found out the reason for that? Is this common? I heared he also did this in his last relationship.,,disorganized,general
l6pab3,This post just gave me the biggest AH-HA! moment about Attachment and Authenticity. Wanted to Share. Would love to hear your comments and thoughts.,FearfulAvoidant,57,8,1.0,https://reddit.com/r/FearfulAvoidant/comments/l6pab3/this_post_just_gave_me_the_biggest_ahha_moment/,2021-01-28,briannanechelle,,,disorganized,general
143p9ba,Scared to see partner again?,FearfulAvoidant,57,10,0.98,https://reddit.com/r/FearfulAvoidant/comments/143p9ba/scared_to_see_partner_again/,2023-06-07,SmhAtEverything_,"Hey y’all! So I have a very disorganized attachment, clingy one moment &amp; completely distant the next. Very distressing lol. 

My partner has been studying abroad for a couple weeks now. I’m going to travel to see him &amp; spend time with only him abroad for about a month, after not seeing each other for 7 weeks. 

When I talk to him, I’m happy, calm, &amp; excited to see him. He’s a great guy! But as soon as we hang up the phone the anxiety comes. I’m anxious about seeing him &amp; not living up to his expectation of a fun couples’ trip. I’m currently very anxious about having sex with him. I know it’s been a while, &amp; typically I have a high sex drive, but with him it’s so hard for me to let go. I’m anxious that I won’t want to have sex with him, &amp; therefore possibly exposing some intimacy issues between us. A part of me would rather not see him altogether &amp; keep this distance between us. Again, these feelings only happen when we’re not in contact. 

Has anyone else been through something similar? If so, how do I chill out?",,disorganized,general
1nqbpyp,Do you FA's have trouble making or keeping friends?,FearfulAvoidant,57,65,1.0,https://reddit.com/r/FearfulAvoidant/comments/1nqbpyp/do_you_fas_have_trouble_making_or_keeping_friends/,2025-09-25,peachismile,"I think im an FA and ever since i was young, i never cared about keeping friends. They were here one minute and gone the next but it never really bothered me. I love my alone time, i can be alone for days maybe even weeks. I really enjoy my own company. Does anyone else have this issue or is it just me?",,disorganized,self-reflection
1h6mzx6,Girl who initially rejected me now wants to try dating me for real,dating_advice,56,58,0.92,https://reddit.com/r/dating_advice/comments/1h6mzx6/girl_who_initially_rejected_me_now_wants_to_try/,2024-12-04,BitterBudget6620,"Earlier this year I moved to a new city for internship and soon transitioned into full time upon college graduation during the summer.

Back in January I was in a three-month situationship with a girl I met on a dating app. Things ended after I asked if we could be together for real and she then followed up with me in a text that she wasn’t ready. We had gotten intimate several times, and although she expressed that she cared about me and wanted to stay friends, it still hurt. Over some time, she became very distant and eventually stopped messaging me. I suspect she might be a fearful avoidant, but at the time, I respected her decision.

Seven months later, she reached out, saying she had been thinking about me and wanted to meet up. We've seen each other a few times since then, but each time, she hasn’t shown any signs of wanting anything more, so I’ve accepted that we'll remain friends. 

In the meantime, I decided to start dating again and met a new girl on Hinge. We've been talking for over a month and have gone on a couple of dates. We seem to have a lot in common such as being the same ethnicity, both moved into the new city we’re at for our first job as we recently graduated",,disorganized,general
1h9ra4s,How do I break the cycle? ,FearfulAvoidant,56,41,0.97,https://reddit.com/r/FearfulAvoidant/comments/1h9ra4s/how_do_i_break_the_cycle/,2024-12-08,liquidfootball11,"Really struggling at the moment. I simply have no ability to be content in a relationship - the only time I feel anything is when I’m chasing something 

So very tired of being this way - I am unable to enjoy anything about relationships, so should people like me just not bother with them? 

My relationships go in cycles (I’m 32)
1. Chasing stage - extremely exciting

2. Once I know they like me stage - immediately bored/not interested (I don’t even get the traditional honeymoon phase to fall back on)

3. Stick with person, lie to myself about how much I love them or want to be with them, even ‘faking it until making it’ and ‘committing’ eg buying house, pets etc - boring, exhausting, panic-inducing, forced, don’t feel happy 

4. Meet someone else or cheat, just to feel something, in that it’s not the sex, it’s the chase, or in my mind, the hope that because I feel all these ‘things’ for someone, that they’re the one for me - exciting until that person likes me (stage 2)

5. Return to previous partner, obviously feel bad for what I’ve done - I still feel empty &amp; nothing towards them, no future planning eg kids ever crosses my mind 

6. Leave/sabotage relationship

7. Regret onc",,disorganized,general
nvy6ma,When an FA pulls away,FearfulAvoidant,56,50,0.99,https://reddit.com/r/FearfulAvoidant/comments/nvy6ma/when_an_fa_pulls_away/,2021-06-09,new_gold_dream_,"My understanding is that when a DA distances, it’s because they’re feeling smothered and overwhelmed, and they should be offered space, but when an FA distances, is it for the same reason? Or is it subconscious test of loyalty, and giving space confirms their betrayal and abandonment worries?

Having seen a thread about FAs devaluing caring and attention, because of low self esteem, giving space seems like the best course. 

Thank you!",,disorganized,general
znlucu,Looking for books about disorganized attachment style,FearfulAvoidant,55,18,1.0,https://reddit.com/r/FearfulAvoidant/comments/znlucu/looking_for_books_about_disorganized_attachment/,2022-12-16,[deleted],"Have any of you found any helpful books that include the FA/disorganized attachment style? A lot of books I find about attachment don’t seem to include it. Honestly losing hope that I will be able to have a normal healthy relationship lol. I have a therapist, but would like to read more about it on my own too.",Resource,disorganized,general
1eq8cj3,She turned up at my door. It didn’t go well. ,ExNoContact,55,26,1.0,https://reddit.com/r/ExNoContact/comments/1eq8cj3/she_turned_up_at_my_door_it_didnt_go_well/,2024-08-12,DiscretionIsBetter,"I (39M) was discarded by my fearful avoidant ex (45F) earlier this year. I initiated NC once for ten days before she turned up at a gig she said she wasn’t going to, and then again for the better part of two months. In that time I haven’t reached out, and when she breadcrumbed me I responded with the standard message as outlined in this sub’s guide. 

Yesterday afternoon, she turned up at my door to give me my birthday present. Which isn’t happening for another three months. She said she had to get it out of her house and hand it over because she couldn’t “stand the hope of being in contact with me by then.” 

She admitted she still loves me, and that she misses me. Misses me so much, in fact, she has driven and parked up across from my house to try and watch me from the window. Misses me so much that she has set up fake dating app profiles to speak to me. And that she’s consumed with jealousy at the thought of me dating anyone else. 

Sadly, she monkey branched into a new relationship 12 hours after she broke up with me. And she’s still with the new man, and feels like they have a long term future. And so while she feels like this, she is firm in her choice that she wants to be wi",,disorganized,general
nlp6bj,Pulling away after spending a good weekend together,FearfulAvoidant,55,20,0.98,https://reddit.com/r/FearfulAvoidant/comments/nlp6bj/pulling_away_after_spending_a_good_weekend/,2021-05-26,Angel777Angel,"Do you guys feel that you become avoidant with your partner after being close and having an amazing couple of days together? We had such a good time then when he went I felt like I needed to pull back. We are texting but I’m really not putting the effort in just being polite, although I always instigate it. I’m so confused about why I’ve pulled back after being close. I feel guilty because he’s a great guy",,disorganized,general
n45rjq,Distinguishing between deactivation strategies and gut feelings?,FearfulAvoidant,54,6,1.0,https://reddit.com/r/FearfulAvoidant/comments/n45rjq/distinguishing_between_deactivation_strategies/,2021-05-03,EveningRepair_,"I'm dating a great guy who in many ways is a great match for me. He's kind, patient and very happy to take it slow.

However, I often fins myself feeling like I don't like him as much as I should, or that he's not interesting or smart enough for my liking. These things feel so mean to say but I'm wondering whether it's really my gut telling me we're not a good match, or if it's the avoidant side of my brain feeling unsafe and deactivating.

How can I distinguish these feelings? And if they are deactivating strategies, how can I stop these thoughts and enjoy getting to know him better?",,disorganized,general
smr24p,Reached the point of getting too intimate. Not sure what to do,FearfulAvoidant,54,7,0.98,https://reddit.com/r/FearfulAvoidant/comments/smr24p/reached_the_point_of_getting_too_intimate_not/,2022-02-07,tetraodonite,"This weekend I met a girl (she's also a hig functioning FA) I've been dating for two months now. I think we've become very intimate and I started to feel the panic after she left: I'm not enough, she is gonna leave me any time now.

Should I communicate any of this to her? It's my problem to deal with. Honestly at this point I feel so little that if she showed her affection towards me, I would feel the 'ick'. If she loves me, she is wrong, stupid or lying. Since she is also an FA, she could be having the same thoughts at the very moment. So now I feel trapped. If I communicate her that I'm thinking about her, that could turn her off. 

This is my first time as a self-aware FA that I'm actually vulnerable with somebody. Please help.",,disorganized,general
m58eb9,Can someone explain what deactivating feels like for an FA?,FearfulAvoidant,54,71,0.99,https://reddit.com/r/FearfulAvoidant/comments/m58eb9/can_someone_explain_what_deactivating_feels_like/,2021-03-15,sanjih,Would really appreciate it. I realize it's hard.,,disorganized,general
pmi14t,Friendships,FearfulAvoidant,53,20,0.99,https://reddit.com/r/FearfulAvoidant/comments/pmi14t/friendships/,2021-09-11,[deleted],"How do you deal wtih friendships, being a FA? I find it excruciatingly painful to get close to people, because I get attached quickly and am overly sensitive to any slights/rejections/signs of betrayal due to past negative social experiences. All relationships bring a lot of pain and turmoil, even if I try to consciously suppress the anxiety or avoidance. I get triggered all the time and either end up behaving in a way that I regret later (avoidance or anger) or get extremely anxious about their attitude and hurt. 

I tend to care/obsess too much about others’ opinions; when someone doesn’t like me, it gives me great anxiety/fear/stress. I am also constantly suffering from paranoid thoughts and internally struggling to figure out if I can trust the other person: there’s a constant internal battle between “they can’t be trusted, they are trying to harm you, their behaviour is just a facade” and “they’re probably a great person you’ve been looking for, don’t hurt them, you can relax and trust them”. 

Is this something you can relate to, being a FA? What causes it? How do you deal with it?",,disorganized,general
1hi9wwb,Affection to Distance: Wondering What Triggers the Shift,FearfulAvoidant,53,44,0.98,https://reddit.com/r/FearfulAvoidant/comments/1hi9wwb/affection_to_distance_wondering_what_triggers_the/,2024-12-20,[deleted],"I'm curious — for those who identify as fearful avoidant, how do you go from 'really, really liking someone' to suddenly turning stone cold? What triggers that switch, and what does it feel like on your end?",,disorganized,general
phvjfx,Does anyone feel the need to get away not just mentally but also physically as a body reaction?,FearfulAvoidant,53,11,1.0,https://reddit.com/r/FearfulAvoidant/comments/phvjfx/does_anyone_feel_the_need_to_get_away_not_just/,2021-09-04,PresentResearcher608,Sometimes the need to get away is physical. Like pain. Or hunger. Or tightening of chest. So is my feeling of wanting to withdraw. Anyone else or just me?,,disorganized,general
rxu3c3,What are your thoughts on “we are responsible for our own emotions/feelings”,FearfulAvoidant,53,22,0.99,https://reddit.com/r/FearfulAvoidant/comments/rxu3c3/what_are_your_thoughts_on_we_are_responsible_for/,2022-01-07,nihilistreality,"I’ve had a few dismissive avoidants say this to me in their own way. I’ve been thinking about this concept again. Identifying and taking responsibility for our own feelings is what we mean when we say we 'own' our feelings. Blaming other people or circumstances for 'making us' feel something is NOT owning them, but projecting responsibility onto someone or something else. 
For example, if a partner calls you names, or cheats on you, and you feel hurt and betrayed. Is their behavior not a direct reflection of your feelings? I feel like there’s a fine line, and it could definitely be used as a cop out or a way to avoid responsibility. 
On the other hand, if I get into a small fight and feel suicidal, my partner isn’t responsible for those suicidal feelings.
Where do you draw the line?

I’m open to hearing thoughts about this.",,disorganized,general
w8lvdr,"Fearful Avoidant dumped me - second time breaking up, anyone know how to cope?",ExNoContact,53,30,1.0,https://reddit.com/r/ExNoContact/comments/w8lvdr/fearful_avoidant_dumped_me_second_time_breaking/,2022-07-26,GrassOk3898,"This is my first time dating a FA (4-5 months, on and off, known each other for a little more than half a year). I am secure but became anxious as I felt he was avoidant, distant, and inconsistent. After being broken up with, I became curious about avoidant AT, turns out what he did to me was called deactivation. It was incredibly damaging, cold, and cruel. 

&amp;#x200B;

The first breakup was mutual - incompatibility, different values, him not respecting my boundaries, he was extremely sad about it, and we kept a friendship afterward. The second time around, we both saw it coming. We had many arguments where he would destroy my trust in him (he self-sabotages a lot). I knew I should've broken up with him, but a part of me thought we could work this out, and I knew he had abandonment issues (I have a big, forgiving heart). And when I choose someone, I choose to be with them unconditionally. Even during my break-up attempts, I initiated that didn't go through completely, he would always tell me that ""as cliche as it sounds, you deserve better"". 

&amp;#x200B;

When we broke up this time, it was so cold and cruel that I didn't even recognize him. I tried to understand what triggered",,disorganized,partner-perspective
1qoh2ik,"How to stop letting my fearful avoidance from causing me to “ghost” friends, sometimes for months ?",FearfulAvoidant,53,7,0.99,https://reddit.com/r/FearfulAvoidant/comments/1qoh2ik/how_to_stop_letting_my_fearful_avoidance_from/,2026-01-27,pichincha_chicharron,"Romantic partners would tell you I’m extremely anxious, while friends would say I’m extremely avoidant.

I’ve been going through a hard time that I’m so ashamed about — basically I went to intensive residential therapy for OCD for 3 months this past fall, &amp; I’m still feeling so stuck bc of being unemployed, living with parents, etc.

My friends are all so supportive, &amp; yet I find myself not responding to their well-wishes &amp; it’s been going on for a couple months.  I feel like I need to be doing “good” before I can reach out.. I’m tired of being in the same state as I’ve been for 3 years..

I know I learned this avoidance from my mom, &amp; I know it shows an inability to be vulnerable, &amp; that this self-isolation is actually self-sabotage, but I still do it!  Over &amp; over !

In summary, I’d love advice on how to make it up to them, &amp; how to be better in spite of these attachment issues.  I want to stop repeating this pattern.  There are certain friends that I’ve avoided speaking to for multiple years, for no rational reason beyond my own shame/fear of judgement/perceived lack of intelligence/whatever else.

I LOVE my friends but I fear my behavior suggests oth",,disorganized,general
143t9ss,When in a new relationship do you choose to disclose being FA?,FearfulAvoidant,52,34,0.99,https://reddit.com/r/FearfulAvoidant/comments/143t9ss/when_in_a_new_relationship_do_you_choose_to/,2023-06-07,lifeheadcanon,"When in your case does the conversation about attachment style come up in your relationship with another?

I do think it's important my partner knows, as we work together towards a secure and loving attachment together, but I'm having a hard time wrapping my head around just when that conversation should come up.

I don't want to bring it up immediately, as it feels like I'm ""warning"" them. I a: don't want to present myself as someone to be warned of. I know I have the capacity to be a deeply loving and compassionate partner, especially as I move along this healing journey I do see security in my future, but I'm far from in the total safe zone. 
b: I don't want to scare a potential partner away just as much as I want them to have the opportunity and freedom to choose whether or not this is a relationship they want to be apart of.

So I also don't want to wait until further into the relationship, when the ugly symptoms raise their head and start wreaking havoc on our connection. Now there's attachments and more potential hurt at play. I don't want my partner to feel as though they've been duped or lured in, only to realise their partner is going to require a lot more energy than the",,disorganized,general
1l2u7f1,I wonder if I will regret leaving my partner?,FearfulAvoidant,52,33,0.94,https://reddit.com/r/FearfulAvoidant/comments/1l2u7f1/i_wonder_if_i_will_regret_leaving_my_partner/,2025-06-04,Organic-Command359,"Hello everyone - I’ve been wanting to take the time to share my story in the hopes of maybe receiving some advice/suggestions/guidance from other people’s experiences here on this page. I’ll try and keep this short and spare you my entire life story: 

Me (25 yo female and fearful avoidant) and my partner (30 yo male and securely attached) have been together for over 3 years now and this year we’re taking next steps and planning on moving in together before getting engaged. I love my partner dearly, however this past year I have been going to war with my own negative thoughts and doubts about our relationship and our future. As things have gotten more serious, my doubts and fears about the future have become increasingly strong and it’s gotten to the point where the future seems bleak and cloudy. About a year ago, I began to emotionally and physically shut off towards my partner and found myself focusing on his flaws, picking away at little things that he does that as a result has made me feel like I’m falling out of love with him and no longer attracted to him. With the help of my therapist, I’ve realized that these have been deactivating strategies my mind has put in place to try",,disorganized,general
1lfs24q,NC doesn’t work for everyone that dated an avoidant. here’s what you can do for you!,BreakUps,52,15,0.95,https://reddit.com/r/BreakUps/comments/1lfs24q/nc_doesnt_work_for_everyone_that_dated_an/,2025-06-20,Electronic_Ratio394,"i’m still learning this shit. but also i’ve been learning a lot of things about myself and my ex. but mostly about relationships. 
first of all, i am very critical about people in my life. i recently realized that im an anxious/fearful avoidant too. my ex is one too. she’s more avoidant but still very disorganised. and i realize it was really hard to get detached from her. i still love her and i still have some expectations but also today i can hold myself and my feelings to no talk to her. it’s hard, but i had to abandon myself a lot times to be in peace today. or close to that. 

i’m writing this bc i saw a lot of content on the internet talking about how you have to go NC. and it’s really hard for some people, it was hard for me bc i was very attached and when you’re a neurodivergent it gets worse, for example. even if you’re not, it can be a hell, so i understand i’m here to give you some tips, feel free to not follow them. just don’t be an idiot, i’m just trying to help from my perspective. 

but here is the truth: no contact DOES NOT work for everyone. as soon you learn this, you will be nicer to yourself and that’s the key: be nice to yourself, be nice with your body, your m",,disorganized,self-reflection
1ohxk1o,Almost 2 years after an avoidant discard. I came out on top.,ExNoContact,52,11,1.0,https://reddit.com/r/ExNoContact/comments/1ohxk1o/almost_2_years_after_an_avoidant_discard_i_came/,2025-10-28,GJTobi,"So, a few weeks before Valentine's Day last year, I've (M23) been broken up by a fearful avoidant (F23), who broke up a six-year friendship and two-year relationship through a phone call. The relationship was already on its dying gasp as she would ghost me for several weeks and purposefully leave her phone at work as to not hear messages from me. At the Christmas party, where she promised that she would be there, she arrived literal five hours later without notifying me of anything and looked at me like I was scum the whole time before hurrying to leave early. 

When I confronted her about it, without yelling at all, a week later she read a break-up letter out loud on the phone call and she was crying but eerily distant. 

I asked her, ""Is this the last time we're gonna talk to each other?"" 

She told me, ""Well, I won't try to ignore you if we happen across each other on the sidewalk, I'll say hi if I see you.  But as for us, yes. Do not try to contact me or my parents. It's over for us."" 

A few months later, I'm walking to work, and I hear her voice coming from a building entrance. I turn around, and I see her smiling as she says goodbye to the receptionist. Needless to say, that",Great news,disorganized,general
1ccc87a,Anyone have experience with two FAs dating each other?,FearfulAvoidant,52,39,1.0,https://reddit.com/r/FearfulAvoidant/comments/1ccc87a/anyone_have_experience_with_two_fas_dating_each/,2024-04-24,sludgestomach,"I tend to lean more anxious in relationships, mostly because I won’t actually get into relationships with secure / anxious people. They give me the ick, so instead I date avoidant types who trigger my anxiety, which makes me want to win them over.   

My ex-turned-FWB leans more avoidant. From what I can gather, he people pleases until he crashes, then he discards.   

I’m just curious to hear about other people’s experiences in similar relationship dynamics.",,disorganized,general
1qgyd9p,Update: it gets better :),BreakUps,50,13,0.96,https://reddit.com/r/BreakUps/comments/1qgyd9p/update_it_gets_better/,2026-01-19,ProfessionalPark3453,"Hi everyone ! I have been around here for a few months and this kind of posts really helped me so, now that it is my turn, I wanted to share my experience.

I have been discarded by what I believe is a fearful avoidant 5-6 months ago, but the real breakup really happened when I moved out 3 months ago as while we were living together, we kind of pretended to still be a couple (yes, weird and confusing, I know). Saying that I have been devastated by the heartbreak is un understatement. I was so sure he would change his mind, so sure he was the love of my life (sometimes I still believe that, but it's ok). 

But he never came back, never sent a message, never called me. Nothing but silence.

He had work to do on himself with his therapist, had some kind of burn out and discarded me out of the blue while saying he still loved me. Kept saying it had nothing to do with me. I had a hard time believing this, but I did eventually because that's what he has been doing since the breakup. 

Well, 3 months later, I'm finally feeeling better after spending months crying everyday. I have both seen a psychologist and a psychiatrist to get over the pain, I am on antidepressant. I made new friends,",,disorganized,general
1n3if7i,"Apart from therapy, what can help FA's become securely attached?",FearfulAvoidant,50,53,1.0,https://reddit.com/r/FearfulAvoidant/comments/1n3if7i/apart_from_therapy_what_can_help_fas_become/,2025-08-29,rememberpianocat,"I took a couple online tests that point towards me being fearful avoidant. I've started therapy, but it feels slow, and I dont know if I can afford it beyond 10 sessions (today will be my 4th.)

I'm recognizing how my FA tendancies have ruined relationships I cared deeply about. But it wasn't until I realised that I'm unhappy in my current relationship that I really decided I need to fix this, as I'm tired of the patterns of making myself and others miserable.

Over the last 10 years i though my issue was just codependency, so that was what I focused on. I read/listen to lots of self help books on a variety of subjects. Cptsd, self esteem, codependency, boundaries, depression, attachment, marriage counselling... i keep jumping from topic to topic hoping for something to click.But I dont feel like I've had an ahaha moment.

Currently trying a book from eyemindspirit on healing from disorganized attachment. Ill see how that goes...

But what has worked for people to become more secure? Can having the wrong partner slow down your healing? I feel like I became more avoidant in my current relationship because he has anger issues. Somedays I wonder if getting space from him would help my",,disorganized,general
1hnd750,Do you relate to this?,FearfulAvoidant,50,10,1.0,https://reddit.com/r/FearfulAvoidant/comments/1hnd750/do_you_relate_to_this/,2024-12-27,AmbitiousObjective11,"I got back to journalling today and said something mind-blowing.

""Desperate to be loved and not be left, or to love and not leave""

I was always speculating that I'm FA since months ago. Just trying to be sure rn.",,disorganized,self-reflection
1gre00r,Does anyone else WANT a transactional relationship?,FearfulAvoidant,50,36,0.9,https://reddit.com/r/FearfulAvoidant/comments/1gre00r/does_anyone_else_want_a_transactional_relationship/,2024-11-14,Living_Ad_6690,"It seems so much easier. You don’t have to be vulnerable, you can just cook, clean, be pretty, put out, or if you’re dating a super good looking guy with a bunch of options, give him money to date you… I think it’s because I don’t think my true personality is lovable, so I want to be loved/kept around for being useful. I don’t want to have to talk about my feelings, to have to say I love him when I have trouble feeling it. I don’t have to act at all. I don’t have to feel the emotional roller coaster. It’d be so nice and easy.",,disorganized,general
1glx3ig,"What are some specific examples of ""needs aren't being met""?",FearfulAvoidant,50,53,0.98,https://reddit.com/r/FearfulAvoidant/comments/1glx3ig/what_are_some_specific_examples_of_needs_arent/,2024-11-07,birdiesmom34,"I see in so many places that FAs tend to shut down and sometimes even run away when they feel that their ""needs aren't being met."" However, I have never seen any specific examples of what these ""needs"" are. I would appreciate it if you could give me some specific examples of what FAs are looking for. Thank you very much.",,disorganized,general
1ho34sq,"I’m sure she’s the one, but I still feel avoidant towards her. ",FearfulAvoidant,50,26,0.98,https://reddit.com/r/FearfulAvoidant/comments/1ho34sq/im_sure_shes_the_one_but_i_still_feel_avoidant/,2024-12-28,dopamineaddict1122,"I'm a fearful avoidant (28 M). My biological parents left me when I was 5 months old, and I've been adopted when I was 3.
I dated a few girls on and off in my late 10s and early 20s, but I always broke it off because of my attachment style. I didn't understand it at the time, but after a few relationships I felt that I had to isolate myself in order to understand myself better. I always wanted to runaway at some point. I think it was beneficial cause I bettered my relationship with myself during those years and started to recognise these patterns better

Fast forward now I'm 28, been single for like 5 years (apart from a few one night stands). I've met this lovely girl (33 anxious avoidant) and it's been really great. We've been together now for 6 months and she lives with me at my place. She's emotionally mature, she doesn't judge me even when I share some of my darkest thoughts or fears. I do the same for her. But I still have this thought process of wanting to leave the relationship if she upsets me or tells me what to do with a certain tone. At the same time l'm aware that this is a trauma response, but it's making me suffer a lot. I feel like l'm not able to enjoy most of the",Want Opinion/Advice,disorganized,self-reflection
1hlozhu,Worried that my avoidance is coming on strong again,FearfulAvoidant,50,17,0.97,https://reddit.com/r/FearfulAvoidant/comments/1hlozhu/worried_that_my_avoidance_is_coming_on_strong/,2024-12-24,Any-Sorbet8646,"I met a really good person. We have similar values, we’ve both done a lot of work. We laugh, we have a real connection. We took a day trip out of town a few weeks ago and it was so nice to be with her that I fell in love with her that day, and told her that night. 

Now I am feeling anxious that it’s moving so fast and I kind of want to jump off the train. I have mostly been with avoidants so I kind of forgot that I am an FA, not anxious. The nervousness I’m feeling makes it hard to see her as I did a few weeks ago, or to feel what I felt then. Mostly I’m seeing flaws etc now. We had a bad day last week and it made me worried about us. A couple things happened that made me worry about her wanting to control me. 

I don’t want to fuck this up. I brought up the stuff that happened and she owned it and I owned my part and she communicates *so well* and is so great at showing up. 

How do I get back to where I was a couple weeks ago?",,disorganized,general
1qo2yg5,Some Potential Advice for Us: An idea I was recently introduced to that I want to share with everyone here.,FearfulAvoidant,50,48,0.98,https://reddit.com/r/FearfulAvoidant/comments/1qo2yg5/some_potential_advice_for_us_an_idea_i_was/,2026-01-27,Solemn_Mentalist97,"Hey 👋,

  
If you're reading this, you are likely feeling a lot of strong and confusing emotions right now that I can relate to. Suffering from Fearful Avoidant Attachment feels like a never-ending cycle of pain, both as a recipient and as an aggressor. Despite wanting love, intimacy, and attachment, it is the scariest thing for us to commit to. I like to think of us as birds who are afraid of falling. Despite being born for connection (flying), our fear of connection (falling) keeps us planted on the ground, unable to take that leap of faith. 

The constant fear of rejection and loss is too much to bear. And like I imagine you reading this have experienced, it feels easier to distance ourselves from that love and connection than to risk losing that kindness and love altogether. We tell ourselves, ""at least it could've been something"" or ""Even if this didn't work, at least I'm not in pain"". I can't speak for anyone but myself, but something happened to me to make me think these things. Coping mechanisms, justifications, rationalizations. It invites nihilism. 

In the Punnet Square diagram of Attachment Styles, Fearful Avoidant is the style opposite of Secure Attachment. We suffer b",,disorganized,general
