id,title,subreddit,score,num_comments,upvote_ratio,url,created_date,author,post_body,flair,attachment_type,post_perspective
l4ytpk,Be a Magnet (not a rope),AnxiousAttachment,982,29,1.0,https://reddit.com/r/AnxiousAttachment/comments/l4ytpk/be_a_magnet_not_a_rope/,2021-01-25,TryingtoFigure12,"I think as anxiously attached individuals, we have a tendency to try to keep our partners close with rope-like tactics. We have certain boundaries for closeness, and when our partner tries to stray outside of our boundaries we attempt to pull them back in with protest behaviors that act as a rope. The thing is, nobody wants to be roped in or tied down. Sounds painful. And also, you don't want to have to be the one pulling the rope on the other end! What a tiring way to live. 

Better to be a magnet. Be your best self. The version of you that's charming and loving and caring and kind, but also has their own life going on that's appealing and attractive. Then when your partner starts to get a little too far away, they might realize on their own, and get pulled back in by their desire to be with us. This is a partnership driven by desire and connection instead of obligation and fear. But it requires a willingness to let them go. If your magnet isn't strong enough or isn't the polarity needed to keep your partner in orbit, so be it, keep increasing the strength of your magnet until the right one connects.",,anxious,general
w48ys5,"I’m dating someone secure, here’s the biggest differences I’ve noticed",AnxiousAttachment,657,55,1.0,https://reddit.com/r/AnxiousAttachment/comments/w48ys5/im_dating_someone_secure_heres_the_biggest/,2022-07-21,backwithpics,"1. Things moved a lot slower. She has very clear boundaries and treated me strictly as a friend until she was sure she had romantic feelings for me. There was no love bombing, which made the verbal displays of affection mean a lot more to me when we started dating.  
2. She *wants* to know what my needs are and *never* makes me feel like they are too much. For example, she knows my abandonment wound is triggered when I don’t know when I will hear from her or see her next, so she always lets me know even if it’s as simple as “hey, I’ll call you when I’m off work. Miss you 😘🥰.”  
3. One of the biggest differences is I’m a lot less anxious because her behavior always lets me know she still cares about me. But when I am triggered and get sad, she lets me know that she values me and likes me as we talk through it.  
4. There is no toxic jealousy or controlling behavior. As she puts it “if someone is going to cheat on me, it’s going to happen whether or not I act jealous.”  
5. She is emotionally available. She loves talking about how she is feeling, sharing her needs and wants. This has made me feel comfortable doing the same for her, and has removed so much stress from the guess work o",relationships &amp; dating,anxious,general
po139g,The struggle is real…..,AnxiousAttachment,566,5,1.0,https://reddit.com/r/AnxiousAttachment/comments/po139g/the_struggle_is_real/,2021-09-14,ridingspudgun,,,anxious,general
r7jjin,Well if that isn’t a truth bomb lol,AnxiousAttachment,541,14,1.0,https://reddit.com/r/AnxiousAttachment/comments/r7jjin/well_if_that_isnt_a_truth_bomb_lol/,2021-12-02,daisytopia,,general advice,anxious,general
xcepn4,I’ll just leave it here,AnxiousAttachment,509,27,1.0,https://reddit.com/r/AnxiousAttachment/comments/xcepn4/ill_just_leave_it_here/,2022-09-12,[deleted],,relationships &amp; dating,anxious,general
118oxiq,Thought this belonged here :),AnxiousAttachment,504,37,0.98,https://reddit.com/r/AnxiousAttachment/comments/118oxiq/thought_this_belonged_here/,2023-02-22,youfreeme,,,anxious,general
vr1gqj,Sounds about right 😅,AnxiousAttachment,495,11,1.0,https://reddit.com/r/AnxiousAttachment/comments/vr1gqj/sounds_about_right/,2022-07-04,[deleted],,,anxious,general
ttoosx,I am SO proud of myself for sticking up for my boundaries,AnxiousAttachment,492,26,0.99,https://reddit.com/r/AnxiousAttachment/comments/ttoosx/i_am_so_proud_of_myself_for_sticking_up_for_my/,2022-04-01,alsunflower,,,anxious,general
te13c6,The fun cycle 🙃,AnxiousAttachment,483,16,1.0,https://reddit.com/r/AnxiousAttachment/comments/te13c6/the_fun_cycle/,2022-03-14,RP845,,,anxious,general
svq9p9,I chuckled...,AnxiousAttachment,469,5,1.0,https://reddit.com/r/AnxiousAttachment/comments/svq9p9/i_chuckled/,2022-02-18,Wrong_Atmosphere_490,,,anxious,general
yobaf5,me after one unanswered text,AnxiousAttachment,465,23,1.0,https://reddit.com/r/AnxiousAttachment/comments/yobaf5/me_after_one_unanswered_text/,2022-11-07,strawberry123454321,,,anxious,general
ga4818,"I went for a walk and had the most sudden, intense realization about myself.",AnxiousAttachment,462,36,1.0,https://reddit.com/r/AnxiousAttachment/comments/ga4818/i_went_for_a_walk_and_had_the_most_sudden_intense/,2020-04-29,[deleted],"I won't let myself be loved.

That's it. That's literally my problem. As much as I freak out when I feel like people don't like me, even though all I thought I wanted was to be loved, I've been inventing bullshit excuses for why the people in my life that love me don't REALLY love me. They only love me out of a sense of duty, or because they're lonely, or because they pity me, or because they need me for their own emotional support. As much as I cling to people for reassurance that they love me, I don't believe them. I never have. And it's all another freaking coping mechanism, because if I let myself really believe someone loves me then they have the power to hurt me if that love ever goes away.

I am having the craziest night, y'all. This post is probably going to be a rambling mess so sorry about that. Maybe I'm actually deserving of love. This is insane. I'm thinking of calling my therapist who I haven't talked to in months just to tell her about this freaking life revelation I'm having.

I hope y'all are having an AMAZING night and just in case you need reminding, you are valuable and worthy of love!!!",,anxious,general
11h33k5,Cool cool cool cool,AnxiousAttachment,459,45,1.0,https://reddit.com/r/AnxiousAttachment/comments/11h33k5/cool_cool_cool_cool/,2023-03-03,fonefreek,,other,anxious,general
1dcson1,Is it truly an “anxious attachment” or are our emotional needs not being met?,AnxiousAttachment,433,178,0.98,https://reddit.com/r/AnxiousAttachment/comments/1dcson1/is_it_truly_an_anxious_attachment_or_are_our/,2024-06-10,hoochie69mama,"For my entire life I have thought of myself as being anxiously attached. I am of course anxiously attached to the people I’m attached to but perhaps that’s because I am attaching myself to the wrong people. I can’t help but feel as though my body and my nervous system knows right from wrong, and if I’m dating someone who triggers my anxiety, then perhaps they are not the right person for me. I feel as though the term anxious attachment is pathologizing a natural response to not having our needs met. Could this be true for many people who identify with anxious attachment?",Seeking feedback/perspective,anxious,general
11trk95,Stop trying to figure out your avoidant ex.,AnxiousAttachment,427,78,0.99,https://reddit.com/r/AnxiousAttachment/comments/11trk95/stop_trying_to_figure_out_your_avoidant_ex/,2023-03-17,Strange_Pressure_340,"Their attachment style doesn't matter. No answer as to why the breakup happened or what you could have done differently will ever be satisfactory. What you really want is for the outcome to be different. Going down the rabbit hole of attachment theory will only cause you to further doubt and blame yourself by bringing up the what if scenarios had you recognized their avoidance sooner and taken a different course of action. None of that matters now. Their traumas are their own to deal with, just as your anxiety is your own cross to bear. 

This person chose to walk away from you and no longer have you in their life. They continue to wake up every day choosing not to contact you or reconcile. Give them exactly what they want and let them live with the consequences of your absence. You probably did everything you possibly could to save the relationship and they still discarded you. Who cares what their reasons are? Past traumas notwithstanding, most people are capable of rational thought and can recognize when someone is good to them. If that's what tipped them over the edge, then clearly that's not the person for you. They're not capable of sustaining meaningful relationships unless",,anxious,general
1k4qsxn,Our biggest issue isn’t our attachment style. It’s the way we abandon ourselves.,AnxiousAttachment,413,80,0.99,https://reddit.com/r/AnxiousAttachment/comments/1k4qsxn/our_biggest_issue_isnt_our_attachment_style_its/,2025-04-21,WNGBR,"Hear me out. 

I know that insecure attachment is unhealthy and that it’s something we should absolutely work on if we want better relationships. But I want to say something, and I want to emphasise this:

The biggest problem with anxious attachment isn’t the anxiety itself. It’s the way we abandon ourselves in relationships.

I’ve noticed it in myself. I’ve noticed it in a lot of others in this sub. Deep down, we often know our needs aren’t being met. 
Yet… we stay.
We stay because we are loving, caring people.
We stay because the validation we get makes us feel so alive, even if it’s inconsistent. Some validation is better than no validation, right? Add emotions and attachment into the mix and suddenly the fear of losing the relationship becomes unbelievably strong.

But in most cases, leaving would be the *best* thing we could do. If we’re constantly feeling anxious, unseen, or on edge, and it’s not improving, then this person simply isn’t the right person for us. And that’s okay.
In theory, it sounds simple. Trust me, I know. Leaving and losing the person we care so much about can feel like you’re ripping yourself into a million pieces. I’ve felt that way a few times. (It does",Sharing Inspiration/Insights,anxious,general
m3oirr,"I see too many anxious people thinking they are a problem, I'm here to remind you, you are not a problem.",AnxiousAttachment,393,23,1.0,https://reddit.com/r/AnxiousAttachment/comments/m3oirr/i_see_too_many_anxious_people_thinking_they_are_a/,2021-03-12,Organic-Pipe-86,"Yes we must begin by loving ourselves, yes we must maintain our mental health with exercise, Journaling, therapy, etc. 
But asking for communication, affection, and reassurance does not make you needy or clingy. These things are what an intimate relationship require. You do not deserve to be set aside until someone is ready for you to fulfill THEIR needs. Your needs are just as deserving. 
Do not let people fool you into thinking you are ""too much."" 
If a person doesn't want to communicate, reassure you, and overall just be there for you - THE WAY YOU ARE THERE FOR THEM -
Then that person is NOT for you and that's your responsibility to let go.

Let go because hanging on is not self love.
Hanging on is self harm.

I'm here for you if you need to talk.
💖 sending you love.",,anxious,general
tqdcap,I’m committed to walking away when I have to,AnxiousAttachment,392,5,1.0,https://reddit.com/r/AnxiousAttachment/comments/tqdcap/im_committed_to_walking_away_when_i_have_to/,2022-03-28,[deleted],,general advice,anxious,general
uhjiwr,"Maybe we all ain't anxious and on edge for no reason? Maybe we have valid reasons for wanting more connection, clarity and consistency ?",AnxiousAttachment,385,22,0.99,https://reddit.com/r/AnxiousAttachment/comments/uhjiwr/maybe_we_all_aint_anxious_and_on_edge_for_no/,2022-05-03,Individualist1996,,,anxious,general
1intdjk,I cannot fix anyone. I cannot make someone want to self improve. It is not my job and that is ok.,AnxiousAttachment,367,42,0.99,https://reddit.com/r/AnxiousAttachment/comments/1intdjk/i_cannot_fix_anyone_i_cannot_make_someone_want_to/,2025-02-12,MoonlitNight07,"(I don't think there's a flair for this. Just some affirmations and thoughts for myself). 
  
I cannot make someone want to look deep into themselves. I cannot make someone want to change the very core of who they are. It takes newfound determination from inside of a person. It is a consistent intentional and deliberate choice which they themselves must understand and be willing to make. I shall try not to hyperfocus on them. I should try not to want self-improvement for someone else more than they do for themselves. You helped them as much as you knew how, and that may not be enough for them to change, and that is OK. It did not depend on you. You did your best. You've supported them and loved them unconditionally. But the self-pity and self-sabotage is their own internal battle which you cannot fight for them. Self compassion is a choice they must learn to make everyday for themself, it is something you CANNOT do for them. Self-introspection is something you CANNOT do for them, however much you try. You can only support them, wish them well, and love them. Good job. 
  
Now focus on yourself. If they do the work, then maybe I'll reconsider again someday. But till then, you two wi",Sharing Inspiration/Insights,anxious,general
w74nir,The trash will take itself out,AnxiousAttachment,353,47,0.98,https://reddit.com/r/AnxiousAttachment/comments/w74nir/the_trash_will_take_itself_out/,2022-07-24,[deleted],"I am secure and had someone ask me a really great question the other day. 

The question was ""How do you find other secure attached people when dating?""

This question is really important because the dating pool is full of avoidants that are not doing the work and are just moving from one casual relationship to the next. They meet up, they give 100% for 3-6 months, the sex is great, and then they start to exhibit avoidant behaviors. 

In my history in the beginning of dating avoidants, they will try to test me to see what they can get away with. Once they realize I can't be manipulated and my line is drawn in the sand with zero tolerance for foolishness they pull away. This is also a game. They are use to the AP/AA dynamic where they will be chased. It never comes to fruition. I let them go. I know my worth and my self esteem is very high. This confuses them and they either come back around acting like nothing happened or they disappear never to be heard from again, which I prefer. The ones that do come back are promptly shut down if I discover no self help has been taken part of such as therapy. 

I do not allow them to play with me or occupy any space in my life if they have not",relationships &amp; dating,anxious,general
s9j2lj,The beauty of a AA-DA relationship,AnxiousAttachment,345,25,0.99,https://reddit.com/r/AnxiousAttachment/comments/s9j2lj/the_beauty_of_a_aada_relationship/,2022-01-21,cloudin7h3head,"My DA bf and I are not so different after all.

For example, if he's sick, I'll call him to ask how he's doing.

When I am sick, however... I still call him to ask how he's doing.

:')",meta,anxious,general
1130vy8,preach it 🙏,AnxiousAttachment,332,14,1.0,https://reddit.com/r/AnxiousAttachment/comments/1130vy8/preach_it/,2023-02-15,[deleted],,,anxious,general
y5ri24,My DA ex came back and I rejected him,AnxiousAttachment,332,24,1.0,https://reddit.com/r/AnxiousAttachment/comments/y5ri24/my_da_ex_came_back_and_i_rejected_him/,2022-10-16,Moonicedtea,"I got dumped by a DA in July. We’d been together 7 months and he totally blindsided me. I was beyond devastated; I couldn’t get out of bed, I was broken and I ended up going to a therapist. I also went no contact immediately after the breakup. 

Earlier this week, I reached out to my ex as I realised a pair of my shoes were still at his. I literally just wanted my shoes back and felt pretty confident at the idea of meeting him as I’ve been trying my hardest to heal. 

We met up Saturday. I got my shoes and we went for a coffee. It seemed like this was goodbye for real and it ended on a pleasant note. When I got home, he messaged me saying he wanted to meet up again. He was being really flirty and said he would be up for ‘seeing where things go’. 

Thankfully, I’ve read enough Reddit posts to know this is textbook avoidant. They come back, but they’ll leave again and you’ll feel twice as hurt. 
I shut down the messaging and said I don’t want to revisit the past, but I wish him all the best. 

I’m feeling really proud of myself for not letting him back in. When the break up first happened, I was desperate for him to come back. It wasn’t easy rejecting him, as there’s a part of me tha",relationships &amp; dating,anxious,partner-perspective
1i0y3l5,To be Secure means to be okay with letting go,AnxiousAttachment,330,46,1.0,https://reddit.com/r/AnxiousAttachment/comments/1i0y3l5/to_be_secure_means_to_be_okay_with_letting_go/,2025-01-14,piercellus,"Being Secure means acknowledging that our self-worth aren't depending on someone’s actions or approval — so you will know when to let go. 

Here’s the truth which hits me the hardest — I was in therapy for a year and deep down I knew all along to be secure means being okay with letting go of the AP-DA dynamic. In another words, letting go of that person you care deeply for. I was stuck in this dynamic as I was too scared to let go a close friendship that i treasure the most, and she happens to be a DA. Yup. Its what we attract anyways.  

***Why let go when I can just seek reassurances to soothes my anxiety, right?*** 

Well, it serves as temporary relief, sure, but it caused me destruction for the long run. Did I chased her or did I actually chased the reassurances to soothes me when I was unable to self-regulate? It keeps me in a loop where im dependent on her behavior to feel secure. That reassurances makes us addicted and this is where negative cycle (pattern) will keep on repeating itself. 

Its abit irony when you think about seeking reassurances from insecurely attached person to make yourself feel secure, isnt it? If you cant even offer that to yourself, what makes you thin",Sharing Inspiration/Insights,anxious,general
1b77ll9,PSA on why it’s so important to trust your gut when dating ,AnxiousAttachment,329,71,1.0,https://reddit.com/r/AnxiousAttachment/comments/1b77ll9/psa_on_why_its_so_important_to_trust_your_gut/,2024-03-05,Impossible_Demand_62,"Every single relationship I’ve had that didn’t work out or ended up causing me harm/trauma, I had a gut feeling very early on… and chose to ignore it. Most recently, this led me to continue a relationship that should have probably ended after the 5th date (the first time he seriously triggered me). I also omitted information from my therapist because I knew deep down that something wasn’t right.

Of course the relationship didn’t last and I had to come clean to my therapist about everything. We talked about it and she got me thinking about why I keep ignoring my intuition and why I felt the need to lie.

Growing up I was taught that my feelings and intuition cannot be trusted. That my emotions are “too much” and not worth listening to. That my boundaries (sexual, physical, and emotional) are not to be respected. That when I have a bad feeling about someone, I’m just being dramatic. I thought I had made progress in healing from these awful messages but I ended up choosing yet ANOTHER person who represented all of them. It wasn’t all bad though—we had many wonderful moments together and I don’t regret the experience because it taught me a shit ton about myself + my needs. I also stoo",Sharing Inspiration/Insights,anxious,general
scki3c,A Short Dating Guide to Identifying Avoidant Attachment Early from a Former Avoidant,AnxiousAttachment,329,80,0.99,https://reddit.com/r/AnxiousAttachment/comments/scki3c/a_short_dating_guide_to_identifying_avoidant/,2022-01-25,[deleted],"A common question on this subreddit often comes from anxiously attached people who have put large amounts of their time and energy into dating avoidants only to be blindsided with a unilateral and undiscussed breakup: *How can I avoid this happening again? What are the early signs?*

In my early 20s, I had a fairly severe fearful avoidant attachment and so I am pretty personally familiar with common behaviors of people with intimacy fears. I've been secure for many years now and am currently in a healthy relationship with a fellow secure partner, only after a lot of time spent searching, reflecting, and growing.

**So that said, here are some of the strategies I used to filter for secures back when I was in the online dating pool, within one or two dates:**

1.  Ask new dates about their relationship with their family. This is the number one sign of unhealed attachment issues and is well documented in all research literature. If a date has a very obviously toxic family, it is highly likely they are fearfully avoidant (disorganized strategy to maintain safety). On the flipside, if their parents seem very nice but are overbearing and don't give them space and autonomy, they are likel",,anxious,general
11cg8e7,"Hell, is where we reside 🫠",AnxiousAttachment,301,21,1.0,https://reddit.com/r/AnxiousAttachment/comments/11cg8e7/hell_is_where_we_reside/,2023-02-26,rhymesandoils,,relationships &amp; dating,anxious,general
11094s2,I hate how accurate this was for me lmfao,AnxiousAttachment,299,14,0.99,https://reddit.com/r/AnxiousAttachment/comments/11094s2/i_hate_how_accurate_this_was_for_me_lmfao/,2023-02-12,[deleted],,,anxious,general
nkldyj,"Why are some of us perfectly healthy and happy when single, but then lose ourselves in dating/relationships?",AnxiousAttachment,298,26,1.0,https://reddit.com/r/AnxiousAttachment/comments/nkldyj/why_are_some_of_us_perfectly_healthy_and_happy/,2021-05-25,PhenomenalKid,"Just a question I've been pondering recently...

Several articles I've read on Attachment Theory state that APs are more likely to jump into relationships and have a hard time being single. As for me, I'm actually pretty happy being single, so long as I have a good group of friends and family around me. Of course I do want a relationship with the goal of getting married and starting a family, but it's not something that I have an inescapable compulsion toward when I am single.

However, when I get to know someone with romantic intent, out comes all of the limerence, neediness, and anxiety. The compulsion to draw closer is much stronger. If these behaviors represent my sub-conscious mind trying to fill an unmet need, why isn't it trying to fill that need as desperately when I'm single? Or are we somehow repressing that need when we're single?",,anxious,general
1hv22nr,Missteps and mistakes I did as an AP which contributed to relationship rupture - so you wouldnt,AnxiousAttachment,297,106,0.99,https://reddit.com/r/AnxiousAttachment/comments/1hv22nr/missteps_and_mistakes_i_did_as_an_ap_which/,2025-01-06,piercellus,"Thought I might share some lessons I’ve learned, the hard way of course. This is not to scare anyone, but please, read this with open mind and heart. 

**1. Trying to make the avoidant learn their avoidant tendencies**

I shoved reddit post to the DA to make her understand AT. Yep, my biggest mistake. Thinking if i make the DA aware of avoidant tendencies, she would be able to meet my needs and i'd feel safe again. Here's the thing, this reinforces their fear even more. *Fear of feeling like a failure*, f*ear of feeling not enough and fear of losing self-independence*. Why? To be secure requires behavioral changes and alot of self-reflection. Let them self-reflect on their own, out of their own initiative. Here's my take : not your damn job to fix them. ***Please focus on fixing yourself and only yourself.***

**2. Fixated on fixing the dynamic**

AP loves fixing things. Even fixing our ownselves, hoping it will ""fix"" the relationship. Well, here's the reality, relationship wont fix itself if you're the only one fixing yourself, especially for their sake or the relationship sake. It takes duality, mutual understanding, respect and efforts to make the dynamic and relationship works.",Seeking feedback/perspective,anxious,self-reflection
tq32rl,Standing up for myself with my FA (now ex) boyfriend,AnxiousAttachment,294,42,1.0,https://reddit.com/r/AnxiousAttachment/comments/tq32rl/standing_up_for_myself_with_my_fa_now_ex_boyfriend/,2022-03-28,[deleted],,relationships &amp; dating,anxious,general
100yeqa,A Reminder For Anxious Leaning Folks,AnxiousAttachment,281,14,0.99,https://reddit.com/r/AnxiousAttachment/comments/100yeqa/a_reminder_for_anxious_leaning_folks/,2023-01-02,RachelStorm98,,relationships &amp; dating,anxious,general
1odbwor,Finding proof that you were right to be anxious,AnxiousAttachment,281,88,1.0,https://reddit.com/r/AnxiousAttachment/comments/1odbwor/finding_proof_that_you_were_right_to_be_anxious/,2025-10-22,rkuchiki123,"I'm sure others can relate to this, but whenever I start dating someone, I look for signs that they don't actually like me. Things like ""he took hours to text back"" or ""he was a little quieter than usual today."" If everything is going well overall, I try to tell myself I'm just overthinking but when we inevitably break up, I can't help but see the tiny details I noticed as proof that I was right to be anxious. That my anxiety was my gut feeling. This then leads to me being even more anxious with the next guy because my brain thinks I should be looking out for any of the ""red flags"" I saw in previous partners. I don't know how to stop this cycle. I'm worried about reaching a point where I'm incapable of trusting anyone, even if they only show green flags.",Seeking Guidance,anxious,general
13qz2jm,My top 3 tips to really begin to heal your insecure attachment.,AnxiousAttachment,277,49,1.0,https://reddit.com/r/AnxiousAttachment/comments/13qz2jm/my_top_3_tips_to_really_begin_to_heal_your/,2023-05-24,tcholesworld213,"I am FA typically leaning heavily anxious but beginning to lean secure. The level of confidence I have in navigating this world and relationships is well worth all of the struggle to achieve a more secure based attachment. I just got married to my avoidant partner who is also beginning to lean secure as well. We almost got stuck in the anxious avoidant trap and I almost ended it as I begun to work at healing my attachment. However, we've done a 180 and continue to make progress, by both taking to time to understand ourselves and each other through therapy. As well as practicing tips we've learned. So here's my top 3 tips that would help anxious attachment and anxiety in general.

**1) Practice doing the exact opposite of what you'd typically do when you're triggered.** Alot of our behavior is due to past experiences and fears of being hurt, abandoned etc. So if you're used to doing things like, double texting when you don't hear back from a partner or friend, stop doing so. Even if you have to type it out, do not send. Read it back to yourself and ask yourself if this is anxious behavior and if it's conducive to actually making you feel better. Along the same idea, I'd wait to ment",Sharing Inspiration/Insights,anxious,general
vnboot,me with my avoidant situationship be like:,AnxiousAttachment,272,24,1.0,https://reddit.com/r/AnxiousAttachment/comments/vnboot/me_with_my_avoidant_situationship_be_like/,2022-06-29,Crazy_League_7733,,,anxious,general
zayfxe,Devastating how relatable this is.,AnxiousAttachment,272,6,1.0,https://reddit.com/r/AnxiousAttachment/comments/zayfxe/devastating_how_relatable_this_is/,2022-12-02,polaroidfades,,,anxious,general
oe1sk0,Sometimes it's not your attachment system; sometimes you're just dating the wrong person.,AnxiousAttachment,270,14,1.0,https://reddit.com/r/AnxiousAttachment/comments/oe1sk0/sometimes_its_not_your_attachment_system/,2021-07-05,[deleted],"I've always been secure in relationships. While I had some anxious tendencies, I was never affected by insecure attachment. When things went wrong, I would try to sort it out and then leave if nothing changed. If I realised someone was not good for me, I quickly left. Because of this, I never had many dating troubles and in some cases, I am on very friendly terms with men I used to date. One guy even told me that the girls he now dates aren't as upfront about their needs in the way I was and he misses that. That's how clear and effective I was in my communication.

Things changed when I started dating my current partner, who is DA. After the first few months where he seemed secure like myself, his avoidance started to show and that's when my anxiety kicked in. At first his deactivations were manageable for me. I had an active social life, my own hobbies and a job. So I didn't even *have* the time to be preoccupied by him anyways. When COVID hit, we ended up isolating together and even though I tried to keep a safe distance and focus on myself, the constant presence made it very hard to live with him. Soon my anxiety kicked in full force and I started being triggered every other day",,anxious,general
18gn5yk,Is it all your fault because you're an anxious insecure mess in relationships?,AnxiousAttachment,265,115,1.0,https://reddit.com/r/AnxiousAttachment/comments/18gn5yk/is_it_all_your_fault_because_youre_an_anxious/,2023-12-12,Ierpapierlol,"Or... are you having a normal reaction to a partner that doesn't communicate, send mixed messages, bails without warning, won't validate you, gives no reassurance, isn't affectionate, never initiates, claims all their exes are crazy, is flaky, breaks promises, flirts with everyone, won't commit, can't express their feelings, is never accountable for their actions, says shit like 'you need to relax', makes you feel like crap, constantly criticizes you, strings you along, won't go to therapy and can't meet your needs?",Seeking feedback/perspective,anxious,general
1q0qq8y,Here's to an emotionally secure 2026! 🥳🎈🎉😎 (open thread),AnxiousAttachment,264,50,0.99,https://reddit.com/r/AnxiousAttachment/comments/1q0qq8y/heres_to_an_emotionally_secure_2026_open_thread/,2025-12-31,TheOceanTheSun,"Happy New Year everybody! 

Open thread to share your small or large intentions and steps for making 2026 a more emotionally secure year 😊

My commitment: I'm going to ask for help. 

I'm going to ask wise people around me for feedback and support as I navigate my own growth and healing. 

How about you?",Seeking feedback/perspective,anxious,general
ruvypy,I’m tired.,AnxiousAttachment,264,6,1.0,https://reddit.com/r/AnxiousAttachment/comments/ruvypy/im_tired/,2022-01-03,s0ftnymph,,other,anxious,general
11uz0qt,What a breakup with a DA looks like,AnxiousAttachment,261,313,0.98,https://reddit.com/r/AnxiousAttachment/comments/11uz0qt/what_a_breakup_with_a_da_looks_like/,2023-03-18,whatokay2020,,,anxious,general
1cbe6vi,Loving yourself is a crucial step,AnxiousAttachment,260,67,1.0,https://reddit.com/r/AnxiousAttachment/comments/1cbe6vi/loving_yourself_is_a_crucial_step/,2024-04-23,Ottaro666,"I don’t know how many people are ready to hear this, but to heal your attachment style it’s also necessary to come to terms with yourself and start giving yourself the love you lack. 

Of course the attachment style stems more from the lack of love you had from your parents, but you are actively proving this feeling right by not giving yourself any love. You are disrespecting yourself by waiting for their text. You are not validating yourself by seeking validation from them. 

Of course it’s important to do the work on your attachment style itself and the past, but I believe that a lot of symptoms of the anxious attachment style conflict with the presence of self love. For example you can’t have your world revolve around someone in an obsessive manner if you have enough of love and respect for yourself to realize there’s more to your life than that person. You’d not seek out their validation as much because at heart you know you’re worthy and deserving of love regardless of this person. You’d not jump from joy because someone is giving you attention and interest because you already provide that for yourself. You don’t feel like another person is going to complete you, because you k",Sharing Inspiration/Insights,anxious,general
v61yu0,Just got into a secure relationship and I will NEVER be with an Avoidant again,AnxiousAttachment,255,20,0.98,https://reddit.com/r/AnxiousAttachment/comments/v61yu0/just_got_into_a_secure_relationship_and_i_will/,2022-06-06,[deleted],"I am so proud of myself. I finally got into a relationship with a secure partner! The biggest difference between a DA and secure is the attraction you feel between them. 

Initially I only felt some attraction towards the secure but what I found is over time the course of months I became more attracted to them.

I feel like I can fully trust my partner as we are able to sit down and discuss problems without resorting to shutdowns and projections. 

When I have a need, they listen and do what they can to their best ability, making me a PRIORITY. 

They text me just as much as I text them.

I don't feel anxiety over them. 

I am also becoming more secure with them.

Whenever I experience avoidant behaviour, instead of blaming myself and being attracted to it, I am actually repulsed by it. Like if you are gonna ignore me for 5 days because you 'feel' like it, then I'll just ignore you for life because I feel like it too.",,anxious,general
x56e2w,In light of all the anti-avoidant rants,AnxiousAttachment,253,149,0.97,https://reddit.com/r/AnxiousAttachment/comments/x56e2w/in_light_of_all_the_antiavoidant_rants/,2022-09-03,Eukodal1968,,,anxious,general
12q6mlk,A proud moment 🥲,AnxiousAttachment,249,20,1.0,https://reddit.com/r/AnxiousAttachment/comments/12q6mlk/a_proud_moment/,2023-04-18,CheersToYourFears,"A guy that I was dating started to be really inconsistent with texting and after he hadn’t replied for a week I sent him a “…?” 

He replied the next day saying that he had a lot going on at the moment and he hasn’t meant to be shitty at texting but he’s been genuinely very busy. He said that he doesn’t think he has time to balance dating with everything he has going on at the moment but it was nice to get to know me. 

I was disappointed but ultimately I want someone who will take the time to prioritize our relationship so I just hit him with “Okie thanks for letting me know. That sounds overwhelming. I trust you’ll figure everything out ☺️” 

No begging, no protesting, no trying to change his mind, no trying to push my need for prioritization down to try to accommodate him, no snarky comment about how he doesn’t seem too busy to watch all my instagram stories within an hour of me posting them (ok maybe I am still a bit anxiously checking if he’s watching them 😂 hey we can’t be 100% perfect). 

I’m having fun with the early stages of dating and I trust that I will find someone who is right for me!",Sharing Inspiration/Insights,anxious,general
x7o3z8,Link between Anxiety/ overthinking and neglect.,AnxiousAttachment,245,6,1.0,https://reddit.com/r/AnxiousAttachment/comments/x7o3z8/link_between_anxiety_overthinking_and_neglect/,2022-09-06,[deleted],,other,anxious,general
1iuply6,Being anxiously attached fucking sucks,AnxiousAttachment,242,76,1.0,https://reddit.com/r/AnxiousAttachment/comments/1iuply6/being_anxiously_attached_fucking_sucks/,2025-02-21,epiiphqnix,"as the title says this shit sucks so much. I’ve been kind of out of it for the past three fucking days because the person i am annoyingly anxiously attached to hung out with some people i’m not very fond of. I don’t want to control them and I’m very aware that they can hang out with whoever they want it’s their decision and has nothing to do with me. But being anxious attached my brain says otherwise 😐

Then I spiral and then the vibes feel off then i let it consume me and i can barely do anything. It has come to the point at times where I feel so lonely and like am i burden that I feel suicidal, more an idea than curating plans of how I would. They told me I made them feel suffocated once and I can’t get that out of my head I feel horrible 

Does anyone else have these thoughts?? im so tired of this damn attachment crap",Seeking feedback/perspective,anxious,general
xd2vzg,Red flags 🚩,AnxiousAttachment,242,11,1.0,https://reddit.com/r/AnxiousAttachment/comments/xd2vzg/red_flags/,2022-09-13,[deleted],,resources &amp; media,anxious,general
18dt6np,Some things that are currently helping me with dating &amp; attachment,AnxiousAttachment,240,35,1.0,https://reddit.com/r/AnxiousAttachment/comments/18dt6np/some_things_that_are_currently_helping_me_with/,2023-12-08,Impossible_Demand_62,"1. Keep texting to a minimum in the beginning. This one is really challenging but you can and should create boundaries if this is something you struggle with. I do this by setting a boundary for myself to respond once a day in the morning (nighttime is when I experience the most anxiety) with the exception of time sensitive stuff/date planning. It’s been so helpful for me to cut out constant texting throughout the day. It also prevents me from overanalyzing every text.

2. Stop fantasizing about them. This one is a STRUGGLE but sooooo important. I’ve caught myself doing it a lot this week and I finally had to shut it down and bring my thoughts back to me. My favorite method for stopping the thoughts is to create a mental to-do list and figure out a task or chore that needs to be done right then.

3. Stop engaging with people who don’t make consistent plans to see you in person. Consistent is different for everyone but it should be what both people are comfortable with. once a week is pretty typical for the early stages of dating and it should increase over time. Every avoidant/uninterested person I’ve dated came on very hot in the beginning and then treated me like a texting pen p",Sharing Inspiration/Insights,anxious,general
12xoo72,"If your SO is generally kind and loving, not being abusive, and just going about life doing their thing, and you notice your anxiety being triggered…",AnxiousAttachment,237,42,0.99,https://reddit.com/r/AnxiousAttachment/comments/12xoo72/if_your_so_is_generally_kind_and_loving_not_being/,2023-04-24,unit156,"…from their texting and/ or communication habits, or when they spend (a reasonable amount of) time away from you, this is a GOOD thing!

It’s a blessing to find ourselves in a safe place, such as in a relationship with a good kind person, and still get triggered. Because it shows us what we need to work on within ourselves.

What an opportunity! First thing to do is thank your SO.

“When you didn’t text me back for 4 hours, it triggered some stuff for me, and I’ve journaled about it, and it’s now on my list of my issues I’m exploring. Thank you so much for all that you do, especially being here with me now and letting me share this with you, and being so supportive for me as I navigate my healing journey. I’m so grateful!”

Then thank yourself for how reasonable and reflective you’re being about it. Feel the gratitude in your body for both yourself and your SO. For everything in your life that allows you to feel even a few moments of calm safety to reflect on your gratitude for your triggers.

Then get to working on the stuff behind those triggers. Your SO is not responsible for any of it. Not even if they wanted to be. It has nothing to do with them, aside from they happened to be",Sharing Inspiration/Insights,anxious,general
14kswb9,I want to learn to feel OKAY when things are wobbly with my partner,AnxiousAttachment,236,34,1.0,https://reddit.com/r/AnxiousAttachment/comments/14kswb9/i_want_to_learn_to_feel_okay_when_things_are/,2023-06-27,[deleted],"I’ve found that my mood is so strongly dictated based on how things are going in my relationship with my boyfriend.

If we are in the middle of an argument, I feel incapable of feeling okay. Even if a fight is over, I feel this desperate need to “bring things back to normal” and try to give/receive as much affection as I can. I can’t just go about my day feeling calm and okay when there’s conflict or if things aren’t feeling 100%. 

I know my boyfriend doesn’t struggle with this. I think he has a good “oh well, shit happens” mindset, and is able to move on quite quickly after a conflict, or live his life happily even if we’re in the middle of it. 

Does anyone have tips for how to have this kind of mindset?",Seeking Guidance,anxious,general
1070zne,If someone tells you who they are: BELIEVE THEM,AnxiousAttachment,235,34,1.0,https://reddit.com/r/AnxiousAttachment/comments/1070zne/if_someone_tells_you_who_they_are_believe_them/,2023-01-09,[deleted],"If they say ""You deserve better""

BELIEVE THEM

If they say ""You're better off without me""

BELIEVE THEM

If they say ""I can't do that for you""

BELIEVE THEM

If they say ""I can't commit""

BELIEVE THEM

If they say ""You should Leave me alone""

BELIEVE THEM

&amp;#x200B;

&amp;#x200B;

Nothing good has ever came from ignoring the warnings people give you",,anxious,general
1n7jaea,"Anxiety only triggered in romantic relationship, how to manage it?",AnxiousAttachment,235,58,1.0,https://reddit.com/r/AnxiousAttachment/comments/1n7jaea/anxiety_only_triggered_in_romantic_relationship/,2025-09-03,Dralexus,"Hi everyone,

I’m a 26M and fairly new to relationships. I’ve noticed my anxious attachment only really shows up in my romantic relationship, not with friends, family, or colleagues. With them I feel secure, but with my partner my anxiety gets activated very easily.

When I first started dating, the anxiety was overwhelming (tight chest, difficulty focusing, even days where I couldn’t get any work done). It’s better now, but I still struggle when:

* I don’t hear back for hours, I get anxious even though I know they’re probably just busy.
* I catch myself wanting to check social media or “last online” to reassure myself.
* I notice I put in more effort initiating communication, and when my partner doesn’t, I interpret it as lack of interest (even if I know logically that’s not the case).

My goal is to manage these triggers better and not let my anxiety take over. I want to tolerate silence, regulate myself, and not assume the worst when there’s a gap in communication.

For those further along in healing:

* How do you manage the anxiety of waiting for replies?
* What helps you resist protest behaviours like checking?
* How do you work towards balance in communication without letti",Seeking Guidance,anxious,self-reflection
vgwi9h,The dark reality of being A Dismissive Avoidant,AnxiousAttachment,233,67,0.98,https://reddit.com/r/AnxiousAttachment/comments/vgwi9h/the_dark_reality_of_being_a_dismissive_avoidant/,2022-06-20,[deleted],"Avoidants have a terrible reputation--particularly dismissive avoidants. Due to the lack of expressed emotions they are regularly regarded as awful people. They are routinely misdiagnosed with NPD, ASPD and psychopathy by their partners. From the outside they crave love but reject it when you offer it, it can seem  puzzling and downright insane, so let me explain their subconscious thought processes.

Avoidants tend to have a very long history of short relationships but it's not done intentionally. Much like every other attachment, avoidants long for connection but their core wounds prohibit them from forming and maintaining those connections.

One of the core beliefs of the avoidants is that they are fundamentally unlovable--or at the very least, defective. They subconsciously believe that love is a deeply hurtful and painful experience--but they still crave it like everyone else.

Since they believe they are unlovable, they want to make sure that whoever is going to stick around is going to truly love them despite how defective they believe themselves to be. They will do this by pushing their partner away through neglect, projection, self sabotage and criticism.

the hallmark of",,anxious,general
x074l8,"Quick rant: I'm sorry avoidants, but I find your deactivation very unattractive. This isn't a personal attack, just a statement of fact. I only want to be with people who really want to be with me, so if you have to get distant to want closeness, we're not meant to be lovers, friends, or whatever.",AnxiousAttachment,232,66,0.96,https://reddit.com/r/AnxiousAttachment/comments/x074l8/quick_rant_im_sorry_avoidants_but_i_find_your/,2022-08-28,berlinal,"I am sick and tired of that behavior. Maybe I'm slowly becoming more secure? I have become less and less patient with that.

 If you suddenly get cold, cut or drastically reduce communication, stop answering messages, etc, no matter how much I love you, I'll have to let you go. I love you, but I love myself more, and I won't ever again put myself in the position of a pursuer to a distancer.

I do that with love in my heart. I only wish good things to you. I just have better ways to spend my time and energy, such as with people who are more available in a way that's healthy for me.

Rant off ;)",,anxious,general
r5ui4a,Not everything is an emergency - it doesn’t need to happen NOW,AnxiousAttachment,229,17,1.0,https://reddit.com/r/AnxiousAttachment/comments/r5ui4a/not_everything_is_an_emergency_it_doesnt_need_to/,2021-11-30,lostandfound1986,"This has been the toughest pill for me to swallow and to learn. Every relationship, friendship, etc over time has ups and downs. Lulls in communication, extreme highs of happiness. The problem is I think I get addicted to those highs and when the tempo changes - I find myself back in panic. I need to constantly tell myself - look at life as a whole - it is not an emergency. Let it go - let it happen in a relaxed state of mind. Every time I want something NOW - it ends up working against me because it’s not my true authentic self - it’s my panicked self.",relationships &amp; dating,anxious,general
twh4bq,For anyone who needs to read this today,AnxiousAttachment,228,6,0.99,https://reddit.com/r/AnxiousAttachment/comments/twh4bq/for_anyone_who_needs_to_read_this_today/,2022-04-04,[deleted],,general advice,anxious,general
xwcwel,what it often feels like:,AnxiousAttachment,227,33,0.95,https://reddit.com/r/AnxiousAttachment/comments/xwcwel/what_it_often_feels_like/,2022-10-05,Alternative_Sky_2390,,,anxious,general
1byxkra,This Realization Has Helped Me the Most so Far,AnxiousAttachment,227,51,0.99,https://reddit.com/r/AnxiousAttachment/comments/1byxkra/this_realization_has_helped_me_the_most_so_far/,2024-04-08,soon2bhuge,"We are insecurely attached because we ultimately fear losing our partner.

However, the more insecure we are, the more likely we probably are to *actually* end up losing our partner.

So, no matter how counter-intuitive it seems, we need to FORCE ourselves to become more secure and less emotionally dependent on our partner in order to reach our ultimate goal of not losing him/her. 

That ""forcing"" part sounds tough, but it doesn't have to be. I think its just needed in the beginning to get the ball rolling, and you will hopefully very soon see first improvements in both your well-being and your partners perception of you, which will motivate you to keep going without much effort.

A first step that I've taken: trying not to make myself too available all the time. I used to be a huge victim of this. Waiting to do plans with my friends until i knew that my GF would approve. (she is really uncomplicated and easy going, so it really wasn't neccessary to await her approval). I just wanted to keep things open in case she has time, clearly prioritizing her over everyone else (including myself).

By making yourself less available, you will:

1. be able to enjoy fun times with your friends",Sharing Inspiration/Insights,anxious,general
uir2p7,Advice for many APs,AnxiousAttachment,226,25,1.0,https://reddit.com/r/AnxiousAttachment/comments/uir2p7/advice_for_many_aps/,2022-05-05,[deleted],,,anxious,general
18cghk5,Notes from someone who moved from anxious to secure attachment,AnxiousAttachment,225,25,0.99,https://reddit.com/r/AnxiousAttachment/comments/18cghk5/notes_from_someone_who_moved_from_anxious_to/,2023-12-06,Independent-Eye1822,"Due to early childhood attachment trauma, I went from agonizing anxious - avoidant relationship to anxious - avoidant relationship from around the age of 17 to 28. I spent a good chunk of that time in therapy, doing the work behind-the-scenes. It was a journey, but I’m now in a happy, healthy, and securely attached relationship. Life has worked out better than I could have even imagined as a result of all the intention I set to heal. I wanted to write this list of reflections for the young woman I was (what did she need to hear?) and for whoever will find this helpful.

1. Be willing to part with triggering partners. I know you love them, or think you do, but you deserve someone who will give you steady, stable, supportive love. They are out there, and abundant. If you feel like youre begging the person you’re with to show up for you in the way you need, they are actually just a lesson directing you to love yourself.

2. Healing is relational. But to do it, you need to be in the right relationship. I’m of the mind that the easiest way to become securely attached is to be with someone with secure attachment in the end. That’s not to say it’s impossible to accomplish with an avoidant",Sharing Inspiration/Insights,anxious,general
132wffg,It’s not your job to fix them. It’s codependent and you’re abandoning yourself.,AnxiousAttachment,220,30,0.97,https://reddit.com/r/AnxiousAttachment/comments/132wffg/its_not_your_job_to_fix_them_its_codependent_and/,2023-04-29,Substantial_Sport327,"I have to tell myself this every. damn. day.

You can be successful, good looking, take care of your body, socially active, and generally put together and healthy.

But you still struggle to find a good partner? Why?

It’s because instead of choosing people who are healthy, available, come from a history of good relationship (both their family, and their own personal ones), and have generally worked through their childhood issues, baggage, and traumas - we choose people who are unaware and broken inside and think we can fix them.

It’s actually unhealthy. It’s codependent. And then we end up heartbroken because the inevitable happens - they leave. Why? Because they always were. And it’s time to start looking in the mirror and asking yourself why are YOU choosing these partners? Why are YOU choosing to stay after you know who they are? Why do you let them back thinking it’ll be different if they haven’t started therapy or their education?

Because YOU love the high. YOU love the chase of getting back to that “moment” of intensity you once had.

If only I could apply the same standards I have for my job, body, and spiritually to relationships lol.

I guess that little kid in me still",Sharing Inspiration/Insights,anxious,general
1dug8ji,Try chatGPT when you're triggered,AnxiousAttachment,220,54,1.0,https://reddit.com/r/AnxiousAttachment/comments/1dug8ji/try_chatgpt_when_youre_triggered/,2024-07-03,StayingCalmThrowaway,"Y'all, chatGPT is single-handedly saving me from myself and my anxious attachment as I navigate dating. Please give it a try. 

Just now, I am quite triggered cause a person I'm seeing suddenly dropped off in comunication a lot. Instead of texting them, I went to chatGPT, explained the situation, asked for advice, and wrote the unfiltered triggered text message and asked it to word it in a productive and emotionally intelligent way. 
Guys. 
Not only was the advice phenomenal, but the wording of this new message, it's perfect, and it really put a mirror to my face how panicked and angry my original text was, and how I was lacking patience, empathy, and security in myself. 

I swear if I keep doing this I'll develop the thought process, language, and habits to grow more secure, and at the same time I'm not sabotaging relationships with my unchecked emotions. 

10/10",Sharing Inspiration/Insights,anxious,self-reflection
16kd0wu,"an anecdote about why love is a choice and you shouldn't fear the day your partner ""falls out"" of it",AnxiousAttachment,219,56,0.99,https://reddit.com/r/AnxiousAttachment/comments/16kd0wu/an_anecdote_about_why_love_is_a_choice_and_you/,2023-09-16,throwaway1948483,,Resources &amp; Media,anxious,general
1m3bsms,"""True love is actually a safe place""",AnxiousAttachment,219,47,0.98,https://reddit.com/r/AnxiousAttachment/comments/1m3bsms/true_love_is_actually_a_safe_place/,2025-07-18,cobaltcolander,"I stumbled upon a video by Coach Ryan, about AP attachers, i.e., people like me. In it he says something that rings true to my ears: ""True love is actually a safe place, not a place of heightened anxiety and walking on eggshells."" It reminded me of how, in my last relationship, the times spent with my ex partner were less and less calming and feeling safe, and more and more a time of heightened anxiety, flaw-finding, insecurity, and walking of eggshells. It was a gradual deterioration, starting from the heights of the honeymoon period, to the dark depths of flaw-finding and complete lack of empathy towards my pain and pleading. 

  
I am happy that I am now able to see this painful timeline, as clearly as I do.  I attribute this to non-contact and perhaps the work I did on me. I may have grown.

However, I also think that the flaw-finding, heightened anxiety period has perhaps damaged me in some ways. I lost some (more) self-confidence, which now I am trying to re-build. Trying to catch myself in those thoughts that diminish my worth, the stories in my head that tell me I am not worthy enough to be loved. A whole lot more work to do, folks.

I'd be curious to know if you, coming ou",Seeking feedback/perspective,anxious,general
ywfyly,Walking away because he can't meet my needs.,AnxiousAttachment,217,68,1.0,https://reddit.com/r/AnxiousAttachment/comments/ywfyly/walking_away_because_he_cant_meet_my_needs/,2022-11-16,Bratsociety,"It happened. 😔 3 months in &amp; his true colours have started to show. 

As much as I care about him, he's not able to meet my needs. 

I moved very strategically through this relationship. I was calm &amp; collected, voiced MY needs (which were very reasonable), listened to his &amp; adjusted my ways... 

But he just can't seem to do the same for me. And I can't be with someone who's unable to meet my basic needs as an anxious individual. 

I FEAR the conversation of ending it this weekend &amp; I fear how I'm going to feel. 

But I KNOW I got me. I'm gonna survive this. I'm gonna pick up the pieces of my broken heart, heal, &amp; move on. 💔


UPDATE! ⚠️
I ended it. I told him that I have been feeling disconnected and that my needs are continuously not being met. I put 100% in from the start and I dont feel it has been reciprocated. I told him I don't think this feeling is gonna go away for me. I thanked him for letting me get to know him a little and wished him all the best.",relationships &amp; dating,anxious,self-reflection
1t80jw3,Stop gaslighting yourself,AnxiousAttachment,215,83,0.94,https://reddit.com/r/AnxiousAttachment/comments/1t80jw3/stop_gaslighting_yourself/,2026-05-09,BiggusDickkussss,"Seriously!

The amount of posts and comments on here that are blatant gaslighting of themselves or being gaslit by their partner is too damn high!

The amount of “my boyfriend/girlfriend didn’t reply for a whole day after they would tell me they’ll message when they get home.” is just crazy.

“My boyfriend spends the whole day at his home playing games but doesn’t reply to me.”

“My girlfriend goes silent for days after an argument”

Maybe just MAYBE you’re being neglected or stone walled?

Did any of you ever think that you don’t have AA?

Did you ever think that anyone with secure attachment would feel anxious in the same situation?

Don’t get me started on the myth of reaching secure attachment or “earnt secure”.

Find a partner who reciprocates.",Sharing Inspiration/Insights,anxious,general
wgnmv9,i found a hack guys!,AnxiousAttachment,210,93,0.96,https://reddit.com/r/AnxiousAttachment/comments/wgnmv9/i_found_a_hack_guys/,2022-08-05,[deleted],"just date multiple DAs, when one needs space you just hang out with the next one.

odds are you will have chemistry with all of them because DAs and APs are magnets

besides, becoming secure is literally like fighting your genetic make up and upbringing, not to mention everyone who goes from insecure to secure attachment says it feels boring sooooo

ps. this is mildly satire

but seriously think about it, i think i’m onto something",meta,anxious,general
1byc6kj,Why are we so bad at detecting when people are ACTUALLY being distant?,AnxiousAttachment,210,58,1.0,https://reddit.com/r/AnxiousAttachment/comments/1byc6kj/why_are_we_so_bad_at_detecting_when_people_are/,2024-04-07,[deleted],"There have been so many times in my relationships over the years where I was *certain* that my partner was being distant from me. Specifically, I was certain the distance I felt was *because* of me. I'd go and plan these big conversations--or even just start straight-up protesting--because I was CERTAIN of it. I'd prepare for the worst every time, just knowing that they were planning to break up with me because they suddenly hated me.

But that never happened, to no one's surprise, lol. When I thought my partners were feeling distant from me, they'd say the opposite, that nothing at all was wrong. Or if they were feeling distant, it would be because of things outside of our relationship, such as work, family, or mental health. Yet I'd *still* find ways to twist the narrative in my mind until it confirmed the abandonment story that my traumatized brain expected/WANTED to believe.

""Well, maybe he's happy with me right now, but if he was *really* into me, then he wouldn't get distant like this."" Y'know, the toxic place we can go to, where we can't even allow our partners to be people with emotions that have nothing to do with us. It's like I expected my partners to be static, unchang",Seeking feedback/perspective,anxious,general
11tne1w,I think I have to leave this sub,AnxiousAttachment,209,59,0.96,https://reddit.com/r/AnxiousAttachment/comments/11tne1w/i_think_i_have_to_leave_this_sub/,2023-03-17,Longjumping_Cherry32,"So much of this sub is really lovely, supportive people working toward secure attachment. But a weirdly large amount are anxious attachers who only post looking for validation for their behavior without any accountability, not-so-subtle shit-talking of DAs (can’t count the number of times I’ve seen “DA” and “narcissist” used synonymously), and grossly controlling and manipulative behavior excused and even celebrated. 

I honestly think this sub is starting to subconsciously move me backward in terms of my own secure attachment. If you’re engaging in unhealthy anxious behavior and using this sub to justify not making progress or vilifying the DAs in your life instead of working on yourself - you’ve created an echo chamber and it’s keeping you stuck.

I genuinely hope everyone here finds what they’re looking for, but I can’t be the only AP-leaning secure who has been driven away. Thanks to the very many of you who did share in vulnerable and self-reflective ways, I’ve learned a lot from you and I’m sorry the others drowned you out.",,anxious,general
su21xc,Don’t put up with bad behaviour in the name of attachment theory. You deserve to have your needs met in a relationship,AnxiousAttachment,206,16,0.99,https://reddit.com/r/AnxiousAttachment/comments/su21xc/dont_put_up_with_bad_behaviour_in_the_name_of/,2022-02-16,BasieSkanks,"Attachment theory is not a reason to put up with bad behaviour in relationships. I have been a silent lurker on this subreddit for a while now and I keep seeing stories from people trying to make relationships work with people who are exhibiting avoidant behaviours. The beginning of a relationship is usually when the person is on their best behaviour. If they’re being avoidant at this stage, it will not get better. It doesn’t really matter why someone is unable to meet your needs in the early stages, because the outcome is the same - your needs are not being met. It’s also important to be careful about labelling people as avoidant when they’re just not into you. 

If you really want to be happy, you cannot lean into your triggers. If a person is triggering your anxious attachment style, that is usually a red flag. At this point, the only option is to walk away. Amir Levine and Rachel Heller advise against getting into relationships with avoidants because they rarely end well for the person who is anxiously attached. It’s possible to develop a secure attachment style but that involves being able to walk away from people who make you feel anxious in the beginning. I used to think I w",relationships &amp; dating,anxious,self-reflection
1d85t59,Self-soothing has changed my life,AnxiousAttachment,206,17,0.99,https://reddit.com/r/AnxiousAttachment/comments/1d85t59/selfsoothing_has_changed_my_life/,2024-06-04,samsworkinonit,"Here's some background and qualifications to what I'm about to say: 

Like most of you fellow anxious attachers, I have found myself over and over again in relationship with avoidant attachers (mostly friendships). I was at the end of me and about to lose it (ya know how it is), when one of my avoidant friends (now my best friend) ACTUALLY matched my efforts. So, this is my main qualification: though my friend is extremely avoidant, she is self-conscious and working on it. For the first time in my life that I can remember a friend to whom I brought my concerns did not try and gaslight me or blame me for our relationship issues, but owned it and tried to do something about it.

Now, that was amazing... Until I've had to spend months away from that friend. She, like most of our beloved avoidants, is terrible at texting and prone to disappearing and ghosting. Boy, did that trigger me. So we talked through it (A LOT, poor thing), and I got triggered (A LOT, poor me), until we were back together  at the same place (we're roommates). Anyway, that was summer 1. Fast forward to summer 2: now. We decided beforehand to apply our best technique so far: weekly calls, no texts unless for extrem",Sharing Inspiration/Insights,anxious,general
10dkn54,Received this from my therapist… thought it might be helpful 😊,AnxiousAttachment,205,14,0.99,https://reddit.com/r/AnxiousAttachment/comments/10dkn54/received_this_from_my_therapist_thought_it_might/,2023-01-16,Effective_Fox_8075,,,anxious,general
1js5cuk,"[UPDATE after 7 months]: I’m an AP who made a ""pact"" to abstain from romance, and I recommend it to others",AnxiousAttachment,204,65,0.98,https://reddit.com/r/AnxiousAttachment/comments/1js5cuk/update_after_7_months_im_an_ap_who_made_a_pact_to/,2025-04-05,dragonsfighter,"Some of you might [remember my post from about seven months ago](https://www.reddit.com/r/AnxiousAttachment/comments/1few7w9/im_an_ap_who_made_a_pact_to_abstain_from_romance/), where I declared I’d be taking a nine-month break from romance – no dating, no sex, no analysis of past relationships, no nothing. At the time, it felt like the only way to finally break a painful cycle.

What followed was a damn mess. And I’m honestly embarrassed to share it. But I also know that hiding it won’t help anyone, especially not those of you who might still be in it. So here it is, in two parts: first, a very honest recap of what actually happened with my ex; second, what I’ve learned since then – about love addiction, anxious attachment, and becoming someone I respect.



So… first things first: I failed. Hard. And repeatedly. The whole idea was to focus on healing. That lasted maybe a few weeks.

Then I randomly bumped into my ex at a bar. We had a brief, surprisingly pleasant chat that felt genuinely warm. That encounter led to another. We spent time together catching up, talking openly, and for a moment, it felt like maybe we could have an actual platonic connection. He shared a bunch of life",Sharing Inspiration/Insights,anxious,general
nlrsxl,Secure attachment feels like a dream,AnxiousAttachment,204,9,1.0,https://reddit.com/r/AnxiousAttachment/comments/nlrsxl/secure_attachment_feels_like_a_dream/,2021-05-26,certifiedalien,"I've only gone on 6 dates with him. But no matter what happens, this has already been an incredibly healing experience. 

No, I'm not crazy. Yes, my emotions are valid. And yours are too. There are people out there who won't think you are ""too much"". There are people out there who will validate your experience with little effort. You deserve love. You deserve secure attachment. It's all not only possible, but you are attracting it now, just by being here, just by being self aware. &lt;3",,anxious,general
tz0i1c,this hit home. let go of trying to control external circumstances.,AnxiousAttachment,203,8,1.0,https://reddit.com/r/AnxiousAttachment/comments/tz0i1c/this_hit_home_let_go_of_trying_to_control/,2022-04-08,ar_noo,,general advice,anxious,general
xlzeqr,Thought some of you might appreciate this…,AnxiousAttachment,202,6,0.99,https://reddit.com/r/AnxiousAttachment/comments/xlzeqr/thought_some_of_you_might_appreciate_this/,2022-09-23,Wrong_Atmosphere_490,,,anxious,general
1rdfk5d,ways to stop ruminating on past relationships/friendships/situationships/etc?,AnxiousAttachment,201,81,1.0,https://reddit.com/r/AnxiousAttachment/comments/1rdfk5d/ways_to_stop_ruminating_on_past/,2026-02-24,begoniapansy,"hi everyone! something i struggle with a lot is ruminating on past relationships/friendships/situationships/etc. especially right after they end. even if i know that said relationship was TERRIBLE for me and they treated me poorly or we were just straight up toxic with each other, my brain keeps being like ""ohhhhh but what if it worked out though.....remember how [insert positive memory here]""

it seems to occupy my brain quite a lot, even though usually when this happens its from someone that i know i should never, ever resume contact with. ill find myself thinking about what id say if they contacted me again, fantasizing about various aspects that i liked about them, what went wrong, etc.

how do you guys sort of.... curb this? rationally i can recognize that this kind of thinking is not helpful. however the torture sphere (my brain) does not care.",Seeking feedback/perspective,anxious,general
xr36ok,Don’t date or accommodate Avoidants.,AnxiousAttachment,199,132,0.89,https://reddit.com/r/AnxiousAttachment/comments/xr36ok/dont_date_or_accommodate_avoidants/,2022-09-29,[deleted],"One of the biggest takeaways from the book Attached is that the only time you should accommodate an Avoidant is if you’re already married, or have kids with one. There’s no “how do I make make my boyfriend/girlfriend less avoidant” -because the answer is: find a Secure partner who can meet your needs.

Avoidants make even Secure people Anxious, so if you’re wanting to heal your Anxious attachment, the first step is don’t be with an Avoidant person. They are not relationship material.",,anxious,general
tahu57,Boy do I got news for you....,AnxiousAttachment,195,13,1.0,https://reddit.com/r/AnxiousAttachment/comments/tahu57/boy_do_i_got_news_for_you/,2022-03-09,mmmelizzy,,,anxious,general
1r0iqxd,"We live in a culture that glorifies self-sufficiency and punishes inter-dependence and needs. That impacts what we start labelling as anxious attachment, and how we are encouraged to heal.",AnxiousAttachment,192,58,0.97,https://reddit.com/r/AnxiousAttachment/comments/1r0iqxd/we_live_in_a_culture_that_glorifies/,2026-02-09,pineconewashington,"Disclaimer - anxious attachment style is real, it creates distress in those who have it, and causes real strain to relationships. That being said, we cannot ignore that cultural norms have *always* dictated our views towards what is healthy and unhealthy. For e.g., DSM-III classified homosexuality as a mental disorder until political activism in the 70s changed psychologists' views.

Especially in the west, we live in a hyper-individualistic society. That we feel increasingly isolated and lonely is well-known and established. It is not simply that something magical happened and now we're all more distant from each other, among other systemic factors, our *culture* rewards hyper-independence. The discourse often treats needs as suspect ('dependence,' 'reassurance-seeking'), but treats withdrawal as virtuous ('self-protective,' 'respecting your boundaries').

While someone with anxious attachment can be dependent on their attachment figure to the extent where they lose themselves, I also see people who want their partner to do basic emotional labour, who feel lonely in the absence of human connection, feel guilty about being too ""needy"". **I find there to be a lot of discourse about",Sharing Inspiration/Insights,anxious,self-reflection
13fju50,Alternative to “playing it cool”,AnxiousAttachment,192,32,0.97,https://reddit.com/r/AnxiousAttachment/comments/13fju50/alternative_to_playing_it_cool/,2023-05-12,monkeyundies,"I just watched a video on YouTube by a popular dating coach that I will not link because the title and thumbnail is kinda triggering for those of us who are hard on ourselves. 

But one thing he said that REALLY helped me forgive myself for all the times I gushed my feelings for people who never deserved me was basically:

For those of us who purposely reserve or withhold our feelings to “play it cool”, it’s better to show your interest authentically, knowing that interest (just like all other feelings you have) comes and goes. See your flirtation or affection like a photograph that captures a specific moment in time. Just because you’re interested in someone today doesn’t mean you will be tomorrow. And especially if someone isn’t reciprocating, you can always redirect that interest and energy toward someone/something else Basically you have the right to change your mind about someone, so being vulnerable with them in one specific moment doesn’t give away any of your power. Your true power doesn’t lie in who’s more interested in who at any given moment. It lies in your ability to redirect that attention when you aren’t being met halfway. 

You have nothing to lose by being your tru",Sharing Inspiration/Insights,anxious,general
1o69th8,Life is too short to live in fear,AnxiousAttachment,192,14,0.98,https://reddit.com/r/AnxiousAttachment/comments/1o69th8/life_is_too_short_to_live_in_fear/,2025-10-14,[deleted],"Life is too short to live in fear.  
The fear of saying the wrong things and earning their scorn.  
The fear of ~~asking for~~ loving too much and being branded 'suffocating' again.  
The fear of a conflict spiraling out of control because they refuse repair.  
Waking up (alone) wondering if today is the day you will be discarded.  
The fear of being hit with abandonment.  
Begging for crumbs out of fear of never being loved again.  
Working so hard for scraps of affection.  
Sinking effort into a black hole of affection.  
Just to avoid the fear of staying single until you die,  
and never being intimate with someone again.

But life is far, far too short to live in fear.  
We deserve to breathe. To trust. To rest in connection.",Seeking feedback/perspective,anxious,general
1j7saov,I told my ex we shouldn’t talk anymore.,AnxiousAttachment,192,27,0.99,https://reddit.com/r/AnxiousAttachment/comments/1j7saov/i_told_my_ex_we_shouldnt_talk_anymore/,2025-03-10,acidemise,"Even though it hurts, even though I could talk to him everyday for the rest of my life, we reconnected after 10 months, I got sucked back in, I think he was lonely and I was there, but he had no intention of anything more than late night reminiscing conversations. I wanted more. So I told him we shouldn’t be in contact anymore. This is something I never would have been able to do in the past. A big win for me. I’m sad as hell and wanna cry, but I was able to walk away from a dynamic that wasn’t good for me.",Sharing Inspiration/Insights,anxious,general
12asrxq,A message of hope and strength for my Anxious Attachers,AnxiousAttachment,192,48,1.0,https://reddit.com/r/AnxiousAttachment/comments/12asrxq/a_message_of_hope_and_strength_for_my_anxious/,2023-04-03,Long_Impress_1413,"Hello, my gorgeous Anxious Attachers. 

Ultimately, i am writing this for the me, 1 year ago, that needed to read this so bad.

I also write this for every single person who thinks they have been with someone who identifies as ""avoidant"" when it comes to attachment theory: who is currently in pain, heartache, wondering wtf just happened, if they are worthless, if they pushed them away, if they will ever come back, if that one, specific, tiny thing they did ended their relationship and, at the end of the day, if they will ever have that romantic relationship that they've always wanted (the one that lives in your heads with the music and sunlight). 

First things first. Attachement theory is not everything, it is very nuanced. We anxious attachers need to sort ourselves out. Nobody is going to want to be with someone who cannot function independently and emotionally when in a relationship. Own your shit. There is so much power there. I know that being with someone romantically gives you a chance to right all the wrongs that happened years ago. But stop that, right now. Go to therapy, realise your triggers, become self aware, be REALLY kind to yourself and for God's sake, have some in",,anxious,self-reflection
11ub1fl,"Got the ""not looking for anything serious"" post-sex and said BYE",AnxiousAttachment,191,25,0.99,https://reddit.com/r/AnxiousAttachment/comments/11ub1fl/got_the_not_looking_for_anything_serious_postsex/,2023-03-18,polaroidfades,"I did it y'all. I got hit with the ""not looking for anything serious"" post-sex after the dude told me wanted something long-term, couldn't wait to have kids and a family, etc etc etc, and instead of trying to convince him otherwise, or instead of trying casual with him hoping he changed his mind, I nope'd outta there real fast LMFAOOOO wow almost can't believe I found the strength lol 

Just posting this as a lil celebration",,anxious,general
zw1oa9,I've been called out once more lol,AnxiousAttachment,191,33,0.98,https://reddit.com/r/AnxiousAttachment/comments/zw1oa9/ive_been_called_out_once_more_lol/,2022-12-27,[deleted],,,anxious,general
1l8fl7j,No contact is bliss.,AnxiousAttachment,187,24,0.98,https://reddit.com/r/AnxiousAttachment/comments/1l8fl7j/no_contact_is_bliss/,2025-06-11,BoysenberryAwkward76,"I was forced to see the avoidant guy who was hot and cold with me for MONTHS after things crashed and burned because he was at my job, but he has been gone from the job for like a month now and it’s been - *knocking on wood* - so, *so* much better. 

It’s just nice to not have my self worth constantly thrown into question with his behavior/presence. Unfortunately even if he was doing nothing my body would still go into fight/flight around him and I’d get so hungry for an even a slice of affection from him that was never coming. Couldn’t help it.

And now I’m free :)",Sharing Inspiration/Insights,anxious,general
1hkpuol,When they don’t text you all weekend and you cry..,AnxiousAttachment,187,77,0.97,https://reddit.com/r/AnxiousAttachment/comments/1hkpuol/when_they_dont_text_you_all_weekend_and_you_cry/,2024-12-23,Rockit_Grrl,"Im AA. I’ve spent the last 2 years of my life recovering from a devastating breakup. I recently took a 6 month break from dating to work on myself and get clear on what I want and need in my next relationship. I’ve been in therapy, and I’ve done A LOT of work towards becoming earned secure. I’ve gotten really good with friends and family, and being secure in those relationships. I re-entered the dating world as a confident person who is thoroughly enjoying her independent single life.

But oh my is dating hard. You think you’ve got a handle on your AA and then you get challenged in dating!!! 

I’ve been talking to and dating a man since November. He sends me a video chat most mornings on his way to work, and usually a text if he doesn’t do a video. He’s not my usual type but I’ve been giving him a chance bc he seems emotionally and self aware, he is kind, and (usually) a reliable and consistent communicator. These are all qualities I know I need in a partner because I am AA. 

We’ve been on 4 dates. Last weekend, he sent me a text Friday morning, to which I responded, and then he sent nothing all weekend. Last night, Sunday, I freaked out and actually cried. I was sure I was being",Seeking feedback/perspective,anxious,general
v2xfew,The pattern,AnxiousAttachment,186,40,1.0,https://reddit.com/r/AnxiousAttachment/comments/v2xfew/the_pattern/,2022-06-02,maxplower,"I will choose a partner that will refuse to meet my needs or inconsistently meet my needs. I will not be able to walk away from this relationship because I believe this is what is to be expected. I will communicate my needs or I will state my boundaries but they distress my partner. I minimise my needs for commitment and intimacy for them. I fit into their expectations and lose my sense of self to maintain the relationship. I am alone in the relationship but I am still meeting their needs to keep them happy. I fear the tiniest conversation, argument or confrontation about bringing my needs forward at the terror of distressing my partner and making them leave me. They will leave and I will then blame my self. I should not have said that. Maybe this is the best there is and I ruined a good thing.

I choose a partner that cannot or refuses to meet my needs.",,anxious,general
l3u0ek,"When you're triggered and feel like being self-destructive, think that this is the inner child in you asking for attention. Who anyway would want to treat a child harshly, right?",AnxiousAttachment,186,6,1.0,https://reddit.com/r/AnxiousAttachment/comments/l3u0ek/when_youre_triggered_and_feel_like_being/,2021-01-24,shamycooper,"Instead of letting yourself just watch TV and binge-eat junk foods, reparent that that inner child inside you by giving it quality care. Go out and walk that child. Read to that child books with encouraging passages and remind them that they are worthy of love no matter what and that self-love is the most important thing that keeps anyone contented and happy.

Read about this somewhere and it has been helpful to me. Hope this helps you too!",,anxious,general
kyv07b,"You get your answer, you move on. No reply is also an answer. You deserve more. Stop thinking it's anymore",AnxiousAttachment,184,15,1.0,https://reddit.com/r/AnxiousAttachment/comments/kyv07b/you_get_your_answer_you_move_on_no_reply_is_also/,2021-01-17,[deleted],"Texting is shit. I am nervous on the phone. But I do try my best. Texting games - 3 to 5 day rule, investment levels etc. I never thought dating as so much complicated. I know I suffer from anxiety. I stop all notifications from messaging coming through so I wouldn't keep waiting on his messages. I keep deleting WhatsApp, hoping he ll miss me or something.

 It's in my head. I want to cling onto something comfortable. I want to stop dating, stay with one. I want to stop conversations of *hi how are you, what are you looking for on here?"". I know he is not the right one, I cling on because I want a relationship, someone to hug and snuggle with, the idea of it.... Even if it's the shittiest of guys.

When they tell you, they don't see it developing further. Have standards and walk. Don't tell them, ""oh casual is good for me too"". Just walk. Cause you stay on, thinking this set up is good. You just screw yourself over with more mind games. 

When they tell you, they like you, they still want to see you, and they don't put in the effort to see you. You got your answer. Even the busiest of people can reply on a toilet bowl, he can surely do that too. If you are one who likes to have the",,anxious,general
mm1o1n,This sub has a high tendency of enabling eachother.,AnxiousAttachment,184,36,0.95,https://reddit.com/r/AnxiousAttachment/comments/mm1o1n/this_sub_has_a_high_tendency_of_enabling_eachother/,2021-04-07,Trees_WI,"Look I get it youre struggling, been there. But telling others how theyre behaving is normal is not okay. If you continue to vent here without making actual adjustments in life to work on your anxiety i guarantee you will lose people you love in life. Stop thinking its normal and take baby steps to become more secure. And get off this sub for awhile, theres way too much self pity here.",,anxious,general
1i9ucph,Does anyone find that you always attract the people you don’t want to attract?,AnxiousAttachment,183,100,0.99,https://reddit.com/r/AnxiousAttachment/comments/1i9ucph/does_anyone_find_that_you_always_attract_the/,2025-01-25,hi_goodbye21,"Uhhh so I’m anxious attachment I’ve been working on it and also I’m on medication so that’s helped a lot. 

I’m not with my avoidant ex anymore which really triggered me ALOT and lead me to believe I am an anxious attachment person. 

But now I’m realizing it’s not just with relationships or dating that I attract these types but also with friends too??? 

Does anyone else realize it’s not just with relationships … it’s with friends too??? I hate that it’s like this. I really do. 

Am I over thinking this? Or like has anyone else realized this too??!",Seeking Support,anxious,self-reflection
15q0gh0,I need space VS I need to talk,AnxiousAttachment,183,101,0.96,https://reddit.com/r/AnxiousAttachment/comments/15q0gh0/i_need_space_vs_i_need_to_talk/,2023-08-13,monkeyundies,"Why does the person who needs space always get their way? Why is it that Im the one in the wrong when I really need to talk to someone to calm down. 

EVERYONE keeps telling me ""just leave them alone. Give them space. Focus on yourself. Let them reach out when they're ready to. If they never get back to you then just Let go. Move on. "" why? How is that fair ? I need to know what they're thinking in order to feel better and move on with ease. That is what I need. But they need space and time to think and breathe. Both our needs are valid aren't they? 

I feel like the world literally tells people who have anxiety that our needs do not matter as much as people who do not feel anxious. That people who can stay calm and deal with things alone deserve more respect and cooperation than people who struggle with anxious attachment. 

""Just let it go and focus on yourself"" 
I. CANT. I can not do that unless I know what he's thinking and feeling. Point blank period. 

Can someone for the love of god please give me some actual real advice on how to fix myself please. I've been in therapy for three years and I've grown in a lot of ways but this is the one thing I can't fix about myself. I got",Seeking Guidance,anxious,general
vnyukb,Thought this was a good truth bomb,AnxiousAttachment,183,6,0.99,https://reddit.com/r/AnxiousAttachment/comments/vnyukb/thought_this_was_a_good_truth_bomb/,2022-06-30,Dismal_Celery_325,,,anxious,general
owj7lb,How anxious preoccupied persons self sabotage relationships - from a secure partners perspective,AnxiousAttachment,183,41,0.99,https://reddit.com/r/AnxiousAttachment/comments/owj7lb/how_anxious_preoccupied_persons_self_sabotage/,2021-08-02,MarkusAnd97,"Hi all,

6 months ago I (M24) and my ex (F23) of 6 years broke up. Due to neglect from her mother and some bullying problems during her upbringing she has develop a severe case of AP attachment. I myself never experienced anything like this which, god bless, has given me a secure base to stand on and hence a secure attachment. However, like any human I also have my flaws and some avoidant tendencies (I believe no one can have a 100% secure attachment). Many of these tendencies are actually a result of how my ex GF acted in our relationship. Let me explain further.

After months of studying attachment theory and a lot of self reflection of my and my ex's behavior in our relationship I have reached a point where I can look back at my ex's problems with much more clarity. In my experience the vast majority of posts on this subreddit is written by the partner with the anxious attachment. Therefore I want to give the opportunity to share some core unhealthy behaviors that my ex GF did in our relationship due to her anxiety and how it affected me, all from the perspective of a securely attached partner.

Of course every insecurity is in a spectrum and you might not find some (or all) of",,anxious,general
1jj0gqf,Do you have conversations in your head with the people that you're overly attached to?,AnxiousAttachment,182,51,1.0,https://reddit.com/r/AnxiousAttachment/comments/1jj0gqf/do_you_have_conversations_in_your_head_with_the/,2025-03-24,Mission_Bowl3938,"Just wondering if I'm the only person that does this. It's been happening a lot over the last few days, because I had someone exit my life in an abrupt way the other day. We talked a lot before she took off, and she's still in my head a bit so I kind of find myself having imaginary conversations with her. I'm kind of embarrassed about it. It seems silly.",Seeking feedback/perspective,anxious,general
1m6wyq2,Oversharing,AnxiousAttachment,182,65,0.99,https://reddit.com/r/AnxiousAttachment/comments/1m6wyq2/oversharing/,2025-07-23,Musician-Kind,"I don’t know if other anxiously attached people feel this way, but any time there is a conflict with my partner or a break up I feel like my nervous system becomes so heightened and I can’t stop talking about it. I continuously crowd source or seek out avenues to talk my problems or situations to death because it’s the only thing that makes it feel a little better. When I’m not actively talking about it, it seems like my brain is on fire. 

Do other people experience this, and what strategies do you use to cope?! I want to move to secure and I think my inability to self soothe is a huge problem.",Seeking feedback/perspective,anxious,general
1ae4ern,What are some things you do that helped with your healing of anxious attachment?,AnxiousAttachment,181,70,1.0,https://reddit.com/r/AnxiousAttachment/comments/1ae4ern/what_are_some_things_you_do_that_helped_with_your/,2024-01-29,Melancholey,"I'll go first:

1. My constant worry of ""What if he leaves me? What if he hates me?"". This stemmed from feelings of inadequacy and fear of abandonment. I wrote down all my strengths in a relationship and re-reading that whenever I question my worth. This makes me remember that I am not my flaws. That even if someone leaves me and can't see my worth, that's OK because I will still know what my worth is, and that I will be OK.
2. Whenever I get triggered and let my anxiety spiral, I used to think, ""How do I stop feeling like this, I don't want to feel this way, this is too painful..."". This would create more anxiety and would make the feeling worse. I realized that I shouldn't be resisting my emotions or trying to get rid of it. Now, I think ""I notice myself feeling anxious right now. It's OK to feel this way. You've gone through so much. Your feelings belong, and you don't need to push them away. You're going to be OK. I'm going to feel this out and sit with this pain instead of trying to get rid of it.""

I am struggling HARD with my partner's inconsistent/change of behavior, which I am still struggling so much to manage, because communicating with him doesn't really help. These two",Sharing Inspiration/Insights,anxious,general
1he2858,"My fear, jealousy, and insecurity is ruining my relationship",AnxiousAttachment,180,122,1.0,https://reddit.com/r/AnxiousAttachment/comments/1he2858/my_fear_jealousy_and_insecurity_is_ruining_my/,2024-12-14,bravebandicoot2,"I’m seeking support because I feel like I’ve become a lost cause of anxious attachment. 

My current relationship is the worst my anxiety has ever been, despite my current partner being incredibly supportive, kind, and not avoidant. 

The biggest struggles I face are retroactive jealousy, general jealousy and insecurity about my partner not finding me attractive, and fear that he doesn’t want to be with me. 

I’ve gotten way better at bottling my feelings in… but for ages I kept bringing these things up, and despite him being supportive, I am scared he’s going to run out of patience for me and leave me. It’s draining on him and I can see how it pushes him away. 

There was also an awful cycle happening where I was like “I know I’m draining you. I must be an awful girlfriend. are you going to leave me?” and even these conversations must take a toll. 

I used to not really be like this and I don’t know why it’s getting worse lately. 

Bottling things up doesn’t help because the thoughts are still so loud and consuming. I’m aware I need to self soothe, I’m aware of everything i *should* do but how do I actually do it? 

EDITING TO ADD:
Thank you for all the wonderful comments so far.",Seeking Support,anxious,general
1i9cvle,"how to stop viewing your person as ""special""",AnxiousAttachment,179,38,0.99,https://reddit.com/r/AnxiousAttachment/comments/1i9cvle/how_to_stop_viewing_your_person_as_special/,2025-01-25,epiiphqnix,"so today I have decided to stop viewing the person I am anxiously attached to as ""special"" because I treat them a different way from my friends and do outwardly things for them when they probably won't do the same. It's quite exhausting, especially with the spirialing since I view them this way. I do have a little crush so this definitely influenced it.

  
I plan on not texting them as much or reaching out, I muted their posts on instagram. Just trying to avoid them. Probably not the best idea but space seems good right now. We also have the same lunch next semester and we plan on hanging out a bunch but I doubt it in a way due to their inconsistency. 

What do you guys think? Have you ever experienced this before?",Seeking feedback/perspective,anxious,general
1qr6wjx,"how to be ""chill"" in early stages of dating?",AnxiousAttachment,179,153,0.99,https://reddit.com/r/AnxiousAttachment/comments/1qr6wjx/how_to_be_chill_in_early_stages_of_dating/,2026-01-30,begoniapansy,"hi everyone! something i struggle with in the early stages of dating is obsessing over/thinking about the other person constantly. i know this is not a healthy habit, but i have trouble getting myself to stop. this will sometimes result in me displaying anxious behaviors which, obviously, are not very healthy either and often times drive the other person away.

i am getting better at moderating my behaviors i think, but im sure you all may know that getting your rat brain to align with this is REALLY REALLY HARD. as much as i can think to myself ""you dont know them that well yet, try not to envision yourself (insert serious relationship thing), etc etc"" its like that thing where if someone tells you to think about a pink polar bear, all you wanna do is think about a pink polar bear.

do any of you have any advice for like... how to curb this kind of thinking? it ends up stressing me out because i Know that its something that i should probably not be indulging in. it seems to show up in a lot of my romantic experiences. i have tried seeking other connections in early stages of dating, and that does help with the limerance thing, but sometimes the cookie just doesnt crumble like that",Seeking Guidance,anxious,general
1cah2m2,Vent- Please read,AnxiousAttachment,177,71,0.99,https://reddit.com/r/AnxiousAttachment/comments/1cah2m2/vent_please_read/,2024-04-22,Mediocre-Condition-8,"I hate being anxiously attached: 

* I hate the fact that my brain makes it seem my life depends on  people and that I am incapaple of having an independent life. 
* I hate the fact that my relationships are never 'OK' and that I never feel free to do my own thing
* I hate that I read into everything and blame myself for everything even when I know that is not the case. 
* I hate that my anxious attachment renders the other person incapable of taking time for themselves- any delay in contact/ any bad signal MUST be directed at me and that can't have a life outside of me (sarcasm)
* I hate that it keeps me stuck on people who are no good for me/ don't care/ aren't as invested 
* I hate knowing that it's a trauma response, based on old patterning created by shitty parenting in childhood and I'm an adult now and can change it- but I'm still stuck in the old thought patterns and obsessiveness. 

I'm just tired. I realised most of my friend circle is shallow, my parents are emotionally absent, I'm attached to two DA leaning introverts who don't care about me the same way as I do to the point where it verges on OCD Overall, I just resent that I have this crappy  CRAPPY attachment style.",Seeking Support,anxious,self-reflection
tx1cgu,Dating a non-avoidant person is so refreshing and empowering,AnxiousAttachment,177,35,0.98,https://reddit.com/r/AnxiousAttachment/comments/tx1cgu/dating_a_nonavoidant_person_is_so_refreshing_and/,2022-04-05,ExpressionDry2860,"**I tried to weed out avoidants in OLD**

It's like the number one rule that if you're anxious you shouldn't date an avoidant. And if you do - you'll be miserable, because well, what did you expect?

I know and I think you know too. It's not like I *want* to date people who aren't available and can't commit. I have introverted hobbies and I work remotely, I'm living in a foreign country in a rural area - I don't exactly meet new people *in person*.

Online dating. Yes, the hated online dating. There's so many of them. It's the best paradise for an avoidant person, so they can go seeking fake connection and intimacy, they can pretend to be somebody else, they can have a sense of an emotional connection without any commitment and they can bail anytime. So they install it, and:

* Some will open the app, start swiping and get scared once they imagine some form of commitment and will close the app immediately
* Some will get scared once they match with you and you write them a message and they decide to never reply
* Some will get scared once you ask to meet them in person
* Some will get scared once you ask to be exclusive, or to at least define what the hell you are
* *you know the d",relationships &amp; dating,anxious,general
uuquxe,"As I am healing, avoidant behaviours are becoming a direct turn off",AnxiousAttachment,177,18,0.99,https://reddit.com/r/AnxiousAttachment/comments/uuquxe/as_i_am_healing_avoidant_behaviours_are_becoming/,2022-05-21,[deleted],"Hot and cold? 

Ghosting?

Ignoring?

Belittlement out of nowhere?

Indecisiveness? 

Fear of commitment? 

Inability to become vulnerable within a reasonable standard?

&amp;#x200B;

Get that crap out of here, soon as I sniff it I immediately lose attraction.",,anxious,general
1ndmfsn,Not spiralling for not talking to my bf for days now!!,AnxiousAttachment,176,46,0.98,https://reddit.com/r/AnxiousAttachment/comments/1ndmfsn/not_spiralling_for_not_talking_to_my_bf_for_days/,2025-09-10,Ok_Marionberry_9086,"Felt a lil happy so decided to share here. Few months back, if I was in the same situation as now I know that i would have been spiralling and spam calling him.
I'm happy it's not the same now. Tho yes I get triggered but my happiness and peace isn't dependent on whether or not we speak daily.

Im glad to be where I am now cuz ik how bad my anxiety was few months back, waking up in flight or fight mode daily!,lack of sleep,ended up going to hospital cuz I was physically weak from anxiety and overthinking and well, now I'm here :)",Sharing Inspiration/Insights,anxious,general
vjwcc3,Tip: A partner who's extremely quick to commit and hyper-romantic in the beginning can actually be a red flag of avoidance--especially if this behavior changes or stops suddenly.,AnxiousAttachment,174,70,0.99,https://reddit.com/r/AnxiousAttachment/comments/vjwcc3/tip_a_partner_whos_extremely_quick_to_commit_and/,2022-06-24,[deleted],"Some people will call this love-bombing, but I am not a mental health professional, so I'm not going to use that phrase directly. However, this behavior can very much resemble love-bombing (I don't believe avoidants usually do it purposefully, though, the way abusers might).

I pointed this out in a comment, but I thought this might be important to share. I wish I knew it two years ago. 

Avoidants want love and romance and connection just like we do. And when a relationship is still new, there's no commitment yet. Which means they can safely go all out and be as sexual and romantic as they want, and it doesn't have to mean anything (to them).

Another factor is that ""the chase"" is exhilarating for some people. Usually these folks have low self-esteem and get almost high on the rush of a new relationship. It's exciting when someone is interested in you, and it temporarily boots your confidence. But once they have you ""hooked,"" they start taking you for granted more and more, and the excitement dies down (because you love them now and aren't going anywhere, so they no longer need to work for your affection). Then, once you leave the honeymoon phase, they start seeing your flaws and,",general advice,anxious,general
1cfk3q0,"This is the most secure I've ever felt and my god, it feels amazing",AnxiousAttachment,173,29,1.0,https://reddit.com/r/AnxiousAttachment/comments/1cfk3q0/this_is_the_most_secure_ive_ever_felt_and_my_god/,2024-04-28,Mother-Notice-1635,"It has been one hell of a journey grappling with anxious attachment. I have spent days paralyzed in bed with constant pounding headache and nonstop tears rolling down my face, thinking ""oh my gosh, he has lost interest in me. This is it. This is the end."" when he haven't responded in a couple hours, only for our usual weekend date to be as perfect as can be. I have spent countless hours replaying and rereading the texts I sent cause it was 'stupid' and ""I'll probably get dismissed and be called an idiot cause that's what my ex did when I brought it up or playfully teased"" and likewise, I have spent countless hours replaying and rereading his replies, overanalyzing every. single. word and tracking how long it takes for him to respond to my text. If it's out of his normal response time period, anxiety starts to set in and thus began my spiral into bed paralysis. If I think he use less words than he usually does or it doesn't look as long as usual, if he doesn't send an emoji like he always does then that's it. He's not interested in me anymore. Any very slight change in texting pattern and frequency then my mind goes to ""that's it. This is the end."".

However, as I start to learn abo",Sharing Inspiration/Insights,anxious,general
sogu7g,Authentic intimacy vs. codependency. Hope this helps. 😌,AnxiousAttachment,170,10,1.0,https://reddit.com/r/AnxiousAttachment/comments/sogu7g/authentic_intimacy_vs_codependency_hope_this_helps/,2022-02-09,seekwithin13,,,anxious,general
w4mq3q,LOL classic 😭🥴,AnxiousAttachment,168,15,0.99,https://reddit.com/r/AnxiousAttachment/comments/w4mq3q/lol_classic/,2022-07-21,july_evenings,,,anxious,general
11l2pag,Some advice on texting and dating…,AnxiousAttachment,167,36,0.96,https://reddit.com/r/AnxiousAttachment/comments/11l2pag/some_advice_on_texting_and_dating/,2023-03-07,mic1120,,relationships &amp; dating,anxious,general
t4bhae,The biggest difference between dating secure men vs avoidant men,AnxiousAttachment,167,20,0.98,https://reddit.com/r/AnxiousAttachment/comments/t4bhae/the_biggest_difference_between_dating_secure_men/,2022-03-01,justanotherblaq,"Please let's not use this post to trash DAs. Insecure attachment is no joke so let's not paint everyone with one brush. Also there are many DAs making effort to get better and I want to akso acknowledge that. This post is just my experience and figured I'd share my take. I am sharing with the intention of showing you how things can be when you choose security over chasing an unavailable person (ideally one who isn't making effort; if you're with a DA who's making effort then it may not apply to you).

The biggest difference between my current partner (secure) and my ex (avoidant) is feeling as if I am part of someone's life. My boyfriend literally makes me feel like I am an active participant in his life. He shares things with me, involves me with his family and friends plans and he always checks up on me. When I get vulnerable with him, he matches the energy; at the very least, he comforts me. And I never worry about chasing him away because we become even closer afterwards. I actually feel like I am someone's GIRLFRIEND, not some person for convenience a couple of hours in the evening. Even when he's super stress and needs his space, I am not anxious at all. If anything I enjoy t",,anxious,general
10ujzgg,how accurate is this to you?,AnxiousAttachment,166,55,0.99,https://reddit.com/r/AnxiousAttachment/comments/10ujzgg/how_accurate_is_this_to_you/,2023-02-05,wualdo420,,discussion &amp; questions,anxious,general
1bzv9ik,Sharing Hope: anxious to healthy ,AnxiousAttachment,165,68,0.99,https://reddit.com/r/AnxiousAttachment/comments/1bzv9ik/sharing_hope_anxious_to_healthy/,2024-04-09,improve-indefinitely,"Tldr: I posted many times on this same thread over the last few years (many posts deleted thereafter due to shame or not wanting someone to stumble across it). And after three years I am in an ideal healthy relationship. 



-I stayed up until all hours of the night in case my situationship texted me 
-i checked my phone so often it truly became a debilitating factor of my life. Obsessed with texting and contact. 
- would send novels expressing thoughts and emotions being ""transparent"" that was really just anxiety. 
- I never lasted more than a month dating anyone. Never made it to a relationship. 
-I made myself extra available, changed my behavior, even my wardrobe to for what they wanted me to be. 
- I made excuse after excuse after excuse for people I didn't know if I really liked but was trying to ""give a chance"" because I didn't want to be alone. 
**I listed to a million podcasts, followed every IG page, on healthy relationships - trying to skip the steps of how to be healthy in DATING. I was trying to learn how to be healthy in a relationship, treating people like that after three dates, when I wasn't in one**
-had to have a friend lock me out of my apps with a password so I",Sharing Inspiration/Insights,anxious,general
11jzpu0,Something I came across,AnxiousAttachment,165,16,0.98,https://reddit.com/r/AnxiousAttachment/comments/11jzpu0/something_i_came_across/,2023-03-06,chuckie_chucks,,resources &amp; media,anxious,general
1dka8b8,For those anxiously attached to their friends,AnxiousAttachment,164,14,1.0,https://reddit.com/r/AnxiousAttachment/comments/1dka8b8/for_those_anxiously_attached_to_their_friends/,2024-06-20,samsworkinonit,,Sharing Inspiration/Insights,anxious,general
1sh6h6u,How do I stop the romantic infatuation cycle?,AnxiousAttachment,163,49,1.0,https://reddit.com/r/AnxiousAttachment/comments/1sh6h6u/how_do_i_stop_the_romantic_infatuation_cycle/,2026-04-09,rockrockrox,"For the past 5 years my romantic life has been like this:

I get into a relationship which I devote myself entirely to, convinced it's going to last forever (even though there's something nagging at the back of my mind that they might leave me), and feel euphoric.

Then it ends and I feel awful about myself for months, even a full YEAR, continuously ruminating about the previous relationship and my ex until I find a compelling enough crush to be obsessed with. Engaging with this crush and having my advances be reciprocated gives me back the euphoria. We start dating. And then the cycle continues.

It is unbearable to be single. I know it comes from a lack of self worth and inability to self-regulate. I think maybe I need more intense therapy than just talking my issues out because focusing on the mistakes I have made makes it worse.",Seeking Guidance,anxious,general
t3jv0v,Before when I was in a relationship with my avoidant partner VS. Now knowing my self-worth ad becoming a better person for myself.,AnxiousAttachment,163,18,0.99,https://reddit.com/r/AnxiousAttachment/comments/t3jv0v/before_when_i_was_in_a_relationship_with_my/,2022-02-28,AlexanderRenzz,,,anxious,general
1kbpvj3,He cared even less than I thought.,AnxiousAttachment,162,96,0.99,https://reddit.com/r/AnxiousAttachment/comments/1kbpvj3/he_cared_even_less_than_i_thought/,2025-04-30,BoysenberryAwkward76,"Just kind of venting but also sharing an insight.

It’s kind of such a startling realization to see just how much he never cared. How much I filled in the gaps and imagined he had feelings he didn’t have.

He’s not hot and cold anymore, just cold, but looking back I realize I just hoped and projected and expected that he cared a lot more about me than he did. 

I realize I’m just really out of touch with reality when it comes to romantic prospects.  

It’s not my fault, he really misled me with all those “hot” moments, he’s not a good person, but my God the cold moments were ice, ice cold. It’s terrible, when compared to the depth of feeling I had for him. 

I think part of my anxious attachment is just filling in the gaps and making up a love and intimacy in my head that doesn’t really exist. 

I guess one good thing is I’m learning so much about myself and my own patterns. For example, I notice that I start to tell myself a story when I like someone: 

If he does something kind of warm, for example, I take it to another level and start to think: “oh, maybe he really cares about me deep down. Subconsciously he likes me even if consciously he’s resisting. That’s why he has those mo",Sharing Inspiration/Insights,anxious,self-reflection
zxjb4y,Craziest anxious attachment thing you’ve ever done?,AnxiousAttachment,161,80,1.0,https://reddit.com/r/AnxiousAttachment/comments/zxjb4y/craziest_anxious_attachment_thing_youve_ever_done/,2022-12-28,Crazy_Equivalent_195,"Mine was, after taking to a guy for a few weeks and 4-5 dates, sensing a change in energy, making a fake Tinder, matching with him, and making a fake persona where I asked him questions like:

“How do you not have a bf yet?”

“Have you been seeing anyone?”

“Oh you have but aren’t feeling it, why not?”

Then trying to convince him whoever he’s been seeing (me) was worth continuing because there are so few gay guys he shouldn’t give up and should make it work. 

Soooo embarrassing and that moment was the moment I realized I needed to change. Thankfully I have.",relationships &amp; dating,anxious,general
1k9lmpk,"does anyone else go ""manic pixie"" mode when you develop feelings?",AnxiousAttachment,160,26,0.98,https://reddit.com/r/AnxiousAttachment/comments/1k9lmpk/does_anyone_else_go_manic_pixie_mode_when_you/,2025-04-28,Prize-Window-792,"I (25f) have a pattern in new relationships, where the first \~month or so is great, I feel like myself, confident, flirty, smart, all the things. then, as soon as I develop feelings for someone/get attached, I feel like my AA/FA manifests as a sort of ""manic pixie dream girl"" identity. im scared to lose the person, so I become passive and placating, trying to be ""fun and easy,"" meanwhile the woman they've been getting to know is none of those things, so it throws the vibe off. this behavior almost just cost me a new relationship that means a lot to me, because i wasn't giving him the connection i was before, but luckily we were able to talk it through. 

im curious if anyone else has a similar experience, and how you worked through it?",Seeking Guidance,anxious,general
1ikt4x3,Any tips on avoiding/undoing infatuation?,AnxiousAttachment,158,42,1.0,https://reddit.com/r/AnxiousAttachment/comments/1ikt4x3/any_tips_on_avoidingundoing_infatuation/,2025-02-08,[deleted],"Getting attached too fast, putting people on pedestals, has led me to ruin a lot of potentially good relationships with my behavior. Even when I recognize it and try to keep it from affecting my actions, it's A) not something I can always recognize without the benefit of hindsight, and B) it still stresses me the eff out. 

I'm wondering if anyone here has, and is willing to share, some tricks, mental arguments, mantras, etc. which they use to avoid thinking too much of (or about!) friends, crushes, and/or mentors. 

Edit: thanks all, you've given me a lot of good tips.",Seeking Guidance,anxious,general
zzsedn,Anxious breakup,AnxiousAttachment,158,9,0.96,https://reddit.com/r/AnxiousAttachment/comments/zzsedn/anxious_breakup/,2022-12-31,123amytriptalone,,resources &amp; media,anxious,general
1c8obc6,I think I finally feel content being single ,AnxiousAttachment,157,29,1.0,https://reddit.com/r/AnxiousAttachment/comments/1c8obc6/i_think_i_finally_feel_content_being_single/,2024-04-20,Impossible_Demand_62,"For the first time in a very long time, I think I’m genuinely content. Even though life has been throwing me one curveball after another lol, I know deep down that everything will turn out okay. I’m very blessed to have a strong support system and I feel more hopeful than I have in years. I’ve been really kind to myself even when I mess up and I’m making tons of positive changes to my lifestyle, habits, health, etc. I’m also reevaluating friendships that don’t serve me anymore and seeking out new friends + experiences. *And* my therapist has been helping me get reconnected with my body which has been amazing. We’ve been making lots of progress so I’m super excited to see where we go next. 

Of course I still want a partner some day and I experience feelings of loneliness sometimes, but it doesn’t scare me anymore. Loneliness is just my body telling me that I need to reach out for more connection. And sometimes I simply sit with the feeling until it passes. 

Anyway, I just wanted to post this as encouragement. It’s possible to go from being highly anxious, using dating and sexual gratification as a coping mechanism, and obsessing over unavailable people, to being truly content &amp",Sharing Inspiration/Insights,anxious,general
w8zwx3,You are worthy of love ❤️,AnxiousAttachment,157,7,0.99,https://reddit.com/r/AnxiousAttachment/comments/w8zwx3/you_are_worthy_of_love/,2022-07-27,iamwhoisayiam123,,,anxious,general
1mt87z7,I let something fizzle out and I have never been prouder.,AnxiousAttachment,156,12,0.99,https://reddit.com/r/AnxiousAttachment/comments/1mt87z7/i_let_something_fizzle_out_and_i_have_never_been/,2025-08-18,Mooseymans,"I[F29] have struggled with AA for what feels like forever. I’ve become more aware of it since my divorce about two years ago. I have been working really hard on identifying my triggers because feeling that sense of doom is horrific. 
I recently was causally talking to someone. I focused on keeping things slow, holding my boundaries, and validating my own feelings. Things fizzled out, no fault of mine or his, and I didn’t feel the impending sense of doom I have previously. I never thought it would be possible. Am I still a little sad? Of course, I’m a hopeless romantic seeking out my storybook romance. It’s okay to not be in the shadow of someone else with the fear I’m unlovable. I am so proud of myself for knowing I am lovable.",Sharing Inspiration/Insights,anxious,general
12hspcf,Does anyone else fear even the smallest mistake is enough for people to end their relationship with you?,AnxiousAttachment,153,27,0.99,https://reddit.com/r/AnxiousAttachment/comments/12hspcf/does_anyone_else_fear_even_the_smallest_mistake/,2023-04-10,Advansi,"Based on the tone (which I could definitely be misinterpreting), I may have said something that offended my friend. I sit here anxiously awaiting her response and am ready to apologize if need be. But even after an apology or talking things through, I always have this deep fear that once there's a mistake in a relationship, there's a crack that forms that can never be forgiven. And if its never forgiven, why would someone want to continue to be in a relationship or friendship with you?

Hopefully its just an anxious attachment response but curious to see if others sometimes feel the same way?",Seeking Support,anxious,general
wue6lo,Does anyone else struggle with emotional permanence? How do you handle it?,AnxiousAttachment,153,19,1.0,https://reddit.com/r/AnxiousAttachment/comments/wue6lo/does_anyone_else_struggle_with_emotional/,2022-08-21,meggalosaur,"For those who haven't heard the term, emotional permanence is like object permanence, but for feelings; it's the ability to know that someone still loves you when they're not actively showing you love. I've noticed that I really struggle with this. 

Right now my only tool for this is to keep a log of facts (e.g. noting down kind/romantic things he's said or times when I felt particularly loved) that I can review when I'm really spiraling, and just trying to talk myself through it. Does anyone else have other strategies?",,anxious,general
13vcim3,My Letter To The Anxiously Attached,AnxiousAttachment,152,39,0.98,https://reddit.com/r/AnxiousAttachment/comments/13vcim3/my_letter_to_the_anxiously_attached/,2023-05-30,Euphoriaforyou,"Dear you,

I know why you're here. You're here because you feel confused about anxious attachment. You're wondering, why does this come up for me? Why am I like this? Am I unloveable because I'm anxiously attached? The answer to all of this is to be kind to yourself and your journey. 

It's okay to be anxious. It's okay to be on edge. It's okay to be defensive. Just know that you are valid and trauma responses are present. You are worthy. You are not a broken person. Whether your earliest moments of abandonment was from childhood or in adulthood. There isn't a permanece to anxious attachment, it can be fixed. 

I've been going to therapy since 2019. My therapist is a godsend. She embraces me and tells me that in order to figure out what's going on, you have to go deeper. You have to find your why and make your worth YOURS. And that the person that is for you, won't bat an eye at your struggles but can be your safety. 

I've always had attachment issues since adolescence. It amplified with romantic relationships because of how I grew up/my infatuation with love due to media. I would always be left in situations whether relationships, friendships because of being ""too much ""too needy",Sharing Inspiration/Insights,anxious,general
ud57jt,Perfect Dating Compatibility Question,AnxiousAttachment,151,10,0.99,https://reddit.com/r/AnxiousAttachment/comments/ud57jt/perfect_dating_compatibility_question/,2022-04-27,orangegreenyellow45,,relationships &amp; dating,anxious,general
12m2p6q,I overcame my biggest fear,AnxiousAttachment,151,24,0.99,https://reddit.com/r/AnxiousAttachment/comments/12m2p6q/i_overcame_my_biggest_fear/,2023-04-14,amalooz,"Im not looking for any advice, just wanted to share that I broke up with a person I love very deeply a who loves me very deeply.

Unfortunately, we weren’t compatible anymore. The more I heal and find my value, the more I realise that what he (an avoidant) was willing to give me was way below what I deserve and want. 

I havent felt this free in months. I feel like myself again. 

I’m incredibly proud of myself for choosing myself over feeding my childhood trauma. 

I wish all of us the best on our journeys to more independent happiness! We got this. ❤️",Sharing Inspiration/Insights,anxious,general
1h33rl4,Intuition ,AnxiousAttachment,150,29,1.0,https://reddit.com/r/AnxiousAttachment/comments/1h33rl4/intuition/,2024-11-30,Mythter,"I imagine many of us have trouble trusting our gut or connecting with our intuition when it comes to decision making in relationships. 

How do you know you're being honest, setting a boundary, saying something out of love or are you just saying something out of fear? Out of control? 

Or vise versa. How do you know if it's time to walk away out of self-respect. Out of acceptance. Or are you just protesting? Mirroring? Avoiding?  

Part of me wants to be honest with someone but I can't tell if it's because I expect something from it? Another part of me wants to walk away because I'm not getting my energy matched. I feel so disconnected from my intuition.",Seeking Guidance,anxious,general
1gttani,Emotional Permanence? ,AnxiousAttachment,149,42,0.99,https://reddit.com/r/AnxiousAttachment/comments/1gttani/emotional_permanence/,2024-11-18,cynicallyacat,"Just learned about ""emotional permanence"" and feel seen. I didn't realize that it goes hand in hand with anxious attachment. If I am not seeing it, being told constantly I am loved and appreciated, then it does not exist. How do you manage this, personally?",Seeking Guidance,anxious,general
l68hmc,Romantic comedies need to stop romanticizing unavailable men,AnxiousAttachment,149,20,1.0,https://reddit.com/r/AnxiousAttachment/comments/l68hmc/romantic_comedies_need_to_stop_romanticizing/,2021-01-27,VictoryV123,,,anxious,general
yvddxk,REMINDER!!! Needed one myself lol,AnxiousAttachment,148,11,0.95,https://reddit.com/r/AnxiousAttachment/comments/yvddxk/reminder_needed_one_myself_lol/,2022-11-14,Ok_Armadillo3777,,,anxious,general
17mdzkm,I am NOT going to settle,AnxiousAttachment,147,18,1.0,https://reddit.com/r/AnxiousAttachment/comments/17mdzkm/i_am_not_going_to_settle/,2023-11-02,Impossible_Demand_62,"I’m posting this as a promise to myself that I will not compromise on the qualities I want in a partner. I’ve spent way too many years making excuses and exceptions for people in the hopes that they would choose me. But I need to start taking people at face value. I only get one life and there’s no guarantee I’ll even wake up tomorrow so why would I continue to waste the one short life I have seeking people who don’t value my presence or hold space for all the parts of me—good and bad? I know for a fact that the kind of love I want *does* exist because it exists in me. It’s the kind of love that doesn’t need to be earned or begged for. 

It’s out there, it’s just a matter of finding it 💗",Sharing Inspiration/Insights,anxious,general
1sjx1n5,11 Patterns in Anx Attachment,AnxiousAttachment,147,23,0.97,https://reddit.com/r/AnxiousAttachment/comments/1sjx1n5/11_patterns_in_anx_attachment/,2026-04-13,TheOceanTheSun,"(This was our **reading** from our weekly anxious attachment healing group [zoom call today.](https://docs.google.com/forms/d/14HKEtzU42PR5fRB_9mnu3HX0OGgXziQZ_nDDwr9fnOI/viewform?chromeless=1&amp;edit_requested=true).)

\_\_\_\_\_\_\_\_\_\_\_\_\_\_\_\_\_\_\_\_

[***Anxious attachment patterns***](https://docs.google.com/document/d/1keZ7YetaBQWGpMJMYj8mFlSdsHQZjKsKxM6lJjEjXpw/edit?usp=drivesdk)

**1. Fear of Abandonment / Loss**

**Core experience:**

“I’m going to be left, replaced, or forgotten.”

**How it shows up:**

Panic when someone doesn’t text back

Catastrophic future projections

Hyper-focus on signs of withdrawal

**Exercises that help:**

Reality testing (what’s actually happening vs. feared scenario)

“Worst-case → best-case → most-likely” journaling

Gradual exposure to uncertainty (not checking phone, delaying reassurance)

**2. Protest Behaviors**

**Core experience:**

“If I don’t act, I’ll lose them.”

**How it shows up:**

Over-texting, seeking reassurance

Trying to provoke a response

Emotional escalation when needs aren’t met

**Exercises that help:**

Urge surfing (ride the impulse without acting)

Writing the message—but not sending it

Delayed response pra",Resources &amp; Media,anxious,general
10qmmqa,Anxious attachment is not an excuse to be an abuser,AnxiousAttachment,145,93,0.96,https://reddit.com/r/AnxiousAttachment/comments/10qmmqa/anxious_attachment_is_not_an_excuse_to_be_an/,2023-02-01,[deleted],"I have to admit that I’m very disturbed on this sub sometimes when I see people justify straight up abusing their partners. Whether it’s monitoring internet usage, snooping, stalking, disrespecting sexual boundaries lashing out with verbally abusive insults, or pushing your partner to limit their life such as not seeing their friends or family.

Most people here rightfully guide OP’s who post about doing these things to more healed behavior, and most OP’s are looking to heal. But as a survivor of an abusive relationship with an anxious man who tried to cut me off from the whole outside world to have full time control over me, I straight up hate when people here support and enable behavior here that objectively meets the definition of abuse. 

Sharing your feelings with a partner is ok. Verbally abusing is not. Snooping is not. Asking them to cut down on platonic relationships is not. You don’t have a “need” to control your partner. That is not a valid need. Support, empathy, quality time, affection- valid needs. For your partner to stop normal, healthy aspects of their life bc they make you nervous, not a need. What you need is healing, bc you’re weaponizing therapy language to abu",relationships &amp; dating,anxious,general
t9cz9c,becoming less anxious has literally killed my attraction to emotional unavailability,AnxiousAttachment,143,24,0.99,https://reddit.com/r/AnxiousAttachment/comments/t9cz9c/becoming_less_anxious_has_literally_killed_my/,2022-03-08,throwra_ndhfuwjsofh,"Before I start, I want to share the biggest lesson I have learned since I started healing my anxious attachment: My needs are valid and it is okay for me to upset when they are not met. (This will make sense in the post).

I've been doing very well in my secure journey. Last month I started a personal challenge of showing up for myself more in my life and my relationships. Instead of suppressing my needs or protesting (which I rarely do), I was going to directly and confidently ask for my needs and also be receptive to the needs of others. I'm proud of the progress I've made since then and I can honestly say my anxiety has reduced drastically since I've taken better steps at secure behaviour.

The side effect? I'm losing more and more attraction towards my boyfriend, a dismissive avoidant I've been in a committed relationship with for four years now. Opening my eyes to my needs and taking better care of myself has made me realise how lonely I am in this relationship and how, for so long, I would blame myself or feel guilty for being upset when he pushes me away. While I have definitely contributed my fair share of issues to the relationship (lack of communication, keeping feelings",relationships &amp; dating,anxious,self-reflection
wll4ya,A letter I got from my ex(f) a year after getting out of a 3 year relationship. I have since moved on from this relationship but feel this would be appropriate to share here.,AnxiousAttachment,143,53,0.99,https://reddit.com/r/AnxiousAttachment/comments/wll4ya/a_letter_i_got_from_my_exf_a_year_after_getting/,2022-08-11,Cypher1994,,,anxious,general
n3fjqf,Proud of myself for staying with my emotions/asking for what I need from my partner after a moment of being triggered,AnxiousAttachment,143,13,0.99,https://reddit.com/r/AnxiousAttachment/comments/n3fjqf/proud_of_myself_for_staying_with_my/,2021-05-02,liebestraumno3,"It’s small, but any progress is progress. My partner and I had spent the whole weekend together, and I was already feeling a bit hyper anxious that he was getting tired of me. We’re also transitioning from the honeymoon phase I think and so that in general just makes me super anxious. Anyway, He mentioned he wanted to go to the gym that day before going to the beach, but didn’t say when. After breakfast he told me “he will be right back” and went outside without really telling me anything. I assumed he was getting something from the car and would be back immediately. Some time passed and I wondered if he had just left. I started to feel anxious about the thought. I walked outside and his car was gone, and immediately my mind flooded with every negative thought—“he didn’t kiss me goodbye, he wanted to get away from me. He didn’t care about me enough to tell me—“ and on and on. I became super emotional for a bit, but told myself I need to calm down. after calming down, I texted him and asked if he left to the gym. He said yes. My former self would have not texted back, waited angrily til he came back and either would have passively ignored him and been mad and distant the whole time",,anxious,general
10522iw,Single me is confident and has a hold of my life,AnxiousAttachment,142,26,0.99,https://reddit.com/r/AnxiousAttachment/comments/10522iw/single_me_is_confident_and_has_a_hold_of_my_life/,2023-01-06,[deleted],"As soon as I start dating someone I really like and enjoy.. I am super confident in the beginning, very secure, and then BOOM.. I start scanning for any signs of betrayal, abandonment, I start to get anxious, and a bit insecure. 

Im very very secure in my friendships. 

Ugh, I am trying my best. It’s so hard. Single me is unstoppable. Why is this? Anyone else like this?",,anxious,general
1ry1kny,I broke op with him and now I enjoy my life again,AnxiousAttachment,142,40,0.99,https://reddit.com/r/AnxiousAttachment/comments/1ry1kny/i_broke_op_with_him_and_now_i_enjoy_my_life_again/,2026-03-19,Ierpapierlol,"6 years on and off. Classic anxious-avoidant dance. With me being the AP and him being the DA.

  
He broke up with me 5 times in those 6 years and I always took him back.

  
2 weeks ago I realized I can't keep doing this anymore. The constant lies and manipulation. He didn't value me at all. 

  
I broke up with him, went in to NC immediately (he blocked me after 8 days lol, I didn't even reached out and I never will), and now I feel free and happier than ever. 

  
I'm finally enjoying life again. Summer is around the corner and I can't waitttttt!!",Sharing Inspiration/Insights,anxious,general
1kg7ork,Codependency,AnxiousAttachment,142,51,0.99,https://reddit.com/r/AnxiousAttachment/comments/1kg7ork/codependency/,2025-05-06,InternationalPlum288,"Hi everyone, I’ve come to realize that I think about my partner 24/7 and have anxious thoughts when he’s away from me. I struggle to be my own functioning person when he’s not around like I’m on standby to see him again. How can I change that? Has anybody gone through this?",Seeking Guidance,anxious,general
10u2mnw,cycle,AnxiousAttachment,139,42,1.0,https://reddit.com/r/AnxiousAttachment/comments/10u2mnw/cycle/,2023-02-05,wualdo420,,,anxious,general
vppabn,It's sad to see people sacrificing themselves to please avoidant partners who aren't making an effort,AnxiousAttachment,139,31,0.96,https://reddit.com/r/AnxiousAttachment/comments/vppabn/its_sad_to_see_people_sacrificing_themselves_to/,2022-07-02,[deleted],"You can appease them by making sure not to trigger them but I don't see the point of it when you have to invest so much energy into yourself to get the bare minimum out of your partner 

Even if you accept never having a deep level of reciprocity with them,  you are losing many of the key aspects that make a healthy relationship so fulfilling, such as reliability, consistency, availability, intimacy, safety, shared futures, physical and emotional support and more. Avoidants are unable to provide these things on a consistent and meaningful level.

After becoming secure yourself, you should make it a goal to find a secure partner if you want a relationship--or at least an avoidant who is changing and has demonstrated it.

The truth is, unless the avoidant is making strides to become secure, you will forever be stuck in an unfulfilling and unhealthy relationship that is predicated on you walking on eggshells and self soothing while they take a back seat and only come out in the rare chance they don't feel too insecure.",,anxious,general
1d21jpb,There is hope (Former AP here) ,AnxiousAttachment,137,51,0.98,https://reddit.com/r/AnxiousAttachment/comments/1d21jpb/there_is_hope_former_ap_here/,2024-05-27,nochancess,"Hey everyone,

I wanted to share my journey to give hope to those struggling with an anxious preoccupied attachment style. For years, it wrecked my relationships and caused me immense stress and anxiety. On top of that, I have autism and ADHD, which seemed to intensify my AP behavior.

However, after years of therapy, I can finally say I've achieved secure attachment. My healing journey truly accelerated last year following a tough breakup with a dismissive avoidant partner. I put my freelance work on hold—a tough decision—and dedicated months to focus on:

* **Intensive EMDR therapy** (up to three times a week)
* **Attending webinars and reading extensively** from the Personal Development School
* **Participating in a yoga &amp; surf retreat**
* **Discussing my attachment issues with my parents**, gaining their understanding and apologies

Since then, my life has transformed. I love myself and am happier, which has positively impacted almost all my relationships—romantic, friendships, and professional.

When I started dating someone with a fearful-avoidant attachment style in January—my current partner—I was worried my old patterns would resurface. Even though I got triggered at t",Sharing Inspiration/Insights,anxious,general
17cgksf,I confessed to my friend and he rejected me. And now I’m finally free.,AnxiousAttachment,137,36,0.97,https://reddit.com/r/AnxiousAttachment/comments/17cgksf/i_confessed_to_my_friend_and_he_rejected_me_and/,2023-10-20,curlyartemis,"I finally told my one of my best friends of 4 years that I can see the potential of a relationship, last night. We had sex a couple of times recently, once last week after his birthday. I was feeling things and my anxiety was going crazy wondering if he felt the same. So I told him I liked when we hung out and I’d be willing to take a gamble, and he said he knows what I mean, but that he is really stressed with life right now. He hadn’t even put serious thought into us. He’s not in the mindset to be in a relationship.

That kind of broke me, but I’m finally cleared out of that fantasy bubble I was living in. I was hoping he was thinking the same as me, but he wasn’t. He is just like every other guy I’ve encountered, nothing as special as my brain made him out to be. He’s special as my friend and our memories together, but he’s not above anyone else. So now, I am free to see reality. I am free to think of myself first. Now I don’t have to worry about being too much for him or being too boring. I’m just myself. He said things very respectfully and I know we can remain friends, but now he’s not in a “special” category in my brain.",Seeking Support,anxious,general
1jrkfh1,Something has clicked. I’m over the guy who put me through an emotional roller coaster.,AnxiousAttachment,137,18,0.99,https://reddit.com/r/AnxiousAttachment/comments/1jrkfh1/something_has_clicked_im_over_the_guy_who_put_me/,2025-04-04,BoysenberryAwkward76,"For context, we didn’t date. This was purely a vibe/a (reciprocal) crush. But the hot/cold dynamic was there. And I was very distraught and affected by it.

I realized I couldn’t even accept the basic criteria of a guy genuinely liking me/caring about me. Or showing consistent interest in me, respecting me, making it “easy.”

I am an attractive, charismatic, intelligent, caring, funny woman. I have my flaws, obviously, and a lot has held me back in life, but I know now that I have a lot to offer. A lot. For every guy like him I know there are ten who would genuinely appreciate me. 

I see now the guy’s behavior for what it is: total disinterest. He HAD been interested, yes — I believe he was very keen to sleep with me, mostly, but ultimately he didn’t care much, and then it fizzled out. The fact that I even held on for so long is kind of wild. 

I don’t know what did it, maybe it’s because life has been getting better and people have given me a lot more positive feedback about myself, but I feel like I see the situation for what it is now. I see his coldness toward me, the way he never really cared about me. I KNEW all this stuff, I knew he wasn’t great, but I feel like it never fu",Sharing Inspiration/Insights,anxious,general
1bn1dzh,my ex does not deserve me and I still miss them.,AnxiousAttachment,136,56,0.99,https://reddit.com/r/AnxiousAttachment/comments/1bn1dzh/my_ex_does_not_deserve_me_and_i_still_miss_them/,2024-03-25,Affectionate_Soft162,"The title is pretty much the post.  


I've been out of my last serious relationship with a DA for almost 2 years (end of April).  


I haven't dated anyone, haven't slept with anyone. I moved out of my home state to fully focus on myself and get my shit together. I've been in CODA for almost two years in July and therapy for longer.  
I know I'm doing better than I think I am. This is the first time I've been this committed to my growth-in the past I have always found it easy to become involved with another person after a relationship ended and this time the idea has repulsed me when it's been available (a first for me.) I feel like so much of my life has been spent using romantic relationships to fulfill a sense of purpose without actually knowing myself or what I want or enjoy.   


I still have love for my ex and wish they were in my life in some capacity. The hot and cold cycle really fucked me up. The unanimous, impulsive decision making and no communication really fucked me up. The blindside really fucked me up. I think enough time has gone by that the fantasies I've held onto feel flimsy and unreliable which has given me access to more clarity on how they treated me and wha",Seeking feedback/perspective,anxious,general
129l5ah,Don't beat yourself up for your coping mechanisms and don't try to repress them to mimic healthy person behavior,AnxiousAttachment,134,22,0.98,https://reddit.com/r/AnxiousAttachment/comments/129l5ah/dont_beat_yourself_up_for_your_coping_mechanisms/,2023-04-02,Cheap_Air_2657,"The most important thing in healing is not self care or alone time. It's learning to exercise understanding towards yourself instead of beating yourself up for ""not being normal"". When a child cries you don't tell it to shut up and behave, instead you find out what it wants and what it needs. Same with your own inner child. It cries because it's hurt and it's needs aren't met, because they weren't met since you were a literal child, not because it wants to be a nuisance, and treating it like a nuisance won't help anyone. Don't wonder what healthy people do because they are not you and they had a completely different life history. You need different care than healthy people. Which is not to say that you should demand others to accommodate you. Of course ideally everyone deserves a partner who will be understanding but most people aren't. But you will be far less affected by other's behaviour if YOU know that your feelings have a reason and make sense in the context of your life. But unlike a literal child, you are capable of understanding that you just can't have some things. Combine this understanding with acceptance instead of beating yourself up for being ""unreasonable"".",,anxious,general
ycqbi7,"If you're thinking about sending your ex that long email or text message, don't",AnxiousAttachment,133,25,0.97,https://reddit.com/r/AnxiousAttachment/comments/ycqbi7/if_youre_thinking_about_sending_your_ex_that_long/,2022-10-24,[deleted],"Stop and ask yourself ""what am I expecting to get from this?"". Then ask yourself ""what outcome will realistically happen?"". 

I think we both know what's going to happen. Spare yourself the pain and embarrassment of pouring your heart out and getting left on read. Trust me, I would know. It's not worth it.",,anxious,general
pkzerq,"""You're So Easy to Talk to."" ""Thanks, that's just my anxious attachment.""",AnxiousAttachment,133,17,1.0,https://reddit.com/r/AnxiousAttachment/comments/pkzerq/youre_so_easy_to_talk_to_thanks_thats_just_my/,2021-09-09,colorado_sweetheart,"Last night a guy I've recently been on one (fun but not mind-blowing or anything) date with called me just to tell me how amazed he was by our date. He kept saying it was the best first date he's ever had and that he couldn't believe how easy I was to talk to.

I hear this (and a lot of love bombing-esque 'you're the most amazing woman I've met on this app, how are you single?' stuff) after pretty much every date I go on. Even when on my side the conversation didn't feel effortless at all. Even when it felt awkward to the point of being excruciating.

Talking to this guy last night, I realized that a lot of it is just the early hyper vigilance from AA. I am really tuned into people's feelings. I hate tension or conflict, so I tend to create a really harmonious feeling in all my conversations. It feels effortless to the other person but that's because I'm the one making all the effort!

How do I stop over-functioning like this on dates? I leave feeling validated because men tend to really enjoy dates with me, but also empty because I know it doesn't mean anything. My dating experiences typically lead to very unhealthy relationships, which I'm trying to learn how to nip in the bud at",relationships &amp; dating,anxious,self-reflection
15x49if,Being insecure of other people's beauty,AnxiousAttachment,133,47,0.99,https://reddit.com/r/AnxiousAttachment/comments/15x49if/being_insecure_of_other_peoples_beauty/,2023-08-21,kirmizicekic,"I wonder if any of you experience the similar  things. I am insecure of other people's beauty. When it comes to my romantic partners, even though they make me feel beautiful and attractive, I know they find ""others"" beautiful and attractive too and I really cannot deal with it. When I'm outside walking, scrolling on the social media, watching series, hanging out with my friends, literally whatever I'm doing I constantly look at other people and see the ones that my partner possibly will find attractive and it PAINS me. I feel so stressed out. I put aside my own perception and I kind of feel like as if I put some eyeglasses that make me see things from my partner's eyes. I can be easily projected of their likings about other people. I am sick and tired of this situation, because it feels like I'm in a constant battle with ""others.""

Does any of you feel similar way to this? If so, how can you deal with it? I'd appreciate any guidance.",Seeking Guidance,anxious,general
1sdndqa,I think my anxious attachment is ruining my daily life and I don’t know how to deal with it.,AnxiousAttachment,133,94,0.98,https://reddit.com/r/AnxiousAttachment/comments/1sdndqa/i_think_my_anxious_attachment_is_ruining_my_daily/,2026-04-06,[deleted],"I’m pretty sure I have anxious attachment and it’s honestly affecting me way more than I’d like to admit.

Like even over the smallest things, I start overthinking and get anxious for hours… sometimes 7–8 hours straight. And the worst part is, for the other person it’s usually not even a big deal. But in my head it becomes everything.

I also get attached way too quickly. Like REALLY quickly. Even when the other person isn’t putting in the same energy, I still end up emotionally invested and it just hurts later.

It’s exhausting. Mentally draining. I feel like I’m constantly stuck in this loop of overthinking, waiting, and then feeling bad about myself.

I know this isn’t healthy and I genuinely want to change this pattern.

If anyone here has been at a similar stage and got better, what actually helped you? Like real things, not just “focus on yourself” type advice.

I really need help with this.",Seeking Support,anxious,self-reflection
11wugp4,“Just find a secure” is not useful advice,AnxiousAttachment,133,38,0.96,https://reddit.com/r/AnxiousAttachment/comments/11wugp4/just_find_a_secure_is_not_useful_advice/,2023-03-20,[deleted],"I know the book “Attached” says this, and I’ll tell you why I don’t agree. 

Normally a lurker but as an AP who had a (pretty) happy marriage to an avoidant, I thought I’d say something. 

1. That’s hard to nearly impossible for most AP’s over mid 20s. As the book says, secures settle down early and stay with their partners.  Some divorce and are widowed, but those traumatic life events also give people baggage that changes their style, so they may look AP or avoidant. 

1b. I’m dating other divorcée’s rn, and let me tell ya, even the more “secure” ones have plenty of issues that can trigger an AP, especially wanting to move very very slow with making a commitment after divorce. That can look like avoidance. 

2. Secures and AP’s are not often attracted to each other. People pick up subtle cues of style even on dating app pictures. It’s a tough way of dating to write off everyone who is…interested in you as not even an option. 

3. You’re gonna get in a relationship with someone whose life you relate to. A secure person who hasn’t had your trauma level may just not understand you. And you may not understand them. Not saying it’s a lost cause but if you look for only secures, you’ll",,anxious,self-reflection
146j7p4,how to reclaim sense of self when liking someone?,AnxiousAttachment,132,25,1.0,https://reddit.com/r/AnxiousAttachment/comments/146j7p4/how_to_reclaim_sense_of_self_when_liking_someone/,2023-06-11,july_evenings,"so, on an intellectual/rational level, i've been doing a lot of the groundwork needed to be secure ever since my last breakup. i've been learning the art of letting go and letting people show me who they are and asking myself ""is this what i want?"" and making decisions from there. the only thing i can control is me, and the mentality is: take it or leave it. i'll be fine either way. this is all great and dandy in my mind but now that i'm in this situation, i feel my old habits and instincts creeping back....

i've been seeing someone for about 4 months? i would hardly call it dating. i really thought i was enlightened or something when i became interested in him because he was someone who i felt was ""right in front of me all along"" and ""always there for me."" i thought wow this is progress! liking a friend who is responsive, sweet, reliable and kind. i am always usually chasing avoidant people who feel far away or out of reach. now here is someone who is consistent and more importantly, someone i could trust before i knew him in a romantic context (this is significant bc my rose-coloured glasses go crazy when i start liking someone). 

things have been moving slowly and subtly, whic",Seeking feedback/perspective,anxious,general
zbp1ia,I got thoroughly called out on Facebook,AnxiousAttachment,132,9,1.0,https://reddit.com/r/AnxiousAttachment/comments/zbp1ia/i_got_thoroughly_called_out_on_facebook/,2022-12-03,[deleted],,,anxious,general
11lombg,What I learned from dating a DA,AnxiousAttachment,132,84,0.97,https://reddit.com/r/AnxiousAttachment/comments/11lombg/what_i_learned_from_dating_a_da/,2023-03-08,throwawaymiff,"I thought this post might help people dating a DA.

They are afraid of conflict and emotions. This causes them to shut down and thus makes it hard to communicate. They usually 'deactivate' which in my experience lasts a few days or weeks. They usually won't reach out so you have to do it.


They like to be alone and have a lot of space, but they still want to think the person is there for them and understands them.


They prefer to do things on their terms. They may help you or be there for you but it will be their choice. One day they might be warm and kind, the next they might be cold and uncaring. For example one time my DA took me to the hospital when I was sick, the next time he dumped me on the side of the road and told me to take myself. 


They don't like to feel controlled or suffocated. If you want to share your needs saying something like 'I don't like it when you go days without texting me' is seen as a criticism and they will shut down. You have to speak in an open ended and positive way 'I enjoy it when someone messages me often' they will usually listen to these things and sometimes implement them if they don't feel like they're being forced to.


Hot and cold, somet",general advice,anxious,partner-perspective
1i1a6yz,I'm not sure if I want to become secure,AnxiousAttachment,132,146,0.88,https://reddit.com/r/AnxiousAttachment/comments/1i1a6yz/im_not_sure_if_i_want_to_become_secure/,2025-01-14,StayingCalmThrowaway,"I don't know if anyone feels the same. But I've been working on becoming more secure for a few years, therapy, books, internal work. But I'm questioning whether I want to be truly fully secure. I love the passion that I have, having such obsessive strong feelings is intoxicating, it makes the attraction and sexual chemistry so powerful, thinking about them constantly, the yearning, it's all such a high. I can't imagine a relationship where things are just.. nice, boring, unpassionate.

Does anyone feel something similar? Perhaps someone with a bit more knowledge could say something to help me shift my thinking into something healthier? 😅 Please",Seeking feedback/perspective,anxious,general
o1ois5,Anyone else thought they were fine and happy being single then met someone and all their anxious triggers were set off?,AnxiousAttachment,131,32,1.0,https://reddit.com/r/AnxiousAttachment/comments/o1ois5/anyone_else_thought_they_were_fine_and_happy/,2021-06-17,crushmycherry,"I thought I was doing all the things one should do as a single person. Working on myself, starting a new hobby, flourishing in my career, working on things from past relationships so I could be ready for the next. I wasn’t necessarily needing a relationship though. I felt fine being single and just enjoyed being around family and friends.

I met someone and we instantly connected. A connection I don’t know if I’ve ever felt before, honestly. Things are complicated and it won’t work as a relationship and I’ve accepted that now but, all my anxious triggers were set off while in the midst of it. Like everything I’ve done in past relationships came flooding back. I thought I had improved myself in my time of singledom but, I guess not. It seems like they’re more avoidant as well so that may have played a factor. It’s actually what made me really look more into attachment styles as I definitely have an anxious attachment. I now have this attachment to this person that I’m trying to literally just block out and now I am not fine just going back to the single life.

I was given a taste of what an amazing connection feels like and now instead of working on myself again I just want to downl",,anxious,general
1lozgx8,What’s one thing you wish others understood about being anxiously attached?,AnxiousAttachment,131,119,0.99,https://reddit.com/r/AnxiousAttachment/comments/1lozgx8/whats_one_thing_you_wish_others_understood_about/,2025-07-01,FarPen7402,"Reading other sub reddits on attachment theory, sometimes I feel a lack of understanding between different attachment styles. Some people just don’t get what it’s like to live with constant questioning—of yourself, of the relationship, of whether you’re “too much.” APs are usually labelled as being too clingy, too dramatic, overseeing that anxious attachment is also about a nervous system that’s wired to... Well... fear and panic. 

So, curious—what’s something you wish other attachment styles understood better about being AA?",Seeking feedback/perspective,anxious,general
11btm3u,Implementing What We've Learned Is Important,AnxiousAttachment,131,5,0.99,https://reddit.com/r/AnxiousAttachment/comments/11btm3u/implementing_what_weve_learned_is_important/,2023-02-25,RachelStorm98,,other,anxious,general
ycckyc,The trash will take itself out,AnxiousAttachment,131,7,0.98,https://reddit.com/r/AnxiousAttachment/comments/ycckyc/the_trash_will_take_itself_out/,2022-10-24,[deleted],"This is one saying in my journey to heal that I consistently remind myself.

&amp;#x200B;

Someone not interested in me? 

I only want to be around people who celebrate me, their loss anyway.

&amp;#x200B;

Someone ghosts me? 

Yikes, if a slightly uncomfortable scenario makes you run, imagine what would've happened if I really needed someone during a crisis. 

&amp;#x200B;

Someone expects me to chase them? 

I've got enough on my plate already, only toddlers think running around each other is fun.

&amp;#x200B;

Someone stonewalling me? 

Your vacation from me just went from however long you wanted to permanent.

&amp;#x200B;

Emotionally unavailable behaviour? 

I'd rather be somewhere else where I am a factor instead of an afterthought. Bye-bye!",,anxious,general
1jzunxf,Help me be OK with my boyfriend being a little angry and annoyed with me right now.,AnxiousAttachment,131,49,0.99,https://reddit.com/r/AnxiousAttachment/comments/1jzunxf/help_me_be_ok_with_my_boyfriend_being_a_little/,2025-04-15,metamorphosis__,"My boyfriend is currently mad at me - it's a tiny tiff, but I automatically go to ""Omg, he's going to break up with me"" and want to text him 10000 times asking if he's mad at me and saying sorry repeatedly. I understand that it's normal for couples to bicker or be annoyed, at least occasionally, and it doesn't mean he's breaking up with me, but it's tough to sit with. We're both at work right now, so I am trying not to harass him, but it's so hard. 

Also, how do you get out of the habit of always asking, ""Are you mad at me?"" lol, because he hates that.",Seeking Guidance,anxious,general
1ijg2zq,Proud of myself:  I chose me for the first time today.,AnxiousAttachment,130,31,1.0,https://reddit.com/r/AnxiousAttachment/comments/1ijg2zq/proud_of_myself_i_chose_me_for_the_first_time/,2025-02-06,rihlenis,"I just wanted to share something that I did today that I'm very proud of as an AP.

My FA ex abrupty ended things last week after we had an amazing weekend together. We were supposed to be working on things after he broke up w/ me a week after our 1yr, but I made the wrong decision to allow us to pick back up where we left off while I gave him the time to decide if he was willing to go to therapy. 

I was shocked, but I handled things a lot better this time because I honestly didn't trust that he was going to make the right decision. Because of me going NC w/ him the last time, he was well aware that if he broke up with me, I would no longer speak to him to protect my peace and he said he would just have to accept that because we needed to be apart. Note:  we never argued and were never disrespectful. Our relationship was very peaceful, his core wounds were just triggered the closer we got.

Contrary to last time where I dove head first into attachment theory to learn more about him and when he would come back and how to navigate a relationship with him, etc., I started consuming content about my own attachment style. I also challenged myself to come up with a new prompt everyday t",Sharing Inspiration/Insights,anxious,self-reflection
1bux9g1,You are more than your attachment style,AnxiousAttachment,129,19,0.99,https://reddit.com/r/AnxiousAttachment/comments/1bux9g1/you_are_more_than_your_attachment_style/,2024-04-03,WNGBR,"Just because you have an anxious attachment style doesn’t make you a bad person. It doesn’t excuse abusive behaviour, I hope I don’t have to clarify that. But being sensitive, needy, wanting extra reassurance, overthinking, and having jealous feelings doesn’t make you a bad person. These are simply feelings that you have brought with you from your childhood to your adult life. However, if these feelings make you abusive in any physical or emotional way (violence, verbal insults, gaslighting, excessive controlling behaviour) then there is no excuse for that. Feelings are always valid, but bad behaviours aren’t. There is also a difference between toxicity and abuse. Neither are good, but I would say abuse is worse. I feel like we all exhibit toxic behaviours, but that doesn’t make it abuse. Big difference. If you genuinely had good intentions and are aware of these anxious tendencies, don’t worry, you’re on the right track and you’re absolutely not a bad person. You’re allowed to make mistakes, everyone is a little toxic at times during their relationship. But is it something you can work through with your partner in a healthy manner? In my case, unfortunately it wasn’t. My insecurit",Sharing Inspiration/Insights,anxious,general
ssec8r,Thought I Had Anxious Attachment - turns out they were a jerk or not interested,AnxiousAttachment,129,18,1.0,https://reddit.com/r/AnxiousAttachment/comments/ssec8r/thought_i_had_anxious_attachment_turns_out_they/,2022-02-14,radariz1965,"All these years, I thought I had pathologically anxious attachment. And maybe I do, but it turns out that with the right person, it does not matter. I don't ever feel as if the way I feel is wrong or I worry too much about the relationship. My anxious attachment arose in part from dating people who did not want to be in relationships, or who were unkind to me. Now I'm three years in with someone lovely, and sometimes I even wonder if I'm anxious at all. So moral of the story, don't let attachment theory convince you to stay with someone who is always triggering your fight or flight. Nothing is wrong with you for feeling sad when someone communicates to you that they could take or leave you.",,anxious,self-reflection
115hm6g,An Important Reason Why We Should Still Work On Ourselves,AnxiousAttachment,129,7,0.99,https://reddit.com/r/AnxiousAttachment/comments/115hm6g/an_important_reason_why_we_should_still_work_on/,2023-02-18,RachelStorm98,,relationships &amp; dating,anxious,general
t8xml4,Had a breakthrough with my therapist.,AnxiousAttachment,128,12,0.99,https://reddit.com/r/AnxiousAttachment/comments/t8xml4/had_a_breakthrough_with_my_therapist/,2022-03-07,cuppa-confusion,"The reason why I fast-forward in terms of dating is because I’m trying to milk as much as I can out of it before they inevitably leave. And yes, they will actually leave. Not because there’s anything obviously wrong with me, but because they feel drained from all of the taking I’m doing. I realize now that whatever I thought was me being a good friend/girlfriend/etc. was very surface-level—no amount of baked goods or cuddles can really compare to how much I am actively draining the emotions of others just so I can get some of those sweet, sweet happiness chemicals my brain produces. Yada yada yada, if I truly believed good things about myself—enough to motivate me to do the things that would make me happy—I wouldn’t need to drain people anymore and I could actually have healthy relationships. So yeah, anxiously-attached people can kind of be “energy vampires” and that’s probably why nobody stays for long.

There’s much more to it, but that’s all I’m writing for now. Now that I am more aware, I will start working on myself in a way that actually counts.",relationships &amp; dating,anxious,general
118fjoe,let's not forget that :),AnxiousAttachment,128,9,1.0,https://reddit.com/r/AnxiousAttachment/comments/118fjoe/lets_not_forget_that/,2023-02-21,throwaway1948483,,resources &amp; media,anxious,general
1kckt88,Reflecting on Your Own Part in a Breakup,AnxiousAttachment,128,34,0.99,https://reddit.com/r/AnxiousAttachment/comments/1kckt88/reflecting_on_your_own_part_in_a_breakup/,2025-05-01,Round_Elk_1641,"I am curious how other Anxious folks reflect on their own part in a breakup.

I recently had a breakup with a DA person, and in my opinion it was a blindside. Up until a day or two prior they missed me, loved me, and wanted to get a dog together and set a timeline for engagement (all their idea). Then, in a 10 minute phone call broke up with me offering little to no explanation. In classic DA style about a month later they wanted me to visit them and missed me. During this visit we had a talk where I tried to politely mention that it was a blindside breakup and they seemed annoyed by this and said ""It wasn't a blindside because you should have known that things hadn't been going well for a while"". Blindside or not, this is true. For a month or two prior they seemed distant in person, and deactivated. But they mentioned intermittently it was because they were having a really difficult time with the last few months of grad school. I also knew that they were on medication for anxiety/depression, and had an avoidant attachment style. So I always hoped that these things would improve, and trusted their words that they loved me and we were planning a future together. So initially the bre",Seeking feedback/perspective,anxious,general
1ktpqmr,"""Recovered"" but triggered and what I did about it",AnxiousAttachment,128,24,0.98,https://reddit.com/r/AnxiousAttachment/comments/1ktpqmr/recovered_but_triggered_and_what_i_did_about_it/,2025-05-23,improve-indefinitely,"I comment here every now and then reminding posters who type enormous novels that they FEEL on fire right now,crazy,totally prepccupied-  but in fact they are just activated and they are the only one who can change it. Not by their partner taking certain actions.

I have been what I would define as ""recovered"" or securely attached for about a year and a half. An *enormous* change in behaviors. Healthy relationship. Well as we get closer to engagement I have begun spiraling a bit from the anxiety of getting it wrong again. (I'm divorced) 

Today I noticed. I really wanted to spend time with my partner after a long week, he said yes but I knew he really wanted alone time. I felt the thoughts spiraling that he doesn't want to be around me, but instead took ""opposite action"". Doing the opposite of what I really wanted. I wanted to cling, control the situation, if we could be closer I would feel better. But it's a trap. So I said jk I changed my mind and I hoped he enjoyed his alone time tonight. we have plans in two days that HE planned and I will happily wait for those. I want to love him how HE needs and wants to be loved not just what I need. If I give him space, and trust myself th",Sharing Inspiration/Insights,anxious,general
1bxi6r8,How to not take someone's emotional unavailability or disinterest (either one) personally?,AnxiousAttachment,127,37,1.0,https://reddit.com/r/AnxiousAttachment/comments/1bxi6r8/how_to_not_take_someones_emotional_unavailability/,2024-04-06,suomym,"What do you say to yourself to soothe when you realize that a person is incapable/does not want to meet your needs to not take that personally? I am having a really triggering situation and it's revealing that I have work to do with this. But, I'm not sure where to start with working on whatever is being brought up that is hurting my self-esteem and causing me to feel excessively triggered by something that really is a them and not me problem. Logically I recognize this, but I am having trouble processing the emotions so that my body can get the message too and let go of internalizing it as anxiety/personal rejection.",Seeking Support,anxious,general
s8sz9z,Self soothing with words to validate the wounds &lt;3 Any more suggestions?,AnxiousAttachment,127,6,0.99,https://reddit.com/r/AnxiousAttachment/comments/s8sz9z/self_soothing_with_words_to_validate_the_wounds_3/,2022-01-20,H3LLO_fire,,general advice,anxious,general
1nqo6tv,What are some healthy ways of self-soothing in place of limerence?,AnxiousAttachment,127,25,0.99,https://reddit.com/r/AnxiousAttachment/comments/1nqo6tv/what_are_some_healthy_ways_of_selfsoothing_in/,2025-09-26,BoysenberryAwkward76,"Hi fellow anxious attachments girlies (and guys!! and everyone)…I’m someone who has used fantasy about a person to escape a lot in the past. I’m better about it now, but sometimes the tendency still crops up. I recognize it’s just a maladaptive coping mechanism from very stressful times in my youth and it’s my brain just trying to comfort itself. Poor brain! 

I also feel like it’s very tied to anxious attachment tendencies and the way we can easily extrapolate on small interactions, put someone on a pedestal, hope for a love that may never come, etc. 

But I’m curious about what those of you who have more or less recovered from limerence do in place of it. What’s worked for you? What else can give a sense of that warm and comforting feeling that come from some of these fantasies? Looking for ideas. 💡",Seeking Guidance,anxious,general
zna5sz,I just want to turn it off.,AnxiousAttachment,127,59,0.99,https://reddit.com/r/AnxiousAttachment/comments/zna5sz/i_just_want_to_turn_it_off/,2022-12-16,Temporary-Courage389,"I (f27) feel like I’m losing my mind. I try so hard to put myself out there, but I probably come off as a crazy person because I have an anxious attachment style. I’ve always felt like a burden to my parents and I’ve been cheated on in the only 2 relationships I’ve been in. I feel like my view of loved is so fucked. I feel like I’m so hard to love. 

I ruined something I potentially had with someone today, because I got paranoid that he lost interest/has not been consistent with communication. I just sound so fucking crazy and I hate myself for it (screenshot for reference). I’m confused if I’m doing this because I’m still suffering from childhood trauma or if I ‘deserve better’. 

I irrationally deleted bumble and hinge after. I deciding to spend more alone time to work in growth. It’s honestly been a year since I’ve even cuddled with someone on purpose to work on growth. I miss intimacy. Sex, sure… but connection and safety is what I so desperately crave. I’ve been so depressed the last few months because I can’t help but feel that I’ll never be good enough. At this point I want to desperately turn my heart off.",,anxious,self-reflection
14jghn4,The thing you need to overcome is the urge to impact the outcome of dating rather than uncover it,AnxiousAttachment,127,22,0.99,https://reddit.com/r/AnxiousAttachment/comments/14jghn4/the_thing_you_need_to_overcome_is_the_urge_to/,2023-06-26,InevitableRaisin,"I came across this on Reddit a little while back and it's resonated so hard. Just wanted to share it with you all too.

&amp;#x200B;

P.s. I wish I could give the individual credit, but they appear to have deleted their profile.",Sharing Inspiration/Insights,anxious,general
y4b0mj,Do you think you're sometimes more attached to the fantasy of the person vs the actual person?,AnxiousAttachment,125,32,0.99,https://reddit.com/r/AnxiousAttachment/comments/y4b0mj/do_you_think_youre_sometimes_more_attached_to_the/,2022-10-15,[deleted],"I honestly think I make the stakes of relationships feel much higher than they are because I attach such big expectations for the relationship via fantasy. I daydream all the way into future about living together and whatnot (not kids because I don't want kids). 

But because I'm thinking about the future and not what's in front of me, i overlook every blaring red flag there is. All because I want my fantasy to come true",,anxious,general
qyplxr,Disgust.,AnxiousAttachment,125,14,0.99,https://reddit.com/r/AnxiousAttachment/comments/qyplxr/disgust/,2021-11-21,aerialsky,"It’s the intense self loathing and shame I feel after receiving contact from my partner. 

*Poof* anxiety has dissipated. A switch has been flipped. I’m ‘fine’ now, things are back to “normal”. (Whatever that fkng means)

But before hand I was an emotional WRECK.  Literally spiraling. Crying/fighting back tears at work or in public spaces, feeling hopeless  about life. Unmotivated about my own personal goals. Stomach in constant knots. Negative thoughts coming a million miles a minute. Random chest cramps from all the anxiety. 

But a crumb..a morsel of attention was all it took. A likkle acknowledgment and all is well in the world. Pathetic. 

No one should have that much power over my emotions. And I’m aware of this and that’s what makes it so SICKENING! 

I want to be okay on my own!! I wanna meet my own emotional needs. 

Has anyone else experienced this shame after receiving contact?",relationships &amp; dating,anxious,general
xx685w,"I realized that I was attached to the relationship and not because we had a real connection. The fear of failing again in a new relationship made me so anxious that I did whatever I could to hold that “bond”, but in reality she never let me connect with her because she never open up.",AnxiousAttachment,125,10,0.98,https://reddit.com/r/AnxiousAttachment/comments/xx685w/i_realized_that_i_was_attached_to_the/,2022-10-06,Aggravating_Scale537,,,anxious,general
mrvffp,"Rant: I hate when avoidants ask for space, especially if it's indefinite or for more than 3 days. Anyone else have similar limits?",AnxiousAttachment,125,54,1.0,https://reddit.com/r/AnxiousAttachment/comments/mrvffp/rant_i_hate_when_avoidants_ask_for_space/,2021-04-16,throwaway-rhombus,"As title says, I hate the usual disappearing pattern. I deserve someone who knows they love me and will be with me almost everyday. 3 days is already so much time, and I hate when they don't even tell you how much time they want apart. It's not normal. It's not okay. Anxious people are always expected to accommodate avoidants while they see our pain and just laugh at it or don't care. No compromises, always doing what they want or they're just not aware and blame it all on you. How could you say you love someone and not even really seem to be interested in being with them? They are so lucky their problem is being annoyed that their partner loves them so much while we don't even feel loved",,anxious,general
13mg87i,How do you differentiate relationship anxiety from not getting enough attention and care from your partner?,AnxiousAttachment,125,54,1.0,https://reddit.com/r/AnxiousAttachment/comments/13mg87i/how_do_you_differentiate_relationship_anxiety/,2023-05-20,[deleted],"My current relationship has been filled with a lot of emotional ups and downs for me. Some days I feel so blessed to have my boyfriend, since he can be so kind and supportive and caring. However other times I’m overwhelmed with anxiety about our relationship, am insecure and triggered, and I don’t feel supported. 

Sometimes I feel like he’s giving me nowhere near enough reassurance, and he’s not being that attentive or supportive. But I struggle to tell how much of this is my anxious attachment screaming for more attention from him.

I’m torn between the part of me that wants to break up, and the part of me that thinks this is completely a me-problem and I need to work on myself and stay with him. 

I’m not necessarily looking for advice on my specific relationship, since I don’t know there’s a way to know the answer from the outside. 

What I do want to know is - does anyone else feel this way sometimes? And how do you discern which it is in these times?

Thank you in advance 🤗

Edit: I didn’t expect so many responses, I will reply soon but I’ve been reading them and they’re all very appreciated ❤️",Seeking Support,anxious,self-reflection
15f6jvw,Torn between mirroring behavior and being myself,AnxiousAttachment,122,23,1.0,https://reddit.com/r/AnxiousAttachment/comments/15f6jvw/torn_between_mirroring_behavior_and_being_myself/,2023-08-01,monkeyundies,"When I'm anxious with someone I'm interested in, I cannot for the life of me decide if I should just be myself (check in, ask for some reassurance even if only just with a ""hey how's it been going?"", be affectionate like saying I miss them, etc) or if I should follow a lot of advice I've seen on tiktok and YouTube lately about mirroring their behavior. 
i.e if they don't text me I don't text them. Only show as much enthusiasm as they're showing. Etc. 

The downside of being myself is the pure embarrassment and regret of how much attention I gave them that comes if I end up getting rejected. Downside of mirroring is I feel like I'm stifling myself and beating myself into submission. Also worried that if they accept me, they're not accepting the real me. 

Thoughts?",Seeking Guidance,anxious,self-reflection
1hn5c24,What has helped you heal after the self-blame of a break up?,AnxiousAttachment,121,45,0.99,https://reddit.com/r/AnxiousAttachment/comments/1hn5c24/what_has_helped_you_heal_after_the_selfblame_of_a/,2024-12-27,Ronnabe,"We all know no one feels a break-up at first quite like APs. I was completely taken by surprise by my anxious-avoidant ex, though in hindsight the signs were there. And recognising that has been  part of moving on. I wanted to share these thoughts in case they resonate with anyone and can help in some way.
Please share your own experiences too, we all want to get to a more secure, content place.

1. Goal setting + patience

In the immediate days after I did a *lot* of classic AP soul searching and came to the realisation of why I’ve avoided my own company so much for so long, and what underpins a lot of my anxiety. I set myself goals which are perfectly normal, but precisely because of my AP I find them harder to reach and ultimately fail, thus continuing the familiar but increasingly miserable spiral. I have been incredibly demanding and impatient with myself for well over a decade. I hadn’t realised I was searching for someone to fill my own lack of self-validation and happiness. The exact thing an avoidant is least likely to do!

I am a runner and have tried to reframe it like a marathon training plan - if you’re starting on day 1, you’d have to be pretty mad to ask yourself to",Sharing Inspiration/Insights,anxious,general
keyrvp,I can’t say this enough: date multiple people!,AnxiousAttachment,121,39,0.96,https://reddit.com/r/AnxiousAttachment/comments/keyrvp/i_cant_say_this_enough_date_multiple_people/,2020-12-17,frumiouswinter,"if you make sure to date multiple people, you’ll be less likely to obsess over whether one person is texting you back or has lost interest, because you’ll know you have other options. you’ll be quicker to drop someone when they treat you badly. you’ll also be less likely to settle for someone who is avoidant or has a ton of red flags out of a fear of loneliness, because you’ll have other options you can compare with and decide who treats you best. it gives you back the power in dating that your anxiety takes away.

this is the best tool for the anxious person in dating. it might not seem appealing when you’re the type to over-invest after the first date and lose interest in seeing anyone else, but this is actually most helpful to that kind of person. over-investing is a normal response to only dating one person because they are your only source of romantic attachment. however, this isn’t healthy to do with someone you’ve just met because you don’t know yet whether they’re right for you or not. you have to power through those excited feelings after that one good first date and get back on the dating apps to meet someone else too. then, if things go downhill with that person later, y",,anxious,general
1eofoio,the strange case of jekyll and hyde,AnxiousAttachment,121,57,0.99,https://reddit.com/r/AnxiousAttachment/comments/1eofoio/the_strange_case_of_jekyll_and_hyde/,2024-08-10,thehierophantom,"I’m curious if this will resonate with anyone. I think most of my partners have been initially attracted to me because I’m pretty outgoing, confident, and seem very comfortable with who I am (I’m a bit of a weirdo and a showboat.) I laugh easily and enjoy goofing off with people. I think I’m pretty accepting and naturally find people interesting. I’ve been told that I seemed “chill” or “laidback” or “fun” at the start.

Then, when I begin to care about someone and my fear of abandonment kicks in (i.e. my anxious attachment is triggered) my ex-partners have said that it’s like I became someone else entirely, like there are two versions of me. I think their experience has been that my mask has dropped, and suddenly, I’m not at all the person they thought I was or the person they were attracted to initially. I become extremely anxious, obsessive, perfectionistic, and insecure/eager to please. They thought they were with someone who was secure in themselves and their self-worth only to discover that it’s quite the opposite.

I also experience myself this way. I can feel it happening, and despite effort to self-soothe and enforce healthy boundaries, I struggle to return to the person I",Seeking feedback/perspective,anxious,self-reflection
n5rm9l,Anxious attachment can be so selfish,AnxiousAttachment,120,27,1.0,https://reddit.com/r/AnxiousAttachment/comments/n5rm9l/anxious_attachment_can_be_so_selfish/,2021-05-05,Weekly-Improvement82,"Does anyone else find that when their partner is technically available, as in off work, and you're not together it's triggering in a way? Like your attachment style basically demands all of their time like it's fair to ask that of anyone? I manage to keep it to myself I would hate to ever come off as needy. It makes me feel so selfish even though I don't demand it which kind of leads to feelings of shame and guilt. If anyone else experiences this how do you deal with it?",,anxious,general
1k4bkhh,My bf pulling away is my biggest trigger. What do y'all do if your partner pulls away.,AnxiousAttachment,120,113,0.99,https://reddit.com/r/AnxiousAttachment/comments/1k4bkhh/my_bf_pulling_away_is_my_biggest_trigger_what_do/,2025-04-21,Ok_Marionberry_9086,"As the title suggests, I feel triggered and anxious when he pulls away. Tho me and him spent a good time not talking to eachother for weeks,those were the times when I was anxious the most. Still, I would say that I'm doing a better job compared to before at giving him space and not spiraling but there's more to go tho. The anxiety, racing heartbeat still comes but I carry on.
So people, what do y'all do when ur partner pulls away?

Fyi I do try to keep myself occupied these days. Trying:D

Edit- i forgot to mention that in feb this year we decided to go on a ""break"" for a long period of time. But eventually we couldn't really maintain it,so now we talk normally and we're good. But often he used to say that he wants to go on a break before. I assume it might also be because of my actions.I showed most anxious tendencies until feb this year and these actions were questionable cuz it only pushed him away further(for example like spam calling him if something is wrong).In feb i just kinda hit the rock bottom so we decided that we wont talk and i agreed.

but after a few weeks,we started talking normally and we're good now but i cant help but think what if it happens again cuz there is",Seeking Guidance,anxious,general
xeasr4,Attachment issues make people tolerate bad behaviours because they fear being rejected or abandoned (again),AnxiousAttachment,120,7,1.0,https://reddit.com/r/AnxiousAttachment/comments/xeasr4/attachment_issues_make_people_tolerate_bad/,2022-09-14,[deleted],,resources &amp; media,anxious,general
1hz07w8,When someone hurts me I don’t want anything to do with them for a few hours to days,AnxiousAttachment,119,31,1.0,https://reddit.com/r/AnxiousAttachment/comments/1hz07w8/when_someone_hurts_me_i_dont_want_anything_to_do/,2025-01-11,acidemise,"when someone hurts me I will completely retreat, I don’t know if it’s protest behavior or that I need space from that person or a mix of both. Probably a mix of both. I just don’t want to talk to them, text them back, I feel weird and awkward around them in person. I don’t want to tell them they hurt me, I feel uncomfortable when I feel I’m already in a vulnerable situation. I hate confronting others when they hurt me, I feel so weak and like if they hurt me, they won’t care anyway, and communicating about it is pointless. Is it always necessary to tell someone when they hurt you? Even if it’s a friend and not romantic partner?",Seeking Guidance,anxious,general
1r56v8c,Anyone have the experiance of anxious attatchment killing you as a person,AnxiousAttachment,119,54,0.99,https://reddit.com/r/AnxiousAttachment/comments/1r56v8c/anyone_have_the_experiance_of_anxious_attatchment/,2026-02-15,Local-Focus-4252,"I never see anyone talking about this and im wondering if its normal. Ever since i got in my relationship 2 years ago, i cant seem to find any passion within myself. The passion for my intrests and hobbies used to explode out of me and i felt such big happy feelings for everything and everyone. I used to laugh at everything and enjoy spending time with friends.

Now as the attatchment issues have progressed i just feel like an empty husk of who i used to be. I cant explain it but my whole life feels dulled in every way. I dont really get enjoyment the same way. Its like theres a layer of indifference over every interaction i have and i truley dont remember the last time i was excited about anything. Going places and hanging out with people just dosent feel the same and ive noticed how little i really laugh or truley enjoy myself.

 I used to think that maybe me and my partner just werent compatible but a couple of months ago i made a really big breakthrough with anxious attatchment and everything felt so amazing for a month or two before it all came back.

I enjoy talking with my partner but when we speak sometimes i just feel so vastly disconnected i have to force myself to think",Seeking Support,anxious,general
10uk4lx,many ask for tips! I used this advice,AnxiousAttachment,118,9,1.0,https://reddit.com/r/AnxiousAttachment/comments/10uk4lx/many_ask_for_tips_i_used_this_advice/,2023-02-05,wualdo420,,general advice,anxious,general
1ah70px,"As I heal, how can I tell authentic ""love"" from my desperate need for connection",AnxiousAttachment,117,58,0.99,https://reddit.com/r/AnxiousAttachment/comments/1ah70px/as_i_heal_how_can_i_tell_authentic_love_from_my/,2024-02-02,Spectre2000,"This topic continues to plague my thoughts. I feel like I'm loving in a natural way but, the more I've learned about my AP style, the more I see how many blindspots I have.

If I offer you help and care and concern, is it geniune or is it my desperate need for connection and outside validation?

When will I know the difference? Does that make sense? How do I know I'm operating from a healthier, secure perspective when I reach out to engage with others? It's very frustrating to me.",Seeking feedback/perspective,anxious,general
1nwchkj,How do you get over the need to be asked/the other person to initiate to prove you are wanted?,AnxiousAttachment,117,28,0.99,https://reddit.com/r/AnxiousAttachment/comments/1nwchkj/how_do_you_get_over_the_need_to_be_askedthe_other/,2025-10-02,bleepbloooopity,"I think sometimes I get too fixated on people not being the one to initiate something I want with them which makes me feel they probably don't really wanna do it with me. Like asking to hang out, play games, do activities together. 

But, I know at the same time that if I want to do something, I should just ask people and if they say yes and enthusiastically show up, then I can take that at face value to mean that this person does want to do the thing with me/spend time with me even if they weren't the one who initiated. Obviously, if I'm the one who only ever asks and they don't show up enthusiastically, I can also just take that for what it is. It's just that often times, I fixate too much on other people being the one to initiate as proof that my time, presence, and company is wanted even when the other person constantly proves and shows this in other ways.",Seeking feedback/perspective,anxious,general
1hun8mh,The pulling away and denial from my ex has ruined my intuition,AnxiousAttachment,116,65,0.98,https://reddit.com/r/AnxiousAttachment/comments/1hun8mh/the_pulling_away_and_denial_from_my_ex_has_ruined/,2025-01-06,Erimaj,"I dont know how to proceed in relationships anymore after dating my avoidant ex. She mentioned she was avoidant and in the last month of our relationship we experienced the typical anxious avoidant chase. I tried to be what i thought was ""secure"" and talk to her about it but she insisted she was just busy and even did things like share her google calendar with me (which i didnt ask and would never even thinking of asking her to do) to us stay connected while we were both travelling. However i never felt secure in the relationship and she asked to take a break suggesting that she couldnt give me what i needed and that she needed to work on herself. I assumed i was asking too much as well cause thats what it felt like. we said we'd talk in a month

A month later i found out she started dating someone the day she asked for a break. When i confronted her she said she thought we were broken up. She also said she had been thinking about splitting for a month and was just ""buying time""...so now i feel like i dont know what was real.

Now in dating and friendships i dont know how to process the ebb and flows of relationships. I felt so secure when i started dating my ex but now i feel like",Seeking feedback/perspective,anxious,general
13bwcg9,Do you have ‘go to’ self soothing techniques that you find helpful?,AnxiousAttachment,116,80,1.0,https://reddit.com/r/AnxiousAttachment/comments/13bwcg9/do_you_have_go_to_self_soothing_techniques_that/,2023-05-08,Apryllemarie,Learning to self-soothe is a challenge. There are a lot of techniques out there that can help us in that process. Which ones have you tried? Are there ones that work better in certain situations? Which ones would you recommend?,Discussion,anxious,general
tdvllz,Please stop romanticised the idea that your DA will wake up one day and finally know how to treat you,AnxiousAttachment,116,33,0.99,https://reddit.com/r/AnxiousAttachment/comments/tdvllz/please_stop_romanticised_the_idea_that_your_da/,2022-03-14,undonebecoming,"Obligatory ""not all DAs"".

Many are self-aware and we have to give people credit for trying to heal themselves. But let's be real for a bit here. Most of us in this sub who suffer in relation are usually dating emotionally unavailable people (with someone who is either unaware or just unwilling to make the effort). So this post is for those who are in that situation.

If you are staying in your relationship or situationship because you hope that, with just enough love and patience, they're going to reach that epiphany moment where they suddenly feel bad for pushing you away and want to make a change: forget about it. Just forget about it. It's not going to happen. That's not how human behaviour works (tried and tested, TRUST ME on this).

I want you think about how hard it is to heal *yourself*. How many setbacks, how many relapses, how many times we protest even when we are fully aware of what we are doing. And remember, anxious people often feel more incentive to fix themselves (not my words, my therapist himself told me that anxiously attached people are more likely to seek healing than avoidantly attached people. He said the clients who quit therapy earlier are often avoidant c",,anxious,general
17mam8i,"As an anxiously attached man, I feel absolutely pathetic.",AnxiousAttachment,116,45,0.96,https://reddit.com/r/AnxiousAttachment/comments/17mam8i/as_an_anxiously_attached_man_i_feel_absolutely/,2023-11-02,Chaomayhem,"Hey all,

I've seen a few posts like this previously in this subreddit but I wanted to vent about my own experiences here for a second. 

Being needy and clingy as a man like this makes me feel pathetic and like I am less of a man. I don't mean to minimize the experience of the many women on this subreddit, I feel your pain and relate so heavily to so much of it. However, there is an added facet to this as a man I think that adds to the pain. 

Our patriarchal society labels this sort of behavior as unacceptable and undesirable in a man. Men don't act this way. They aren't like that. They're distant, unbothered, and don't show their emotions. They certainly aren't needy and clingy. Meanwhile, it's kinda expected from most guys that their female partner will be clingy or needy in some way. To an extent. Obviously there's a point where it becomes an issue, but it's acceptable for women to be needy and anxiously attached. The so-called ""crazy ex-girlfriend"" is a trope for a reason. Crazy ex-boyfriend"" is much rarer.

Sorry this is so long and probably a bit of a rambling post but I just have been feeling really crappy about this lately and like I'm pretty undesirable as a man. My atta",Seeking feedback/perspective,anxious,general
15szblq,What do you do to manage your anxiety and control yourself from messaging/calling when your partner has asked for space?,AnxiousAttachment,115,52,0.99,https://reddit.com/r/AnxiousAttachment/comments/15szblq/what_do_you_do_to_manage_your_anxiety_and_control/,2023-08-16,suomym,"My partner asks for space sometimes to process or to have a break from conflict. We are constantly running into the trap of that making my anxiety go wild and I start calling, messaging, saying I can't do this and we need to resolve things right away. He then feels more overwhelmed and wants more space and then lashes out when he feels trapped into not being able to space or risk the relationship. Our relationship has become extremely unhealthy and we are hurting each other a lot.

The thing is, I logically know that pursuing him in this state makes everything worse. It hurts him and me, and I want to give him the space he needs, but I just can't get a grip on the anxiety. What do you do to stop incessantly ruminating, calling, messaging, and just generally being in a state of severe angst while your partner needs space. I'm so tired of my state of calm depending on contact with my partner and I want desperately to stop feeling that way. I want to be able to just live my life and have a good time even when he needs space without constantly pining away for when my partner re-establishes contact and we make up.",Seeking Guidance,anxious,general
sysy4j,To prevent is better than to cure (when possible),AnxiousAttachment,115,11,1.0,https://reddit.com/r/AnxiousAttachment/comments/sysy4j/to_prevent_is_better_than_to_cure_when_possible/,2022-02-22,Broutythecat,"We all know how much it sucks to be drawn into a seemingly normal relationship only for our partner to do a sudden U-turn, blindsiding us with detachment and neglect. At that point, we're invested and attached and it can be hell to manage to get out of the situation. We had no way to predict this would happen and it's perfectly legitimate to feel angry and deceived. These situations are not what this post is about.

But there are other occasions when we do get warnings that a relationship will likely be torture, and in those cases, it's important to pay attention so we can avoid getting involved from the start.

**Example**. In the past, when I was inexperienced and naive, I got infatuated with a guy who did all the right things but, as soon as he slept with me, said he 'didn't do commitment' and 'wasn't looking for anything serious' but we 'could keep hanging out (sleeping together) and see'. I thought that was totally normal at the beginning, that things would progress if we were a good match, and why wouldn't we be when we had 'such a great connection'? And I 'liked him sooo much!', I wanted to love and be loved, so hope was better than nothing. So I happily carried on. Lo and b",relationships &amp; dating,anxious,general
x7kr5m,When unintentional abuse from an anxious partner becomes intentional...,AnxiousAttachment,114,128,0.92,https://reddit.com/r/AnxiousAttachment/comments/x7kr5m/when_unintentional_abuse_from_an_anxious_partner/,2022-09-06,[deleted],"I understand that people with insecure anxious attachment styles experienced certain types of traumas and behaviors during their childhood and adult life that made them become that way. I get it. At some point once the individual in question is aware that their behaviors are hurting another I feel that is when the abuse they are unintentionally committing becomes intentional. 

Some emotionally abusive behaviors that I have seen from anxious attachments that are quite damaging include:

-Smothering a partner by demanding constant companionship without respecting boundaries.

-Jealousy towards anyone your partner likes and acts upon that jealousy by exhibiting protest behaviors. 

-Protest behaviors that include bombarding a partner with calls/texts even when they do not answer. (I.e. harrassment)

-keeping score then ""punishing"" their partner for not meeting their unrealistic metric of back and forth communication 

-using empty threats of leaving and other forms of manipulation when their partner doesn't act the way they feel they should

-Using blame and guilt to make their partner feel bad for not meeting their needs even when those needs are unreasonable 

In my opinion, when y",relationships &amp; dating,anxious,general
rlxhec,Practiced putting up good boundaries today,AnxiousAttachment,114,12,1.0,https://reddit.com/r/AnxiousAttachment/comments/rlxhec/practiced_putting_up_good_boundaries_today/,2021-12-22,Puzzled-Bet-9470,"I’ve been seeing a girl for a few weeks and she’s been seeming less and less interested. Old me would obsess over her or maybe even indulge in protest behavior by not texting her on purpose.

But I’m tired of being miserable and today I’m going to start breaking the cycle. I texted her saying that this isn’t going to work for me, and that I want someone who I can spend more time with and doesn’t text every three days. And that she’s fun to hang out with but it’s just not a good match. It really sucks because I was pretty into her, but it’s just not worth it. 

I deserve someone who can handle the attention I want to give and to receive. Cheers.",relationships &amp; dating,anxious,general
1i6fqoz,How do I know if I actually like someone or if it’s just my anxious attachment being triggered?,AnxiousAttachment,114,44,0.98,https://reddit.com/r/AnxiousAttachment/comments/1i6fqoz/how_do_i_know_if_i_actually_like_someone_or_if/,2025-01-21,Intrepid-Pomelo7889,"I noticed that there are certain people that really pique my interest and make me feel the anxious feeling. What’s the line between just crushing on someone or if it’s anxious attachment being triggered? 

I’ve had crushes/ dated people where I didn’t feel this way too. So it’s weird when I feel this for some and not for others.",Seeking Guidance,anxious,self-reflection
1ozso7a,How do i stop the cycle of freaking out when im away from my partner?,AnxiousAttachment,113,67,1.0,https://reddit.com/r/AnxiousAttachment/comments/1ozso7a/how_do_i_stop_the_cycle_of_freaking_out_when_im/,2025-11-17,Local-Focus-4252,"When me and my partner dont see eachother for a long time, i just shut down. Everyday were apart the urge to pick apart every message is so strong and eventually when its too much, i just break down. I get so angry at him and i cry all night wondering what i did to make him not like me anymore.

 Everytime we message i get triggered and it just makes me spiral even more and this makes me push him away a lot. I dont reply to messages because i just know that ill have this horrible dread and anxiety the whole time. I know this makes things worse to but i have no idea how to cope or what to do when i start feeling this way. The only thing that helps is seeing him in person again and then it goes away and starts again like a cycle.

Its hard to not get to the point of total breakdown, just because everything triggers me. If he seems like he dosent want to talk, if he dosent answer my message, if we havent texted in a few hours, if he seems dry, if he dosent make plans, these are all things that trigger me regularly and even when i try to calm myself and give myself positive affirmations, i can still feel it building more and more in the back of my mind. 

Is there anything i can do to",Seeking Guidance,anxious,general
1h8lqpd,Self awareness,AnxiousAttachment,113,67,0.99,https://reddit.com/r/AnxiousAttachment/comments/1h8lqpd/self_awareness/,2024-12-07,thepianoman77,"I’m not the only one right?

Are you self aware and can see and catch your insecure attachment style in real time happening? Yet, you still just let it happen for some reason?

You know what the right answers are. You know what the right choice is that you need to make. You know EXACTLY what’s going on. Yet, you still choose the not so “healthy” option. You still go with your “instinct” and not with the rational and correct choice.




PS.- separate thought. When it comes to anxious attachment tendencies, are you able to detect your instinct from your insecure attachment thoughts? Or is it just the one and the same? For example, I’ve always trusted my intuition and my instincts in certain situations and scenarios. But since I’ve learned about attachment theory (about 1.5 years now) I’ve wonder how many times my intuition was just making choices due to my insecure attachment tendencies. 


Anyway. Just thoughts. That’s all.

For reference, in a lot of aspects of my life and in a lot of relationships, I am secure. It’s only when dealing/dating someone with extreme avoidant or FA tendencies that my anxious tendencies show. But, they l show strongly in me when I have these type of peop",Seeking feedback/perspective,anxious,general
u30sr3,Realizing you've been the bad guy for most of it,AnxiousAttachment,113,23,1.0,https://reddit.com/r/AnxiousAttachment/comments/u30sr3/realizing_youve_been_the_bad_guy_for_most_of_it/,2022-04-13,evergreenyay,"I don't see a lot of posts around here talking about some bad shit that this attachment style can make you do. So I'm going full honest here.

I have been with my partner for 3.5 years. As of right now I would say he's secure, in the past he was secure leaning avoidant, meaning that while he's normally secure, under a lot of stress he would show some avoidant behaviors, in particular he would have a hard time processing his emotions and talking about them. He's been in therapy for 2 years now for this and he has shown immense improvement. I have an extremely anxious attachment plus OCD, depression and some fun childhood trauma. I have been in therapy for years but had to change a few times because finding someone in my country that can tackle these issues together is kind of hard.

This the thing. He made mistakes and I also did. But he always put an effort and his avoidance has never pushed him too far. He would kind of shut down emotionally, we’d fight and then make peace. I truly wish I could say that about me.

I have been a boundary overstepper. I have always called him right after fights when he said he wanted space.

I have always found excuses for my behavior but I never fo",other,anxious,general
1bgl5e0,Anyone else realized that they are so dysregulated on the regular that they don't know how to entertain or even manage themselves?,AnxiousAttachment,113,18,1.0,https://reddit.com/r/AnxiousAttachment/comments/1bgl5e0/anyone_else_realized_that_they_are_so/,2024-03-17,suomym,"Got out of a relationship recently and long story short, for the last several years, between relationships and health issues, etc. there has always been a big ""distraction"" so to speak.. now I'm just sitting here, single and healthy, and it's dawned on me that, I don't even know what to do with myself. Without my life and thoughts revolving around some other person or some other external crisis, I'm just kind of stagnant/lost/aimless all at once... so here's to learning how to live for myself.. 

Anyone else had to reckon with this in adulthood? Realizing for the first time living away from home, without a relationship, and no other major crises, so finally having to learn to just embody themselves and not even knowing how to do that? It's almost like the single version of when people are in the relationships with secure people, it feels boring because they don't even know what to do. It's almost like that but with life. Without my attention so wrapped up in something external, I don't know what to do and I feel restless.",Seeking Support,anxious,general
15hwe7w,"Put together a list of what you're looking for yet? Make sure you add 'wholly, unambiguously into me' to it.",AnxiousAttachment,113,25,0.99,https://reddit.com/r/AnxiousAttachment/comments/15hwe7w/put_together_a_list_of_what_youre_looking_for_yet/,2023-08-04,InevitableRaisin,"Some more great advice which I dug up in an old thread recently.

Super relevant for me as I keep dating women who are just **perfect** for me - the only tiiiny issue being that they're just not that into *me*.

Mixed signals should mean they don't make our list, not we don't make theirs.",Sharing Inspiration/Insights,anxious,general
wfqcwh,Ignore the “spark”,AnxiousAttachment,112,25,0.98,https://reddit.com/r/AnxiousAttachment/comments/wfqcwh/ignore_the_spark/,2022-08-04,[deleted],"I just got a really interesting piece of advice to ignore that initial strong pull/spark you feel with someone. It usually means this person will trigger your anxious attachment. And upon reflecting, everytime i felt the “spark” the connection was really intensive but massively painful and ended in me getting very triggered and hurt. I was told to go for more of a calming and relaxed feeling. A slow burn.",general advice,anxious,general
132mhzt,I finally unfriended him,AnxiousAttachment,112,15,0.99,https://reddit.com/r/AnxiousAttachment/comments/132mhzt/i_finally_unfriended_him/,2023-04-29,waitwhat2604,"I was always so worried and anxious about the “what ifs”. What if he does this, what if his next reply would be better, what if that, AHHH.

I finally unfriended him. I did it. He never truly cared about me. But I care for me. I’m gonna protect me and I’m not going to let my anxious attachment come my way anymore.

Fuck you, James. You’re not part of my life anymore.",Seeking Support,anxious,self-reflection
sz16fi,Dear Avoidant - I forgive you. And I forgive me.,AnxiousAttachment,112,29,1.0,https://reddit.com/r/AnxiousAttachment/comments/sz16fi/dear_avoidant_i_forgive_you_and_i_forgive_me/,2022-02-22,Substantial_Sport327,"Dear avoidant,

I forgive you. I will not forget the pain the relationship caused me, and the emotional scar it left me with. But I am done demonizing you. I am done choosing to keep the anger and pain inside me. I am done putting the blame on you.

&amp;#x200B;

I realized we are all children at heart, who have our own traumas, and we haven't healed. We end up together in this dance because we want love, but haven't been able to figure out how to consistently give it to ourselves. We attach, you detach. We say we want what's in the middle, yet we have no idea how to give it to one another, yet ourselves.   


I am done being angry at you and holding on to the pain. I am choosing to accept that we are on different paths and our connection was to allow us to access the pain stored inside.  


I wish you well. I hope you heal. I hope you end up happy and finding love for yourself that you deserve. I am done being angry at you.",,anxious,general
14kabfz,How do you forgive yourself for your mistakes because of your anxiety,AnxiousAttachment,111,37,0.99,https://reddit.com/r/AnxiousAttachment/comments/14kabfz/how_do_you_forgive_yourself_for_your_mistakes/,2023-06-27,bee_vee_,"My boyfriend just broke up with me because I couldn't give him the space he needed without my fear of abandonment kicking in which would cause me to send him messages after messages. The last nail in the coffin was when I was trying to protect myself from the perceived hurt so I asked him if he'd like to break up but shortly regretted it and deleted it afterwards. 

I know I self-sabotaged real hard in just a span of a month. It was so difficult to see on hindsight when you are directly involved in the relationship but now that I can see it through a different perspective, I've seen how destructive my anxieties could be. 

How do you forgive yourself after all this? I know APs tend to blame themselves for everything but its just so hard when it seems like it is all your fault afterall. And how do you make sure that you don't fall on the same mistakes again?",Seeking Guidance,anxious,general
1bczpd7,Is casual sex ever worth it?,AnxiousAttachment,111,89,0.98,https://reddit.com/r/AnxiousAttachment/comments/1bczpd7/is_casual_sex_ever_worth_it/,2024-03-12,Impossible_Demand_62,"24F. I go through this dilemma after every breakup and usually end up coming to the conclusion that it isn’t worth it, at least for me. I have a high libido and often wish that I was the type of person who could enjoy sex outside of a deep connection. But even in a relationship, if I try to have sex with a partner when I’m emotionally disconnected from them, it feels empty and awkward. It’s ironic bc I tend to become hyper sexual in relationships and I seek it out for validation/intimacy, but when I think back on those times, I didn’t actually enjoy the physical act as much as I thought I would. I was just stuck in an unfulfilling relationship and desperate for closeness + the feeling of being wanted.  

It’s frustrating because I don’t have much experience and I want to be able to get my sexual needs met regardless of my relationship status, but sex is so complicated for me. Even though I’m healing, I have trauma from my religious + emotionally abusive upbringing, plus I need to feel a deep connection and spend quite a bit of intimate time with a new partner before my anxiety/awkwardness starts to ease up. Or I get obsessively attached to the first person who shows me affection an",Seeking feedback/perspective,anxious,general
1k2ihif,"Practicing self compassion, increasing our self worth - let's all do it!",AnxiousAttachment,110,36,1.0,https://reddit.com/r/AnxiousAttachment/comments/1k2ihif/practicing_self_compassion_increasing_our_self/,2025-04-18,MikeyBGeek,"Something I'm learning in therapy since my disastrous failed attempt at dating is that I need to value myself, without the need of external validation. I am constantly mentally demoralizing myself and being self critical, and so much of my self worth has been tied to making others happy. Parents, siblings, cultural expectations... And now I know how it's even effected my dating life. And it sucks having your self esteem be fully dependent on whether someone else likes you or wants to be near you. 

I am trying to get in the habit of catching my spiraling ""stupid piece of shit"" self talk and practice sticking up for myself against the inner critic. I would love to hear what others do to do this, and I was thinking it may be kinda cool to start a thread of just complimenting ourselves. If this kinda post is not allowed here, I apologize, but I thought it would be a neat idea. 

So to start... 

I firmly believe I am a good man. I am kind, respectful I'm great with kids, and my coworkers like me.  I am in decent shape, and my time in the gym as paid off and I have the back and shoulders I wish I had in my 20s!",Sharing Inspiration/Insights,anxious,general
11vv5tw,"Every time a DA posts on this sub, people straight up abuse them",AnxiousAttachment,110,141,0.83,https://reddit.com/r/AnxiousAttachment/comments/11vv5tw/every_time_a_da_posts_on_this_sub_people_straight/,2023-03-19,[deleted],"Edit: I’m actually pretty convinced after reading the comments here that this space is just not aligned with my idea of a healthy community so I will simply unsubscribe. 

It’s toxic as hell. Whether it’s a comment or a post, people just feel completely comfortable saying horrible, vile, things. “You should never be in a relationship.” “You’re a robot.” Or some version of that DA should be willing to accept any level of AP lashing out or abuse.

I will prob not date another DA in my life, bc our needs are too opposite.But this sub has really confirmed for me that AP’s are just as bad. Given being neglected by a dismissive partner or berated by a codependent one, I choose neither. 

The anti DA stuff has just gotten out of control lately. All the posts conflating DA’s with narcissists, people calling DA’s robots. Ironically, all while saying DA’s lack empathy. Look in the mirror. 

This sub has at times been a very supportive space where people are interested in healing but it feels like the toxicity is winning out. It was very useful on my journey to being mostly secure. But I look at the other attachment subs and people are interested in healing. I wish we could have something lik",,anxious,general
1loor2j,"How do I truly learn that I am enough, that I am worthy of love as I am?",AnxiousAttachment,109,32,0.99,https://reddit.com/r/AnxiousAttachment/comments/1loor2j/how_do_i_truly_learn_that_i_am_enough_that_i_am/,2025-07-01,cobaltcolander,"My journey started from a failed relationship that left me deeply hurt. More than a month after the breakup the anxiety is gone, but the hurt remains. Mourning, I hope. But I realize that I am one light-year away from healing, and my main wound, I realize now, is not ever feeling being enough to be loved, not ever feeling worthy of love as I am.    

I need some sort of advice on how to develop or change my neurology, my body, to be truly healed. I want to develop the procedural knowledge and not just wallow in declarative knowledge. I am willing to put myself in situations, read books, watch yt videos, talk with friends, past and present.... I am willing to do the homework.",Seeking Guidance,anxious,general
1ph47hj,"How do anxious attachers know when they are truly ready to date again, rather than just trying to soothe anxiety or loneliness?",AnxiousAttachment,109,45,1.0,https://reddit.com/r/AnxiousAttachment/comments/1ph47hj/how_do_anxious_attachers_know_when_they_are_truly/,2025-12-08,Shoddy_Forever_3182,"I was talking with a friend recently and we were comparing how hard it is to get an honest gauge on your own readiness to date again when you have anxious attachment tendencies.

Everyone tells you to focus on the healthy stuff. Get fit, see friends and family, keep up with therapy, get into your hobbies, give yourself time. I have been doing all of that, and so has my friend. It does help, but there is still this underlying loneliness that pops up and makes dating feel tempting before you know whether you are acting from a grounded place or just trying to calm the anxious part of yourself.

I know I have anxious traits and I have been working on them for a long time. Even so, I still find it tough to tell the difference between genuine interest in dating again and the urge to seek connection simply because being alone feels uncomfortable.

So I wanted to throw this out there as an open discussion. For those of you with anxious attachment, how do you tell when you are actually ready to date again after a breakup? What signs tell you that your desire to date is coming from a healthy place, and what signs tell you that you might just be looking for relief from loneliness or anxiety?",Seeking feedback/perspective,anxious,self-reflection
15alggt,Anyone here have experience becoming more secure?,AnxiousAttachment,109,92,1.0,https://reddit.com/r/AnxiousAttachment/comments/15alggt/anyone_here_have_experience_becoming_more_secure/,2023-07-26,[deleted],"I’m honestly feeling so demotivated right now. I feel like my anxious attachment is a crazy curse and I hate myself for it but I can’t stop. I can’t stop my overthinking and my jealousy and my insecurity and my fears. 

Is there hope? Does anyone have experience previously being anxiously attached and now being more secure? I’m just looking for motivation and maybe advice 🥺",Seeking Support,anxious,self-reflection
1s809y3,how do you stop replaying interactions and analysing micro expressions and things nobody would actually even look into that much if they were not anxious?,AnxiousAttachment,108,37,0.99,https://reddit.com/r/AnxiousAttachment/comments/1s809y3/how_do_you_stop_replaying_interactions_and/,2026-03-30,san7io,"I have noticed my desire to seek control and gain it through ways that are not helpful or true. It’s been really affecting my day to day life and my rejection sensitivity feels like it’s constantly on high alert. Does anyone have any advice? I ruminate over interactions with people close to me and read into whether or not they actually have any interest in what I have to say.

EDIT: thank you everybody for your opinions and tips and advice!!! These comments have been so incredibly helpful and I will definitely use all these tips and consider all the opinions/perspectives you have shared  🩷🩷🩷",Seeking feedback/perspective,anxious,general
qzj5ul,I think I did it! I found someone who’s secure!,AnxiousAttachment,108,17,1.0,https://reddit.com/r/AnxiousAttachment/comments/qzj5ul/i_think_i_did_it_i_found_someone_whos_secure/,2021-11-22,xoloy98728,"**Edit:  Oh my gosh you are all so lovely!!! Thank you for the love and support.  It really made my day! :)**

Hi all ! I (25F) have an anxious attachment style and have fallen into the anxious-avoidant trap in my previous two long term relationships.


It was exhausting.  I never knew where I stood in those relationships.  Any time I tried to have any sort of serious conversation with them, they distanced themselves.  Both of my exes were also 10 years older than myself, so there also was an imbalanced power dynamic present.


I promised myself I’d stay away from avoidants from now on.  I read a couple books on attachment theory and felt well equipped to begin dating again.  


Well, I met someone and I believe he’s secure (and he’s my age!).  For the first time in my adult life, I don’t feel like I’m the one chasing the other person.  We are equally chasing one another and it’s like a breath of fresh air.


I don’t wait on the edge of my seat for him to message me.  He always initiates conversation if I don’t.  I never feel like I’m asking too much from him.  And he’s always making time for me each week and asking me on dates.  When I talk about him meeting my family, there’s exc",relationships &amp; dating,anxious,general
17g6cbw,Dating someone as needy as me makes me feel sane,AnxiousAttachment,108,43,0.99,https://reddit.com/r/AnxiousAttachment/comments/17g6cbw/dating_someone_as_needy_as_me_makes_me_feel_sane/,2023-10-25,[deleted],"**Reposted since my OG post hadn’t been approved (I wasn’t an approved member yet)**

I don’t have to ask for constant calls or texts, active planning of dates, sweet words and reassurance. He has told me he LOVES clingy girls, and doesn’t find my obsession (I use that very loosely before people start accusing me of codependency) off putting. I’ve been repeatedly told before “we’ll see how this goes” and “I’m a guy who needs his space” by men, and it made me feel like a loser who wasn’t “normal.” It’s a breath of fresh air to NOT feel too much or too “needy” and broken. I don’t feel like I constantly have to use protest behavior since I know he’s consistently there and won’t abandon me. Even after a day of not hanging out he’ll call me and tell me that he misses me. 

Not a day goes by where he doesn’t prove he’s 100% here for me. Of course I do have my doubts and fears, especially since I am healing from my BPD, but on an attachment level I don’t feel like my cups are empty. Not at all. I feel important and prioritized. He wants to know my expectations and needs. I told him it was hard for me to do that out of fear that I’m “too much” or a burden, and that I genuinely don’t know i",Sharing Inspiration/Insights,anxious,general
17vk4nn,A new tip for overcoming anxious moments and overthinking,AnxiousAttachment,107,35,0.98,https://reddit.com/r/AnxiousAttachment/comments/17vk4nn/a_new_tip_for_overcoming_anxious_moments_and/,2023-11-15,[deleted],"I have been listening to a podcast on Spotify about resetting the mindset and I want to share a tip that has helped me greatly already. 

The host of the show says you cant always control your first thought but you can control your second thought. When you think a negative thought, notice it, and then think 3 positive thoughts instead. 

Today my long distance partner of almost 2 years was meeting with his longterm female friend who he was/is? attracted to, to have lunch with. These lunch dates happen every 2 or 3 months, and I believe him when he says its just a chat and catch up - he is a shy quiet kinda guy, and I believe has never told her of his feelings for her, and they were just workmates for years, but now they meet for lunches as she no longer works at his workplace anymore. 

Anxious me always worries about these dates of course. 

My partner knows about my anxious attachment and supports me wholeheartedly through this, he has listened to podcasts on it and read through articles Ive shared with him, and he reassures me when needed and checks in at times he thinks I might be feeling insecure. Long distance is so very hard for me, but he tries and tries to make sure I am c",Sharing Inspiration/Insights,anxious,self-reflection
1laro0u,Is it possible to learn to be happy single?,AnxiousAttachment,107,31,0.98,https://reddit.com/r/AnxiousAttachment/comments/1laro0u/is_it_possible_to_learn_to_be_happy_single/,2025-06-13,throwawa6661,"Tbh I've always felt lost, misfit and lonely. I used to use relationships to give my life some meaning. I chose people that rather had a settled life - career they loved, big group of friends. They'd invite me to their life, and I'd progressively give up on my own. I'd lose interest in anything I actually like. I'd start to envy my partner, like the fact they actually have a nice group of friends, or that career. The realization that this is still THEIR LIFE, not my own, would create even more frustration. I'd adjust to whatever my partner's lifestyle was, become anhedonic and only try to fill that void obsessing even more over my partner. They'd usually also obviously be DA/FA and that vicious circle would begin, with my worst scenario coming to life - the breakup - and I'd always come to the point where I don't know who I am and what I want to do.

It's not even true, ""I know what I want"", but I only pursue it when I'm not in a relationship. When I have a partner, nothing matters as much as them and there's absolutely no motivation that pushes me into self-fullfillment...and just pushes my partner away.

I simply turn into a lifeless puppet, being interested mostly in spending ti",Seeking feedback/perspective,anxious,general
u7at20,When the DA comes back: a warning,AnxiousAttachment,106,30,0.98,https://reddit.com/r/AnxiousAttachment/comments/u7at20/when_the_da_comes_back_a_warning/,2022-04-19,throwra_hfisjwdjxh,"We broke up two months ago after 4 years. I ended it, requested for no contact and he seemed more than happy with that. Three weeks later, he calls me and asks for another chance. Tells me he messed up and wants a future with me and even told me he signed up for counseling. I was hesitant to take him back and even expressed this to him. He insisted he knows his issues now and wants us to make it work. Against the advice of my own therapist and friends, I took him back. The first 4 weeks were great, he was the nicest he'd ever been to me and even my friends seemed more supportive. This weekend I asked him how he felt about our future.

Every.single.pattern.came.back. Every last one of them.

He was vague, second guessing himself and when I reminded him of our promises, he snapped at me and told me to give him space. I dumped there and then and I blocked him. He tried coming over once and I sent him away and wished him well.

PEOPLE DO NOT CHANGE UNLESS **THEY** WANT TO.

I wasted 4 years and even after he sought help, he still pushed me away. Its not going to work! Focus on healing yourself and meet someone secure. PLEASE.

And yes, I know I chose to stay too. I am not taking away a",relationships &amp; dating,anxious,general
kjgqub,Anxious attachment to a player gave me so much insight into the psychology of anxious attachment,AnxiousAttachment,106,18,0.99,https://reddit.com/r/AnxiousAttachment/comments/kjgqub/anxious_attachment_to_a_player_gave_me_so_much/,2020-12-24,Hannah7861,"I was pursued for months by a guy I knew had a reputation for being a player. Eventually, I started to entertain it and I found myself falling for him and being pulled into the uncertainty of the situation. He led me on under the assumption that he was open to a relationship, then switched one day and said he didn’t want any labels. 

Due to my attachment issues, I just couldn’t let go so I agreed to a FWB arrangement which was a huge mistake. 

I think the worst thing about the anxious attachment style is you can sometimes scare yourself with the amount of autonomy and self-control you lose to situations like this. It can leave you in very emotionally dangerous situations because you’ve lost that fundamental ability to say no to bad treatment. 

Also, I’ve realised that you can never enter relationships on an equal footing with the other person because you will too quickly start to ‘care’ more and it ruins the dynamic. It’s important to keep in mind, however, that you don’t actually care, it’s literally just an activated attachment style and it could happen with a lot of people. The person you’re obsessing over isn’t unique in any way, they’ve just happened to flip the switch to a",,anxious,general
zb1f0a,Perspective,AnxiousAttachment,105,19,0.96,https://reddit.com/r/AnxiousAttachment/comments/zb1f0a/perspective/,2022-12-02,JaiDoubleyou,,,anxious,general
wvq7o7,The BIGGEST tip for finding healthy partners.,AnxiousAttachment,105,10,0.99,https://reddit.com/r/AnxiousAttachment/comments/wvq7o7/the_biggest_tip_for_finding_healthy_partners/,2022-08-23,[deleted],"To find a healthy partner, it's not so much about searching for them as much as it is about filtering out the bad choices. When we are faced with rejection or met with unreciprocated efforts, our anxious instinct is to chase them and fix things. Even as a fairly secure former-AP, I still feel this often. 

A healthy, amazing and blossoming relationship is formed when you meet someone who will share your effort, love and values. You want someone who will talk to you as often as you talk to them, you want someone who does things as much as you do for them, you want someone who wants you. 

 You are allowed to initiate a date or two but that's it, if they aren't mirroring your interest after a few dates then it's best to let go. DONT CHASE PEOPLE. Chasing doesn't make people want you, instead it gets you rejected, manipulated and only temporarily soothes your anxiousness. Instead, wait for them to call back and if they do, that's the bare minimum for a healthy relationship. 

As cliché as it sounds, if it's meant to be, it WILL be. A relationship you have to pursue is not worth pursuing.",,anxious,general
xsa2k8,sometimes I forget the second half of healing is being in a relationship 🥴,AnxiousAttachment,105,15,0.99,https://reddit.com/r/AnxiousAttachment/comments/xsa2k8/sometimes_i_forget_the_second_half_of_healing_is/,2022-09-30,[deleted],"Lol I keep telling myself ""I WONT DATE UNTIL I FIX MYSELF 😤"". And while it does help to be alone and work on yourself, I'm using this as a way to avoid relationships and the pain that comes with it. 

The only way I can practice self soothing is if I come across a situation that would require it, which is in relationships. I rarely get upset with my friends or become clingy with them. So the only time I would have to practice self soothing is with a partner. 

Maybe casual dating is something I would give a try with later. Even if it leads to nothing serious, that's fine because I'm practicing the skills it takes to be in a healthy relationship. 

I noticed with each time I've gotten abandoned, I've gained more resilience to it. I'll never forget when I got so fed up with a guy being disrespectful that I blocked him. I expressed multiple times that his behavior was hurting me and he did nothing. So when he did it again, I said nothing and blocked him.

With my last ex, even though it took me getting ghosted 4 times, I'm shocked that i haven't spiraled for that long. Usually it takes me 3 months to get over someone. But right now I'm functioning just fine. Within 3 weeks I was okay",,anxious,general
13wbhxs,"Boyfriend never called me back tonight, using all my coping skills to prevent anxiety from taking over.",AnxiousAttachment,104,45,0.98,https://reddit.com/r/AnxiousAttachment/comments/13wbhxs/boyfriend_never_called_me_back_tonight_using_all/,2023-05-31,ninjakitty824,"I’m a little proud, because I haven’t cried/spiraled as I usually do, although I cannot think of anything else but him and have not been able to do anything else tonight but lie around waiting for his call. I needed to cook and fold laundry but instead I made popcorn and left my clean clothes in the hamper. Why am I like this?

My bf thought I was working late, so he called me earlier and left me a cute voicemail which made me happy, *but* I wasn’t working late today so I called him back not long after that and he didn’t respond. I texted him that I’d try him again later tonight and he replied he thought I was working late, but when I called him tonight no answer again.

I don’t necessarily think he’s cheating (I have an AA based worry but not a real worry), but I do think he’s purposely avoiding my call/calling me back. This happened last week and I texted him good night and he immediately called me and said “sorry I was in the bathroom when you called and then got distracted.” I’ve already explained to him before that not hearing from him flares up my anxiety and he’s been super sympathetic and reassuring about it. I know he always has his phone on him, so it hurts to know he can",Seeking Support,anxious,general
1ich98r,How to self soothe in talking phase?,AnxiousAttachment,104,122,0.97,https://reddit.com/r/AnxiousAttachment/comments/1ich98r/how_to_self_soothe_in_talking_phase/,2025-01-29,WNGBR,"I’m in a talking phase with a girl that I really like. We have a great connection, share the same sarcastic humour/banter, and seem to both be very interested in each other. We’ve been texting everyday now for a week. However, she told me that she has some avoidant tendencies which rang some alarm bells for me as I’m anxiously attached and have been hurt before by emotionally inconsistent people. 

Yesterday I hadn’t heard from her for a full day and it sent me into a bit of a spiral. We’re not exclusive or dating yet, so that secure feeling isn’t there for me which made the silence confusing. She doesn’t owe me anything though as we have only been speaking for a week, yet, I felt anxious and uncertain during that day of not hearing from her. I thought maybe she had lost interest or something. 

Today, we texted again and she apologised and explained that she was stressed as she had an assignment due that day and said that she was being ‘classic avoidant’. I told her that I can’t (nor want to) change her avoidant tendencies, but that I’ll always appreciate her trying to talk to me and I’ll always listen and care. She thanked me and seemed to understand. I want to see where things l",Seeking Guidance,anxious,general
11ml1fp,Small victory,AnxiousAttachment,103,10,1.0,https://reddit.com/r/AnxiousAttachment/comments/11ml1fp/small_victory/,2023-03-09,[deleted],"There was a guy I liked and went out with a few times. He went off the radar for a few weeks and sent me a message asking if we could go out again soon. 

I told him no, that a few weeks was too long for me to not hear from him and continue dating. I was kind about it but I’m glad I held my boundary here. 

I think I genuinely lost a lot of interest in him, which means I am rewiring myself to be more secure.",,anxious,general
1mv805q,Making progress towards secure attachment,AnxiousAttachment,103,31,1.0,https://reddit.com/r/AnxiousAttachment/comments/1mv805q/making_progress_towards_secure_attachment/,2025-08-20,VisibleAnteater1359,"I’ve listened to the audiobook ”Attached” by Amir Levine, I’ve also watched Youtube videos. I’ve taken tests online to see where my attachment style is and it went from ”insecure ambivalent” to ”secure”.

• I can give someone space and trust that the person will let me know if they miss me without ”checking in” in a controlling way. (I can also move on if I’m ghosted/no longer interested). Ironically, I’ve been the one saying ”hey, I need a bit of space, please. The texting is a bit too much”.

• I no longer need constant reassurance that someone likes me because I already know that (by the fact that someone keeps contact with me).

• My life and my emotions no longer revolves around one person.

• I realised that ”compromising” in dating/relationship doesn’t mean sacrificing my dreams/wants/needs/boundaries and my entire personality.

• I can’t decide beforehand that ”I’m going to marry this person one day!” and expect the person to feel the same way.

• My self-worth isn’t dependent on a stranger’s first impression of me (and that I need to learn how to make a move instead of waiting for the spark to magically happen without effort and by playing it safe/act like a friend).

• I’",Sharing Inspiration/Insights,anxious,self-reflection
1c44nmv,Every argument feels like the end of the world,AnxiousAttachment,103,38,0.99,https://reddit.com/r/AnxiousAttachment/comments/1c44nmv/every_argument_feels_like_the_end_of_the_world/,2024-04-14,anameliaxo,"I have been with my bf for almost 2 years now, upcoming in the summer. I have always been an AA and have gone through toxic relationships before meeting my current bf. Every time we have an argument, my mind goes to the most worst case scenario (what if we break up because of this) and it makes me feel like it’s the end of the world. I don’t know how to stop this catastrophizing level of thinking as I’m just a chronic overthinker too. Tonight, we tried to talk about an argument we had during the day and he said to me, “is it the end of us?” when I told him I feel like arguments make me feel like it’s the end of the world. And that got me thinking that no, it’s not the end of us or the world but I can’t stop myself from feeling that way. To him, my way of thinking is unhealthy and I know it is and I want to get better at controlling it but it’s hard.",Seeking Support,anxious,general
v6sm7v,breakup with a DA - before vs after,AnxiousAttachment,103,26,1.0,https://reddit.com/r/AnxiousAttachment/comments/v6sm7v/breakup_with_a_da_before_vs_after/,2022-06-07,cloudin7h3head,,relationships &amp; dating,anxious,general
1jtygxm,List Ways Your Anxious Attachment has Negatively Impacted Romantic Relationships,AnxiousAttachment,103,118,1.0,https://reddit.com/r/AnxiousAttachment/comments/1jtygxm/list_ways_your_anxious_attachment_has_negatively/,2025-04-07,Round_Elk_1641,"Hi - I have an anxious attachment style and it usually ends up presenting about 2 - 3 months into romantic relationships. I was reading my journal last night and came across entries I wrote from my previous-previous relationship and I wrote, swearing up and down, that I would do better to prevent this from happening again. That I would take care of my own needs and not sacrifice everything (unspokenly) to appease my partner out of fear of abandonment. I just went through another very difficult breakup (me AP and her DA) and I am reflecting on how, again, for the last few months of our relationship I was in full anxious attachment mode.

I have been reading some books and would like to do therapy again when I have health insurance, but sometimes it can be hard to do therapy when I am not actively dealing with the problem because I feel I have a very short term memory. Once I heal from the breakup I am back to feeling secure and don't really remember the feelings I was feeling during the relationship. I understand that my anxious attachment definitely makes it difficult for my partners, even if they also have their own stuff going on.

I am hoping other people could share the ways th",Seeking feedback/perspective,anxious,self-reflection
128z6m4,Anyone else more distant at first during the dating process and then more anxious once attached?,AnxiousAttachment,102,20,1.0,https://reddit.com/r/AnxiousAttachment/comments/128z6m4/anyone_else_more_distant_at_first_during_the/,2023-04-01,whatokay2020,"I’m realizing that when I meet new people it takes me a while to let them in. 

With my ex, he was so consistent talking every day over text for a month before we met that I felt safe with him. 

It’s only slowly over the course of a relationship that I feel the need to start being vulnerable and opening up. It was jarring when my ex didn’t eventually reciprocate after being together for months. 

Wondering now if this style of dating attracts a colder attachment style because I probably seem that way until I am attached. Anyone else have this issue?",,anxious,general
1d7sgna,I am emotional abuser. Help me? ,AnxiousAttachment,102,53,0.96,https://reddit.com/r/AnxiousAttachment/comments/1d7sgna/i_am_emotional_abuser_help_me/,2024-06-04,Apex_Predator_JH,"I am an emotional abuser

I want to come here and admit that I have been emotionally abusive.  
  
I recently lost my girlfriend, whom I love deeply, because of my emotional abuse stemming from my anxious attachment style. I didn't give her the space she needed, tried to control her actions, couldn't let go of her past, and often faulted her for it. I struggled to let small things go and had explosive outbursts at her multiple times.

Now, I want to finally admit that I was emotionally abusive, and I hate it. I feel sad, embarrassed, and it's something I continue to struggle with. My anxious attachment is an issue I want to work on and actively manage for the rest of my life. I’ve just started back on Lexapro and I am starting therapy again.

I want to change and need to change. I need to prove to myself and others that I am better than this, and this is not the life I want and the person I want to be.I believe the first step is recognizing that I am an emotional abuser. I've lost too many loved ones because of it, and I can't bear to go through that again. I want to prove to people, especially my ex that I am different and that I can change.

I hope people here can offer advice an",Seeking Guidance,anxious,self-reflection
s65ynv,Being with an avoidant feels like a constant slap in the face that I'm not worthy enough,AnxiousAttachment,101,37,1.0,https://reddit.com/r/AnxiousAttachment/comments/s65ynv/being_with_an_avoidant_feels_like_a_constant_slap/,2022-01-17,undonebecoming,"Sorry if there are typos, I'm on a quick bathroom break at work because I need to clear my head so i can concentrate.

As I expected (see my previous post here), my avoidant boyfriend deactivated hard-core. Again.

I'm tired of this. It feels like a constant kick in my progress. I was doing so well. And now he's gone cold on me. All because I made the mistake of bringing up (in passing) our previous plans to live together in a couple of years. I shouldn't have to tip toe around important topics related to our future. For fucks sake, we've been together over 3 years. I have the right to want to know about our future. I have the right to ask my partner about our relationship without fearing jr triggering him. 

I'm sick of it. I'm so tired. And I promised myself that the next time this happens, I will leave him. I'm going to leave him. i have to. For the sake of my mental health.

Is there any tips on how detach and end things with an avoidant for good?",,anxious,general
15mek96,A useful tool for improving communication with your partner,AnxiousAttachment,101,29,0.95,https://reddit.com/r/AnxiousAttachment/comments/15mek96/a_useful_tool_for_improving_communication_with/,2023-08-09,nochancess,"My DA partner and I sometimes struggle with my frequent need for reassurance. My therapist suggested coming up with some sort of game or analogy to address this issue. And that's how we came up with the concept of the hungry rabbit in search of carrots. I'm the rabbit, the carrots represent reassurance, and my partner is the chef responsible for picking carrots from the carrot plantation.

Sometimes, I'll express that I'm feeling hungry. If she's stressed, she'll let me know that the chef hasn't found any carrots yet but will be able to visit the carrot plantation within a couple of days. During a major argument, she once mentioned that a storm had completely destroyed the carrot plantation (symbolizing a significant deactivation), but she measured the damage and decided that she definitely doesn't want to shut down the restaurant (meaning she doesn't want to end the relationship).

I thought I'd share this, in case it might help some of you out :)",Sharing Inspiration/Insights,anxious,partner-perspective
wt9kqz,Yes,AnxiousAttachment,101,7,0.99,https://reddit.com/r/AnxiousAttachment/comments/wt9kqz/yes/,2022-08-20,thedatarat,,other,anxious,general
r8s3ol,Tip #1: Don't make them the center of your universe,AnxiousAttachment,101,9,1.0,https://reddit.com/r/AnxiousAttachment/comments/r8s3ol/tip_1_dont_make_them_the_center_of_your_universe/,2021-12-04,[deleted],"Recently someone I was seeing casually but for over a year broke up with me. I've of course been ruminating about it a lot, but today I had an epiphany: most of the problems that we had were due to the fact that I made him the center of my universe.

He didn't ask for it, but I did it because I liked him and I genuinely enjoyed interacting with him, spending time with him. At first it started this way because his schedule way way worse than mine, so we could only see each other on his terms. In the beginning, I had a lot other things going for me: my career, my hobbies, my friends etc. There were times I sad no to meeting up simply because I had already made other plans. But gradually, in part also because of Covid-induced restrictions, he became the main source of excitement in my life.

Anytime he texted me, my heart leaped. When we met, it was always the most exciting day of my week. With the other friends I mainly just talked on the phone and maybe visited once per month, with him we saw each other every week, sometimes more than once. In the last couple of months of our relationship, that was even more prominent. I used to go out pretty often but now I wasn't going because par",,anxious,general
1few7w9,"I’m an AP who made a ""pact"" to abstain from romance, and I recommend it to others",AnxiousAttachment,100,32,0.99,https://reddit.com/r/AnxiousAttachment/comments/1few7w9/im_an_ap_who_made_a_pact_to_abstain_from_romance/,2024-09-12,dragonsfighter,"My ex-partner (31M, DA) and I (28F, AP) broke up two and a half months ago after nearly three years together. I won’t delve into all the details, but after a wonderful honeymoon period, our relationship followed a classic anxious-avoidant pattern: although we liked each other as people and could’ve been good friends in another lifetime, our different ways of seeking comfort during the personal hardships we’ve endured during this time pushed us further into unhealthy attachment patterns. He found solace in pulling away, while I sought closeness. It was a bad situation for both of us. Looking back, I realize that my need for reassurance and focus on the relationship likely felt overbearing to him, contributing to the dynamic that made things worse. I’m genuinely sorry for how my behaviors might have added to his stress and discomfort. 

Now, I’m left alone to pick up the pieces and I've had realizations that I think might resonate with others.

I wasn’t truly aware of it (or rather the cost of it), but I realize now that, for the longest time, I’ve been putting love on a pedestal. As much as I'd like to deny it, deep in my heart I really thought that finding the right person would so",Sharing Inspiration/Insights,anxious,general
11m49rj,For anyone who thinks Process is linear.. Can you relate? 😂,AnxiousAttachment,100,15,1.0,https://reddit.com/r/AnxiousAttachment/comments/11m49rj/for_anyone_who_thinks_process_is_linear_can_you/,2023-03-08,RollingTeleport,,,anxious,general
1nio8ng,I have become obsessed with finding someone.,AnxiousAttachment,100,61,0.95,https://reddit.com/r/AnxiousAttachment/comments/1nio8ng/i_have_become_obsessed_with_finding_someone/,2025-09-16,nintendonaut,"After my breakup in winter of last year, I went through a long period of mourning and not knowing what to do or how to move forward. Now, over the past 2-3 months, I have become obsessed with finding someone and quelling my loneliness. What's worse, I'm not even over my ex. I still think about her all the time and compare every girl I speak to against her.

I'm 30 (M) and I had never been in a romantic relationship in my life until my ex at 28. I had been lonely my entire adult life, and finally felt what it was like to have romantic companionship, sexual interaction, not sleep alone, be desired by someone, etc. Now it's all gone, and I've been completely alone coming up on a year. According to general wisdom, I'm supposed to ""be content"" and ""love myself."" Because supposedly, ""If you can't be happy and satisfied alone, you won't be happy and satisfied in a relationship.""

Well thanks, but I spent my entire adolescence and 20s all alone. I had to make peace with that for over 10 years, I did my time. The universe gives me a taste of what it's finally like to be wanted, rips it away, and then expects me to go back to sleeping alone again and having no one again for god knows how lon",Seeking feedback/perspective,anxious,general
oqfhn6,I’m currently experiencing a spiral and this is how I’m self soothing,AnxiousAttachment,100,10,0.99,https://reddit.com/r/AnxiousAttachment/comments/oqfhn6/im_currently_experiencing_a_spiral_and_this_is/,2021-07-24,[deleted],"32f

Thank you guys for being in this community. It gives me a safe space to type some shit out and get control of my fight or flight response. 

Freshly dating 36m (1 month). It’s going well and I’m scared. The intrusive thoughts are picking up on every little thing right now.  It’s a slow build from noticing strange phone behaviours last weekend when he was over. 

After posting here, I got some good advice and since he’s been staying over twice a week at this point, leaving sleep stuff and a toothbrush here, the fast pace made me anxious about his intentions so I felt comfortable enough to say, “hey I know it’s early, but I feel that I want to put chatting anyone else up on hold while I get to know you better. How do you feel about that?” He said he felt the same way and that leaving his stuff here was his way of telling me that. I felt great and ready to be a little more vulnerable with this person. 

He’s been very consistent, he’s been communicative.. and here I am sitting in a panic because I see his snap location is somewhere else that isn’t home. 

Intrusive thoughts:
- he didn’t mention seeing friends or doing anything tonight 
- he said he picked up a shift at work tomor",,anxious,general
umifh4,"After a year of breakup with my avoidant partner, I cried, for a whole new reason.",AnxiousAttachment,100,11,0.99,https://reddit.com/r/AnxiousAttachment/comments/umifh4/after_a_year_of_breakup_with_my_avoidant_partner/,2022-05-10,Ill_Earth8585,"I became angry with my parents, and I wished I was loved as a child, so that I didn't have to chase breadcrumbs seeking a gingebread house :)",meta,anxious,general
wpazcr,Break the constant push/pull dynamic and walk away from the repeated pain. Learn to let go and love yourself first...,AnxiousAttachment,100,9,0.98,https://reddit.com/r/AnxiousAttachment/comments/wpazcr/break_the_constant_pushpull_dynamic_and_walk_away/,2022-08-15,[deleted],,relationships &amp; dating,anxious,general
150wv38,Amazing insight into my anxious attachment.,AnxiousAttachment,100,26,0.99,https://reddit.com/r/AnxiousAttachment/comments/150wv38/amazing_insight_into_my_anxious_attachment/,2023-07-16,[deleted],"The past couple of days have been an amazing opportunity for self-reflection. Truly, the universe is giving me a gift. Two weeks ago, I was broken up with. The relationship was something I'd been thinking about ending weeks before. Yet, in the days following, my fear of abandonment was triggered as bad as it has ever been.

A couple days after the break-up, my previous ex (not the one who just broke up with me) reached out to see if I'd like to meet up. She had also dumped me, several months prior, causing the world to come crashing down. I've barely heard from her since. She was asking if I was dating someone and talking about all the fun times we'd had. She didnt say it, but I sense she is thinking about getting back together. Mind you, I went through several weeks of hell after she ended it. 

The thing is, I now have zero attraction to her. None!

I am realizing that my anxious attachment is like my nervous system taking over my body. It isn't even me, it's like an alien takes over when someone rejects me. I have investigated where it comes from in therapy, and I can't point to a single event. My mom says, ""you were always clingy, even as a baby you wanted to be close"". So, per",Sharing Inspiration/Insights,anxious,self-reflection
1o7xx6m,I broke no contact,AnxiousAttachment,100,63,0.96,https://reddit.com/r/AnxiousAttachment/comments/1o7xx6m/i_broke_no_contact/,2025-10-16,Musician-Kind,"Well - after a month I broke no contact. I thought I was in a really good place for it, and I still believe that I am. But he did not answer and it hurt still. My message was a friendly check in, and we didn’t end on bad terms.

I feel like I can do everything to heal my anxious tendencies, and then something like this happens and I’m back at square zero hoping he responds eventually.

Has anyone else ever been in this position and broken no contact? What mechanism did you use to release the anxiety after and what happened?

It’s also worth wondering WHY I want to even try to be friends in the first place. Must be an anxious thing 😓",Seeking Guidance,anxious,general
k9ma5i,new faq page added,AnxiousAttachment,99,21,0.99,https://reddit.com/r/AnxiousAttachment/comments/k9ma5i/new_faq_page_added/,2020-12-09,frumiouswinter,"I updated the [faq](https://www.reddit.com/r/AnxiousAttachment/wiki/faq) and the sidebar for the sub to provide more information about attachment styles and the anxious/preoccupied style specifically. there you can find information about what causes the different attachment styles, how to determine your style, why avoidants and anxious people attract one another, and how an anxious person can become more secure. 

check it out and let me know what you think! I'm very open to suggestions if you have any more questions or resources you think should be added.",meta,anxious,general
19fh1u6,Knowing when enough is enough,AnxiousAttachment,99,82,0.98,https://reddit.com/r/AnxiousAttachment/comments/19fh1u6/knowing_when_enough_is_enough/,2024-01-25,IIIofSwords,"I’m really struggling.

My avoidant ex and I first split Feb 2023, and it was radio silence for 6 months.

We got back in touch in October, she expressed a strong desire to try again and awareness of what didn’t work last time.  (I didn’t suggest getting back together; she did.)

She committed to doing the work.

She didn’t do the work.

A sudden deactivation in December meant another breakup and no contact since.

I’m anticipating that we’ll be back in touch sometime soon, that she’ll express the same remorse/regret.  I want that.  I want her to want to try again, to commit to therapy, to do the work.

I believe she’s capable of it.

I’m terrified at the same time that she can’t do it, or won’t.  I’m terrified that she won’t want to try again, that she’ll give up.

I can move on if that turns out to be true, but loving someone isn’t easy to just stop doing.

It’s hard to know what part of this is Anxious attachment, and what part is love, and what part is normal.

It hurts a lot being here.",Seeking Support,anxious,general
ga62df,I just broke up with someone I believe is an avoidant and I feel so good to be by myself (even in this pandemic),AnxiousAttachment,99,25,1.0,https://reddit.com/r/AnxiousAttachment/comments/ga62df/i_just_broke_up_with_someone_i_believe_is_an/,2020-04-29,emilie325,"I’ve been going to therapy for almost a year now. My therapist suggested me to read “attached” by Amir Levine last month and suggested that I share it with my then boyfriend, too. At the time of that therapy session, I’d already started describing the relationship as a rollercoaster ride to my friends. Because he’d say things that were really sweet and show that he wanted affection but this would never last. His demeanour would change quickly after we spend some time together to shutting down on me and only replying in short responses.

The week prior to the breakup, he said to me that he’s never had a girlfriend this caring before and he promised he’d always hold my heart. The following week he went radio silent on me all the sudden. I was emotionally drained at this point after communicating with him so many times. It was difficult and sad but I decided to give up trying to salvage this relationship. Eventually, we arrived at the same conclusion, which I think is the best possible outcome. 

With this pandemic I’m isolated by myself all the time now but I go for a long walk, eat healthy, and try to meditate everyday. I also video chat with my friends regularly on the weekends. My",,anxious,general
13pqbld,How to not lose yourself?,AnxiousAttachment,99,24,1.0,https://reddit.com/r/AnxiousAttachment/comments/13pqbld/how_to_not_lose_yourself/,2023-05-23,penicillinallergy,"I feel like everytime I spend more than a day or two with someone I'm interested in I get this all consuming sort of feeling that just creeps over me until I've lost myself. Every thing I say after that is just a response I think they want to hear. It's like I'm not even in the present conversation anymore. Like I don't know how to maintain a separate self to continue having an external dialogue with this person. 

Sorry if this isn't the most clear but rn that's the best way I can put the feeling into words

I'm not sure how to deal with it except to withhold myself from engaging with them until I feel more stable.",Seeking Guidance,anxious,general
12mkrhc,"My situationship seems like it’s on its last legs, and now I’m sitting at home crying.",AnxiousAttachment,99,33,0.98,https://reddit.com/r/AnxiousAttachment/comments/12mkrhc/my_situationship_seems_like_its_on_its_last_legs/,2023-04-15,throwaway5855881,"I don’t have a support network to open up to about this. I don’t really have hobbies other than like, watching Netflix and keeping a couple plants (which isn’t really a hobby that can keep me preoccupied for long periods of time anyways). It’s Friday night and I just want someone to hold me and tell me that it’ll be alright. I know that in order to do the work, I have to self-soothe, but fuck, I just want to feel loved by someone else for once in my life. I want to feel seen, I want to feel chosen, I want to feel validated — all things I’ve never felt, ever. I liked this guy and he initially seemed to feel the same about me, until one day he didn’t.

I took myself on a long walk earlier, and got some sunshine. I listened to a podcast about anxious attachment, and sat in nature. I keep trying to tell myself that I am worthy of love, despite everything I was told growing up. I still feel terrible, alone, and empty.",Seeking Support,anxious,general
120snpa,"""you're not addicted to the person, you're addicted to the pattern"" (rant)",AnxiousAttachment,99,16,0.99,https://reddit.com/r/AnxiousAttachment/comments/120snpa/youre_not_addicted_to_the_person_youre_addicted/,2023-03-24,BlissfulBlueBell,"I realized don't fear loss, I fear being *triggered* as well. Took me a long time to realize this. I was watching a video (I forgot which one) and the creator mentioned that people are addicted to the pattern of unavailability, not the person themselves. 

This so so true. Each time I finally moved on from someone , I completely forget their existence. I never truly ""loved"" that person (don't get me wrong I did care about them but I think my version of love is heavily skewed) I was trying to solve old patterns through them. 

Every time I'm out of the relationship, the limerence dies within 90 days. I was never genuinely attached to them, just their pattern. I didn't truly fear losing that person, I feared the feeling of being TRIGGERED by the lack of access to them. 

I feared the hot sweats, nausea, intrusive thoughts, loss of appetite, and loss of interest in literally everything except that person. I feared losing control over myself. I fear limerence, not loss. 

I have to remind myself over and over that attachment isn't love (it's a part of it but not all of it) and limerence *especially* isn't love. 

I also have to avoid being a hypocrite. I get mad at avoidants for their",,anxious,general
1j4ltg5,As AA are we more prone to loneliness?,AnxiousAttachment,99,62,0.99,https://reddit.com/r/AnxiousAttachment/comments/1j4ltg5/as_aa_are_we_more_prone_to_loneliness/,2025-03-06,brachacelia,"Since not being in a romantic relationship I’ve been feeling very lonely. I try to meet up with friends, and got in contact with some new ones. I go out and do stuff when I can. But I still feel lonely. 

I am very touch starved and I miss being in a relationship. Anyone have any tips for someone who is AA to handle loneliness? Especially when you crave romantic connection, but also have fears about it? I crave a relationship, but it’s hard for me to meet potential partners.",Seeking Support,anxious,general
10qv6fx,How not to feel like crap about yourself when the world glorifies independence and fear and vulnerability are seen as a weakness? Avoidantly attached people are so much more respected.,AnxiousAttachment,98,16,0.99,https://reddit.com/r/AnxiousAttachment/comments/10qv6fx/how_not_to_feel_like_crap_about_yourself_when_the/,2023-02-01,Ok_Movie4628,"I just wanted to share how frustrated I am in this world having anxious attachment and abandonment wounds especially as a woman. It messes with my self confidence so much. On top of being scared to be abandoned I also have to feel like crap about myself because “no one likes desperate” people and “I give vibes of low self confidence when I am showing anxiety” so I deserve to be abandoned.  It is not true that I have low self confidence. And self-confidence is very misunderstood by people and also faked a lot in the world.  I hate it how avoidantly attached people are so much more respected even though they are also full of stress, disconnection and annoying in my opinion.",,anxious,general
px97og,The positive feelings of ending the anxious / avoidance dance,AnxiousAttachment,98,7,1.0,https://reddit.com/r/AnxiousAttachment/comments/px97og/the_positive_feelings_of_ending_the_anxious/,2021-09-28,Intelligent_Way9777,"Relief:
The baseline daily anxiety wanes with time. A different anxiety replaces it, but it’s prone to waves so you get moments of respite. 

Return to routine:
You get your time back, and your ability to say No back. You get to experience the comfort of not feeling gaslit, jealous or needy at random intervals throughout the day.

The Addiction Fades:
Eventually, you stop checking your phone for their texts. You forget to stalk their instagram.  They start to look like Just Some Person. 

Long live the group chat: 
You become much closer with your friends, calling and texting them whenever you’d previously text Them. Your social life becomes vibrant again, and going out is fun again. 
 
Meeting someone new: 
This time you know a few moves of the dance. You’re conscious of your emotional habits. You make different dating choices. 

You heal.
You choose the stable person who lets you feel totally at peace. You move at a regular pace. You end the cycle of trauma inherited from your past and upbringing by not engaging in the dance anymore.",general advice,anxious,general
1dhh3l4,Loving so hard is a way to cope with being truly vulnerable,AnxiousAttachment,98,35,0.99,https://reddit.com/r/AnxiousAttachment/comments/1dhh3l4/loving_so_hard_is_a_way_to_cope_with_being_truly/,2024-06-16,Dreamingthelive90ies,"Had this realization today. At least for me, it really is starting to land. All that intensely loving someone, wanting to share so much, trying to connect so deeply, not wanting to lose them so you do everything. They become this big thing.

It is a way to survive with the insecurity of them leaving and the fear to truly connect as two healthy adults. There is a whole lot of pain behind that, that needs healing.

Learning to realize it is okay to just be yourself and connect with others and being able to be alone and enjoy yourself are what I believe the key to curing this.

Hope to hear if anyone else sees it this way or different and how :)",Seeking feedback/perspective,anxious,general
1h5k0ig,Anxious attachment is preventing me from getting my real needs,AnxiousAttachment,98,16,1.0,https://reddit.com/r/AnxiousAttachment/comments/1h5k0ig/anxious_attachment_is_preventing_me_from_getting/,2024-12-03,topocart,"I´ve recently started reading attachment theory literature and I´ve been making huge breakthroughs in my self-understanding.

I started investigating because I've been getting to know this girl who I really connected with, but now that our relationship has shifted to a more common flow, with shorter and less frequent talks, my anxious attachment activated and I started getting anxious thoughts about how unlovable and worthless I am.

I've been getting more insight into why I have this thoughts, looking into my experiences and trauma to validate why I feel like that while also putting the effort to make myself vulnerable again. I realized that my biggest issue is that I don't trust her on maintaining the relationship, so by controlling her and micro-testing, I am trying to see if she even cares.

But the thing is that, when I'm not anxious and worried about people leaving, I'm actually closer to being an avoidant. I'm the friend known for not answering for days, the lonely hermit in the cave just chilling and doing its own thing. And actually, in my previous relationship, if anything, we were TOO distant with each other and we ended up drifting away.

In early stages of meeting peop",Sharing Inspiration/Insights,anxious,self-reflection
1awytxa,How do you feel safe with people who treat you well when people in the past have suddenly stopped treating you well?,AnxiousAttachment,97,30,0.99,https://reddit.com/r/AnxiousAttachment/comments/1awytxa/how_do_you_feel_safe_with_people_who_treat_you/,2024-02-22,Ok_External_5031,"Title basically says it all. I have a lot of good people in my life who treat me very well. The problem is, I've also had past friends and partners who were just as good to me, but they wound up ending things with little or no warning. After having the rug pulled out from under you like that, it's hard to feel safe again. If people I loved and felt safe with in the past could turn on me so suddenly, what's to stop it from happening again?",Seeking Guidance,anxious,general
10vyyrw,I only feel like investing in myself and being creative when I am dating somebody/somebody is interested in me,AnxiousAttachment,97,34,1.0,https://reddit.com/r/AnxiousAttachment/comments/10vyyrw/i_only_feel_like_investing_in_myself_and_being/,2023-02-07,willstdumichstressen,"I want to take a break from dating to fix my attachment style but one thing I noticed is that I only have the motivation to work on myself (such as being creative, trying new things, buying new clothes, progressing in my career…) when there is someone interested in me or when I am dating somebody. It’s like that person’s attention is the fuel to my life. That’s so sad I know. How can I fix it?",discussion &amp; questions,anxious,self-reflection
16thi74,Something that helped me a lot!!,AnxiousAttachment,97,14,1.0,https://reddit.com/r/AnxiousAttachment/comments/16thi74/something_that_helped_me_a_lot/,2023-09-27,monkeyundies,"I've been feeling keyed up all week about the person I'm seeing, my nervous system has been all out of wack. I felt like I was crazy for overthinking and assuming the worst when I wouldn't get consistent texts back or interest, but he would tell me clearly he rly liked me and make plans. I thought ""oh it's just me being anxious and insecure. I have to stop reading into things"". But then I came across this simple article defining ""mixed signals"". 

Mixed signals are a real thing people. And in this article it explains the signs like hot and cold,  minimal (but some) effort,  lack of follow-through, and talking the talk. ALL things I've been experiencing with the person I'm seeing now. No wonder I've been feeling so anxious. The alarm bells are ringing and I'm ignoring them.

Mixed signals are signals!! It doesn't mean they necessarily don't like you, it could mean they just aren't emotionally available for whatever reasons (trauma, work/life balance, fear of abandonment or commitment etc) but they're signaling something nevertheless. Let's stop gaslighting ourselves into thinking we are the problem when a lot of times there's a reason why we're feeling so keyed up. 

What helped me",Resources &amp; Media,anxious,general
1bfjd28,"You deserve love because you exist, and when other people don’t like you, it’s on them and not you? ",AnxiousAttachment,96,28,1.0,https://reddit.com/r/AnxiousAttachment/comments/1bfjd28/you_deserve_love_because_you_exist_and_when_other/,2024-03-15,Rockit_Grrl,"The title are two concepts that I struggle with in everyday life. I was raised in a family where I was made to feel like I had to earn love by achieving things (good grades, winning competitions, etc.) or by being a certain way that my parents expected. Love wasn’t given freely. 

Also, which is kind of related.. but in the flip side.. when people don’t like me or treat me poorly, I assume it’s because of me. Because I’m not ‘good enough’, or likable enough, or because I didn’t do all of the exact right things to be perfect.  
 
I’m working on this in therapy but it’s such a difficult concept to me, the idea that I deserve to be liked or loved and treated well just because I’m human and I exist?

 It’s so foreign to me. Just wondering if anyone has an “answer” to this or how they got past this their own journey. How did you come to understand this and finally internalize it enough that it helped reduce your anxious attachment, and more importantly, your need to be liked and seen?

I’m always working 110% to maintain the friendship, or the relationship. I go out of my way to be nice to people, to show up for them. And then I’m crushed when they don’t like me or reciprocate. Dealing",Seeking feedback/perspective,anxious,general
1mvbvd9,First healthy relationship after a string of toxic ones????,AnxiousAttachment,96,46,0.99,https://reddit.com/r/AnxiousAttachment/comments/1mvbvd9/first_healthy_relationship_after_a_string_of/,2025-08-20,xanderkim,"I have been addressing a lot of my traumas and childhood wounds, which means addressing my attachment style. I have always been very anxious both in terms of attachment and in my general life. With my healing comes not tolerating toxic people nor relationships that are not healthy for me. 

  
I am currently seeing a girl who is not avoidant (secure, maybe a little anxious) and it is sending my nervous system into a tizzy. Having a safe relationship feels so uncomfortable that it is giving me the urge to run. This is a feeling I have never experienced before. I am so used to fighting for others to see my worth and stick around. Knowing that someone will stick around solely because they care about me is a wildly unfamiliar feeling. Without that intense push and pull dynamic it feels almost .....too peaceful. Like I keep finding myself questioning if this is real romance because I have never associated it with comfort. I don't entirely know what I am trying to say, but my therapist recommended I try to find the verbiage to what she thinks is a common occurrence for people in my situation. Do y'all relate at all? I always considered myself emotionally intelligent, but I have no idea w",Seeking feedback/perspective,anxious,self-reflection
1ln4tsi,Soothing early dating nerves,AnxiousAttachment,96,38,1.0,https://reddit.com/r/AnxiousAttachment/comments/1ln4tsi/soothing_early_dating_nerves/,2025-06-29,Musician-Kind,"How do you soothe yourself when you are seeing someone new and they start to pull back? At what point would a secure person walk away?

Have been seeing someone for about 2 months. They pulled back and haven’t set the next time for us to hangout. My brain genuinely feels like it’s on fire. I’m sick to my stomach constantly and so so anxious. I’ll turn off my phone randomly so I don’t have to see that they haven’t texted me. I don’t know if they are ruining it or me at this point. I’m trying to calm down because I want them to like me so I’m not trying to lose it on them.

What are strategies people do when this feeling hits? It feels all consuming",Seeking Support,anxious,general
12ow7mb,Hurts to see him happy with someone else while I’m still single and struggling,AnxiousAttachment,96,38,0.99,https://reddit.com/r/AnxiousAttachment/comments/12ow7mb/hurts_to_see_him_happy_with_someone_else_while_im/,2023-04-17,Used_Engineering_735,"Today I (AP) saw a post from my former situationship gushing about his new gf and how much he Ioves her. This is the girl that he chose over me. When we were seeing each other, I thought he was emotionally unavailable and was afraid of commitment, but as it turns out, he just didn’t care about me that much.

The anxiety is weighing heavy on me tonight, and I can’t help but worry that I’ll never find anyone who sees me as “good enough”.  I’ve struggled with dating for quite some time now, and my inability to find a long term partner has me feeling unloveable. It feels like anyone I’m interested in will always abandon me or choose someone else over me. Any advice or encouragement would be appreciated bc I’m not in a great mental state atm.",Seeking Support,anxious,general
15vxslr,Learning how to slow down and embracing the moment when building a relationship,AnxiousAttachment,96,19,0.99,https://reddit.com/r/AnxiousAttachment/comments/15vxslr/learning_how_to_slow_down_and_embracing_the/,2023-08-20,Matrim_WoT,"Something that I've struggled with is knowing how to tolerate uncertainty while dating. Until recently, I never made the connection that it was connected to my AP attachment. So what would happen is I would attempt to self-soothe by seeking reassurance from the person I was dating. Or worse, I couldn't tolerate letting a relationship build over time nor was I able to give the other person the chance to process their emotions as we would get to know each other. I would rationalize that everything had to move quickly! This latter part was also a new revelation to me that I had never connected to my attachment style. It was a pattern that I was unaware of and I would repeatedly sabotage myself even when people initiated interest with me.  I recently wrote a [post](https://old.reddit.com/r/attachment_theory/comments/15ey4ko/ap_struggling_with_uncertainty_and_selfsabotage/) about my struggles with the uncertainty aspect during the dating phase.

The other day I just happened to read really great post from another user with AP who has learned how to cope with uncertainty and how AP can lead to us not being able to tolerate the building aspect of beginning a relationship. It was so insigh",Sharing Inspiration/Insights,anxious,self-reflection
xkekwu,I think one of the saddest part in life is that there’s absolutely nothing someone can say to take away from the pain of a breakup.,AnxiousAttachment,96,30,0.99,https://reddit.com/r/AnxiousAttachment/comments/xkekwu/i_think_one_of_the_saddest_part_in_life_is_that/,2022-09-21,thedatarat,"You just have to sit with it alone and wait for the time to pass, as your friends and family go back to their own lives after giving as much comfort as they can. It’s just you and the void and there’s literally nothing you can do to change that.",relationships &amp; dating,anxious,general
10vcgdo,"I am with an avoidant attachment style partner, so I keep this in mind when approaching them but keep in mind that just because you are trying dosent mean they would do the same towards you! ideally you both need to heel! and work on the relationship not Just you! is a mutual effort",AnxiousAttachment,95,50,0.95,https://reddit.com/r/AnxiousAttachment/comments/10vcgdo/i_am_with_an_avoidant_attachment_style_partner_so/,2023-02-06,wualdo420,,,anxious,general
1rqna72,How do you guys give yourselves comfort you used to get from someone that is no longer there?,AnxiousAttachment,94,64,1.0,https://reddit.com/r/AnxiousAttachment/comments/1rqna72/how_do_you_guys_give_yourselves_comfort_you_used/,2026-03-11,bleepbloooopity,"While this is coming from a position of a break up from me, this is also something I want to learn when it comes to other things. Right now, my nervous system is screaming for comfort by going back to someone who has already broken up with me. I keep wanting to ask them if they still love me, if they still want me in their life, if they still care about me. Them talking to me is a source of comfort too that I crave every morning when I wake up, it's always the first thing I do. So it feels very destabilizing that I have lost that. 

I try to talk to other friends to fill my time, I even made a chat channel where I redirect every single thing I feel like saying to him so it's like I am talking to him there but he never receives any of it. Even if I keep myself preoccupied, the urge is always there as I have been so used to always taking my time in between all the things I do to talk to him every day. I see my friends and try to work but it doesn't help as much. While I am able to fight the urge, I feel horrible afterwards.

Is there a way you guys can give yourself that comfort all on your own? I feel like it would really help my success with letting go of someone who I need to let",Seeking Guidance,anxious,general
t16d9j,"Asked some direct questions with the girl I was seeing, and walked away when my basic needs weren't met",AnxiousAttachment,94,12,1.0,https://reddit.com/r/AnxiousAttachment/comments/t16d9j/asked_some_direct_questions_with_the_girl_i_was/,2022-02-25,Animymous,"I met a really cute girl at a social event at a bar just over a month ago. I wasn't even especially looking to date at the time, just having some time off from it all but she made a move on me and made it clear she was very into me. I was really into it, not gonna lie and delighted that something was happening organically instead of on an app.

Anyway as time passed and we went on a couple more dates, it became clear that the same pattern was forming, like me doing 95% of the work, carrying the conversation, getting ignored for days at a time, her doing the bare minimum. I also got Covid and whilst other friends/family checked on me and asked if I needed stuff, she didn't really check in with how I was feeling or offer any help etc. I know it's early days to be giving that kind of support to each other, but showing kindness and compassion is something I look for in a partner as I would do the same for them.

A couple of days ago, after her withdrawal triggered an anxious episode, I just asked straight up if she wanted to continue or not and how she was feeling. Didn't attach any emotion to it, or dump my anxiety on her. Just made it clear that I need direct communication sometimes.",relationships &amp; dating,anxious,general
