post_id,post_title,post_subreddit,post_score,post_url,comment_id,comment_author,comment_score,comment_body,comment_url,jtbd_theme
ok4tdz,A member of this sub reached out to me... (warning for fellow women),datingoverforty,472,https://reddit.com/r/datingoverforty/comments/ok4tdz/a_member_of_this_sub_reached_out_to_me_warning/,h55oets,GrymDraig,100,"I am a man, and while I can't necessarily prove that correlation equals causation in this case, I have been getting more strange followers and chat requests from new accounts since I started actively participating in this subreddit.

Is there a group of people who actively target people in dating subs?",https://reddit.com/r/datingoverforty/comments/ok4tdz/_/h55oets/,General / Other
ok4tdz,A member of this sub reached out to me... (warning for fellow women),datingoverforty,472,https://reddit.com/r/datingoverforty/comments/ok4tdz/a_member_of_this_sub_reached_out_to_me_warning/,h55mkui,JustSmurfeeThanks,18,"Male here, and I'm getting the same...",https://reddit.com/r/datingoverforty/comments/ok4tdz/_/h55mkui/,General / Other
ok4tdz,A member of this sub reached out to me... (warning for fellow women),datingoverforty,472,https://reddit.com/r/datingoverforty/comments/ok4tdz/a_member_of_this_sub_reached_out_to_me_warning/,h55lwy5,[deleted],11,"Wooh...for a moment, I thought it was me...but then she said the widower is handsome and I sighed with relief. 

If it makes you feel better, I get chats from Las Vegas personal trainers at least once a day.",https://reddit.com/r/datingoverforty/comments/ok4tdz/_/h55lwy5/,General / Other
ok4tdz,A member of this sub reached out to me... (warning for fellow women),datingoverforty,472,https://reddit.com/r/datingoverforty/comments/ok4tdz/a_member_of_this_sub_reached_out_to_me_warning/,h584rb1,notyourmama827,3,Usually a widower  with a young girl.,https://reddit.com/r/datingoverforty/comments/ok4tdz/_/h584rb1/,General / Other
ok4tdz,A member of this sub reached out to me... (warning for fellow women),datingoverforty,472,https://reddit.com/r/datingoverforty/comments/ok4tdz/a_member_of_this_sub_reached_out_to_me_warning/,h56e7uz,Blaq_sheep,3,I (40m) got a chat request after I posted a couple comments here last night. Didn't even accept it..,https://reddit.com/r/datingoverforty/comments/ok4tdz/_/h56e7uz/,General / Other
1ratld5,PSA to put yourself out there,datingoverforty,450,https://reddit.com/r/datingoverforty/comments/1ratld5/psa_to_put_yourself_out_there/,o6mi97m,MattyBoombalaty,13,"Thanks for the inspiration.
48M here
I've been isolating for 2 years now and have resolved to put myself out there this year. 

There's a bar near me that has pretty good food and live music just about every weekend. Older crowd from what I've seen. 
I went there alone for the super bowl and on my last 2 weekends without kids. 

I was back and forth in my head about going out tonight.
I don't drink and have some social anxiety so it's hard showing up someplace alone. At least, in my head it is. I know nobody else gives a shit. 

I have to keep doing these things to become more comfortable with it. 
Tonight i plan to just say hi to a woman I find attractive.
That's it,  no further expectations.",https://reddit.com/r/datingoverforty/comments/1ratld5/_/o6mi97m/,General / Other
1ratld5,PSA to put yourself out there,datingoverforty,450,https://reddit.com/r/datingoverforty/comments/1ratld5/psa_to_put_yourself_out_there/,o6msdma,someatxdude,13,I cannot relate I do it all the time. I love my own company 🤷,https://reddit.com/r/datingoverforty/comments/1ratld5/_/o6msdma/,General / Other
1ratld5,PSA to put yourself out there,datingoverforty,450,https://reddit.com/r/datingoverforty/comments/1ratld5/psa_to_put_yourself_out_there/,o6nkwfl,someatxdude,11,"Ask for soda with lime, a Diet Coke with a lime, who cares nobody knows and most dont care what you aren’t or aren’t drinking 

I hadn’t had a drop since Christmas Eve preparing for a half marathon last week and in the interim nobody gave a shit. Least of all me.

Be you. Nobody fucking cares unless they’re an alcoholic seeking a codependent enabler and that is not what we want anyway is it?",https://reddit.com/r/datingoverforty/comments/1ratld5/_/o6nkwfl/,General / Other
1ratld5,PSA to put yourself out there,datingoverforty,450,https://reddit.com/r/datingoverforty/comments/1ratld5/psa_to_put_yourself_out_there/,o6nh35f,someatxdude,8,"Go talk to her and get punched in the mouth sometimes (metaphorically hopefully)

The cure for the fear if rejection… is more rejection 

Then learn the receptivity signals to reduce odds of rejection. Which when you’re wrong hurts less because step 1",https://reddit.com/r/datingoverforty/comments/1ratld5/_/o6nh35f/,Understanding rejection
1ratld5,PSA to put yourself out there,datingoverforty,450,https://reddit.com/r/datingoverforty/comments/1ratld5/psa_to_put_yourself_out_there/,o6mprv5,someatxdude,6,"This particular bar has a very interesting crowd .. I’ve met

… a woman seeing “Barbie” movie who was gropiing me (was too soon. No. Felt good though. Being her back now please)
… a guy who owns 10+ 7-11s nearby (cool lessons and inside info!)
….a guy running the semi-nearby Lakeway resort and spa for the summer (African and learned a lot about political violence there. Ugly!)
…a guy who runs a game studio who’d produced games I’d played

Just being out and present is yields much. Glad to be there with a clear mind again.

It does in fact get better",https://reddit.com/r/datingoverforty/comments/1ratld5/_/o6mprv5/,General / Other
1ratld5,PSA to put yourself out there,datingoverforty,450,https://reddit.com/r/datingoverforty/comments/1ratld5/psa_to_put_yourself_out_there/,o6ncwvm,someatxdude,5,Do it. I do every other week or so for a few years. Find your spot your person or people will appear in your spots,https://reddit.com/r/datingoverforty/comments/1ratld5/_/o6ncwvm/,General / Other
1ratld5,PSA to put yourself out there,datingoverforty,450,https://reddit.com/r/datingoverforty/comments/1ratld5/psa_to_put_yourself_out_there/,o6n6wn0,Aefyns,4,That would have been my life as my ex wife was a homebody but we had small kids so I stayed home and became an introvert. It wasn't until 16 years went by that I suddenly remembered. I used to be an extrovert and loved going out.,https://reddit.com/r/datingoverforty/comments/1ratld5/_/o6n6wn0/,Starting over after loss
1ratld5,PSA to put yourself out there,datingoverforty,450,https://reddit.com/r/datingoverforty/comments/1ratld5/psa_to_put_yourself_out_there/,o6njx2h,someatxdude,3,The prizes are less power-law distributed too in that most plays are a small win,https://reddit.com/r/datingoverforty/comments/1ratld5/_/o6njx2h/,General / Other
1ratld5,PSA to put yourself out there,datingoverforty,450,https://reddit.com/r/datingoverforty/comments/1ratld5/psa_to_put_yourself_out_there/,o6ms851,someatxdude,3,Is it a big enough city to find your place? I’ve found a few in this metro of 1MM ish,https://reddit.com/r/datingoverforty/comments/1ratld5/_/o6ms851/,General / Other
1ratld5,PSA to put yourself out there,datingoverforty,450,https://reddit.com/r/datingoverforty/comments/1ratld5/psa_to_put_yourself_out_there/,o6mr3qi,someatxdude,3,"Do it.

I go to dinner often by myself when I can. I enjoy the food and people watching and such. Do it more if it’s affordable.

There are many great spots where when I go or take a lady the servers are all “Hi. Mister someatxguy!” And that’s a “free” win",https://reddit.com/r/datingoverforty/comments/1ratld5/_/o6mr3qi/,General / Other
1svn8lh,Recovering from heartbreak in your 40's in near impossible.,datingoverforty,447,https://reddit.com/r/datingoverforty/comments/1svn8lh/recovering_from_heartbreak_in_your_40s_in_near/,oi9ii98,slicebucket,185,"Single and 48m here.   You aren't too bro....you're never too old.  Work on yourself for awhile (whatever that may mean to you) then get back out there.   Go out by yourself to places, become a regular at a relatively local place and start meeting/talking to people.   Don't focus on just finding a new women though.  Expand your entire local social network.  It's going to be OK!",https://reddit.com/r/datingoverforty/comments/1svn8lh/_/oi9ii98/,Processing the shame of being late
1svn8lh,Recovering from heartbreak in your 40's in near impossible.,datingoverforty,447,https://reddit.com/r/datingoverforty/comments/1svn8lh/recovering_from_heartbreak_in_your_40s_in_near/,oi9np7w,AmericanWinky,40,Thank you for the advice. means al ot.,https://reddit.com/r/datingoverforty/comments/1svn8lh/_/oi9np7w/,General / Other
1svn8lh,Recovering from heartbreak in your 40's in near impossible.,datingoverforty,447,https://reddit.com/r/datingoverforty/comments/1svn8lh/recovering_from_heartbreak_in_your_40s_in_near/,oi9rrsk,AmericanWinky,30,You summed it up perfectly. I didn't care as much in my 20's/early 30's. Now I am taking it so hard. Thank you,https://reddit.com/r/datingoverforty/comments/1svn8lh/_/oi9rrsk/,General / Other
1svn8lh,Recovering from heartbreak in your 40's in near impossible.,datingoverforty,447,https://reddit.com/r/datingoverforty/comments/1svn8lh/recovering_from_heartbreak_in_your_40s_in_near/,oi9nfpe,AmericanWinky,30,Thank you,https://reddit.com/r/datingoverforty/comments/1svn8lh/_/oi9nfpe/,General / Other
1svn8lh,Recovering from heartbreak in your 40's in near impossible.,datingoverforty,447,https://reddit.com/r/datingoverforty/comments/1svn8lh/recovering_from_heartbreak_in_your_40s_in_near/,oi9os2l,AmericanWinky,28,"You get it. Mine was pretty short as well all things considered. I've been in multi-year relationships that didn't sting this bad. It's hard to do anything but cry and watch 'how to get your ex back' videos which are so stupid. I know it's just a form of control and doesn't help the thought loop. 

I am so sorry you're going through a tough time as well. Are the days getting a little better for you?",https://reddit.com/r/datingoverforty/comments/1svn8lh/_/oi9os2l/,General / Other
1svn8lh,Recovering from heartbreak in your 40's in near impossible.,datingoverforty,447,https://reddit.com/r/datingoverforty/comments/1svn8lh/recovering_from_heartbreak_in_your_40s_in_near/,oi9rvbx,AmericanWinky,26,Thank you. I will definitely try. All those things seem very overwhelming right now as I can barely get out of bed. But I am making a list.,https://reddit.com/r/datingoverforty/comments/1svn8lh/_/oi9rvbx/,Fear of intimacy after abstinence
1svn8lh,Recovering from heartbreak in your 40's in near impossible.,datingoverforty,447,https://reddit.com/r/datingoverforty/comments/1svn8lh/recovering_from_heartbreak_in_your_40s_in_near/,oi9n3s3,Spoonman915,11,"47m, 7 months out of ending a 7 year relationship. Just about every day is a challenge. But every day also gets easier. Sorry you're going through this. I understand where you're at.

Also, we're not old man. We're barely past half time. Lots of time left.",https://reddit.com/r/datingoverforty/comments/1svn8lh/_/oi9n3s3/,General / Other
1svn8lh,Recovering from heartbreak in your 40's in near impossible.,datingoverforty,447,https://reddit.com/r/datingoverforty/comments/1svn8lh/recovering_from_heartbreak_in_your_40s_in_near/,oiapt8z,AmericanWinky,10,Ill defitnely try. I think the issue there is I live in the Midwest where folks this age already have their social circles. I’m not in Denver or anything :(,https://reddit.com/r/datingoverforty/comments/1svn8lh/_/oiapt8z/,General / Other
1svn8lh,Recovering from heartbreak in your 40's in near impossible.,datingoverforty,447,https://reddit.com/r/datingoverforty/comments/1svn8lh/recovering_from_heartbreak_in_your_40s_in_near/,oi9p9cc,AmericanWinky,7,I am sorry for your loss and overall lonliness. I am mess right now (obviously) but your response made me cry. No one should have to feel this type of pain. No one. I am so sorry you are going through this.,https://reddit.com/r/datingoverforty/comments/1svn8lh/_/oi9p9cc/,General / Other
1svn8lh,Recovering from heartbreak in your 40's in near impossible.,datingoverforty,447,https://reddit.com/r/datingoverforty/comments/1svn8lh/recovering_from_heartbreak_in_your_40s_in_near/,oibbqkm,AmericanWinky,7,That's amazing. Thank for you sharing that. How beautiful.,https://reddit.com/r/datingoverforty/comments/1svn8lh/_/oibbqkm/,General / Other
1svn8lh,Recovering from heartbreak in your 40's in near impossible.,datingoverforty,447,https://reddit.com/r/datingoverforty/comments/1svn8lh/recovering_from_heartbreak_in_your_40s_in_near/,oi9sste,AmericanWinky,6,"Thank you. I did try that today. I went for a coffee and a quick walk. But people looked at me like a mental patient, lol.",https://reddit.com/r/datingoverforty/comments/1svn8lh/_/oi9sste/,General / Other
1svn8lh,Recovering from heartbreak in your 40's in near impossible.,datingoverforty,447,https://reddit.com/r/datingoverforty/comments/1svn8lh/recovering_from_heartbreak_in_your_40s_in_near/,oi9s4iw,AmericanWinky,5,Very good point. We fell in love very early on. It's really hard to make heads or tails out of it.,https://reddit.com/r/datingoverforty/comments/1svn8lh/_/oi9s4iw/,General / Other
1svn8lh,Recovering from heartbreak in your 40's in near impossible.,datingoverforty,447,https://reddit.com/r/datingoverforty/comments/1svn8lh/recovering_from_heartbreak_in_your_40s_in_near/,oi9qyis,AmericanWinky,5,You didn't add to my pain. It was already there. I'm just sad that others are going through this as well. You and everyone else on this sub are amazing. All the best in your healing.,https://reddit.com/r/datingoverforty/comments/1svn8lh/_/oi9qyis/,Dealing with comparison pain
1svn8lh,Recovering from heartbreak in your 40's in near impossible.,datingoverforty,447,https://reddit.com/r/datingoverforty/comments/1svn8lh/recovering_from_heartbreak_in_your_40s_in_near/,oi9wgda,AmericanWinky,5,"Thank you, I wish I could see that.",https://reddit.com/r/datingoverforty/comments/1svn8lh/_/oi9wgda/,General / Other
1svn8lh,Recovering from heartbreak in your 40's in near impossible.,datingoverforty,447,https://reddit.com/r/datingoverforty/comments/1svn8lh/recovering_from_heartbreak_in_your_40s_in_near/,oiadg0q,Classic_Abroad517,5,"48m… Went through 2 breakups in 3 years that were only 5-6 month relationships, each. The first one, at 44yo, crushed me and I still think about her a few times a week. The second one, at 46, was equally as devastating - maybe more - because I was reminded of the last one, which I had forgotten while with the new gf. 

What I see now is that the devastation had a lot more to do with me realizing my life needs some work. Not only did I feel a sense of rejection, I also felt a deep sense of shame for not growing up in  important areas (particularly important qualities that partners tend to want like emotional stability, financial security, and consistency). I’m not a mess by any means, but I know I need to be and want to be better. 

I’m still working on all that and have not been in a serio",https://reddit.com/r/datingoverforty/comments/1svn8lh/_/oiadg0q/,Understanding rejection
1svn8lh,Recovering from heartbreak in your 40's in near impossible.,datingoverforty,447,https://reddit.com/r/datingoverforty/comments/1svn8lh/recovering_from_heartbreak_in_your_40s_in_near/,oib8zdh,AmericanWinky,5,"Thank you. That means a lot. I am really fighting the urge tonight, lol.",https://reddit.com/r/datingoverforty/comments/1svn8lh/_/oib8zdh/,General / Other
1svn8lh,Recovering from heartbreak in your 40's in near impossible.,datingoverforty,447,https://reddit.com/r/datingoverforty/comments/1svn8lh/recovering_from_heartbreak_in_your_40s_in_near/,oi9xbtg,AmericanWinky,5,Thank you. I don’t have any friends or family so trying the ol Reddit thing.,https://reddit.com/r/datingoverforty/comments/1svn8lh/_/oi9xbtg/,General / Other
1svn8lh,Recovering from heartbreak in your 40's in near impossible.,datingoverforty,447,https://reddit.com/r/datingoverforty/comments/1svn8lh/recovering_from_heartbreak_in_your_40s_in_near/,oi9ns5j,AmericanWinky,4,I am so sorry to hear that. I can't imagine what that must have been like for you. I hope you are doing ok.,https://reddit.com/r/datingoverforty/comments/1svn8lh/_/oi9ns5j/,General / Other
1svn8lh,Recovering from heartbreak in your 40's in near impossible.,datingoverforty,447,https://reddit.com/r/datingoverforty/comments/1svn8lh/recovering_from_heartbreak_in_your_40s_in_near/,oi9oyjb,AmericanWinky,4,Thank you. I wish I saw that. I had 2 good friends that died in the last few years and had to put my dog down last year. I feel the older I get...the more lonliness and isolation sets in.,https://reddit.com/r/datingoverforty/comments/1svn8lh/_/oi9oyjb/,General / Other
1svn8lh,Recovering from heartbreak in your 40's in near impossible.,datingoverforty,447,https://reddit.com/r/datingoverforty/comments/1svn8lh/recovering_from_heartbreak_in_your_40s_in_near/,oiad44s,AmericanWinky,4,You get it. Thank you,https://reddit.com/r/datingoverforty/comments/1svn8lh/_/oiad44s/,General / Other
1svn8lh,Recovering from heartbreak in your 40's in near impossible.,datingoverforty,447,https://reddit.com/r/datingoverforty/comments/1svn8lh/recovering_from_heartbreak_in_your_40s_in_near/,oibmljx,AmericanWinky,4,WTF! Seriously?! Ugh....that gives me no hope. I feel like I'll never bounce back. I am sor sorry you haven't recovered. He/She must have been truly special.,https://reddit.com/r/datingoverforty/comments/1svn8lh/_/oibmljx/,General / Other
1svn8lh,Recovering from heartbreak in your 40's in near impossible.,datingoverforty,447,https://reddit.com/r/datingoverforty/comments/1svn8lh/recovering_from_heartbreak_in_your_40s_in_near/,oi9ppbk,AmericanWinky,3,Thank you for your kind words. I'm really trying to take stock of what it taught me and how I can improve. It's hard to focus on that when I want her back. But I am trying.,https://reddit.com/r/datingoverforty/comments/1svn8lh/_/oi9ppbk/,General / Other
1svn8lh,Recovering from heartbreak in your 40's in near impossible.,datingoverforty,447,https://reddit.com/r/datingoverforty/comments/1svn8lh/recovering_from_heartbreak_in_your_40s_in_near/,oi9pzq7,AmericanWinky,3,Thank you. When did it start getting easier for you? What did week 1 look like vs month 1 vs now?,https://reddit.com/r/datingoverforty/comments/1svn8lh/_/oi9pzq7/,General / Other
1svn8lh,Recovering from heartbreak in your 40's in near impossible.,datingoverforty,447,https://reddit.com/r/datingoverforty/comments/1svn8lh/recovering_from_heartbreak_in_your_40s_in_near/,oi9nmx5,AmericanWinky,3,Thank you. That means a lot. I hope your journey had/has a happy ending. I do hope I can love again some day but I don't see how that is possible without her.,https://reddit.com/r/datingoverforty/comments/1svn8lh/_/oi9nmx5/,General / Other
1svn8lh,Recovering from heartbreak in your 40's in near impossible.,datingoverforty,447,https://reddit.com/r/datingoverforty/comments/1svn8lh/recovering_from_heartbreak_in_your_40s_in_near/,oi9nd7w,AmericanWinky,3,Thank you. That's tough to do right now. I keep ruminating and trying to figure out when/how I should reach out later (which is stupid I know...the thoughts I have to fight).,https://reddit.com/r/datingoverforty/comments/1svn8lh/_/oi9nd7w/,General / Other
1svn8lh,Recovering from heartbreak in your 40's in near impossible.,datingoverforty,447,https://reddit.com/r/datingoverforty/comments/1svn8lh/recovering_from_heartbreak_in_your_40s_in_near/,oiaswr4,AmericanWinky,3,Thank you. Looking this up now. Appreciate you.,https://reddit.com/r/datingoverforty/comments/1svn8lh/_/oiaswr4/,General / Other
1svn8lh,Recovering from heartbreak in your 40's in near impossible.,datingoverforty,447,https://reddit.com/r/datingoverforty/comments/1svn8lh/recovering_from_heartbreak_in_your_40s_in_near/,oiarjci,Substantial-Ant-4010,3,"I'm 57m and have been divorced for 2.5 years. I feel your pain. My advice is to move your body, I walked a few miles nearly every day for almost two years. It helped. Therapy also helped, and it gives you someone to talk to. long before I was even done grieving, I decided to not repeat the same mistakes, and got to work. Be kind to yourself. This too shall pass.",https://reddit.com/r/datingoverforty/comments/1svn8lh/_/oiarjci/,Starting over after loss
1svn8lh,Recovering from heartbreak in your 40's in near impossible.,datingoverforty,447,https://reddit.com/r/datingoverforty/comments/1svn8lh/recovering_from_heartbreak_in_your_40s_in_near/,oibbyag,noNoParts,3,"That sucks about the breakup, it's never easy even when it's the right thing to do... and even worse when it's unexpected.

I will say this however: I'm 51m and have dated more people and fallen in love more over the last 5 years than all my 20s and early 30s (when I married). It doesn't stop hurting entirely when a breakup happens, but it does get easier. Give yourself a few months to get back on your feet and then get back out there if you want. Maybe take those recovery months to do some introspection and therapy if needed to make yourself the best person YOU can be to yourself.

Remember: dating is to make yourself and someone else *happier*, NOT happy. Y'all should already be happy. There really are a lot of folks out there!",https://reddit.com/r/datingoverforty/comments/1svn8lh/_/oibbyag/,Starting over after loss
1pl38e3,Does anyone else think this is weird?,datingoverforty,445,https://reddit.com/r/datingoverforty/comments/1pl38e3/does_anyone_else_think_this_is_weird/,ntpyhev,uberstaragent,101,Pretty good thanks for asking. He didn't bother to so enquire!,https://reddit.com/r/datingoverforty/comments/1pl38e3/_/ntpyhev/,General / Other
1pl38e3,Does anyone else think this is weird?,datingoverforty,445,https://reddit.com/r/datingoverforty/comments/1pl38e3/does_anyone_else_think_this_is_weird/,ntpswpe,uberstaragent,81,"Love this 🤣
I definitely didn’t think his was worth the $14 wine but after getting dressed up and walking in 32o heat the wine softened the blow.",https://reddit.com/r/datingoverforty/comments/1pl38e3/_/ntpswpe/,General / Other
1pl38e3,Does anyone else think this is weird?,datingoverforty,445,https://reddit.com/r/datingoverforty/comments/1pl38e3/does_anyone_else_think_this_is_weird/,ntprjyv,uberstaragent,36,Does he not realise how cheap that makes him look??,https://reddit.com/r/datingoverforty/comments/1pl38e3/_/ntprjyv/,General / Other
1pl38e3,Does anyone else think this is weird?,datingoverforty,445,https://reddit.com/r/datingoverforty/comments/1pl38e3/does_anyone_else_think_this_is_weird/,ntq2a3a,uberstaragent,18,Correct.,https://reddit.com/r/datingoverforty/comments/1pl38e3/_/ntq2a3a/,General / Other
1pl38e3,Does anyone else think this is weird?,datingoverforty,445,https://reddit.com/r/datingoverforty/comments/1pl38e3/does_anyone_else_think_this_is_weird/,ntptf30,uberstaragent,17,He was not. Photos must have been five years old. He also talked about his recent dates and health battles which was so off putting.,https://reddit.com/r/datingoverforty/comments/1pl38e3/_/ntptf30/,General / Other
1pl38e3,Does anyone else think this is weird?,datingoverforty,445,https://reddit.com/r/datingoverforty/comments/1pl38e3/does_anyone_else_think_this_is_weird/,ntq6e3k,uberstaragent,10,Absolutely agree!!,https://reddit.com/r/datingoverforty/comments/1pl38e3/_/ntq6e3k/,General / Other
1pl38e3,Does anyone else think this is weird?,datingoverforty,445,https://reddit.com/r/datingoverforty/comments/1pl38e3/does_anyone_else_think_this_is_weird/,ntpo12h,redragtop99,10,"My ex wife was a bartender, and I went through like a 10 year period where I didn’t drink at all, while we were together.   I’d go visit her when she was working and always get a fountain Pepsi.",https://reddit.com/r/datingoverforty/comments/1pl38e3/_/ntpo12h/,Starting over after loss
1pl38e3,Does anyone else think this is weird?,datingoverforty,445,https://reddit.com/r/datingoverforty/comments/1pl38e3/does_anyone_else_think_this_is_weird/,ntpt4mz,ToughPlankton,10,"That's very weird. I've (42M) worked in bars for most of my life and never been a drinker. It's common courtesy to order something if you are going to take up a seat/table. I always get a soda, even if I don't really want one, and tip them a dollar or two on it to acknowledge I'm taking space that could be used for a more profitable patron.

Personally the first thing I'd ask when planning a date is if we want to eat together or just get drinks. And if we were talking about a wine bar or other alcohol establishment I'd certainly give a head's up that I don't drink. I do usually mention that it's fine if others do, just to make clear it's not a matter of addiction, religion, or some other issue that would make me uncomfortable to be around people who are drinking. How would you prefer to ha",https://reddit.com/r/datingoverforty/comments/1pl38e3/_/ntpt4mz/,General / Other
1pl38e3,Does anyone else think this is weird?,datingoverforty,445,https://reddit.com/r/datingoverforty/comments/1pl38e3/does_anyone_else_think_this_is_weird/,ntrmjwc,uberstaragent,8,"He did want me to walk him to the train station after, but for every reason under the sun that was a hell no!",https://reddit.com/r/datingoverforty/comments/1pl38e3/_/ntrmjwc/,General / Other
1pl38e3,Does anyone else think this is weird?,datingoverforty,445,https://reddit.com/r/datingoverforty/comments/1pl38e3/does_anyone_else_think_this_is_weird/,ntptoue,uberstaragent,7,This. He should have mentioned that. I think it’s critical. In the chat prior not when you arrive at the venue.,https://reddit.com/r/datingoverforty/comments/1pl38e3/_/ntptoue/,General / Other
1pl38e3,Does anyone else think this is weird?,datingoverforty,445,https://reddit.com/r/datingoverforty/comments/1pl38e3/does_anyone_else_think_this_is_weird/,ntpw48z,uberstaragent,6,"Someone mentioned date zero trend which I hadn’t heard before. Now I know this is a thing, I will call it should it happen again and not waste the time and money further.",https://reddit.com/r/datingoverforty/comments/1pl38e3/_/ntpw48z/,General / Other
n40n2o,Feeling some sort of way today.,datingoverforty,371,https://reddit.com/r/datingoverforty/comments/n40n2o/feeling_some_sort_of_way_today/,gwt6vr5,Marko69281608,19,"I am 51 divorced dad, and I am on my own, and like you I never thought I would be alone, and I really mean alone. I have my son and dad time then not much else. However I refuse to give up and I will not go quietly into the night. So what I am saying is never give up you keep going whether it's easy or hard do not give into your demons you fight them and stay awesome",https://reddit.com/r/datingoverforty/comments/n40n2o/_/gwt6vr5/,Starting over after loss
n40n2o,Feeling some sort of way today.,datingoverforty,371,https://reddit.com/r/datingoverforty/comments/n40n2o/feeling_some_sort_of_way_today/,gwt6nkb,mattman578,2,Brother I hear yea I am new to this hole single dad life. venting is good. But I am going to tell you if you want to tell me a joke or reach out to somebody about something good that happen to  you my dm's are open yes I am guy and yes I am straight but we all need someone to talk to and for somebody be be happy with,https://reddit.com/r/datingoverforty/comments/n40n2o/_/gwt6nkb/,General / Other
n40n2o,Feeling some sort of way today.,datingoverforty,371,https://reddit.com/r/datingoverforty/comments/n40n2o/feeling_some_sort_of_way_today/,gwtvcjr,pomexcan,2,"Happy birthday!  49M here, divorced almost 3 years with two littles (8 and 11 - yeah, the ex wanted to start late).   I never planned for anything but family life after our first was born and even more so after the second.  Fast forward 5+ yrs and a blow to the heart - I’m missing seeing my kids daily (still have them 50%) and looking to go on my first date in 22 yrs...   It’s indeed tough but remember you’re always modeling behavior and attitude for your child / children.  Be happy being you and building that family unit with the rest of your family and friends.  Eventually, when you least expect it - you will be presented an opportunity to meet that perfect partner and you’ll be able to articulate within and assess that relationship vs exactly what you’re looking for.  While you may have",https://reddit.com/r/datingoverforty/comments/n40n2o/_/gwtvcjr/,Learning the mechanics of dating
n40n2o,Feeling some sort of way today.,datingoverforty,371,https://reddit.com/r/datingoverforty/comments/n40n2o/feeling_some_sort_of_way_today/,gwvakm8,gmack2547,2,"I hear ya man, (44m) divorced for almost 6 years now.  3 young ones.  I'm afraid the world of dating has sharply turned from Mrs. Right to Mrs. Right now and vice versa.  It's slim pickings to find someone that I'm even comfortable bringing my children around.  When I tell them that it'll be the better part of a year before she gets to meet the kids it's always, and I mean women are batting .1000 on this one.  

What, why, do you not think I'm good enough for your kids?  That single question alone tells me all I need to know.  No, you're not because someone with mothers intuition would understand protecting your kids from a revolving door of potential suitors. 

Besides that and I know everyone it's a blanket statement so don't mob me here but what's also come very clear is that in our own",https://reddit.com/r/datingoverforty/comments/n40n2o/_/gwvakm8/,Starting over after loss
n40n2o,Feeling some sort of way today.,datingoverforty,371,https://reddit.com/r/datingoverforty/comments/n40n2o/feeling_some_sort_of_way_today/,gwwax1x,damageddude,2,"I've been a single dad for four years, though in my case it was cancer that ended the marriage. I've been through all you've been through with the inside jokes that no one gets, missing my partner in crime etc. My first cake day without her was my 50th birthday and I know she would have done something special for me. Instead it was a small cake with our children.

All I can say is does get better.",https://reddit.com/r/datingoverforty/comments/n40n2o/_/gwwax1x/,General / Other
n40n2o,Feeling some sort of way today.,datingoverforty,371,https://reddit.com/r/datingoverforty/comments/n40n2o/feeling_some_sort_of_way_today/,gwtibs7,horizons59,1,"I hear you brother! I’m a widower. 

I was always wanting my wife to stop talking so much. After her death, talking to her about all things in life is what I miss the most.",https://reddit.com/r/datingoverforty/comments/n40n2o/_/gwtibs7/,General / Other
157dfy3,How many of you are rebuilding a completely new life after 40?,datingoverforty,347,https://reddit.com/r/datingoverforty/comments/157dfy3/how_many_of_you_are_rebuilding_a_completely_new/,jt7q7as,CaptainFilth,5,"Going to jump on this band wagon. Girlfriend of almost 12 years texted me while I was at work that she packed her stuff and left. The life we built blown up over text. I had no idea she let me think things were normal up until she sent that text. Her reason was I was mean for expecting her and her kids to clean up after themselves. And at the end the only place I kept asking them to clean up was the kitchen, every other room I had given up on as it wasn’t worth the fight. Strangely the fact that her reason for leaving was so stupid has made it way easier to move on than I would have thought.",https://reddit.com/r/datingoverforty/comments/157dfy3/_/jt7q7as/,General / Other
1ho6q1z,Here are my (45m) rules I've established since I started dating. Any thoughts?,datingoverforty,346,https://reddit.com/r/datingoverforty/comments/1ho6q1z/here_are_my_45m_rules_ive_established_since_i/,m47bih1,working_from_bed,46,"Oh for sure, though I guess sometimes these days you can't tell?

Same goes for the photo taken from above you that looks like it's for your 2000s era Myspace profile",https://reddit.com/r/datingoverforty/comments/1ho6q1z/_/m47bih1/,General / Other
1ho6q1z,Here are my (45m) rules I've established since I started dating. Any thoughts?,datingoverforty,346,https://reddit.com/r/datingoverforty/comments/1ho6q1z/here_are_my_45m_rules_ive_established_since_i/,m479md3,working_from_bed,30,I remember going on a date maybe a year ago and the woman mentioned that she often feels like the guys expect sex if he pays for the date and I hadn't even considered that as a potential concern. So I hear you,https://reddit.com/r/datingoverforty/comments/1ho6q1z/_/m479md3/,General / Other
1ho6q1z,Here are my (45m) rules I've established since I started dating. Any thoughts?,datingoverforty,346,https://reddit.com/r/datingoverforty/comments/1ho6q1z/here_are_my_45m_rules_ive_established_since_i/,m477fwd,working_from_bed,22,"I guess I don't insist, I just have my credit card ready and give it to the bartender/server/whatever when they come. I usually do it before there can even be a discussion",https://reddit.com/r/datingoverforty/comments/1ho6q1z/_/m477fwd/,General / Other
1ho6q1z,Here are my (45m) rules I've established since I started dating. Any thoughts?,datingoverforty,346,https://reddit.com/r/datingoverforty/comments/1ho6q1z/here_are_my_45m_rules_ive_established_since_i/,m47d9mk,working_from_bed,22,"I guess I put #7 mainly because I see so many men complaining about paying, especially if the date doesn't go well. My intention with paying isn't for some sort of power dynamic I just like to think it's a nice thing to do, avoids awkward conversations and usually gives a good first impression.",https://reddit.com/r/datingoverforty/comments/1ho6q1z/_/m47d9mk/,General / Other
1ho6q1z,Here are my (45m) rules I've established since I started dating. Any thoughts?,datingoverforty,346,https://reddit.com/r/datingoverforty/comments/1ho6q1z/here_are_my_45m_rules_ive_established_since_i/,m47k03c,working_from_bed,16,"What's ""too soon""? 

I ask women out for coffee and no food because the caffeine overload makes the cheap sex better 🙄",https://reddit.com/r/datingoverforty/comments/1ho6q1z/_/m47k03c/,General / Other
1ho6q1z,Here are my (45m) rules I've established since I started dating. Any thoughts?,datingoverforty,346,https://reddit.com/r/datingoverforty/comments/1ho6q1z/here_are_my_45m_rules_ive_established_since_i/,m47a7zn,working_from_bed,12,"Ah yes, I've heard women talk about hat-fishing. Like you're saying, their body type isn't the issue, I'm just pointing out that there's always a reason things are hidden",https://reddit.com/r/datingoverforty/comments/1ho6q1z/_/m47a7zn/,General / Other
1ho6q1z,Here are my (45m) rules I've established since I started dating. Any thoughts?,datingoverforty,346,https://reddit.com/r/datingoverforty/comments/1ho6q1z/here_are_my_45m_rules_ive_established_since_i/,m47wxbz,working_from_bed,11,"I totally disagree with this. I've had sex on first dates and then built that to a long term relationship. I've not had sex on first dates and done the same. I don't think sex early on is necessarily an indication of anything. It can mean all the guy wants is sex, but not necessarily",https://reddit.com/r/datingoverforty/comments/1ho6q1z/_/m47wxbz/,Learning the mechanics of dating
1ho6q1z,Here are my (45m) rules I've established since I started dating. Any thoughts?,datingoverforty,346,https://reddit.com/r/datingoverforty/comments/1ho6q1z/here_are_my_45m_rules_ive_established_since_i/,m477ld7,working_from_bed,10,"Haha I guess I thought making sure I look good before the date was a given, but I guess not",https://reddit.com/r/datingoverforty/comments/1ho6q1z/_/m477ld7/,General / Other
1ho6q1z,Here are my (45m) rules I've established since I started dating. Any thoughts?,datingoverforty,346,https://reddit.com/r/datingoverforty/comments/1ho6q1z/here_are_my_45m_rules_ive_established_since_i/,m47lp56,working_from_bed,9,I'm sure there are exceptions to every rule,https://reddit.com/r/datingoverforty/comments/1ho6q1z/_/m47lp56/,General / Other
1ho6q1z,Here are my (45m) rules I've established since I started dating. Any thoughts?,datingoverforty,346,https://reddit.com/r/datingoverforty/comments/1ho6q1z/here_are_my_45m_rules_ive_established_since_i/,m4965ni,working_from_bed,9,"When I say full body pics, are people assuming I'm meaning something that shows skin? Because I don't, I don't care if they're fully dressed in pants and a turtleneck, just give me an idea of what you look like",https://reddit.com/r/datingoverforty/comments/1ho6q1z/_/m4965ni/,General / Other
1ho6q1z,Here are my (45m) rules I've established since I started dating. Any thoughts?,datingoverforty,346,https://reddit.com/r/datingoverforty/comments/1ho6q1z/here_are_my_45m_rules_ive_established_since_i/,m480nun,working_from_bed,9,Yes I agree with all of that but if you made an emotional connection and then got physical and it was awful what do you do? I'd rather know early on if we have sexual chemistry,https://reddit.com/r/datingoverforty/comments/1ho6q1z/_/m480nun/,General / Other
1ho6q1z,Here are my (45m) rules I've established since I started dating. Any thoughts?,datingoverforty,346,https://reddit.com/r/datingoverforty/comments/1ho6q1z/here_are_my_45m_rules_ive_established_since_i/,m47b94l,working_from_bed,9,"I think my rationale for the drinks vs dinner is also taking the woman into consideration. Sure, I might be able to talk to anyone for a couple of hours (and have) but maybe she doesn't want to continue it",https://reddit.com/r/datingoverforty/comments/1ho6q1z/_/m47b94l/,General / Other
1ho6q1z,Here are my (45m) rules I've established since I started dating. Any thoughts?,datingoverforty,346,https://reddit.com/r/datingoverforty/comments/1ho6q1z/here_are_my_45m_rules_ive_established_since_i/,m47ftcj,working_from_bed,8,"My point is she may not know she's not going to be into me until we get there. I want her to be able to ""have an emergency""  and leave if she wants to",https://reddit.com/r/datingoverforty/comments/1ho6q1z/_/m47ftcj/,General / Other
1ho6q1z,Here are my (45m) rules I've established since I started dating. Any thoughts?,datingoverforty,346,https://reddit.com/r/datingoverforty/comments/1ho6q1z/here_are_my_45m_rules_ive_established_since_i/,m4864y9,working_from_bed,7,"I definitely understand that women are inundated with sexual messages and comments despite not doing anything to warrant that. At the same time I've run into too many situations where the woman is hiding things for other reasons - reasons I would have initially not matched, typically.",https://reddit.com/r/datingoverforty/comments/1ho6q1z/_/m4864y9/,General / Other
1ho6q1z,Here are my (45m) rules I've established since I started dating. Any thoughts?,datingoverforty,346,https://reddit.com/r/datingoverforty/comments/1ho6q1z/here_are_my_45m_rules_ive_established_since_i/,m492q49,working_from_bed,7,"Thank you. Well for some reason some people think me pointing out people need to have a full body picture is body shaming I guess.

To your point, just put it out there so everyone knows what's happening. I'm not even looking for a specific body type and everyone I've ever dated has looked different, but when there's only face pictures you fill the blanks in your head and if reality and your imagination don't match then it's gonna be a bad time.",https://reddit.com/r/datingoverforty/comments/1ho6q1z/_/m492q49/,General / Other
1ho6q1z,Here are my (45m) rules I've established since I started dating. Any thoughts?,datingoverforty,346,https://reddit.com/r/datingoverforty/comments/1ho6q1z/here_are_my_45m_rules_ive_established_since_i/,m47yvkv,working_from_bed,7,"Again, I disagree with you. If you want to wait for an emotional connection before anything sexual I think that's perfectly fine but assuming people who are open to sex without emotion are then not looking for a forever partner is a bad assumption on your part",https://reddit.com/r/datingoverforty/comments/1ho6q1z/_/m47yvkv/,General / Other
1ho6q1z,Here are my (45m) rules I've established since I started dating. Any thoughts?,datingoverforty,346,https://reddit.com/r/datingoverforty/comments/1ho6q1z/here_are_my_45m_rules_ive_established_since_i/,m478upe,Freeasabird01,7,"As a man dating women, this is the brutally honest list many people don’t want to admit. 

As to number 4, I think it depends on the vibe. Most of the time I just want to go straight to dinner because for me a chance at a good connection is always worth the price of dinner, and I can talk to almost anyone for an hour or two. There have certainly been a couple exceptions where I was glad I didn’t and could get away after a quickly guzzled drink.",https://reddit.com/r/datingoverforty/comments/1ho6q1z/_/m478upe/,General / Other
1ho6q1z,Here are my (45m) rules I've established since I started dating. Any thoughts?,datingoverforty,346,https://reddit.com/r/datingoverforty/comments/1ho6q1z/here_are_my_45m_rules_ive_established_since_i/,m479pgs,working_from_bed,6,Like?,https://reddit.com/r/datingoverforty/comments/1ho6q1z/_/m479pgs/,General / Other
1ho6q1z,Here are my (45m) rules I've established since I started dating. Any thoughts?,datingoverforty,346,https://reddit.com/r/datingoverforty/comments/1ho6q1z/here_are_my_45m_rules_ive_established_since_i/,m48ogna,working_from_bed,6,"I appreciate this strategy. If you can't handle me at my worst then you don't deserve me at my best, right?",https://reddit.com/r/datingoverforty/comments/1ho6q1z/_/m48ogna/,General / Other
1ho6q1z,Here are my (45m) rules I've established since I started dating. Any thoughts?,datingoverforty,346,https://reddit.com/r/datingoverforty/comments/1ho6q1z/here_are_my_45m_rules_ive_established_since_i/,m47xa5j,working_from_bed,6,I ran into a profile once where the woman actually looked WORSE with sunglasses on.,https://reddit.com/r/datingoverforty/comments/1ho6q1z/_/m47xa5j/,General / Other
1ho6q1z,Here are my (45m) rules I've established since I started dating. Any thoughts?,datingoverforty,346,https://reddit.com/r/datingoverforty/comments/1ho6q1z/here_are_my_45m_rules_ive_established_since_i/,m48q1ez,working_from_bed,6,"Good point, I actually swipe left on probably 90% of profiles in general, regardless of that stuff. 

I do verify, though recently I had a problem getting the verification to work on Hinge I think. It kept hitting an error when I would go through their process.

Also I've seen verified profiles that are definitely bots/scammers so it's not always 100% effective",https://reddit.com/r/datingoverforty/comments/1ho6q1z/_/m48q1ez/,Finding where to meet women
1ho6q1z,Here are my (45m) rules I've established since I started dating. Any thoughts?,datingoverforty,346,https://reddit.com/r/datingoverforty/comments/1ho6q1z/here_are_my_45m_rules_ive_established_since_i/,m4931mj,working_from_bed,5,Why is it that what I wrote would make anyone think I'm saying the above wouldn't matter?,https://reddit.com/r/datingoverforty/comments/1ho6q1z/_/m4931mj/,General / Other
1ho6q1z,Here are my (45m) rules I've established since I started dating. Any thoughts?,datingoverforty,346,https://reddit.com/r/datingoverforty/comments/1ho6q1z/here_are_my_45m_rules_ive_established_since_i/,m481mrd,working_from_bed,5,Good luck,https://reddit.com/r/datingoverforty/comments/1ho6q1z/_/m481mrd/,General / Other
nwr0zq,Ending things,datingoverforty,332,https://reddit.com/r/datingoverforty/comments/nwr0zq/ending_things/,h1bg29z,Anxiousindating,10,It usually makes me think that something must be wrong with them to be so into me (so basically I have low self esteem…I’m working on it but that’s a hard one to just build up).,https://reddit.com/r/datingoverforty/comments/nwr0zq/_/h1bg29z/,Building self-worth
nwr0zq,Ending things,datingoverforty,332,https://reddit.com/r/datingoverforty/comments/nwr0zq/ending_things/,h1ax4go,Anxiousindating,9,Completely understand that being on the apps isn’t the best idea for me right now.,https://reddit.com/r/datingoverforty/comments/nwr0zq/_/h1ax4go/,General / Other
nwr0zq,Ending things,datingoverforty,332,https://reddit.com/r/datingoverforty/comments/nwr0zq/ending_things/,h1ay9g2,Anxiousindating,9,"Absolutely am considering this as a possibility. It’s crazy because when a guy is super interested in me I typically nope my out of there really fast, but when they’re ambiguous I go all in lol. I’m working on it.",https://reddit.com/r/datingoverforty/comments/nwr0zq/_/h1ay9g2/,General / Other
nwr0zq,Ending things,datingoverforty,332,https://reddit.com/r/datingoverforty/comments/nwr0zq/ending_things/,h1azgqa,Anxiousindating,9,"I look at it like we’re in our 40’s. I will 100% see him again just based on the nature of his job. It was 3.5 months of my life. Sure I was hurt, but I don’t think it was done intentionally on his part. Not like we’ll be besties or anything but when I run into him I’ll for sure say hi and see how he’s doing.",https://reddit.com/r/datingoverforty/comments/nwr0zq/_/h1azgqa/,General / Other
nwr0zq,Ending things,datingoverforty,332,https://reddit.com/r/datingoverforty/comments/nwr0zq/ending_things/,h1auffk,Anxiousindating,8,I agree and want to get to that spot. I’m not there yet but I recognize it and am working towards it.,https://reddit.com/r/datingoverforty/comments/nwr0zq/_/h1auffk/,General / Other
nwr0zq,Ending things,datingoverforty,332,https://reddit.com/r/datingoverforty/comments/nwr0zq/ending_things/,h1awzt5,Anxiousindating,8,I think that’s part of it. I think some stems from self esteem issues too (at least for me)…like I’ll think how can this guy actually be into me? So they ones who don’t act super into me seem to fit with what I think I deserve. I also love a challenge lol.,https://reddit.com/r/datingoverforty/comments/nwr0zq/_/h1awzt5/,Building self-worth
nwr0zq,Ending things,datingoverforty,332,https://reddit.com/r/datingoverforty/comments/nwr0zq/ending_things/,h1as4ak,Anxiousindating,7,"I’m not really sure to be honest. I’m actually looking at myself because maybe I’m somewhat unavailable and that’s what draws me in because I know that I won’t ever really have to commit. I can see that about the attraction part, but this guy (while I’m great shape with beautiful blue eyes) wasn’t especially handsome and is the only guy I’ve ever dated that was shorter than I was (he said 5’4” but that was a stretch). When we were together he treated me amazing and was a perfect gentleman. But everytime I left there was distance that would take a few days to overcome.",https://reddit.com/r/datingoverforty/comments/nwr0zq/_/h1as4ak/,General / Other
nwr0zq,Ending things,datingoverforty,332,https://reddit.com/r/datingoverforty/comments/nwr0zq/ending_things/,h1asqs8,Anxiousindating,6,"Sometimes it’s obvious (like they’re married) and sometimes it’s less obvious…they seem to want something real and then what something real is about to happen they run. I would love to know why I’m so drawn to them. I guess that’s something l have to work out in therapy one day. (In this case he wasn’t married, never had been and his profile said he wanted a relationship. But if I had paid more attention I should have realized that he didn’t)",https://reddit.com/r/datingoverforty/comments/nwr0zq/_/h1asqs8/,General / Other
nwr0zq,Ending things,datingoverforty,332,https://reddit.com/r/datingoverforty/comments/nwr0zq/ending_things/,h1ase4t,Anxiousindating,5,Unfortunately that’s not really an option as we will run into each other again (just based on our lives). Funny thing is that he wasn’t pushing for sex and was perfectly happy taking me to dinner and not having sex. So I think it will be okay…but I’m most situations that’s exactly what I’d do.,https://reddit.com/r/datingoverforty/comments/nwr0zq/_/h1ase4t/,General / Other
nwr0zq,Ending things,datingoverforty,332,https://reddit.com/r/datingoverforty/comments/nwr0zq/ending_things/,h1b3jkn,HeftySchedule8631,5,"Dammit..sorry to hear that..my girlfriend and I “ended it” a few weeks ago and I’m nowhere near back on the apps..I’m back in the gym, on my regular sleep, on the bike, paddle board, dog training..I belong to a local boat/sailing club here in Sausalito and haven’t even been there..
Good for you getting right back in motion towards what you want..I guess I’m just waiting to see what presents..",https://reddit.com/r/datingoverforty/comments/nwr0zq/_/h1b3jkn/,General / Other
nwr0zq,Ending things,datingoverforty,332,https://reddit.com/r/datingoverforty/comments/nwr0zq/ending_things/,h1bfwl2,Anxiousindating,5,I’ve been there. I think in this case it helped that he was actually a decent guy and didn’t want to see me get hurt so he didn’t try to push me one way or the other.,https://reddit.com/r/datingoverforty/comments/nwr0zq/_/h1bfwl2/,General / Other
nwr0zq,Ending things,datingoverforty,332,https://reddit.com/r/datingoverforty/comments/nwr0zq/ending_things/,h1arouq,Anxiousindating,4,"Maybe it is that. I just am finding that the guys who seem nice and normal, I enjoy chatting with, but the guys who go more sexual (not completely…I delete them) and there is no really deep conversation are the ones that put a smile on my face when they message or text. I don’t know. I guess time will tell. At least now I know what to look out for (and to look at myself too because some could be on my end as well)",https://reddit.com/r/datingoverforty/comments/nwr0zq/_/h1arouq/,General / Other
nwr0zq,Ending things,datingoverforty,332,https://reddit.com/r/datingoverforty/comments/nwr0zq/ending_things/,h1ba48e,Anxiousindating,4,"I agree. I could see at 3.5 months running if I mentioned marriage, but I was pretty clear that it was far from that.",https://reddit.com/r/datingoverforty/comments/nwr0zq/_/h1ba48e/,General / Other
nwr0zq,Ending things,datingoverforty,332,https://reddit.com/r/datingoverforty/comments/nwr0zq/ending_things/,h1aua0i,Anxiousindating,3,"Yeah, I tend to fall hard and fast. I don’t think this guy was mean spirited. I think just confused as to what he wanted and maybe got scared when he realized I wanted more. I think if he continued to string me along it would be mean.",https://reddit.com/r/datingoverforty/comments/nwr0zq/_/h1aua0i/,General / Other
13sujqb,Epic Fail,datingoverforty,330,https://reddit.com/r/datingoverforty/comments/13sujqb/epic_fail/,jls1pkb,Pudd12,12,"Maybe, but I don’t want to make the gym an awkward place for her.  Me being awkward is ok, I’ll get over it.",https://reddit.com/r/datingoverforty/comments/13sujqb/_/jls1pkb/,General / Other
13sujqb,Epic Fail,datingoverforty,330,https://reddit.com/r/datingoverforty/comments/13sujqb/epic_fail/,jltbguk,Pudd12,9,"I certainly considered this before I did it.  I was always of the mind that the gym is off limits.   Which added to my nerves.  But I’ve seen post after post of people never getting approached at places, gym included, and how they wish they were.  There are all kinds of people wandering around and you don’t speak for all of them.  

It would be pretty funny if she lived here all her life and feigned ‘no a speaka ingles’.",https://reddit.com/r/datingoverforty/comments/13sujqb/_/jltbguk/,Getting over approach anxiety
13sujqb,Epic Fail,datingoverforty,330,https://reddit.com/r/datingoverforty/comments/13sujqb/epic_fail/,jlrum29,Pudd12,9,"I doubt it.  Wasn’t my finest moment.  Maybe I’ll learn a few Russian phrases.  I’m sure if I can’t get English out without stuttering, I’ll be able to recite some newly learned Russian like a champ.",https://reddit.com/r/datingoverforty/comments/13sujqb/_/jlrum29/,General / Other
13sujqb,Epic Fail,datingoverforty,330,https://reddit.com/r/datingoverforty/comments/13sujqb/epic_fail/,jlrv8ef,Pudd12,8,You’ve never seen someone say “Why am I not getting matches?  I’m a good looking guy?”,https://reddit.com/r/datingoverforty/comments/13sujqb/_/jlrv8ef/,General / Other
13sujqb,Epic Fail,datingoverforty,330,https://reddit.com/r/datingoverforty/comments/13sujqb/epic_fail/,jls4miu,Pudd12,7,That voice was screaming!,https://reddit.com/r/datingoverforty/comments/13sujqb/_/jls4miu/,General / Other
196yydl,Am I the only one here who loves dating at this age?,datingoverforty,308,https://reddit.com/r/datingoverforty/comments/196yydl/am_i_the_only_one_here_who_loves_dating_at_this/,khxaqab,Syllabub-Virtual,37,"Therapy helps. I am in it regularly.  

I am at the point, if it happens, it happens. If it doesn't, oh well. I had fun getting there.  

Relationships are important to humans. However, they don't need to be romantic.",https://reddit.com/r/datingoverforty/comments/196yydl/_/khxaqab/,General / Other
196yydl,Am I the only one here who loves dating at this age?,datingoverforty,308,https://reddit.com/r/datingoverforty/comments/196yydl/am_i_the_only_one_here_who_loves_dating_at_this/,khx6fit,Syllabub-Virtual,21,"I have had to be more selective for sure. The warning signs are there, just have to look for them and the. Take action. It will work out!",https://reddit.com/r/datingoverforty/comments/196yydl/_/khx6fit/,General / Other
196yydl,Am I the only one here who loves dating at this age?,datingoverforty,308,https://reddit.com/r/datingoverforty/comments/196yydl/am_i_the_only_one_here_who_loves_dating_at_this/,khx99fx,Syllabub-Virtual,20,"That's a good question. I think there may be a few factors. I focus on what I can control and don't worry about the rest. I am blessed with a good job and education. I'd like to think I am a nice person and i take care of myself. And I think the number one factor is, I am heavily involved in my kids lives.  They love me, and I love them. I think this speaks volumes to women about commitment (this is my opinion).",https://reddit.com/r/datingoverforty/comments/196yydl/_/khx99fx/,General / Other
196yydl,Am I the only one here who loves dating at this age?,datingoverforty,308,https://reddit.com/r/datingoverforty/comments/196yydl/am_i_the_only_one_here_who_loves_dating_at_this/,khxhl81,Syllabub-Virtual,14,"Maybe. 

I have had my share of challenges.  My GF of three years was very manipulative and wound up battering me while we were on a trip to her place in Italy. We were there because her mother died and she wlhad a break down.  I was put in a very bad position by her. I was in a foreign country, I didn't speak the language and was just kicked out of her house  there.  I had to figure it all out at 2 am local time.   I ended up in therapy and at the US embassy because of it.  

Also, I have dated a couple of women that were very manipulative from the start.  I had it figure it out quickly.  

Yes I'm a big guy, I generally don't have to worry about a woman from a physical standpoint. However, I have had my fair share of challenging situations.",https://reddit.com/r/datingoverforty/comments/196yydl/_/khxhl81/,General / Other
196yydl,Am I the only one here who loves dating at this age?,datingoverforty,308,https://reddit.com/r/datingoverforty/comments/196yydl/am_i_the_only_one_here_who_loves_dating_at_this/,khxb0hi,jetskikiller,14,"I (44m) really enjoy dating at this age, it did take a bit to get comfortable again with the scene. But when you find and set your own boundaries it can really be lots of fun! I didn’t expect it but I have even found love at this age",https://reddit.com/r/datingoverforty/comments/196yydl/_/khxb0hi/,General / Other
196yydl,Am I the only one here who loves dating at this age?,datingoverforty,308,https://reddit.com/r/datingoverforty/comments/196yydl/am_i_the_only_one_here_who_loves_dating_at_this/,khx8ro0,Syllabub-Virtual,11,"This may be true. However, I focus on what I can control and not on what I can't.  

E.g. I have kids. This was a major factor with two women I dated. Another example, I'm on the spectrum, I am upfront about this and what it means.  It pushes a few away, but it is what it is.",https://reddit.com/r/datingoverforty/comments/196yydl/_/khx8ro0/,Managing neurodivergence in dating
196yydl,Am I the only one here who loves dating at this age?,datingoverforty,308,https://reddit.com/r/datingoverforty/comments/196yydl/am_i_the_only_one_here_who_loves_dating_at_this/,khxjks2,Syllabub-Virtual,11,Thanks!  Being grumpy is a choice and I avoid that choice like I avoid watching the Kardashians.,https://reddit.com/r/datingoverforty/comments/196yydl/_/khxjks2/,General / Other
196yydl,Am I the only one here who loves dating at this age?,datingoverforty,308,https://reddit.com/r/datingoverforty/comments/196yydl/am_i_the_only_one_here_who_loves_dating_at_this/,khxa4aa,Syllabub-Virtual,11,"Sex isnt everything. Its important but not the primary motivator. Men have trouble, in general, with delayed gratification.  I do not. At least two of the women I dated for some period, I did not have sex with. 

I shifted my focus at the beginning of 2023. I had a shit relationship and it essentially was shit because I didn't pay attention to the warning signs. Now I am.  

I'm trying to build something foundational, that means there is alot of excavation to do.",https://reddit.com/r/datingoverforty/comments/196yydl/_/khxa4aa/,General / Other
196yydl,Am I the only one here who loves dating at this age?,datingoverforty,308,https://reddit.com/r/datingoverforty/comments/196yydl/am_i_the_only_one_here_who_loves_dating_at_this/,khxg6g7,Syllabub-Virtual,9,"Well, currently I am dating two. Haven't had sex with either, I will be downselecting to one shortly. 


In the last year, I have dated 5 women. 3 of them were more than a couple of dates and working towards something. 

The first woman ended it because it wasn't going fast enough.  I saw her for maybe 6 weeks. 

The second I dated her for 2 months or so. Super smart, a doctor at a local hospital and super outgoing. We both mutually agreed that we would be better as friends.

The third, probably the most attractive woman I have ever dated lasted for 6 months or so.  She was smart, beautiful, and successful. Ultimately she couldn't understand what it was like to have kids and we agreed to mutually end it shorty before Christmas. We agreed to remain in contact as we both adjunct at the local",https://reddit.com/r/datingoverforty/comments/196yydl/_/khxg6g7/,General / Other
196yydl,Am I the only one here who loves dating at this age?,datingoverforty,308,https://reddit.com/r/datingoverforty/comments/196yydl/am_i_the_only_one_here_who_loves_dating_at_this/,khx31f8,[deleted],8,It was slow going for me the past couple of years but I’ve enjoyed it for the most part. I’m nearer to 50 but that hasn’t stopped me from enjoying dating women.,https://reddit.com/r/datingoverforty/comments/196yydl/_/khx31f8/,General / Other
196yydl,Am I the only one here who loves dating at this age?,datingoverforty,308,https://reddit.com/r/datingoverforty/comments/196yydl/am_i_the_only_one_here_who_loves_dating_at_this/,khxczc9,Syllabub-Virtual,7,"I'm not accepting it as inevitable...    if my life goes that way, so be it. I'm actively dating, and on any given day there are some wins and losses.  

What does Sun Tzu say about war and attrition?",https://reddit.com/r/datingoverforty/comments/196yydl/_/khxczc9/,General / Other
196yydl,Am I the only one here who loves dating at this age?,datingoverforty,308,https://reddit.com/r/datingoverforty/comments/196yydl/am_i_the_only_one_here_who_loves_dating_at_this/,khx65y5,Syllabub-Virtual,7,I am dating +/- 5 years. The women I am dating are incredibly attractive.,https://reddit.com/r/datingoverforty/comments/196yydl/_/khx65y5/,General / Other
196yydl,Am I the only one here who loves dating at this age?,datingoverforty,308,https://reddit.com/r/datingoverforty/comments/196yydl/am_i_the_only_one_here_who_loves_dating_at_this/,khyh86r,Syllabub-Virtual,6,"Good read. Confidence is a key thing. Another book, the subtle art of not giving a fuck, is another good read.",https://reddit.com/r/datingoverforty/comments/196yydl/_/khyh86r/,Building self-worth
196yydl,Am I the only one here who loves dating at this age?,datingoverforty,308,https://reddit.com/r/datingoverforty/comments/196yydl/am_i_the_only_one_here_who_loves_dating_at_this/,khxil9w,Syllabub-Virtual,6,"37-46.

I keep it below 47 because my ex gf is probably on the apps and I will avoid her like the plague.",https://reddit.com/r/datingoverforty/comments/196yydl/_/khxil9w/,General / Other
196yydl,Am I the only one here who loves dating at this age?,datingoverforty,308,https://reddit.com/r/datingoverforty/comments/196yydl/am_i_the_only_one_here_who_loves_dating_at_this/,khx6xqd,Syllabub-Virtual,5,I second this motion.,https://reddit.com/r/datingoverforty/comments/196yydl/_/khx6xqd/,General / Other
196yydl,Am I the only one here who loves dating at this age?,datingoverforty,308,https://reddit.com/r/datingoverforty/comments/196yydl/am_i_the_only_one_here_who_loves_dating_at_this/,khyfyty,Syllabub-Virtual,5,"I try not to brag. This was really because I see alot of challenging things on this site. There is hope. However, hope is not a strategy, it takes work.",https://reddit.com/r/datingoverforty/comments/196yydl/_/khyfyty/,General / Other
196yydl,Am I the only one here who loves dating at this age?,datingoverforty,308,https://reddit.com/r/datingoverforty/comments/196yydl/am_i_the_only_one_here_who_loves_dating_at_this/,khygcx7,Syllabub-Virtual,5,"I'm not retired. I have a very demanding full time job. I ride my bike usually late in the evenings and get 100 miles in per week and when it's the week with my kids, I focus on them. 

Also, STDs aren't a problem because when I go to have sex with someone, there is open and honest discussion.  And I don't sleep with multiple women at the same time.",https://reddit.com/r/datingoverforty/comments/196yydl/_/khygcx7/,General / Other
196yydl,Am I the only one here who loves dating at this age?,datingoverforty,308,https://reddit.com/r/datingoverforty/comments/196yydl/am_i_the_only_one_here_who_loves_dating_at_this/,khz6r05,Syllabub-Virtual,4,"I first look at education. It's important to me. It isn't always explicit but you can figure it out quickly.  Also, I then try to make sure they don't have thier social media in thier profile, I fell that these folks are only looking for attention.",https://reddit.com/r/datingoverforty/comments/196yydl/_/khz6r05/,Dealing with comparison pain
196yydl,Am I the only one here who loves dating at this age?,datingoverforty,308,https://reddit.com/r/datingoverforty/comments/196yydl/am_i_the_only_one_here_who_loves_dating_at_this/,khxhtim,Syllabub-Virtual,4,Thanks! It's not all bad out there.,https://reddit.com/r/datingoverforty/comments/196yydl/_/khxhtim/,General / Other
196yydl,Am I the only one here who loves dating at this age?,datingoverforty,308,https://reddit.com/r/datingoverforty/comments/196yydl/am_i_the_only_one_here_who_loves_dating_at_this/,khxjfqn,Syllabub-Virtual,4,"The question? How was your day...  then I try to understand what they are passionate about.  I try to relate ..

edit: spelling, stupid phone",https://reddit.com/r/datingoverforty/comments/196yydl/_/khxjfqn/,General / Other
196yydl,Am I the only one here who loves dating at this age?,datingoverforty,308,https://reddit.com/r/datingoverforty/comments/196yydl/am_i_the_only_one_here_who_loves_dating_at_this/,khxjhgy,Syllabub-Virtual,4,Awesome and congrats!,https://reddit.com/r/datingoverforty/comments/196yydl/_/khxjhgy/,General / Other
196yydl,Am I the only one here who loves dating at this age?,datingoverforty,308,https://reddit.com/r/datingoverforty/comments/196yydl/am_i_the_only_one_here_who_loves_dating_at_this/,khyfn66,Syllabub-Virtual,3,Yes!,https://reddit.com/r/datingoverforty/comments/196yydl/_/khyfn66/,General / Other
196yydl,Am I the only one here who loves dating at this age?,datingoverforty,308,https://reddit.com/r/datingoverforty/comments/196yydl/am_i_the_only_one_here_who_loves_dating_at_this/,khxhzjf,Syllabub-Virtual,3,Awesome and thank you.,https://reddit.com/r/datingoverforty/comments/196yydl/_/khxhzjf/,General / Other
196yydl,Am I the only one here who loves dating at this age?,datingoverforty,308,https://reddit.com/r/datingoverforty/comments/196yydl/am_i_the_only_one_here_who_loves_dating_at_this/,khyty09,Ok-Hurry-4761,3,I'm 41M &amp; I'd be thrilled to find someone the same age.,https://reddit.com/r/datingoverforty/comments/196yydl/_/khyty09/,General / Other
plpjc6,It does happen,datingoverforty,307,https://reddit.com/r/datingoverforty/comments/plpjc6/it_does_happen/,hcceqhp,Door_Number_Four,33,"Quite respectfully, how long is appropriate in your eyes? If one thinks our Viable Dating Ages are some range of 20-60, a ten percent penalty for a divorce isn’t adequate? 

We aren’t talking about a John Mulaney timeline here.😂",https://reddit.com/r/datingoverforty/comments/plpjc6/_/hcceqhp/,Starting over after loss
plpjc6,It does happen,datingoverforty,307,https://reddit.com/r/datingoverforty/comments/plpjc6/it_does_happen/,hcc74tr,Door_Number_Four,31,"I got separated in early 2017, took a year off from dating, and from 2018 through Aug 2020, was actively dating. 

I was dating enough that I could fill up a season of content on Netflix. But these are experiences that taught me who I was and what I wanted.",https://reddit.com/r/datingoverforty/comments/plpjc6/_/hcc74tr/,General / Other
plpjc6,It does happen,datingoverforty,307,https://reddit.com/r/datingoverforty/comments/plpjc6/it_does_happen/,hcc8738,Door_Number_Four,28,"There wasn’t a desire to date forever. 
The pandemic made us focus on what we want, and how a relationship and life together would look like. As things opened back up, we both realized we like the bubble and support that we built. 

Is it a risk? Yes. 

But I think that often within our relationships as we age we become so risk averse, we sometimes talk ourselves out of the next step.",https://reddit.com/r/datingoverforty/comments/plpjc6/_/hcc8738/,General / Other
plpjc6,It does happen,datingoverforty,307,https://reddit.com/r/datingoverforty/comments/plpjc6/it_does_happen/,hcc7ffx,Door_Number_Four,25,"I think we have enough complaints out in this subreddit, I’d like to give another type of positive experience.",https://reddit.com/r/datingoverforty/comments/plpjc6/_/hcc7ffx/,General / Other
plpjc6,It does happen,datingoverforty,307,https://reddit.com/r/datingoverforty/comments/plpjc6/it_does_happen/,hcc8rj6,Door_Number_Four,16,"Nope. Different person. 

Happy your timeline is working for you, though.",https://reddit.com/r/datingoverforty/comments/plpjc6/_/hcc8rj6/,General / Other
plpjc6,It does happen,datingoverforty,307,https://reddit.com/r/datingoverforty/comments/plpjc6/it_does_happen/,hcc886w,Door_Number_Four,6,Congrats!,https://reddit.com/r/datingoverforty/comments/plpjc6/_/hcc886w/,General / Other
1ml1liu,"Why are so many people on a dating app, when they are clearly unavailable for a relationship? Why?",datingoverforty,305,https://reddit.com/r/datingoverforty/comments/1ml1liu/why_are_so_many_people_on_a_dating_app_when_they/,n7mzgtj,CryCommon975,56,Maybe try dating women who don't have children? Kids are very time consuming and it's not really something you can lessen your obligation to.,https://reddit.com/r/datingoverforty/comments/1ml1liu/_/n7mzgtj/,General / Other
1ml1liu,"Why are so many people on a dating app, when they are clearly unavailable for a relationship? Why?",datingoverforty,305,https://reddit.com/r/datingoverforty/comments/1ml1liu/why_are_so_many_people_on_a_dating_app_when_they/,n7n56sv,ElderEons,44,No.  I don't expect their life to revolve around me.  Would you want to date some one that constantly cancels plans at the last minute?  Or can only squeeze you in for an hour once a week?  Or once every other week?  I guess that is the expectation these days.,https://reddit.com/r/datingoverforty/comments/1ml1liu/_/n7n56sv/,General / Other
1ml1liu,"Why are so many people on a dating app, when they are clearly unavailable for a relationship? Why?",datingoverforty,305,https://reddit.com/r/datingoverforty/comments/1ml1liu/why_are_so_many_people_on_a_dating_app_when_they/,n7naimm,ElderEons,40,I think you might be right.  They are at least mildly interested because they usually don't break things off completely.  I noticed I get sort of stringed along and treated like a back up option.  That's what it feels like.,https://reddit.com/r/datingoverforty/comments/1ml1liu/_/n7naimm/,General / Other
oog2q6,Am I the asshole?,datingoverforty,292,https://reddit.com/r/datingoverforty/comments/oog2q6/am_i_the_asshole/,h5y8qwq,WardogSC,18,Hey this is what dating over 40 looks like🤣🤣🤣🤣🤣train wreck into a dumpster fire,https://reddit.com/r/datingoverforty/comments/oog2q6/_/h5y8qwq/,General / Other
oog2q6,Am I the asshole?,datingoverforty,292,https://reddit.com/r/datingoverforty/comments/oog2q6/am_i_the_asshole/,h5ylb90,WardogSC,13,I understand and I appreciate the honesty,https://reddit.com/r/datingoverforty/comments/oog2q6/_/h5ylb90/,General / Other
oog2q6,Am I the asshole?,datingoverforty,292,https://reddit.com/r/datingoverforty/comments/oog2q6/am_i_the_asshole/,h61fbtv,WardogSC,8,"I just want to say I love this community I have gotten a lot of laughs, so much positivity, a ton of constructive criticism, and a few haters.  But I appreciate it all The whole point to this post is for my personal growth I was in an abusive marriage and endured years of emotional and psychological abuse and didn’t realize it was happening so a lot of my “all women statements” and defensiveness does come to the surface and through my therapy I really am trying to get better and be more aware of my actions.  I feel like this is a safe place to come and have people point out what I did well and what I need to work on so that I can find a healthy relationship one day.  Clearly this was not it🤣🤣🤣🤣🤣. You are all appreciated and to any women I offended by saying that you set traps and play game",https://reddit.com/r/datingoverforty/comments/oog2q6/_/h61fbtv/,General / Other
oog2q6,Am I the asshole?,datingoverforty,292,https://reddit.com/r/datingoverforty/comments/oog2q6/am_i_the_asshole/,h6173mp,WardogSC,5,"I love this the best, thank you you made me giggle 🤭",https://reddit.com/r/datingoverforty/comments/oog2q6/_/h6173mp/,General / Other
oog2q6,Am I the asshole?,datingoverforty,292,https://reddit.com/r/datingoverforty/comments/oog2q6/am_i_the_asshole/,h62l0e4,WardogSC,4,Awesome advice I appreciate it and you are 100% correct.,https://reddit.com/r/datingoverforty/comments/oog2q6/_/h62l0e4/,General / Other
ouhz63,Relatable please,datingoverforty,288,https://reddit.com/r/datingoverforty/comments/ouhz63/relatable_please/,h7474gr,jack112894,23,"Hello I may have a different take on this age and dating issue.

I met my wife when she was 48.

I was 31.

She was the one. Let me tell you she and several others gave me the are you sure about this looks and many family members thought it would not last.

It lasted for almost 30 years. She passed away from lung cancer in 2020.

I am not the let's have a relationship only by text type. Talking to someone face to face is really not bad. It's not contagious. That's why life for me now trying to navigate the widower websites is a bit interesting to say the least.

But life is a little different now compared to when I was last single. Not sure who was president. But the Rolling Stones were still playing. 

Well I could  go on forever. Let me tell you about age and relationships. Yes it's impo",https://reddit.com/r/datingoverforty/comments/ouhz63/_/h7474gr/,General / Other
ouhz63,Relatable please,datingoverforty,288,https://reddit.com/r/datingoverforty/comments/ouhz63/relatable_please/,h72ww6c,violet_terrapin,16,Are you saying you date women in their forties? Because that would have you dating a woman like 15 to 20 years younger. Which would be the same thing as what women are worried about except for women who are almost 60,https://reddit.com/r/datingoverforty/comments/ouhz63/_/h72ww6c/,General / Other
ouhz63,Relatable please,datingoverforty,288,https://reddit.com/r/datingoverforty/comments/ouhz63/relatable_please/,h73wsq9,PirateForward8827,13,"LOL, 60M, FWIW my boners are spontaneous and the only vanilla I like is ice cream. As the song goes ""I ain't as good as I once was but I'm as good once as I ever was.""",https://reddit.com/r/datingoverforty/comments/ouhz63/_/h73wsq9/,General / Other
ouhz63,Relatable please,datingoverforty,288,https://reddit.com/r/datingoverforty/comments/ouhz63/relatable_please/,h72l6nl,dbgindy,6,Your points are well taken. Would I consider dating a woman in her mid to late 60s? I absolutely would. At this point loneliness while it absolutely hits me at times is not a huge factor. I’m looking for someone I really mesh with. Where that connection is there. Whether she is younger or older really makes no difference to me. It’s is she possibly someone I could see myself with long term. I won’t settle &amp; I hope no one else does either.,https://reddit.com/r/datingoverforty/comments/ouhz63/_/h72l6nl/,Coping with physical loneliness
ouhz63,Relatable please,datingoverforty,288,https://reddit.com/r/datingoverforty/comments/ouhz63/relatable_please/,h72y13i,dbgindy,5,That’s a great question. The vast majority of my friends are married or in LTRs with ladies who are within a few years of them in either direction. So I would hope they would share my thinking.,https://reddit.com/r/datingoverforty/comments/ouhz63/_/h72y13i/,Dealing with comparison pain
ouhz63,Relatable please,datingoverforty,288,https://reddit.com/r/datingoverforty/comments/ouhz63/relatable_please/,h73ay5h,dbgindy,5,Referencing your last sentence in my head I heard da.da.da.da.da sound effect they used for Steve &amp; Jamie. 😂,https://reddit.com/r/datingoverforty/comments/ouhz63/_/h73ay5h/,General / Other
ouhz63,Relatable please,datingoverforty,288,https://reddit.com/r/datingoverforty/comments/ouhz63/relatable_please/,h74xczr,dbgindy,5,"You have every right to be upset but please don’t feel ashamed.  This was going on in his headspace. This was the way he was brought up. Because of that he is using it as an excuse for his commitment issues in case he ever wanted out. 

I would strongly urge you to talk to someone about this so they can help you to the realization that it’s him &amp; not you at all. Please take the time to heal. To get to know yourself. To understand if you are definitely worthy &amp; enough. Please don’t give up hope.  It can &amp; will get better for you once you emotionally heal.",https://reddit.com/r/datingoverforty/comments/ouhz63/_/h74xczr/,Processing the shame of being late
ouhz63,Relatable please,datingoverforty,288,https://reddit.com/r/datingoverforty/comments/ouhz63/relatable_please/,h72qrpx,[deleted],5,"couldn’t agree more.  45M, i find that i match best with women within a few years of me younger or older.  

i actually am uncomfortable matching with a woman thats more than a few years younger than me",https://reddit.com/r/datingoverforty/comments/ouhz63/_/h72qrpx/,General / Other
ouhz63,Relatable please,datingoverforty,288,https://reddit.com/r/datingoverforty/comments/ouhz63/relatable_please/,h73hrjl,dbgindy,4,I’m sure many do. As I’m sure many women want men that look younger then their years. Everyone is looking for different things.,https://reddit.com/r/datingoverforty/comments/ouhz63/_/h73hrjl/,General / Other
ouhz63,Relatable please,datingoverforty,288,https://reddit.com/r/datingoverforty/comments/ouhz63/relatable_please/,h753s6r,halffdan59,3,"I \[57M\] agree that sharing similar background is really important to me. Being a MilBrat, it feels more of a bonding experience to both glance skyward to the distant sound of a turbine or both inhale deeply at a whiff of Jet-A than to spend five minutes explaining in futility why I do it.

While I prefer women my age, I admit that I found Jessica Tandy beautiful and sexy ever since Cocoon and \*batteries not included.

Goodnight, Mary Ellen.",https://reddit.com/r/datingoverforty/comments/ouhz63/_/h753s6r/,General / Other
ouhz63,Relatable please,datingoverforty,288,https://reddit.com/r/datingoverforty/comments/ouhz63/relatable_please/,h75u95a,clueless298,3,"Yeah. He kept asking me to watch ‘Coupling’. Apparently to broaden my outlook and make me ok with my partner wanting sex with younger ‘girls’. I haven’t ever watched it but I do know it’s about relationships. His girlfriend before me was 20 years younger than him. I should have seen that red flag but I thought love has nothing to do with age. Thank you so much. Now anytime I miss him, I am going to read these comments. I DODGED A BULLET. He actually did me a favour by saying that.",https://reddit.com/r/datingoverforty/comments/ouhz63/_/h75u95a/,General / Other
ouhz63,Relatable please,datingoverforty,288,https://reddit.com/r/datingoverforty/comments/ouhz63/relatable_please/,h73wxw1,dbgindy,3,I am so sorry for your pain. I know it stings. Have you talked to a professional about therapy. Sometimes talking it out can help start you down a different path that will make you happier. I truly hope your luck gets better &amp; that things turn around for you.,https://reddit.com/r/datingoverforty/comments/ouhz63/_/h73wxw1/,General / Other
ouhz63,Relatable please,datingoverforty,288,https://reddit.com/r/datingoverforty/comments/ouhz63/relatable_please/,h730zen,ZwienDog72,3,"I’m 48m and my range for women on OLD goes from 36 to 60. After recent experience I’m looking for someone who is emotionally mature and comfortable with their life, alone or in a couple",https://reddit.com/r/datingoverforty/comments/ouhz63/_/h730zen/,General / Other
i0029g,Just Celebrated One Year with my OKC Match,datingoverforty,280,https://reddit.com/r/datingoverforty/comments/i0029g/just_celebrated_one_year_with_my_okc_match/,fzmds71,Callmemike2000,12,Agreed.  That's why I mentioned the self-evaluation.  That was a key component for me to be happy... being happy with myself so I was in a good position to share my life.,https://reddit.com/r/datingoverforty/comments/i0029g/_/fzmds71/,General / Other
i0029g,Just Celebrated One Year with my OKC Match,datingoverforty,280,https://reddit.com/r/datingoverforty/comments/i0029g/just_celebrated_one_year_with_my_okc_match/,fzmcytu,Callmemike2000,11,"It's not always easy to look in the mirror.  But after fully investing in two relationships and having them both fail, I needed to address the common denominator.  It was my choice to leave the second marriage, but even so I was able to identify some very important things about myself that led to that.",https://reddit.com/r/datingoverforty/comments/i0029g/_/fzmcytu/,General / Other
i0029g,Just Celebrated One Year with my OKC Match,datingoverforty,280,https://reddit.com/r/datingoverforty/comments/i0029g/just_celebrated_one_year_with_my_okc_match/,fzn8066,Callmemike2000,9,"You're welcome.  We could all use a little happiness right now, I think.  That's one of the things she and I have talked about a lot... we went through the stay-at-home stuff together and had so much fun just being together, laughing, learning a ton about each other... we didn't realize how much of a distraction ""going out"" had become.  It's been amazing.",https://reddit.com/r/datingoverforty/comments/i0029g/_/fzn8066/,General / Other
i0029g,Just Celebrated One Year with my OKC Match,datingoverforty,280,https://reddit.com/r/datingoverforty/comments/i0029g/just_celebrated_one_year_with_my_okc_match/,fzmd8gg,Callmemike2000,7,"LOL... Just to be clear, this was an OKCupid match, not Oklahoma City.",https://reddit.com/r/datingoverforty/comments/i0029g/_/fzmd8gg/,General / Other
i0029g,Just Celebrated One Year with my OKC Match,datingoverforty,280,https://reddit.com/r/datingoverforty/comments/i0029g/just_celebrated_one_year_with_my_okc_match/,fznqwyd,Callmemike2000,5,I double-dog dare you!,https://reddit.com/r/datingoverforty/comments/i0029g/_/fznqwyd/,General / Other
o93kqb,He Had A Friend Visiting UPDATE,datingoverforty,279,https://reddit.com/r/datingoverforty/comments/o93kqb/he_had_a_friend_visiting_update/,h38s8mb,ThereWillBeNoShame,89,Thank you!! Because at one point he said I was being a little ridiculous about it all.  And I appreciate you saying I am perfectly reasonable. Much love! 💕,https://reddit.com/r/datingoverforty/comments/o93kqb/_/h38s8mb/,General / Other
o93kqb,He Had A Friend Visiting UPDATE,datingoverforty,279,https://reddit.com/r/datingoverforty/comments/o93kqb/he_had_a_friend_visiting_update/,h38w4b1,ThereWillBeNoShame,42,"Now that you point it out…….



I also thought he was low key gaslighting me. 




During the discussion - he also said to me “*Baby Girl- you don’t want to know the truth. You just want me to lie to you.”*",https://reddit.com/r/datingoverforty/comments/o93kqb/_/h38w4b1/,General / Other
o93kqb,He Had A Friend Visiting UPDATE,datingoverforty,279,https://reddit.com/r/datingoverforty/comments/o93kqb/he_had_a_friend_visiting_update/,h38xs4j,ThereWillBeNoShame,18,"Thank you!!!

During the discussion he turned it back and forth on me - from I am interested in you and seeing you to what more do you want from me? Did you think I would delete Tinder? I told you I was interested in you. Why don’t you trust me? You should trust me. I trust you. You are being a little ridiculous. I don’t need constant connection. Women don’t like it when men are in constant communication with them. Women are turned off by that. I already said I like you. I thought we were on the same page???



And it me confused during the discussion. But upon reflection it made me feel gross.",https://reddit.com/r/datingoverforty/comments/o93kqb/_/h38xs4j/,Finding where to meet women
o93kqb,He Had A Friend Visiting UPDATE,datingoverforty,279,https://reddit.com/r/datingoverforty/comments/o93kqb/he_had_a_friend_visiting_update/,h38s17m,ThereWillBeNoShame,16,"YES!!!!! 
Dirty Sheets Guy!!


Thank You for the hearty laugh I let out. I shall enjoy my bed and my clean sheets and sleep in peace tonight!!! 💕🙌",https://reddit.com/r/datingoverforty/comments/o93kqb/_/h38s17m/,General / Other
o93kqb,He Had A Friend Visiting UPDATE,datingoverforty,279,https://reddit.com/r/datingoverforty/comments/o93kqb/he_had_a_friend_visiting_update/,h38s3u1,ThereWillBeNoShame,12,"YES!!!
Love your response!",https://reddit.com/r/datingoverforty/comments/o93kqb/_/h38s3u1/,General / Other
o93kqb,He Had A Friend Visiting UPDATE,datingoverforty,279,https://reddit.com/r/datingoverforty/comments/o93kqb/he_had_a_friend_visiting_update/,h39ag2z,ThereWillBeNoShame,7,I agree- he was using the word “trust” as a way to make it feel ok. It didn’t feel ok. He kept saying he trusts me over and over. It felt very much like “Duh- now you should trust me”. But it still didn’t make the entire situation ok. And at the end he said he sensed I mistrust him and I am ridiculous (used many times) and overthinking (used many times) and he couldn’t convince me he was really interested in me. As his dumb tinder notifications were going nonstop. I mean- does he right swipe on everyone?!?!?,https://reddit.com/r/datingoverforty/comments/o93kqb/_/h39ag2z/,Finding where to meet women
o93kqb,He Had A Friend Visiting UPDATE,datingoverforty,279,https://reddit.com/r/datingoverforty/comments/o93kqb/he_had_a_friend_visiting_update/,h39fw8x,ThereWillBeNoShame,7,"He wants Simple, Fun and Enjoyable. And wants to date and have sex with women he meets off Tinder. And wants me to continue seeing him casually and wants me to continue having sex with him and to trust him while he gets to do what he wants.

I didn’t want any of that.",https://reddit.com/r/datingoverforty/comments/o93kqb/_/h39fw8x/,Finding where to meet women
o93kqb,He Had A Friend Visiting UPDATE,datingoverforty,279,https://reddit.com/r/datingoverforty/comments/o93kqb/he_had_a_friend_visiting_update/,h39ksr6,ThereWillBeNoShame,5,He is 44.,https://reddit.com/r/datingoverforty/comments/o93kqb/_/h39ksr6/,General / Other
o93kqb,He Had A Friend Visiting UPDATE,datingoverforty,279,https://reddit.com/r/datingoverforty/comments/o93kqb/he_had_a_friend_visiting_update/,h39k7ef,ThereWillBeNoShame,5,"Ah ok. 
I just know it didn’t feel good.
And it all required me to self sacrifice to stay in this connection- which he was pushing for.",https://reddit.com/r/datingoverforty/comments/o93kqb/_/h39k7ef/,General / Other
o93kqb,He Had A Friend Visiting UPDATE,datingoverforty,279,https://reddit.com/r/datingoverforty/comments/o93kqb/he_had_a_friend_visiting_update/,h394pxs,ThereWillBeNoShame,3,"He never said that but I’ll copy my reply to another post and all of this made me feel like he was low key gaslighting me:


&gt; During the discussion he turned it back and forth on me - from I am interested in you and seeing you to what more do you want from me? Did you think I would delete Tinder? I told you I was interested in you. Why don’t you trust me? You should trust me. I trust you. You are being a little ridiculous. I don’t need constant connection. Women don’t like it when men are in constant communication with them. Women are turned off by that. I already said I like you. I thought we were on the same page???",https://reddit.com/r/datingoverforty/comments/o93kqb/_/h394pxs/,Finding where to meet women
o93kqb,He Had A Friend Visiting UPDATE,datingoverforty,279,https://reddit.com/r/datingoverforty/comments/o93kqb/he_had_a_friend_visiting_update/,h39kioe,ThereWillBeNoShame,3,"I think he lies to some of them. He straight up said you are the only woman I am sleeping with. Then brought up the whole did you expect me to delete tinder which lead into the trust him and don’t be jealous of what he does on the apps. 



It’s obvious I’m not the only woman. But I bet some of these women want to believe him so badly that they dismiss the red flags because he is saying he likes them. He wants to have fun with them.",https://reddit.com/r/datingoverforty/comments/o93kqb/_/h39kioe/,Finding where to meet women
o93kqb,He Had A Friend Visiting UPDATE,datingoverforty,279,https://reddit.com/r/datingoverforty/comments/o93kqb/he_had_a_friend_visiting_update/,h39km3a,ThereWillBeNoShame,3,Or they think they can *bang* their way into a relationship with him.,https://reddit.com/r/datingoverforty/comments/o93kqb/_/h39km3a/,General / Other
o93kqb,He Had A Friend Visiting UPDATE,datingoverforty,279,https://reddit.com/r/datingoverforty/comments/o93kqb/he_had_a_friend_visiting_update/,h3aglth,deathriteTM,3,As a guy I feel I should apologize for jerks like this still out there. Any guy that tries to force a woman into something he knows she is uncomfortable with is not worth any woman’s time.,https://reddit.com/r/datingoverforty/comments/o93kqb/_/h3aglth/,General / Other
1idyzuh,"Dating for a month, she asked me to pay her bills.",datingoverforty,278,https://reddit.com/r/datingoverforty/comments/1idyzuh/dating_for_a_month_she_asked_me_to_pay_her_bills/,ma40p0d,ms_sinn,16,"Word.  When I split up with my ex three years ago he accused me of being a gold digger.  (Mind you I out earn him 3X.)

I mentioned this to my cousin, and we had a good laugh because in the Bay Area if that’s your goal, there are better options than a single dad scraping by sharing a small apartment with his young adult son. 

(PS it is not my goal.)",https://reddit.com/r/datingoverforty/comments/1idyzuh/_/ma40p0d/,General / Other
1idyzuh,"Dating for a month, she asked me to pay her bills.",datingoverforty,278,https://reddit.com/r/datingoverforty/comments/1idyzuh/dating_for_a_month_she_asked_me_to_pay_her_bills/,ma5lvu7,Sure-Elderberry1083,7,I am a medical professional earning $260k (but in the Bay Area that’s just getting by) Her radar is working but she didn’t pick up the big kahuna.,https://reddit.com/r/datingoverforty/comments/1idyzuh/_/ma5lvu7/,General / Other
1idyzuh,"Dating for a month, she asked me to pay her bills.",datingoverforty,278,https://reddit.com/r/datingoverforty/comments/1idyzuh/dating_for_a_month_she_asked_me_to_pay_her_bills/,ma57jqb,Interesting-Ad-1930,2,Thank her profusely for letting you know so early on. I was dating a woman who I genuinely liked and by date 5 had asked if I’d cover her Botox treatment that coming weekend…. My response? “Thank you so much for being up front with your expectations. I greatly appreciate it and wish you the best.” Phew… I’m thankful she didn’t hold that back for X weeks or months.  Dodged a bullet and knew to start looking out for this on the dating marketplace thereafter.,https://reddit.com/r/datingoverforty/comments/1idyzuh/_/ma57jqb/,General / Other
1phtmi2,Am I a Red Flag? (48M),datingoverforty,277,https://reddit.com/r/datingoverforty/comments/1phtmi2/am_i_a_red_flag_48m/,nt18zo4,Orson_Gravity_Welles,116,"Are you my parents at 15?

  
;)",https://reddit.com/r/datingoverforty/comments/1phtmi2/_/nt18zo4/,General / Other
1phtmi2,Am I a Red Flag? (48M),datingoverforty,277,https://reddit.com/r/datingoverforty/comments/1phtmi2/am_i_a_red_flag_48m/,nt18kqc,Orson_Gravity_Welles,48,"I've had multiple relationships from super short to very long term. Like I noted...I've been close to marrying three times; twice we just decided it wasn't in our best interest, and the third, well, she passed away.

So, I have a good amount of XP.",https://reddit.com/r/datingoverforty/comments/1phtmi2/_/nt18kqc/,General / Other
1phtmi2,Am I a Red Flag? (48M),datingoverforty,277,https://reddit.com/r/datingoverforty/comments/1phtmi2/am_i_a_red_flag_48m/,nt18p7m,Orson_Gravity_Welles,38,"Well, thank you!",https://reddit.com/r/datingoverforty/comments/1phtmi2/_/nt18p7m/,General / Other
1phtmi2,Am I a Red Flag? (48M),datingoverforty,277,https://reddit.com/r/datingoverforty/comments/1phtmi2/am_i_a_red_flag_48m/,nt1a2gc,Orson_Gravity_Welles,37,"Yeah, I have.

I haven't messaged her and I don't plan on it. If we see each other in passing through our mutual friend, I've already planned on saying, ""Hey, what's up, Casper?""",https://reddit.com/r/datingoverforty/comments/1phtmi2/_/nt1a2gc/,General / Other
1phtmi2,Am I a Red Flag? (48M),datingoverforty,277,https://reddit.com/r/datingoverforty/comments/1phtmi2/am_i_a_red_flag_48m/,nt19obt,Orson_Gravity_Welles,9,"Oh, no...I'm definitely a seasoned veteran...my only lacking area is SOMETIMES missing cues, but that's not a big deal.",https://reddit.com/r/datingoverforty/comments/1phtmi2/_/nt19obt/,General / Other
1phtmi2,Am I a Red Flag? (48M),datingoverforty,277,https://reddit.com/r/datingoverforty/comments/1phtmi2/am_i_a_red_flag_48m/,nt188qt,Orson_Gravity_Welles,8,The two of them are pretty tight...I met the woman I was dating through my friend.,https://reddit.com/r/datingoverforty/comments/1phtmi2/_/nt188qt/,General / Other
1phtmi2,Am I a Red Flag? (48M),datingoverforty,277,https://reddit.com/r/datingoverforty/comments/1phtmi2/am_i_a_red_flag_48m/,nt1c5bo,Mobile_Camp_2167,5,"I also just broke up with (technically I did it) a woman that was horrible at communicating what was bothering her. If someone, anyone, can't talk through things then its better for them to leave in the long run. My relationship lasted 6 months. If I had something not sitting right, we could talk about it and I'd be over it in a day. She couldn't let stuff go. My previous girlfriend was even more avoidant.

Onward and upward to a better partner brother. Now we know to bring this up as a talking point in our next relationship. I'm also never married, no kids, loving it, and want a mature partner. It's not that I can't get a girlfriend, have more issues than a normal person, or whatever. I only want marriage if we're close to 💯% certain. I have dodged some bullets by being me, too.

Ive thou",https://reddit.com/r/datingoverforty/comments/1phtmi2/_/nt1c5bo/,Starting over after loss
1phtmi2,Am I a Red Flag? (48M),datingoverforty,277,https://reddit.com/r/datingoverforty/comments/1phtmi2/am_i_a_red_flag_48m/,nt1kh9z,QueenRoisin,5,"I ended up falling for a divorced single father... but let me tell you, you would be nothing but green flags to my 42 yr old never-married childfree self! Ideal package sir, including the cats.",https://reddit.com/r/datingoverforty/comments/1phtmi2/_/nt1kh9z/,Starting over after loss
oza5nx,An Ode To Over 40 SOs,datingoverforty,275,https://reddit.com/r/datingoverforty/comments/oza5nx/an_ode_to_over_40_sos/,h7yq3k8,Proudlymediocre,16,"That's a great question deserving of an answer.

Her daughter is remarkable. An old soul, very confident and very very social/charming. She has lots of friends, has a (very) close relationship with her mom (my SO), has two other women who are like mother figures, and has a dad who is not perfect but is involved in her life and watches her 50%. So she doesn't need another parent figure -- I basically am here to assist my SO how needed (e.g. picking her up from a playdate or school if needed), and just try to be a kindly supportive adult figure in her life rather than a parent figure.

Initially, my SO was not going to introduce me for six months, but we talked/texted so much that her daughter wanted to know more about me, then asked to meet me, then insisted on meeting me. We get along grea",https://reddit.com/r/datingoverforty/comments/oza5nx/_/h7yq3k8/,General / Other
oza5nx,An Ode To Over 40 SOs,datingoverforty,275,https://reddit.com/r/datingoverforty/comments/oza5nx/an_ode_to_over_40_sos/,h7yrj1h,Proudlymediocre,10,"I agree! I can't believe how quickly we moved, partially because we talked about taking it slow and believed in going slow, but it just seemed so natural for us to move at the pace we did. But there definitely should be no rush!",https://reddit.com/r/datingoverforty/comments/oza5nx/_/h7yrj1h/,General / Other
oza5nx,An Ode To Over 40 SOs,datingoverforty,275,https://reddit.com/r/datingoverforty/comments/oza5nx/an_ode_to_over_40_sos/,h7yc86y,Proudlymediocre,10,Thank you!! And I like that! Edited.,https://reddit.com/r/datingoverforty/comments/oza5nx/_/h7yc86y/,General / Other
oza5nx,An Ode To Over 40 SOs,datingoverforty,275,https://reddit.com/r/datingoverforty/comments/oza5nx/an_ode_to_over_40_sos/,h7z1sq2,Proudlymediocre,8,"Hi, Thank you and I wish the best for you!… 

I did almost exclusively OLD. I think every individual has different experiences on OLD — for me, as a 51M *not* looking for hookups and wanting to date people my own age and not seeking anything serious (and having low expectations), it was a wonderful experience. I met mostly wonderful people. There are some people who were not yet over their ex who should not be dating, a few people who were shallow, some people who just weren’t a match for me (e.g. I love conversation and don’t do well with silence, I’m goofy/silly by nature, have a lot of physical energy, am high libido but don’t like casual sex, am not going to kill myself at this point in my life in pursuit of glamour/$, etc.), but that said people were nice and I loved dating. I used Zo",https://reddit.com/r/datingoverforty/comments/oza5nx/_/h7z1sq2/,General / Other
oza5nx,An Ode To Over 40 SOs,datingoverforty,275,https://reddit.com/r/datingoverforty/comments/oza5nx/an_ode_to_over_40_sos/,h7ys5bh,Proudlymediocre,7,🙏💯🤗,https://reddit.com/r/datingoverforty/comments/oza5nx/_/h7ys5bh/,General / Other
oza5nx,An Ode To Over 40 SOs,datingoverforty,275,https://reddit.com/r/datingoverforty/comments/oza5nx/an_ode_to_over_40_sos/,h7yrlrz,Proudlymediocre,6,Thank you so much! I really appreciate that! And I appreciate your making it that much better. Take care.,https://reddit.com/r/datingoverforty/comments/oza5nx/_/h7yrlrz/,General / Other
oza5nx,An Ode To Over 40 SOs,datingoverforty,275,https://reddit.com/r/datingoverforty/comments/oza5nx/an_ode_to_over_40_sos/,h7z0ygn,Proudlymediocre,5,"It’s so much dating at our age, isn’t it?",https://reddit.com/r/datingoverforty/comments/oza5nx/_/h7z0ygn/,General / Other
oza5nx,An Ode To Over 40 SOs,datingoverforty,275,https://reddit.com/r/datingoverforty/comments/oza5nx/an_ode_to_over_40_sos/,h7yrf66,Proudlymediocre,4,Thank you so much! I'm really happy for you! And agree with your words!,https://reddit.com/r/datingoverforty/comments/oza5nx/_/h7yrf66/,General / Other
oza5nx,An Ode To Over 40 SOs,datingoverforty,275,https://reddit.com/r/datingoverforty/comments/oza5nx/an_ode_to_over_40_sos/,h7yqx9b,Proudlymediocre,4,I love your story and your comment! I agree 100%. Congratulations on meeting a great guy!,https://reddit.com/r/datingoverforty/comments/oza5nx/_/h7yqx9b/,General / Other
oza5nx,An Ode To Over 40 SOs,datingoverforty,275,https://reddit.com/r/datingoverforty/comments/oza5nx/an_ode_to_over_40_sos/,h7z2ab5,Proudlymediocre,4,"There is definitely hope!

I think there are influences out of our control, including location (I live in a big city with a lot of people thus a big dating pool). But I enjoyed it, both meeting a lot of new people then coincidentally meeting the right person for me. 

I wish the best for you, too.",https://reddit.com/r/datingoverforty/comments/oza5nx/_/h7z2ab5/,General / Other
oza5nx,An Ode To Over 40 SOs,datingoverforty,275,https://reddit.com/r/datingoverforty/comments/oza5nx/an_ode_to_over_40_sos/,h7yr40p,Proudlymediocre,3,Thank you! I loved it! All my best to you!,https://reddit.com/r/datingoverforty/comments/oza5nx/_/h7yr40p/,General / Other
oza5nx,An Ode To Over 40 SOs,datingoverforty,275,https://reddit.com/r/datingoverforty/comments/oza5nx/an_ode_to_over_40_sos/,h7yr9wb,Proudlymediocre,3,"Thank you so much! I feel so very lucky, truly. I wish you all the best!",https://reddit.com/r/datingoverforty/comments/oza5nx/_/h7yr9wb/,General / Other
oza5nx,An Ode To Over 40 SOs,datingoverforty,275,https://reddit.com/r/datingoverforty/comments/oza5nx/an_ode_to_over_40_sos/,h7za3ll,Proudlymediocre,3,"Ha, no no, I’m not that talented and am too distracted to be a writer :) I just like writing short blurbs that are like journal entries.

But my SO really is an amazing person. She does well for herself in all facets of life.",https://reddit.com/r/datingoverforty/comments/oza5nx/_/h7za3ll/,General / Other
oza5nx,An Ode To Over 40 SOs,datingoverforty,275,https://reddit.com/r/datingoverforty/comments/oza5nx/an_ode_to_over_40_sos/,h7yqr41,Proudlymediocre,3,"I loved it. Truly. I hope you have as much fun as I did. I planned to wait to date but was so lonely that I started dating a little earlier than I should. I found that most women were accepting of my separated status as long as I was transparent, above board and answered any questions they had. 

Wishing you happiness!",https://reddit.com/r/datingoverforty/comments/oza5nx/_/h7yqr41/,General / Other
oza5nx,An Ode To Over 40 SOs,datingoverforty,275,https://reddit.com/r/datingoverforty/comments/oza5nx/an_ode_to_over_40_sos/,h7zg1zm,Proudlymediocre,3,Yes. She is almost a year older. 53 vs. my 52.,https://reddit.com/r/datingoverforty/comments/oza5nx/_/h7zg1zm/,General / Other
w74610,Update and Lesson Learned,datingoverforty,274,https://reddit.com/r/datingoverforty/comments/w74610/update_and_lesson_learned/,ihhlacq,Sunnygirl2020,18,He's not married but probably only in it for sex.,https://reddit.com/r/datingoverforty/comments/w74610/_/ihhlacq/,General / Other
w74610,Update and Lesson Learned,datingoverforty,274,https://reddit.com/r/datingoverforty/comments/w74610/update_and_lesson_learned/,ihnyzi0,Sunnygirl2020,2,I want to thank everyone here for your honest advice. I read everyone's comments and appreciate all the feedback. Time for this gal to find someone better :),https://reddit.com/r/datingoverforty/comments/w74610/_/ihnyzi0/,General / Other
w74610,Update and Lesson Learned,datingoverforty,274,https://reddit.com/r/datingoverforty/comments/w74610/update_and_lesson_learned/,ihnz852,Sunnygirl2020,2,Never intimate and my good friend was a female who was visiting from out of town.,https://reddit.com/r/datingoverforty/comments/w74610/_/ihnz852/,Fear of intimacy after abstinence
w74610,Update and Lesson Learned,datingoverforty,274,https://reddit.com/r/datingoverforty/comments/w74610/update_and_lesson_learned/,ihobam9,wcskjb,1,"Downvote me all you want, but you all seem to be reaching for the least likely and most negative explanation for this man’s behavior. 
As a man, what he did was perfectly reasonable for an older, never married busy executive who demonstrably could settle down if he wanted, but chooses not to. 
His thinking:
1.	Don’t build your social life around me, date other people. I may suggest it in a teasing way, but I really mean it. 
2.	I enjoy our time together when it happens, but don’t give me shit about how and how often I contact you. We are not in a relationship and may never be. 
3.	If I sense you are trying to make me jealous to assess my interest, as so many other women have tried to do, I will cut you off fast. 
Women, you can call a guy who does that whatever you want. But trust me, he w",https://reddit.com/r/datingoverforty/comments/w74610/_/ihobam9/,General / Other
p6n16a,Date on Friday the 13th,datingoverforty,272,https://reddit.com/r/datingoverforty/comments/p6n16a/date_on_friday_the_13th/,h9e07cs,SuperStellar007,20,😆😆 Classic,https://reddit.com/r/datingoverforty/comments/p6n16a/_/h9e07cs/,General / Other
p6n16a,Date on Friday the 13th,datingoverforty,272,https://reddit.com/r/datingoverforty/comments/p6n16a/date_on_friday_the_13th/,h9f83ou,SuperStellar007,15,He did say that's one of his favorite things to do.😆,https://reddit.com/r/datingoverforty/comments/p6n16a/_/h9f83ou/,General / Other
p6n16a,Date on Friday the 13th,datingoverforty,272,https://reddit.com/r/datingoverforty/comments/p6n16a/date_on_friday_the_13th/,h9f9trz,SuperStellar007,10,"Lol, now that you mention that he was complaining about his mom. Oh geez,😆",https://reddit.com/r/datingoverforty/comments/p6n16a/_/h9f9trz/,General / Other
p6n16a,Date on Friday the 13th,datingoverforty,272,https://reddit.com/r/datingoverforty/comments/p6n16a/date_on_friday_the_13th/,h9f811a,SuperStellar007,5,Lol,https://reddit.com/r/datingoverforty/comments/p6n16a/_/h9f811a/,General / Other
p6n16a,Date on Friday the 13th,datingoverforty,272,https://reddit.com/r/datingoverforty/comments/p6n16a/date_on_friday_the_13th/,h9fg4k1,SuperStellar007,5,"Here's how it happened, yes I was attracted to his pictures and we had some things in common. Thought I would give it a go, but after getting to know him in person he wasn't a good fit for me and my lifestyle.",https://reddit.com/r/datingoverforty/comments/p6n16a/_/h9fg4k1/,General / Other
p6n16a,Date on Friday the 13th,datingoverforty,272,https://reddit.com/r/datingoverforty/comments/p6n16a/date_on_friday_the_13th/,h9f91h3,SuperStellar007,4,"Actually, with kids and different work schedules, it was the only time I could meet him.",https://reddit.com/r/datingoverforty/comments/p6n16a/_/h9f91h3/,General / Other
p6n16a,Date on Friday the 13th,datingoverforty,272,https://reddit.com/r/datingoverforty/comments/p6n16a/date_on_friday_the_13th/,h9f8bff,SuperStellar007,3,"Probably,😆",https://reddit.com/r/datingoverforty/comments/p6n16a/_/h9f8bff/,General / Other
p6n16a,Date on Friday the 13th,datingoverforty,272,https://reddit.com/r/datingoverforty/comments/p6n16a/date_on_friday_the_13th/,h9eyfzy,SuperStellar007,3,🤣,https://reddit.com/r/datingoverforty/comments/p6n16a/_/h9eyfzy/,General / Other
p6n16a,Date on Friday the 13th,datingoverforty,272,https://reddit.com/r/datingoverforty/comments/p6n16a/date_on_friday_the_13th/,h9f8lpv,SuperStellar007,3,Lol,https://reddit.com/r/datingoverforty/comments/p6n16a/_/h9f8lpv/,General / Other
p6n16a,Date on Friday the 13th,datingoverforty,272,https://reddit.com/r/datingoverforty/comments/p6n16a/date_on_friday_the_13th/,h9f8j5c,SuperStellar007,3,"Lol,  Did you see fireworks?",https://reddit.com/r/datingoverforty/comments/p6n16a/_/h9f8j5c/,General / Other
p6n16a,Date on Friday the 13th,datingoverforty,272,https://reddit.com/r/datingoverforty/comments/p6n16a/date_on_friday_the_13th/,h9frjmb,SuperStellar007,3,"Yes, they were for both of us.",https://reddit.com/r/datingoverforty/comments/p6n16a/_/h9frjmb/,General / Other
1samiu8,How to indicate to women that they shouldn't background check me before I can explain the situation?,datingoverforty,269,https://reddit.com/r/datingoverforty/comments/1samiu8/how_to_indicate_to_women_that_they_shouldnt/,oej56h5,ProInvestCK,3,"As some others are saying - would be up front about it as quick as possible to nip it in the butt. If I was in your situation, yes I'd have the most trustable background check/print out available. Have a PDF file on your phone so you could always pull it up and send it to them if need be. Sounds a bit overtop but you're already there in terms of this being necessary as you have high conviction that this mix-up is impacting your dating experience. Probably helpful if there's a mugshot/photo of the person to compare to you, etc.

I think you can play the situation off as you're just trying to be upfront and transparent. You've heard some friends tell you they've tried to help you out with your dating profile and in that effort they googled your name and stumbled upon the other Toms, one of w",https://reddit.com/r/datingoverforty/comments/1samiu8/_/oej56h5/,General / Other
1l90m1r,Would you date someone who said giving/getting oral is 100% off the table?,datingoverforty,247,https://reddit.com/r/datingoverforty/comments/1l90m1r/would_you_date_someone_who_said_givinggetting/,mx915f6,WhiteHeteroMale,88,"Nope.  It’s a deal breaker for me - both to give and receive oral.  

As a guy, I want to go on record that I recognize that there still remains among too many men a sense that bringing their female partners to orgasm is optional - at *their* discretion (not their partner’s).  That’s ridiculous.  Men should call this out whenever they hear of other men behaving this way, and women should refuse sex under these terms.",https://reddit.com/r/datingoverforty/comments/1l90m1r/_/mx915f6/,General / Other
1l90m1r,Would you date someone who said giving/getting oral is 100% off the table?,datingoverforty,247,https://reddit.com/r/datingoverforty/comments/1l90m1r/would_you_date_someone_who_said_givinggetting/,mxagxs5,TheRealFrantik,19,"Interestingly, he seems to have no problem getting with women, which blows me away. Granted, I've known him for about twenty years and have never seen him in an actual relationship though, so I guess that says it all lol",https://reddit.com/r/datingoverforty/comments/1l90m1r/_/mxagxs5/,General / Other
1l90m1r,Would you date someone who said giving/getting oral is 100% off the table?,datingoverforty,247,https://reddit.com/r/datingoverforty/comments/1l90m1r/would_you_date_someone_who_said_givinggetting/,mxahcyi,TheRealFrantik,13,"Yeah I would say that's one of the few exceptions, because it's hard to judge someone for not wanting to do something that triggers their PTSD.  Selfishly, I might have a hard time being with someone like that, but would absolutely respect their reasoning behind it.",https://reddit.com/r/datingoverforty/comments/1l90m1r/_/mxahcyi/,General / Other
1l90m1r,Would you date someone who said giving/getting oral is 100% off the table?,datingoverforty,247,https://reddit.com/r/datingoverforty/comments/1l90m1r/would_you_date_someone_who_said_givinggetting/,mx90653,Trizzle1069,12,As a guy I don’t think I would date someone who took that off the table.  Good sex is important.,https://reddit.com/r/datingoverforty/comments/1l90m1r/_/mx90653/,General / Other
1l90m1r,Would you date someone who said giving/getting oral is 100% off the table?,datingoverforty,247,https://reddit.com/r/datingoverforty/comments/1l90m1r/would_you_date_someone_who_said_givinggetting/,mx93wya,Dylanear,9,"I'm a guy and feel at their best a BJ is an absolutely wonderful thing! But, a BJ that's less than entirely enthusiastically given I'd be happy to live without the rest of my life. If sex overall is awesome, I certainly prefer PIV sex to getting oral sex, so I'm fine being with a woman who just doesn't like giving oral sex, or flatly refuses to as long as that's not part of a general squeamishness about sex or physical intimacy. I have been with someone who just seemed unenthusiastic when she first did it without me asking and it quickly fell off our repertoire without any discussion on the matter, I never asked or hinted at missing it, we had lovely sex without that particular thing and it wasn't a factor in our sex life or relationship at for me. I can't think of another ongoing relation",https://reddit.com/r/datingoverforty/comments/1l90m1r/_/mx93wya/,General / Other
1l90m1r,Would you date someone who said giving/getting oral is 100% off the table?,datingoverforty,247,https://reddit.com/r/datingoverforty/comments/1l90m1r/would_you_date_someone_who_said_givinggetting/,mx922ar,IRideMoreThanYou,8,"&gt; I'm a guy. I have a couple guy friends who claim that they would never ever go down on a girl.

First, I’m not an awkward, perpetual teenager with weird hangups regarding women. So, this doesn’t apply to me.

Second, I don’t date people that aren’t a match for me. So, if basic sex acts are some weird hard stop, then we probably aren’t a match in a multitude of other ways.",https://reddit.com/r/datingoverforty/comments/1l90m1r/_/mx922ar/,General / Other
1h2nlvc,Does anyone actually want to get married? ,datingoverforty,246,https://reddit.com/r/datingoverforty/comments/1h2nlvc/does_anyone_actually_want_to_get_married/,lzkg035,Baseball_bossman,22,"For sure. It takes time to get to know someone. It’s easy to love but the key is liking and loving the person. I wouldn’t rush into marriage either. In fact I take my time getting to know people since compatibility is essential, but in a world so big I’d imagine in due time we can all find what we desire.",https://reddit.com/r/datingoverforty/comments/1h2nlvc/_/lzkg035/,General / Other
1h2nlvc,Does anyone actually want to get married? ,datingoverforty,246,https://reddit.com/r/datingoverforty/comments/1h2nlvc/does_anyone_actually_want_to_get_married/,lzkgkyn,Baseball_bossman,17,"Sorry you feel that way. I also have trouble landing dates and when I do it’s usually with women I realize after a few dates I don’t click with. I also don’t have good luck on OLD, so I refuse to pay for it, plus I like to meet people in the real world. I’m not going to give up though. Our match is out there. Keep your head up",https://reddit.com/r/datingoverforty/comments/1h2nlvc/_/lzkgkyn/,General / Other
1h2nlvc,Does anyone actually want to get married? ,datingoverforty,246,https://reddit.com/r/datingoverforty/comments/1h2nlvc/does_anyone_actually_want_to_get_married/,lzkj7g8,[deleted],16,"While I wasn't 100%, need to be married, I was 100%, looking for a life partner.  And I mostly wanted marriage, but could accept if the person otherwise didn't want it.  I had been married once before and I was the one to initiate the divorce.

My fiancee was initially a hard-no on marriage (she was also in the middle of a divorce), so after hearing that I didn't bring it up again.  Until she broached me about re-thinking things after seeing what it was like to actually be with a real partner.  She wanted the social weight of marriage, and she wanted to ""do it right"" this time.

Just before meeting my fiancee I was dating a woman who initially said that she wanted a partnership+cohabitation.  But she was lost in the sea of low effort sexters, cat fish and other ... not-for-her people in th",https://reddit.com/r/datingoverforty/comments/1h2nlvc/_/lzkj7g8/,Coping with physical loneliness
1h2nlvc,Does anyone actually want to get married? ,datingoverforty,246,https://reddit.com/r/datingoverforty/comments/1h2nlvc/does_anyone_actually_want_to_get_married/,lzkmbfz,Baseball_bossman,9,Love this,https://reddit.com/r/datingoverforty/comments/1h2nlvc/_/lzkmbfz/,General / Other
1h2nlvc,Does anyone actually want to get married? ,datingoverforty,246,https://reddit.com/r/datingoverforty/comments/1h2nlvc/does_anyone_actually_want_to_get_married/,lzkgwjj,Baseball_bossman,8,That’s great. Soul searching is always good. I’m def not worried about things. I believe in life everything is always working out for us and our mindset plays a major role. Hopefully I do get to experience meeting and marrying my best friend. I won’t give up and I’ll continue to enjoy life either way.,https://reddit.com/r/datingoverforty/comments/1h2nlvc/_/lzkgwjj/,General / Other
1h2nlvc,Does anyone actually want to get married? ,datingoverforty,246,https://reddit.com/r/datingoverforty/comments/1h2nlvc/does_anyone_actually_want_to_get_married/,lzkickb,Baseball_bossman,8,My parents and my brother married their best friend. That’s key.,https://reddit.com/r/datingoverforty/comments/1h2nlvc/_/lzkickb/,General / Other
1h2nlvc,Does anyone actually want to get married? ,datingoverforty,246,https://reddit.com/r/datingoverforty/comments/1h2nlvc/does_anyone_actually_want_to_get_married/,lzkfrc0,Baseball_bossman,4,Yea that makes sense,https://reddit.com/r/datingoverforty/comments/1h2nlvc/_/lzkfrc0/,General / Other
1h2nlvc,Does anyone actually want to get married? ,datingoverforty,246,https://reddit.com/r/datingoverforty/comments/1h2nlvc/does_anyone_actually_want_to_get_married/,lzkh45j,Baseball_bossman,4,👏,https://reddit.com/r/datingoverforty/comments/1h2nlvc/_/lzkh45j/,General / Other
1h2nlvc,Does anyone actually want to get married? ,datingoverforty,246,https://reddit.com/r/datingoverforty/comments/1h2nlvc/does_anyone_actually_want_to_get_married/,lzkpcpy,Baseball_bossman,4,I’m praying and hoping for you!,https://reddit.com/r/datingoverforty/comments/1h2nlvc/_/lzkpcpy/,General / Other
1h2nlvc,Does anyone actually want to get married? ,datingoverforty,246,https://reddit.com/r/datingoverforty/comments/1h2nlvc/does_anyone_actually_want_to_get_married/,lzkuc6l,Own_Resource4445,4,"I was with my ex-wife for 15 years (married 10). I’ve been divorced for six years now, and yes, I absolutely want to be married again.",https://reddit.com/r/datingoverforty/comments/1h2nlvc/_/lzkuc6l/,Starting over after loss
1h2nlvc,Does anyone actually want to get married? ,datingoverforty,246,https://reddit.com/r/datingoverforty/comments/1h2nlvc/does_anyone_actually_want_to_get_married/,lzktoz4,Baseball_bossman,3,"That’s all beautiful! It is about finding the right person and also being able to do work ourselves. Compromise, communicating, etc. I wish you two the best of luck",https://reddit.com/r/datingoverforty/comments/1h2nlvc/_/lzktoz4/,General / Other
1h2nlvc,Does anyone actually want to get married? ,datingoverforty,246,https://reddit.com/r/datingoverforty/comments/1h2nlvc/does_anyone_actually_want_to_get_married/,lzkp0pu,GenghisCoen,3,"I was married for a couple years, but that was 12 years ago. I'm not saying I would never get married again, but the idea of living with a partner is the first step, and that's a MUCH bigger hurdle to get over. 

Like hypothetically, I would have married my last girlfriend, if we could have maintained separate residences.",https://reddit.com/r/datingoverforty/comments/1h2nlvc/_/lzkp0pu/,General / Other
1h2nlvc,Does anyone actually want to get married? ,datingoverforty,246,https://reddit.com/r/datingoverforty/comments/1h2nlvc/does_anyone_actually_want_to_get_married/,lzlpedn,StunningBroccoli420,3,"my relationship with my ex wife ended 20 years ago. 

If I can find a woman who can wade through all my issues and still love me 

Then ill crack the planet for her.",https://reddit.com/r/datingoverforty/comments/1h2nlvc/_/lzlpedn/,Starting over after loss
1h2nlvc,Does anyone actually want to get married? ,datingoverforty,246,https://reddit.com/r/datingoverforty/comments/1h2nlvc/does_anyone_actually_want_to_get_married/,lzn9dzb,Finney1313,3,"Yes. I was married to my ex-husband for 15 years, together for nearly 21 years. Being a girlfriend, or ""partner"", doesn't interest me. I'm a wife at heart, and I hope to be a wife again someday. I'm 43, and there's still time.",https://reddit.com/r/datingoverforty/comments/1h2nlvc/_/lzn9dzb/,General / Other
1h2nlvc,Does anyone actually want to get married? ,datingoverforty,246,https://reddit.com/r/datingoverforty/comments/1h2nlvc/does_anyone_actually_want_to_get_married/,lzndysh,Fleecemane_Parka,3,"I'm a 41m never married. I'd very much like to get married. I just feel like most people can't commit to anything that might change their life. 

I'm pretty resigned to the fact that I'm searching for someone who doesn't exist.",https://reddit.com/r/datingoverforty/comments/1h2nlvc/_/lzndysh/,General / Other
1h2nlvc,Does anyone actually want to get married? ,datingoverforty,246,https://reddit.com/r/datingoverforty/comments/1h2nlvc/does_anyone_actually_want_to_get_married/,lznpdsr,frizzer69,3,"53m divorced with 3 young kids. 
I was raised Catholic until about the age of 13. My parents have been married for 54y and got strong. 
I really only ever wanted a committed relationship with marriage being optional. I didn't and still don't see it as anything other than a ceremony for everyone else as well as a piece of paper/contract between two people. 
In Australia couples don't need to get married to be afforded the same legal rights etc.Defacto relationships are just as valid.
The people I care about already know when I'm in love with someone and committed to spending my life with them.... There's no need for a ceremony. 
The wedding and marriage certificate add nothing of value and generally cost a lot of money. 
I got married because it was important to my ex-wife and I wanted to m",https://reddit.com/r/datingoverforty/comments/1h2nlvc/_/lznpdsr/,Building self-worth
1jynuhd,It finally happened...,datingoverforty,245,https://reddit.com/r/datingoverforty/comments/1jynuhd/it_finally_happened/,mmzy13m,BreathZestyclose5248,35,Thank you. I am not going silent as we have been texting somewhat today and I am trying to match her energy.,https://reddit.com/r/datingoverforty/comments/1jynuhd/_/mmzy13m/,Learning the mechanics of dating
1jynuhd,It finally happened...,datingoverforty,245,https://reddit.com/r/datingoverforty/comments/1jynuhd/it_finally_happened/,mn03tz4,BreathZestyclose5248,11,Thanks brother. I think I am finally ready for this to happen.,https://reddit.com/r/datingoverforty/comments/1jynuhd/_/mn03tz4/,General / Other
1jynuhd,It finally happened...,datingoverforty,245,https://reddit.com/r/datingoverforty/comments/1jynuhd/it_finally_happened/,mmzyi8u,BreathZestyclose5248,10,"Thanks, I am trying to roll a 7 or an 11.",https://reddit.com/r/datingoverforty/comments/1jynuhd/_/mmzyi8u/,General / Other
1jynuhd,It finally happened...,datingoverforty,245,https://reddit.com/r/datingoverforty/comments/1jynuhd/it_finally_happened/,mmzxp7v,BreathZestyclose5248,10,"Thank you for the advice, yes it was amazing and I think I am ready for this to progress at the proper pace.",https://reddit.com/r/datingoverforty/comments/1jynuhd/_/mmzxp7v/,General / Other
1jynuhd,It finally happened...,datingoverforty,245,https://reddit.com/r/datingoverforty/comments/1jynuhd/it_finally_happened/,mmzw879,BreathZestyclose5248,8,Thank you. Yes I will roll with it.,https://reddit.com/r/datingoverforty/comments/1jynuhd/_/mmzw879/,General / Other
1jynuhd,It finally happened...,datingoverforty,245,https://reddit.com/r/datingoverforty/comments/1jynuhd/it_finally_happened/,mmzyc2w,BreathZestyclose5248,8,"Thanks for the advice, I am trying to go for a steady burn.",https://reddit.com/r/datingoverforty/comments/1jynuhd/_/mmzyc2w/,General / Other
1jynuhd,It finally happened...,datingoverforty,245,https://reddit.com/r/datingoverforty/comments/1jynuhd/it_finally_happened/,mn1mh65,BreathZestyclose5248,7,Thank you. Our conversations occur very naturally and I am observing her and actually listening to her.,https://reddit.com/r/datingoverforty/comments/1jynuhd/_/mn1mh65/,General / Other
1jynuhd,It finally happened...,datingoverforty,245,https://reddit.com/r/datingoverforty/comments/1jynuhd/it_finally_happened/,mn1lh2y,BreathZestyclose5248,3,Thank you. I think I am finally mental ready for this.,https://reddit.com/r/datingoverforty/comments/1jynuhd/_/mn1lh2y/,General / Other
wh2zve,I forgot what it feels like when it's effortless and FUN.,datingoverforty,235,https://reddit.com/r/datingoverforty/comments/wh2zve/i_forgot_what_it_feels_like_when_its_effortless/,ij3p02r,swingset27,24,"No, you're putting words in my mouth and I'm not having it. I did not say anyone was a failure, I said I was not the failure POINT. **POINT.** Meaning a condition where things go wrong. I was there, present, taking an interest, and *TRYING*. If two people are playing tennis and one walks off the court, or never shows up, it's reasonable and logical to conclude that the player that showed up ready to hit the ball was NOT the failure point, and the decision not to play was the failure point.

I also said that I know I'm not everyone's cup of tea, that's fine too, and I have absolutely zero expectations that just because we meet at a watering hole they're sexually or romantically interested, but since they had my picture, knew my banter, and humor before hand, it's a reasonable question to as",https://reddit.com/r/datingoverforty/comments/wh2zve/_/ij3p02r/,General / Other
wh2zve,I forgot what it feels like when it's effortless and FUN.,datingoverforty,235,https://reddit.com/r/datingoverforty/comments/wh2zve/i_forgot_what_it_feels_like_when_its_effortless/,ij3t8gr,swingset27,21,"Yeah, that's something my friends and I have talked about and this reinforced for me.

I've NEVER had a text/chat turn into anything even remotely real or a successful date if it didn't turn into meeting very quickly. Both of my long term GF's and all the dates I enjoyed, were fast to establish rapport and we agreed to meet within a day, two at max. I genuinely believe that if you're interested, REALLY interested, and available (and why date if you're not?), that you want to meet this person and you make it happen. And, if you feel that momentum, it's intoxicating and it propels things along. Even on the rare occasions that someone was just really struggling to find time for that meet? It then (logically) translated to their life being so busy and time so rare that I never got a foothold o",https://reddit.com/r/datingoverforty/comments/wh2zve/_/ij3t8gr/,General / Other
wh2zve,I forgot what it feels like when it's effortless and FUN.,datingoverforty,235,https://reddit.com/r/datingoverforty/comments/wh2zve/i_forgot_what_it_feels_like_when_its_effortless/,ij3pg5r,swingset27,11,"Would be disappointing if it flops, but not going to hurt my feelings. Wouldn't be the first time, either. If I get to my one, then these failures are the price.",https://reddit.com/r/datingoverforty/comments/wh2zve/_/ij3pg5r/,Fear of intimacy after abstinence
wh2zve,I forgot what it feels like when it's effortless and FUN.,datingoverforty,235,https://reddit.com/r/datingoverforty/comments/wh2zve/i_forgot_what_it_feels_like_when_its_effortless/,ij41rbu,Inevitable_Ad_4252,8,"I get it. Last year was the same for me. Online dating was trying and I was about to take a nice long break after 6 months of boring dates going nowhere. Then, I met her. I finally met my (now ex girlfriend) and it was easy. So easy. We fell right into each other and for 8 months I was the happiest of anyone and I’d ever been at 45. Then, something flipped. She changed. She pushed me away and for a slight moment recognized it and talked about it, then for one day tried. And after that..it just got worse. And now we barely talk, barely see each other and in her words “we never had a relationship, we’ve only been dating” when just five weeks ago she said she was “in a good relationship, like right now with you”

So, it can be easy. And it can also be very very hard. I’m confused, I’m angry, ",https://reddit.com/r/datingoverforty/comments/wh2zve/_/ij41rbu/,General / Other
wh2zve,I forgot what it feels like when it's effortless and FUN.,datingoverforty,235,https://reddit.com/r/datingoverforty/comments/wh2zve/i_forgot_what_it_feels_like_when_its_effortless/,ij50b2y,jbishop7710,5,"I had this very same experience three weeks ago with a woman.  I was dumbfounded in the moment.  Everything was clicking like clockwork.  She was attractive and fit, exactly my type, maybe a notch or two above my ""level."" Lots of flirting and touching, all started by her.  She Seemed very into me.  We kissed passionately at the end of the date and several future date plans were made. I probably could have brought her home with me but didn't want to press my luck. I figured the opportunity for that would come soon.  Texting continued after we got home, and I literally fell asleep feeling like I had the girlfriend of my dreams.  Like two weeks of relationship in one date.  All the escalation was on her side, I just matched the energy.  In the back of my mind I knew something was WAY off but ",https://reddit.com/r/datingoverforty/comments/wh2zve/_/ij50b2y/,Learning the mechanics of dating
wh2zve,I forgot what it feels like when it's effortless and FUN.,datingoverforty,235,https://reddit.com/r/datingoverforty/comments/wh2zve/i_forgot_what_it_feels_like_when_its_effortless/,im4z4wv,swingset27,4,"Still seeing her and things are going well. I had some family stuff with a sick parent and had to fly home and tend to that so it did pause things a little but I just got back, we have plans to meet and hopefully pick right back up where we left off.",https://reddit.com/r/datingoverforty/comments/wh2zve/_/im4z4wv/,General / Other
wh2zve,I forgot what it feels like when it's effortless and FUN.,datingoverforty,235,https://reddit.com/r/datingoverforty/comments/wh2zve/i_forgot_what_it_feels_like_when_its_effortless/,ij6m0x3,swingset27,3,"I had a similarly easy/sexually charged date a few years ago that went south like that, out of nowhere, and it burned me pretty good on getting my hopes up or investing emotion in someone (hence me saying this time around that it's not a happy story YET). So, my sympathies, it was a kick in the gut and I still am dumbfounded how reckless and thoughtless someone can be in their attractions.

I think some people, men and women, enjoy that mad rush but the reality is that they're just in it FOR THAT, and literally nothing else. Or, they're cheating and enjoying the adoration and high they lack in their marriage, or they're just plain fucking nuts/evil.

But, that's the risk, isn't it? Hopefully this one works out better for me, but I'm not writing her name on my Trapper Keeper yet, I know bet",https://reddit.com/r/datingoverforty/comments/wh2zve/_/ij6m0x3/,General / Other
wh2zve,I forgot what it feels like when it's effortless and FUN.,datingoverforty,235,https://reddit.com/r/datingoverforty/comments/wh2zve/i_forgot_what_it_feels_like_when_its_effortless/,ij3tgkt,swingset27,3,"I laughed, because it's true. I have the satin windbreaker from ""Boring Date Resort and Spa"" to prove it.",https://reddit.com/r/datingoverforty/comments/wh2zve/_/ij3tgkt/,General / Other
1ke0ohh,"Great connection and interest, disgusting home",datingoverforty,229,https://reddit.com/r/datingoverforty/comments/1ke0ohh/great_connection_and_interest_disgusting_home/,mqf6fs8,Klutzy_Wedding5144,65,"Firstly, “a speck of oil” made me LOL. It sounds horrible but as a fellow New Yorker, familiar with the dating market, I’d ask about it before dumping him. You “claim” to have met a 48M, successful, attractive, charming in this city? I’m kidding but dead serious. Maybe he is in some sort of transition phase of life? Has been depressed? It sounds like you’d work with him if he had some semblance of an explanation.  

Unfortunately, I’ve known of some guys who are in relationships so they share some random, beat up apartment that they bring women to and claim it’s their home. Did you see mail? Things in the closet? On second thought- don’t tell me what was in the closet, please. But really, just go on one more date and ask a few questions instead of the instant NEXT approach which leaves eve",https://reddit.com/r/datingoverforty/comments/1ke0ohh/_/mqf6fs8/,Getting over approach anxiety
1ke0ohh,"Great connection and interest, disgusting home",datingoverforty,229,https://reddit.com/r/datingoverforty/comments/1ke0ohh/great_connection_and_interest_disgusting_home/,mqf87eu,lcmillz,47,"Yeah, that’s what I’m trying to be careful about - I don’t want to shrug him off because of one red flag, but damn the flag was bright red and huge.",https://reddit.com/r/datingoverforty/comments/1ke0ohh/_/mqf87eu/,Coping with physical loneliness
1ke0ohh,"Great connection and interest, disgusting home",datingoverforty,229,https://reddit.com/r/datingoverforty/comments/1ke0ohh/great_connection_and_interest_disgusting_home/,mqfdsz2,lcmillz,25,"Omg hilarious. You can find literally anything on the eccentricity spectrum here in NYC, so maybe you’re right! Should I ask him where his “real” home is?! (Kidding)",https://reddit.com/r/datingoverforty/comments/1ke0ohh/_/mqfdsz2/,Managing neurodivergence in dating
1ke0ohh,"Great connection and interest, disgusting home",datingoverforty,229,https://reddit.com/r/datingoverforty/comments/1ke0ohh/great_connection_and_interest_disgusting_home/,mqflrez,lcmillz,22,"This is really helpful, thank you. I think I could even simplify it more and just leave it at “feeling comfortable and at ease in my partner’s space is important to me, and I didn’t feel that at your current space”.",https://reddit.com/r/datingoverforty/comments/1ke0ohh/_/mqflrez/,General / Other
1ke0ohh,"Great connection and interest, disgusting home",datingoverforty,229,https://reddit.com/r/datingoverforty/comments/1ke0ohh/great_connection_and_interest_disgusting_home/,mqfb3ge,Shitty_Electrician,21,"As a man, I'm sorry. Stinks when you like someone and they don't like up with your values. 
I just had the owners of my rental house request a walkthrough and they were surprised I wasn't married and just live with my adult daughter. Even mentioned how it's so clean how do I do it with a dog. I take pride in that. Some men do and some don't.",https://reddit.com/r/datingoverforty/comments/1ke0ohh/_/mqfb3ge/,Building self-worth
1ke0ohh,"Great connection and interest, disgusting home",datingoverforty,229,https://reddit.com/r/datingoverforty/comments/1ke0ohh/great_connection_and_interest_disgusting_home/,mqf8eoa,lcmillz,20,I mean he was SO eager to invite me over and cook. Did he not think that he needed 2 seats and 2 forks?,https://reddit.com/r/datingoverforty/comments/1ke0ohh/_/mqf8eoa/,General / Other
1ke0ohh,"Great connection and interest, disgusting home",datingoverforty,229,https://reddit.com/r/datingoverforty/comments/1ke0ohh/great_connection_and_interest_disgusting_home/,mqfjcd2,iwillbringuwater,18,"If you want to take on the household duties alone, stay with him. He seems to be of a mind that a woman makes a home (read: I have to put forth no effort aside from working and existing as a man). Some women really like this dynamic as they have more control over the shared space. Some do not want to raise their partner like a child and would be turned off. 

If you don’t want to peruse anything more, just let him know you don’t see it moving forward. Critique him only if he asks why.",https://reddit.com/r/datingoverforty/comments/1ke0ohh/_/mqfjcd2/,General / Other
1ke0ohh,"Great connection and interest, disgusting home",datingoverforty,229,https://reddit.com/r/datingoverforty/comments/1ke0ohh/great_connection_and_interest_disgusting_home/,mqf906i,lcmillz,18,"This is helpful, thank you. I thought I was being overly judgmental but you have a point. There are ways to live comfortably and cleanly on a budget. I don’t expect much but I do expect a 48 year old man to have &gt;2 forks and a door on his bathroom.",https://reddit.com/r/datingoverforty/comments/1ke0ohh/_/mqf906i/,General / Other
1ke0ohh,"Great connection and interest, disgusting home",datingoverforty,229,https://reddit.com/r/datingoverforty/comments/1ke0ohh/great_connection_and_interest_disgusting_home/,mqg14s9,lcmillz,16,"I tend to agree, and what’s worse he doesn’t seem to care that others might care… which is fine on its own but he’s been very clear about wanting to be in a romantic relationship.",https://reddit.com/r/datingoverforty/comments/1ke0ohh/_/mqg14s9/,General / Other
1ke0ohh,"Great connection and interest, disgusting home",datingoverforty,229,https://reddit.com/r/datingoverforty/comments/1ke0ohh/great_connection_and_interest_disgusting_home/,mqfao22,Muse_e_um,13,"This is a great response. Everybody's going through something and, perhaps, he is as well. Maybe he's been single all his life. Maybe he's only had roommates that are guys all his life and doesn't know. As a guy, I would appreciate some feedback regarding this. Maybe he just needs someone else's honest (but caring) input. 

Perhaps he's unaware. Or, perhaps he's ultra thrifty and looking for an extremely comfortable retirement.

If the two hit it off, isn't it also in her best interest to find out more information before discarding a potential successful relationship.

Maybe he's single because no one has cared enough about him to give him constructive feedback on the exact things she's mentioned.

From my perspective, if I were in this situation and the roles were reversed, I would certai",https://reddit.com/r/datingoverforty/comments/1ke0ohh/_/mqfao22/,General / Other
1ke0ohh,"Great connection and interest, disgusting home",datingoverforty,229,https://reddit.com/r/datingoverforty/comments/1ke0ohh/great_connection_and_interest_disgusting_home/,mqgwm6e,lcmillz,13,Right? More like scrimps.,https://reddit.com/r/datingoverforty/comments/1ke0ohh/_/mqgwm6e/,General / Other
1ke0ohh,"Great connection and interest, disgusting home",datingoverforty,229,https://reddit.com/r/datingoverforty/comments/1ke0ohh/great_connection_and_interest_disgusting_home/,mqgx0d6,lcmillz,13,Stealing “Pikachu-shocked” for when I tell this story to a friend over drinks.,https://reddit.com/r/datingoverforty/comments/1ke0ohh/_/mqgx0d6/,General / Other
1ke0ohh,"Great connection and interest, disgusting home",datingoverforty,229,https://reddit.com/r/datingoverforty/comments/1ke0ohh/great_connection_and_interest_disgusting_home/,mqgwjeq,lcmillz,12,"Honestly, takeout burritos and plastic forks would have been F’ing great - it’s not about any one thing (ie, forks), it was about the entirety of it.",https://reddit.com/r/datingoverforty/comments/1ke0ohh/_/mqgwjeq/,General / Other
1ke0ohh,"Great connection and interest, disgusting home",datingoverforty,229,https://reddit.com/r/datingoverforty/comments/1ke0ohh/great_connection_and_interest_disgusting_home/,mqh08l9,lcmillz,9,"I am fast approaching the zero f’s chapter (I’m like 75% there) but I think I was just so confused I didn’t know how to address it in the moment. I do remember asking “how long have you lived here” and it was &gt;3 years, I forget it he said four or five.",https://reddit.com/r/datingoverforty/comments/1ke0ohh/_/mqh08l9/,Getting over approach anxiety
1ke0ohh,"Great connection and interest, disgusting home",datingoverforty,229,https://reddit.com/r/datingoverforty/comments/1ke0ohh/great_connection_and_interest_disgusting_home/,mqf9jiz,lcmillz,8,"Yes I can accept and work with a lot. This would totally be ok in my 20s and maybe even my 30s. Not sure I have it in me to deal with this in my 40s. However if he did say anything like “I’m in transition” or “money is a bit tight” or “I’m saving up and moving soon” I’d give him grace, but nothing like that was hinted at.",https://reddit.com/r/datingoverforty/comments/1ke0ohh/_/mqf9jiz/,General / Other
1ke0ohh,"Great connection and interest, disgusting home",datingoverforty,229,https://reddit.com/r/datingoverforty/comments/1ke0ohh/great_connection_and_interest_disgusting_home/,mqfaanp,BorderAdventurous284,5,"I made a similar dish for my kids last night—except with gemelli pasta, 6 large meatballs, 4 slices of bacon chopped into 1/2” sections, and a mix of sharp cheeses. OK, different. 😛

You mentioned making good money but in an expensive area. Sometimes people can be cash poor after life transitions such as a change in job or housing. Spaghetti and 2 shrimp could indicate that. I mean, even with poor cooking skills, most try to buy a meal ingredients to impress! 

This would be a NEXT for me—my girlfriend makes amazing steaks—but I bet this may be different than “disorganized” if you do dig deeper.",https://reddit.com/r/datingoverforty/comments/1ke0ohh/_/mqfaanp/,General / Other
1ke0ohh,"Great connection and interest, disgusting home",datingoverforty,229,https://reddit.com/r/datingoverforty/comments/1ke0ohh/great_connection_and_interest_disgusting_home/,mqg0mav,lcmillz,5,Great point.,https://reddit.com/r/datingoverforty/comments/1ke0ohh/_/mqg0mav/,General / Other
1ke0ohh,"Great connection and interest, disgusting home",datingoverforty,229,https://reddit.com/r/datingoverforty/comments/1ke0ohh/great_connection_and_interest_disgusting_home/,mqgogaa,lcmillz,5,"Well, devil’s advocate, she may not be right. Your standards could be totally reasonable, and she has unrealistic standards.
Just sayin.",https://reddit.com/r/datingoverforty/comments/1ke0ohh/_/mqgogaa/,General / Other
1ngo1ci,So I went to a dating event – and now I feel weird,datingoverforty,222,https://reddit.com/r/datingoverforty/comments/1ngo1ci/so_i_went_to_a_dating_event_and_now_i_feel_weird/,ne5gaho,merkaii_1234,28,"lol the question is more if I am totally delusional, or if it simply takes some time I guess.",https://reddit.com/r/datingoverforty/comments/1ngo1ci/_/ne5gaho/,General / Other
1ngo1ci,So I went to a dating event – and now I feel weird,datingoverforty,222,https://reddit.com/r/datingoverforty/comments/1ngo1ci/so_i_went_to_a_dating_event_and_now_i_feel_weird/,ne5gno1,merkaii_1234,14,"No, I am not bi. I matched him just to stay in touch. He was fun and really interested in having someone to go to that festival, since his friends arent really into this.",https://reddit.com/r/datingoverforty/comments/1ngo1ci/_/ne5gno1/,Coping with physical loneliness
1ngo1ci,So I went to a dating event – and now I feel weird,datingoverforty,222,https://reddit.com/r/datingoverforty/comments/1ngo1ci/so_i_went_to_a_dating_event_and_now_i_feel_weird/,ne5q5xc,merkaii_1234,13,I absolutely dont go for model-type women. I am much more into someone cute with some flaws and personality. And this was my first ever attempt with something like that. OLD doesnt seem intruiging to me. So I thought that thing would be a good idea.,https://reddit.com/r/datingoverforty/comments/1ngo1ci/_/ne5q5xc/,General / Other
1ngo1ci,So I went to a dating event – and now I feel weird,datingoverforty,222,https://reddit.com/r/datingoverforty/comments/1ngo1ci/so_i_went_to_a_dating_event_and_now_i_feel_weird/,ne5p6az,merkaii_1234,12,Very basic. Cleaning foam morning and evening. Moisturizer with UV-proection in the morning and nicinamide serum in the evening.,https://reddit.com/r/datingoverforty/comments/1ngo1ci/_/ne5p6az/,General / Other
1ngo1ci,So I went to a dating event – and now I feel weird,datingoverforty,222,https://reddit.com/r/datingoverforty/comments/1ngo1ci/so_i_went_to_a_dating_event_and_now_i_feel_weird/,ne677va,merkaii_1234,7,For the record: 10. 10 Women!,https://reddit.com/r/datingoverforty/comments/1ngo1ci/_/ne677va/,General / Other
1ngo1ci,So I went to a dating event – and now I feel weird,datingoverforty,222,https://reddit.com/r/datingoverforty/comments/1ngo1ci/so_i_went_to_a_dating_event_and_now_i_feel_weird/,ne5grap,merkaii_1234,7,I matched with him so we could write on the app since we were taken apart by our respective groups moving on before we exchanded any info.,https://reddit.com/r/datingoverforty/comments/1ngo1ci/_/ne5grap/,General / Other
1ngo1ci,So I went to a dating event – and now I feel weird,datingoverforty,222,https://reddit.com/r/datingoverforty/comments/1ngo1ci/so_i_went_to_a_dating_event_and_now_i_feel_weird/,ne5h22c,merkaii_1234,6,It is franchsed. But only in germany from what I have seen.,https://reddit.com/r/datingoverforty/comments/1ngo1ci/_/ne5h22c/,General / Other
1hwp4zm,"Creepiest, Most Disturbing Breakup Retaliation to Date",datingoverforty,220,https://reddit.com/r/datingoverforty/comments/1hwp4zm/creepiest_most_disturbing_breakup_retaliation_to/,m62vhi3,Eray_99,64,"That’s exactly what I wanted to respond, but I don’t dare engage him further.",https://reddit.com/r/datingoverforty/comments/1hwp4zm/_/m62vhi3/,General / Other
1hwp4zm,"Creepiest, Most Disturbing Breakup Retaliation to Date",datingoverforty,220,https://reddit.com/r/datingoverforty/comments/1hwp4zm/creepiest_most_disturbing_breakup_retaliation_to/,m630hi0,Eray_99,32,I actually am doing just that so I can file a police report if needed.,https://reddit.com/r/datingoverforty/comments/1hwp4zm/_/m630hi0/,General / Other
1hwp4zm,"Creepiest, Most Disturbing Breakup Retaliation to Date",datingoverforty,220,https://reddit.com/r/datingoverforty/comments/1hwp4zm/creepiest_most_disturbing_breakup_retaliation_to/,m62udwa,Eray_99,29,It was an exaggeration on his part. He’s at his mother’s a lot. Agreed.,https://reddit.com/r/datingoverforty/comments/1hwp4zm/_/m62udwa/,General / Other
1hwp4zm,"Creepiest, Most Disturbing Breakup Retaliation to Date",datingoverforty,220,https://reddit.com/r/datingoverforty/comments/1hwp4zm/creepiest_most_disturbing_breakup_retaliation_to/,m62xc20,Eray_99,28,"Oh, I meant why people just ghost rather than initiate a break-up. It seems so cruel, but good God.",https://reddit.com/r/datingoverforty/comments/1hwp4zm/_/m62xc20/,Understanding rejection
1hwp4zm,"Creepiest, Most Disturbing Breakup Retaliation to Date",datingoverforty,220,https://reddit.com/r/datingoverforty/comments/1hwp4zm/creepiest_most_disturbing_breakup_retaliation_to/,m64ksmj,Eray_99,14,It’s pretty narcissistic!,https://reddit.com/r/datingoverforty/comments/1hwp4zm/_/m64ksmj/,General / Other
1hwp4zm,"Creepiest, Most Disturbing Breakup Retaliation to Date",datingoverforty,220,https://reddit.com/r/datingoverforty/comments/1hwp4zm/creepiest_most_disturbing_breakup_retaliation_to/,m64g7m3,Eray_99,12,I’m going to use a Google voice number moving forward if I ever decide to date again that is.,https://reddit.com/r/datingoverforty/comments/1hwp4zm/_/m64g7m3/,General / Other
1hwp4zm,"Creepiest, Most Disturbing Breakup Retaliation to Date",datingoverforty,220,https://reddit.com/r/datingoverforty/comments/1hwp4zm/creepiest_most_disturbing_breakup_retaliation_to/,m64h1kk,Eray_99,11,I know. That’s the part that felt so violating. And the book in the mail.,https://reddit.com/r/datingoverforty/comments/1hwp4zm/_/m64h1kk/,General / Other
1hwp4zm,"Creepiest, Most Disturbing Breakup Retaliation to Date",datingoverforty,220,https://reddit.com/r/datingoverforty/comments/1hwp4zm/creepiest_most_disturbing_breakup_retaliation_to/,m63nvbt,Eray_99,10,I know.,https://reddit.com/r/datingoverforty/comments/1hwp4zm/_/m63nvbt/,General / Other
1hwp4zm,"Creepiest, Most Disturbing Breakup Retaliation to Date",datingoverforty,220,https://reddit.com/r/datingoverforty/comments/1hwp4zm/creepiest_most_disturbing_breakup_retaliation_to/,m67ulcy,Eray_99,8,Apparently. But he knows what love is and I don’t is what he claims.🙄,https://reddit.com/r/datingoverforty/comments/1hwp4zm/_/m67ulcy/,General / Other
1hwp4zm,"Creepiest, Most Disturbing Breakup Retaliation to Date",datingoverforty,220,https://reddit.com/r/datingoverforty/comments/1hwp4zm/creepiest_most_disturbing_breakup_retaliation_to/,m68664c,Ok-Hurry-4761,7,"As I was reading this, I was thinking... ""I wonder if he's upset because they didn't have as much sex as he wanted or something."" 

 Then... Yup!    There it is! 

Sorry.  I'm a guy and know guys.  The more typical, less aggressive guy reaction would be to get whiny or beg.  But if they've already or at least recently gotten sex to their satisfaction, they care less about a breakup.

This one's more crazy, possessive, &amp; angry than average.",https://reddit.com/r/datingoverforty/comments/1hwp4zm/_/m68664c/,Starting over after loss
1hwp4zm,"Creepiest, Most Disturbing Breakup Retaliation to Date",datingoverforty,220,https://reddit.com/r/datingoverforty/comments/1hwp4zm/creepiest_most_disturbing_breakup_retaliation_to/,m65ae1j,Eray_99,6,Thank you. You’re right. The only avoidable scenario was more discernment before getting involved. Newer to dating after a divorce and learning quickly.,https://reddit.com/r/datingoverforty/comments/1hwp4zm/_/m65ae1j/,Starting over after loss
1hwp4zm,"Creepiest, Most Disturbing Breakup Retaliation to Date",datingoverforty,220,https://reddit.com/r/datingoverforty/comments/1hwp4zm/creepiest_most_disturbing_breakup_retaliation_to/,m64lt1h,Eray_99,5,"It’s a good thought, but even that kind of move could provoke him further.",https://reddit.com/r/datingoverforty/comments/1hwp4zm/_/m64lt1h/,General / Other
1hwp4zm,"Creepiest, Most Disturbing Breakup Retaliation to Date",datingoverforty,220,https://reddit.com/r/datingoverforty/comments/1hwp4zm/creepiest_most_disturbing_breakup_retaliation_to/,m67vmrm,Eray_99,5,Yes. Definitely more self-work needed and this thread has helped! I don’t doubt that politics can play a role in behavior like this although he hates Trump I must say. I just think it’s a reflection of our society. It’s pretty broken and no single person is to blame.,https://reddit.com/r/datingoverforty/comments/1hwp4zm/_/m67vmrm/,General / Other
1hwp4zm,"Creepiest, Most Disturbing Breakup Retaliation to Date",datingoverforty,220,https://reddit.com/r/datingoverforty/comments/1hwp4zm/creepiest_most_disturbing_breakup_retaliation_to/,m67v4ax,Eray_99,4,"I know. I’m glad you see that because I thought. Ok…. do you understand the agreements yourself? He’s very wrapped up in his own pain and victim consciousness. That’s one of the flags I started to see into the relationship. It’s all about what everyone has done to him. There comes a time in life where we need to look in the mirror. Even in this case, I’ve been jotting down all of my mistakes because I know I made them. Oh well… you can’t make people see what they don’t want to.",https://reddit.com/r/datingoverforty/comments/1hwp4zm/_/m67v4ax/,General / Other
1hwp4zm,"Creepiest, Most Disturbing Breakup Retaliation to Date",datingoverforty,220,https://reddit.com/r/datingoverforty/comments/1hwp4zm/creepiest_most_disturbing_breakup_retaliation_to/,m64minm,Eray_99,4,Deeply misogynistic. Ironically he has mostly female friends (only super tight with one). Wonder if her jaw would drop too…  I would never speak to a guy friend again if I knew he did this.,https://reddit.com/r/datingoverforty/comments/1hwp4zm/_/m64minm/,General / Other
1hwp4zm,"Creepiest, Most Disturbing Breakup Retaliation to Date",datingoverforty,220,https://reddit.com/r/datingoverforty/comments/1hwp4zm/creepiest_most_disturbing_breakup_retaliation_to/,m67wbem,Eray_99,4,"Also, I feel terrible that I met and spent time with his son. I don’t have kids, but I know I wouldn’t have wanted him to meet them so soon on if I did. No way. I remember pushing back initially and he insisted and said no no I really want you to. And I should have responded, “ even if you are, I’m not comfortable with it.” And really should’ve seen it as a red flag. It would’ve been a nice early one.",https://reddit.com/r/datingoverforty/comments/1hwp4zm/_/m67wbem/,General / Other
1hwp4zm,"Creepiest, Most Disturbing Breakup Retaliation to Date",datingoverforty,220,https://reddit.com/r/datingoverforty/comments/1hwp4zm/creepiest_most_disturbing_breakup_retaliation_to/,m68kqmy,Eray_99,3,It does show a lack of care and boundaries. But that was him.,https://reddit.com/r/datingoverforty/comments/1hwp4zm/_/m68kqmy/,General / Other
uw6agr,first vacation date,datingoverforty,209,https://reddit.com/r/datingoverforty/comments/uw6agr/first_vacation_date/,i9qbb0w,Asclepius555,10,What is RES?,https://reddit.com/r/datingoverforty/comments/uw6agr/_/i9qbb0w/,General / Other
uw6agr,first vacation date,datingoverforty,209,https://reddit.com/r/datingoverforty/comments/uw6agr/first_vacation_date/,i9ppbbx,Asclepius555,7,Oh I didn't even realize there was such a thread. Thanks!,https://reddit.com/r/datingoverforty/comments/uw6agr/_/i9ppbbx/,General / Other
uw6agr,first vacation date,datingoverforty,209,https://reddit.com/r/datingoverforty/comments/uw6agr/first_vacation_date/,i9pm6iu,Asclepius555,6,Beach,https://reddit.com/r/datingoverforty/comments/uw6agr/_/i9pm6iu/,General / Other
uw6agr,first vacation date,datingoverforty,209,https://reddit.com/r/datingoverforty/comments/uw6agr/first_vacation_date/,ia5iiud,Asclepius555,2,"I'm sorry about what happened and for your loss. But on the bright side, it's nice to know you had such a great relationship that lasted so long. That gives me hope! I wish you all the luck finding something like that again (maybe it will be different but still good).",https://reddit.com/r/datingoverforty/comments/uw6agr/_/ia5iiud/,General / Other
uw6agr,first vacation date,datingoverforty,209,https://reddit.com/r/datingoverforty/comments/uw6agr/first_vacation_date/,i9u8b0c,Asclepius555,1,"Yeah I've been through honeymoon phases with 2 others so far so at least I can recognize them when I see them. I agree this is what we are in. She and I have discussed this multiple times- how we are currently in the honeymoon phase and how we might be equipped to handle conflict when it arises (as it inevitably will). 

The fact is, we just can't see clearly into the future so we are taking 1 day at a time and trying to enjoy what we can because soon life will be over and our biggest regret might be not trying to enjoy each moment.",https://reddit.com/r/datingoverforty/comments/uw6agr/_/i9u8b0c/,General / Other
uw6agr,first vacation date,datingoverforty,209,https://reddit.com/r/datingoverforty/comments/uw6agr/first_vacation_date/,ib57gln,Asclepius555,1,Aww that's great. I think those that find it are indeed lucky. Best of luck to you guys,https://reddit.com/r/datingoverforty/comments/uw6agr/_/ib57gln/,General / Other
uw6agr,first vacation date,datingoverforty,209,https://reddit.com/r/datingoverforty/comments/uw6agr/first_vacation_date/,i9xrd8o,Asclepius555,1,A beach condo :),https://reddit.com/r/datingoverforty/comments/uw6agr/_/i9xrd8o/,General / Other
uhuov2,Does Anyone Feel Like Me?,datingoverforty,207,https://reddit.com/r/datingoverforty/comments/uhuov2/does_anyone_feel_like_me/,i78h3r3,Okay_Tacos,54,"I just feel that in real life, you can pick up on people’s energy very quickly. Their demeanor, the tone of their voice, their body language, the way they speak. There is so much there that plays into attraction. A picture can never do that justice",https://reddit.com/r/datingoverforty/comments/uhuov2/_/i78h3r3/,Finding where to meet women
uhuov2,Does Anyone Feel Like Me?,datingoverforty,207,https://reddit.com/r/datingoverforty/comments/uhuov2/does_anyone_feel_like_me/,i78ki9f,Okay_Tacos,18,"I get you. I hate the apps. But god, that feeling of coming home to an empty house every night. It gets to you.",https://reddit.com/r/datingoverforty/comments/uhuov2/_/i78ki9f/,General / Other
uhuov2,Does Anyone Feel Like Me?,datingoverforty,207,https://reddit.com/r/datingoverforty/comments/uhuov2/does_anyone_feel_like_me/,i78gs0c,Okay_Tacos,17,"I am just not interested in online dating. Yes, I end up downloading the apps, but almost always after a few minutes, I delete in disgust. I just can’t do it, make judgments about people to the point of wanting to date them or not based on a couple of pictures and two or three sentences.",https://reddit.com/r/datingoverforty/comments/uhuov2/_/i78gs0c/,General / Other
uhuov2,Does Anyone Feel Like Me?,datingoverforty,207,https://reddit.com/r/datingoverforty/comments/uhuov2/does_anyone_feel_like_me/,i78ioz6,Okay_Tacos,10,"I don’t really watch tv. 10 minutes a day if that. 

I go out pretty much every day. I play volleyball three days a week, pickleball two days a week, and on the weekends I spend time doing things with my kids. 

But, when I do get home, sometimes at 8 pm, sometimes at 10:30 pm, I spend hours on Reddit. 

Most people call a friend, or have someone they live with they can talk to. Reddit fills the void for me. It is my outlet for socialization. On some nights it works, I find people to have pleasant conversations with. On other nights, I scroll and scroll and just end up feeling emptier than when I came on.",https://reddit.com/r/datingoverforty/comments/uhuov2/_/i78ioz6/,General / Other
uhuov2,Does Anyone Feel Like Me?,datingoverforty,207,https://reddit.com/r/datingoverforty/comments/uhuov2/does_anyone_feel_like_me/,i78i1j7,Okay_Tacos,6,"There is something lacking in my life that online dating cannot fix. It is something that most people have. Just someone to talk to when you come home. Some people have parents, or siblings, or best friends, or roommates. I don’t have those things. 

On online dating, you match with someone, you plan a meetup, you do an activity, then the person usually goes home and has someone to tell about the experience. 

The thing is, I have people already I hang out with and do activities with and go to parties with and so forth. I don’t need that. I need the other component. The simple things. The “I had a bad day at work,” or “I am so excited about the weekend coming up!” And things like that.",https://reddit.com/r/datingoverforty/comments/uhuov2/_/i78i1j7/,General / Other
uhuov2,Does Anyone Feel Like Me?,datingoverforty,207,https://reddit.com/r/datingoverforty/comments/uhuov2/does_anyone_feel_like_me/,i78n8hl,Okay_Tacos,6,"Well, I am glad I am not alone then!",https://reddit.com/r/datingoverforty/comments/uhuov2/_/i78n8hl/,General / Other
uhuov2,Does Anyone Feel Like Me?,datingoverforty,207,https://reddit.com/r/datingoverforty/comments/uhuov2/does_anyone_feel_like_me/,i78zuw7,Okay_Tacos,5,"🤷🏻‍♂️ Maybe we are twins, separated at birth?",https://reddit.com/r/datingoverforty/comments/uhuov2/_/i78zuw7/,General / Other
uhuov2,Does Anyone Feel Like Me?,datingoverforty,207,https://reddit.com/r/datingoverforty/comments/uhuov2/does_anyone_feel_like_me/,i78j36s,Okay_Tacos,4,I understand. But just getting a response back at all is difficult. Maybe I am too picky.,https://reddit.com/r/datingoverforty/comments/uhuov2/_/i78j36s/,General / Other
uhuov2,Does Anyone Feel Like Me?,datingoverforty,207,https://reddit.com/r/datingoverforty/comments/uhuov2/does_anyone_feel_like_me/,i78jexr,Okay_Tacos,4,"Yes, finding someone to talk to, even if it ultimately is a bust, at least feels like progress.",https://reddit.com/r/datingoverforty/comments/uhuov2/_/i78jexr/,General / Other
uhuov2,Does Anyone Feel Like Me?,datingoverforty,207,https://reddit.com/r/datingoverforty/comments/uhuov2/does_anyone_feel_like_me/,i78juej,Okay_Tacos,3,"Exactly. These people are literally strangers. I don’t know them. I don’t expect them to care, nor would I even bother mentioning it. Therein lies the problem. I feel a relationship should develop naturally, where you already interact with someone, you get to know them, spend more time with them, develop feelings, and then it turns into a relationship. 

Online dating is like, “let me see if this stranger is dating material. Umm, he was okay, but let me see what else is in the queue.”",https://reddit.com/r/datingoverforty/comments/uhuov2/_/i78juej/,General / Other
uhuov2,Does Anyone Feel Like Me?,datingoverforty,207,https://reddit.com/r/datingoverforty/comments/uhuov2/does_anyone_feel_like_me/,i78n6hp,Okay_Tacos,3,I am trying! At least there is an outlet; the good people of Reddit. And tik tok 😉,https://reddit.com/r/datingoverforty/comments/uhuov2/_/i78n6hp/,General / Other
uhuov2,Does Anyone Feel Like Me?,datingoverforty,207,https://reddit.com/r/datingoverforty/comments/uhuov2/does_anyone_feel_like_me/,i78kcs7,Okay_Tacos,3,"I wonder what it would be like to choose who to talk to and not to talk to? Lol. Like, having a waiting list. 

Last year, I had maybe 4-5 dates? I don’t remember exactly.",https://reddit.com/r/datingoverforty/comments/uhuov2/_/i78kcs7/,General / Other
uhuov2,Does Anyone Feel Like Me?,datingoverforty,207,https://reddit.com/r/datingoverforty/comments/uhuov2/does_anyone_feel_like_me/,i78pl2b,Okay_Tacos,3,"Yes, that sums it up perfectly, those three categories. Or also they just don’t really fit into your life. They live 30 miles away, or are only available on days that your are not, or work hours that are not compatible with yours. 

Your plan seems awesome, a camper in nature with friends. A nice, simple life surrounded by good people.",https://reddit.com/r/datingoverforty/comments/uhuov2/_/i78pl2b/,General / Other
uhuov2,Does Anyone Feel Like Me?,datingoverforty,207,https://reddit.com/r/datingoverforty/comments/uhuov2/does_anyone_feel_like_me/,i7bbtj3,Okay_Tacos,3,It’s always the married ones 🤦🏻‍♂️,https://reddit.com/r/datingoverforty/comments/uhuov2/_/i7bbtj3/,General / Other
uhuov2,Does Anyone Feel Like Me?,datingoverforty,207,https://reddit.com/r/datingoverforty/comments/uhuov2/does_anyone_feel_like_me/,i79zhut,YupJustanotherJames,3,"OP: May I ask where you live at? I think location is a huge driver in a guys success in our age bracket.

Example (and this is just my input): Im a 47m, fit, great high paying career, well dressed and Im tall. Ive always had pretty attractive girlfriends in my life. A year ago I moved to a large but very conservative midwest US city for a career opportunity and now Im a dating leper. I will go weeks and weeks w/o a reply or a wink/link from ANYONE. Out in the wild, I don't get a 2nd look. Its bizarre. I think its officially been 2 months since Ive got a reply online (and this even includes starting profiles over) 

   However, this week and next Im working in another city which is more cosmopolitan  and has a larger single populations (ie its a career city, not a family city) . So on a whi",https://reddit.com/r/datingoverforty/comments/uhuov2/_/i79zhut/,Coping with physical loneliness
1rq32in,Seinfeld-esque reasons you broke up with someone,datingoverforty,206,https://reddit.com/r/datingoverforty/comments/1rq32in/seinfeldesque_reasons_you_broke_up_with_someone/,o9qbwst,Bazoun,45,He couldn’t put up a shelf by himself. He had to hire another man to go into his house and put up a shelf for knickknacks. I just couldn’t see him as a man anymore.,https://reddit.com/r/datingoverforty/comments/1rq32in/_/o9qbwst/,General / Other
1rq32in,Seinfeld-esque reasons you broke up with someone,datingoverforty,206,https://reddit.com/r/datingoverforty/comments/1rq32in/seinfeldesque_reasons_you_broke_up_with_someone/,o9pruu6,Low-Ad-4631,40,Maybe sauce neck was the one?,https://reddit.com/r/datingoverforty/comments/1rq32in/_/o9pruu6/,General / Other
1rq32in,Seinfeld-esque reasons you broke up with someone,datingoverforty,206,https://reddit.com/r/datingoverforty/comments/1rq32in/seinfeldesque_reasons_you_broke_up_with_someone/,o9prjy9,Low-Ad-4631,35,This is giving its not safe to be down here with you,https://reddit.com/r/datingoverforty/comments/1rq32in/_/o9prjy9/,General / Other
1rq32in,Seinfeld-esque reasons you broke up with someone,datingoverforty,206,https://reddit.com/r/datingoverforty/comments/1rq32in/seinfeldesque_reasons_you_broke_up_with_someone/,o9qvjsi,Low-Ad-4631,20,Exorcism kink?,https://reddit.com/r/datingoverforty/comments/1rq32in/_/o9qvjsi/,General / Other
1rq32in,Seinfeld-esque reasons you broke up with someone,datingoverforty,206,https://reddit.com/r/datingoverforty/comments/1rq32in/seinfeldesque_reasons_you_broke_up_with_someone/,o9quxnj,Low-Ad-4631,18,😂😂😂,https://reddit.com/r/datingoverforty/comments/1rq32in/_/o9quxnj/,General / Other
1rq32in,Seinfeld-esque reasons you broke up with someone,datingoverforty,206,https://reddit.com/r/datingoverforty/comments/1rq32in/seinfeldesque_reasons_you_broke_up_with_someone/,o9ps4i6,Low-Ad-4631,18,"Is it a sauntering, cowboy type strut?",https://reddit.com/r/datingoverforty/comments/1rq32in/_/o9ps4i6/,General / Other
tyfe5d,Do any professionally successful people here have trouble finding partners that aren't losers?,datingoverforty,202,https://reddit.com/r/datingoverforty/comments/tyfe5d/do_any_professionally_successful_people_here_have/,i3s5yfn,Not-DOT,144,"&gt;I am a guy in my early 40s and have established myself as a successful professional. I'm average looking, dress well and don't fall prey to conspicuous consumption.


&gt;Whereas women who are also successful and my physical type just aren't out there, or I'm not attracting them.

Right. You are not attracting them. Ask yourself why, take a good look at yourself. My guess is you're probably targeting women who are much, much more attractive than you, probably younger too, and/or you don't have a good personality.",https://reddit.com/r/datingoverforty/comments/tyfe5d/_/i3s5yfn/,General / Other
t9dz67,My WOW moment,datingoverforty,202,https://reddit.com/r/datingoverforty/comments/t9dz67/my_wow_moment/,hzu853r,Jeffyh3,35,"It is interesting, it came out of nowhere and now my heads spinning.  I will def update….",https://reddit.com/r/datingoverforty/comments/t9dz67/_/hzu853r/,General / Other
t9dz67,My WOW moment,datingoverforty,202,https://reddit.com/r/datingoverforty/comments/t9dz67/my_wow_moment/,hzu7q17,Jeffyh3,23,"Ha I’m the one stoned, don’t know where I came up,with 10. I started old about 3 yeas after loosing the love of my life. We were happily married about 35 years.",https://reddit.com/r/datingoverforty/comments/t9dz67/_/hzu7q17/,General / Other
t9dz67,My WOW moment,datingoverforty,202,https://reddit.com/r/datingoverforty/comments/t9dz67/my_wow_moment/,hzu75kd,Jeffyh3,11,"In this case it turns out we’re both widowers and single, timing is everything Hugh..",https://reddit.com/r/datingoverforty/comments/t9dz67/_/hzu75kd/,Coping with physical loneliness
t9dz67,My WOW moment,datingoverforty,202,https://reddit.com/r/datingoverforty/comments/t9dz67/my_wow_moment/,hzu9213,Jeffyh3,7,Oh and I’m in NY she’s in FL,https://reddit.com/r/datingoverforty/comments/t9dz67/_/hzu9213/,General / Other
t9dz67,My WOW moment,datingoverforty,202,https://reddit.com/r/datingoverforty/comments/t9dz67/my_wow_moment/,hzxcx1n,Jeffyh3,4,"Don’t live with regret , there is comfort in knowing you tried, it enhances the toolbox…",https://reddit.com/r/datingoverforty/comments/t9dz67/_/hzxcx1n/,General / Other
t9dz67,My WOW moment,datingoverforty,202,https://reddit.com/r/datingoverforty/comments/t9dz67/my_wow_moment/,hzutqha,Jeffyh3,4,Thanks! Just trying to remember is an adventure it’s amazing how many things come back. I’ll update next week as I’m flying down to be with her,https://reddit.com/r/datingoverforty/comments/t9dz67/_/hzutqha/,General / Other
t9dz67,My WOW moment,datingoverforty,202,https://reddit.com/r/datingoverforty/comments/t9dz67/my_wow_moment/,hzwkogx,Jeffyh3,3,"I appreciate that ! Yes it is, kinda life changing drove me into rediscovery, we were at a point in our life where it was the beginning of our time. I stayed the course and learned to be happy alone, and now this, I’m wondering what tomorrow holds…",https://reddit.com/r/datingoverforty/comments/t9dz67/_/hzwkogx/,General / Other
t9dz67,My WOW moment,datingoverforty,202,https://reddit.com/r/datingoverforty/comments/t9dz67/my_wow_moment/,hzuoi3k,Jeffyh3,3,Thanks ! I appreciate the kind words,https://reddit.com/r/datingoverforty/comments/t9dz67/_/hzuoi3k/,General / Other
t9dz67,My WOW moment,datingoverforty,202,https://reddit.com/r/datingoverforty/comments/t9dz67/my_wow_moment/,hzuolwz,Jeffyh3,3,"Thanks,",https://reddit.com/r/datingoverforty/comments/t9dz67/_/hzuolwz/,General / Other
t9dz67,My WOW moment,datingoverforty,202,https://reddit.com/r/datingoverforty/comments/t9dz67/my_wow_moment/,hzuu300,Jeffyh3,3,"Thanks ! Can’t take credit for courage it was easy, courage is required for OLD….",https://reddit.com/r/datingoverforty/comments/t9dz67/_/hzuu300/,General / Other
t9dz67,My WOW moment,datingoverforty,202,https://reddit.com/r/datingoverforty/comments/t9dz67/my_wow_moment/,hzv35iv,Jeffyh3,3,"Your very kind, many thanks for your kind wishes. Reading so many sad stories on here I figured I’d check one off for the positives",https://reddit.com/r/datingoverforty/comments/t9dz67/_/hzv35iv/,General / Other
t9dz67,My WOW moment,datingoverforty,202,https://reddit.com/r/datingoverforty/comments/t9dz67/my_wow_moment/,hzutwnv,Jeffyh3,3,The world is my oyster and I always am looking for pearls ….,https://reddit.com/r/datingoverforty/comments/t9dz67/_/hzutwnv/,General / Other
t9dz67,My WOW moment,datingoverforty,202,https://reddit.com/r/datingoverforty/comments/t9dz67/my_wow_moment/,hzvi3q3,Jeffyh3,3,for sure ill update im heading down there next week - stay tuned....,https://reddit.com/r/datingoverforty/comments/t9dz67/_/hzvi3q3/,General / Other
t9dz67,My WOW moment,datingoverforty,202,https://reddit.com/r/datingoverforty/comments/t9dz67/my_wow_moment/,hzvhvaq,Jeffyh3,3,"I have come to realize that in essence we are biological, so in spite of the consciousness we possess we are still driven by our biology... I try not to judge anyone and assess the moment with the tools I have developed along the journey. I have learned to friggin just be happy ! with myself, it took a while , I focused on me and now everything is just an adventure for me to explore. 

Thanks for your kind wishes !",https://reddit.com/r/datingoverforty/comments/t9dz67/_/hzvhvaq/,General / Other
1633wvn,I (43m) just got the “I met someone else” from a woman I met online and I thought we had a great connection. This might be the official retirement of my dating life.,datingoverforty,200,https://reddit.com/r/datingoverforty/comments/1633wvn/i_43m_just_got_the_i_met_someone_else_from_a/,jy0snbl,WildlingViking,62,"Ironic you mention seeing a therapist, I’m a clinical therapist myself. I help people get through these same sorts of things, traumas, depression, etc. and have had pretty good success in helping people (the progress is up to the client, I’m just there to diagnose, help them sort it out, come up with a plan, etc.) So maybe I have some transference from my clients creeping in, and burn out is coming on, or I just am so frustrated with it all. I’m not sure at this point. 

But thanks for the advice. I appreciate it.",https://reddit.com/r/datingoverforty/comments/1633wvn/_/jy0snbl/,General / Other
1633wvn,I (43m) just got the “I met someone else” from a woman I met online and I thought we had a great connection. This might be the official retirement of my dating life.,datingoverforty,200,https://reddit.com/r/datingoverforty/comments/1633wvn/i_43m_just_got_the_i_met_someone_else_from_a/,jy118pf,Habitatmax,14,"While still brutal, emotionally speaking, it’s not as bad as actually meeting, hitting it off, having sex, and then getting the “met someone else” right after the deed. 
I (49m) was on the receiving end of just that last month. Unlike your situation, I ended up feeling deeply self conscious and asking myself questions that I probably don’t want to know the answer to.
I’d rather be in your shoes to be honest. Just a perspective.",https://reddit.com/r/datingoverforty/comments/1633wvn/_/jy118pf/,General / Other
1633wvn,I (43m) just got the “I met someone else” from a woman I met online and I thought we had a great connection. This might be the official retirement of my dating life.,datingoverforty,200,https://reddit.com/r/datingoverforty/comments/1633wvn/i_43m_just_got_the_i_met_someone_else_from_a/,jy0ttkn,WildlingViking,10,"We FaceTimed and talked. We were going to meet up and then I got covid (of course). And I realize it’s not in person, and I didn’t imagine us in some romcom in my head. I did have some hopes that we could progress, but I didn’t even get a chance. And even just to match with someone is going to take forever again. I guess this one kind of just pushed me to this point of frustration. I don’t even know why it hit me so hard this time, because we hadn’t even had a cup of coffee together. Maybe it’s just the culmination of all the times it didn’t work out. 

Thanks for the advice. I appreciate it.",https://reddit.com/r/datingoverforty/comments/1633wvn/_/jy0ttkn/,General / Other
1633wvn,I (43m) just got the “I met someone else” from a woman I met online and I thought we had a great connection. This might be the official retirement of my dating life.,datingoverforty,200,https://reddit.com/r/datingoverforty/comments/1633wvn/i_43m_just_got_the_i_met_someone_else_from_a/,jy5ohdw,WildlingViking,3,"Thanks for this response. I agree in that when I feel sad, I’m gonna feel sad. I don’t run from it or tell myself I shouldn’t feel that way. It might just be OLD but that stuff hurts sometimes. If I still would’ve felt as strongly today as aI did yesterday, I’d be concerned some and it would be time for some one on one talk with a friend or therapist. But I processed the sadness yesterday, forced myself to go for a walk with my pup, played my guitar, got like 10 hours of sleep, and feel much better today. I was embarrassed to admit to my close friends that I’d talk to regularly, that I felt like that, because it seemed like such a weak excuse to make me feel that strongly. But it just did for some reason. So I just posted here to vent. I had no idea it would get this level of response. In ",https://reddit.com/r/datingoverforty/comments/1633wvn/_/jy5ohdw/,Processing the shame of being late
1633wvn,I (43m) just got the “I met someone else” from a woman I met online and I thought we had a great connection. This might be the official retirement of my dating life.,datingoverforty,200,https://reddit.com/r/datingoverforty/comments/1633wvn/i_43m_just_got_the_i_met_someone_else_from_a/,jy3ov18,[deleted],3,"This seems more and more each day to just be people in general... everyone is constantly pushing for more and better around the corner so why commit to anything now...

Makes for a very disconnected world in which dating is a part that suffers a lot from it. Tons of people out there want to make connections... just connections with each other to start and its a HUGE turn off to see and hear about so many negative experiences that all seem to feel like someone is treating me like a used car lot.

I met my ex-wife online but it was back before all of this changed. I am not sure when i am ready to date again i want to even participate in this scheme. It could also just be that reddit has a far more negative view of some of this and is not actual reality... I have no idea which is the truth.",https://reddit.com/r/datingoverforty/comments/1633wvn/_/jy3ov18/,Coping with physical loneliness
10onew4,Is it common for single people in their 40’s to not have many friends?,datingoverforty,194,https://reddit.com/r/datingoverforty/comments/10onew4/is_it_common_for_single_people_in_their_40s_to/,j6ftzxt,Natclanwy,10,"I was consumed by raising my kids, my career and spending time with my late wife so that left little time for friends so drifted apart from the friends I had and now live in a different city. My youngest moved out 18m ago and my wife passed away almost a year ago so it’s been somewhat of a lonely year going from having a family that consumed all my time to living alone pretty suddenly. Wanted to get myself out there again and make new friends but that was hindered by a broken leg a few weeks after my wife passed and I’m still recovering almost a year later so still haven’t been able to get involved in any local activities. Hopefully 2023 will be a better year and I can get more active, I did start dating a few months ago and found what so far seems like I hit the OLD lottery so that has be",https://reddit.com/r/datingoverforty/comments/10onew4/_/j6ftzxt/,General / Other
10onew4,Is it common for single people in their 40’s to not have many friends?,datingoverforty,194,https://reddit.com/r/datingoverforty/comments/10onew4/is_it_common_for_single_people_in_their_40s_to/,j6fwfsw,[deleted],2,"Both my GF and I don't have a lot of friends, mostly acquaintances in our hobby groups.  My adult kids are young adults and living their life, so I see them about every month or two.  My one non-estranged blood relative is in a different country.  At least my GF sees her family about monthly, and is close with one sister that she'll see more often.

My ex wife plans to never date again, so has been using our split to try build a great large friend group.  She's even got a few single acquaintances in the area to look to build off of.  But from our discussions, she's even had problems with getting them out of their rigid routines to say yes to something on more than a monthly basis.  She's been throwing herself instead into her work. 

It's also not really a shortage on 30's+ question forums",https://reddit.com/r/datingoverforty/comments/10onew4/_/j6fwfsw/,Starting over after loss
10onew4,Is it common for single people in their 40’s to not have many friends?,datingoverforty,194,https://reddit.com/r/datingoverforty/comments/10onew4/is_it_common_for_single_people_in_their_40s_to/,j6gtlho,Pisidan,2,45m here I have no friends at all..I put my life into my family n anyways said I was to busy for friends.  Big mistake my wife left me n literally alone no friends and only my mother for family. I find trying to make friends at this age is very difficult and seemed to come so easy when I was in my 20s,https://reddit.com/r/datingoverforty/comments/10onew4/_/j6gtlho/,General / Other
10onew4,Is it common for single people in their 40’s to not have many friends?,datingoverforty,194,https://reddit.com/r/datingoverforty/comments/10onew4/is_it_common_for_single_people_in_their_40s_to/,j6i7oto,relationshiptossoutt,2,"Seems normal in my limited experience. 

I’m 43M, been divorced about a year. Right after the divorce, all my old friends tried to keep in touch. I’d either be the 3rd or 5th wheel or whatever at couples-type things. Or the husbands would be able to sneak away for a night to support their divorcing friend.

As the year has gone on, those things have sort of dropped away. When a couple throws an event, like a birthday party or BBQ, they tend to invite either me or my ex, whichever of us has the kids that day. I’m never invited to kids-free couples things. A lot of my relationships with my married friends have changed in a big way. Married people around me tend not to co-mingle with us filthy singles.

I do have a couple good buddies. One is married but hates his wife. We hang out often. The",https://reddit.com/r/datingoverforty/comments/10onew4/_/j6i7oto/,Coping with physical loneliness
1ao2hsf,GF had her friend spy on me/my house.,datingoverforty,183,https://reddit.com/r/datingoverforty/comments/1ao2hsf/gf_had_her_friend_spy_on_memy_house/,kpwfxbx,echo5alfa,77,"Thanks for that. It does seem quick to me as well. Her kids are autistic and have been really vocal about wanting to meet me. She hasn’t met mine, and I have no plans for that at the moment. I’ve always used 6 months as a rule of thumb.",https://reddit.com/r/datingoverforty/comments/1ao2hsf/_/kpwfxbx/,Managing neurodivergence in dating
1ao2hsf,GF had her friend spy on me/my house.,datingoverforty,183,https://reddit.com/r/datingoverforty/comments/1ao2hsf/gf_had_her_friend_spy_on_memy_house/,kpwk2zm,echo5alfa,57,"Yeah, I have resolved to speak with her tomorrow. 
Thanks for your comments!",https://reddit.com/r/datingoverforty/comments/1ao2hsf/_/kpwk2zm/,General / Other
1ao2hsf,GF had her friend spy on me/my house.,datingoverforty,183,https://reddit.com/r/datingoverforty/comments/1ao2hsf/gf_had_her_friend_spy_on_memy_house/,kpwo9er,echo5alfa,37,"Thanks you! This is the type of comment I was hoping for. I was just trusting her judgement as their mother, and now I am questioning that. Her kids are 17 and 15 for what it’s worth and both on the spectrum.",https://reddit.com/r/datingoverforty/comments/1ao2hsf/_/kpwo9er/,Managing neurodivergence in dating
1ao2hsf,GF had her friend spy on me/my house.,datingoverforty,183,https://reddit.com/r/datingoverforty/comments/1ao2hsf/gf_had_her_friend_spy_on_memy_house/,kpwe7ky,echo5alfa,17,That makes sense. Thanks for your insight. I do plan on talking to her about this before I make a decision on whether to break it off or not. She did say that she was cheated on before by her ex husband over two years ago.,https://reddit.com/r/datingoverforty/comments/1ao2hsf/_/kpwe7ky/,General / Other
1ao2hsf,GF had her friend spy on me/my house.,datingoverforty,183,https://reddit.com/r/datingoverforty/comments/1ao2hsf/gf_had_her_friend_spy_on_memy_house/,kpweewz,echo5alfa,13,"Fair-point. I was thinking of having the conversation in person so I could read her reaction better. But, yeah maybe a call tomorrow is what is needed.",https://reddit.com/r/datingoverforty/comments/1ao2hsf/_/kpweewz/,General / Other
1ao2hsf,GF had her friend spy on me/my house.,datingoverforty,183,https://reddit.com/r/datingoverforty/comments/1ao2hsf/gf_had_her_friend_spy_on_memy_house/,kpwlvix,echo5alfa,12,"She had planned on it. Seems early to me too, but she is her kids mom, so was willing to meet if that’s what she wanted.
Of course this will likely change those plans.",https://reddit.com/r/datingoverforty/comments/1ao2hsf/_/kpwlvix/,General / Other
1ao2hsf,GF had her friend spy on me/my house.,datingoverforty,183,https://reddit.com/r/datingoverforty/comments/1ao2hsf/gf_had_her_friend_spy_on_memy_house/,kpwhh4k,echo5alfa,12,"I don’t know for sure whether the spy was on official orders😆
It’s easy for rando’s to say just end it…I get it. But I see this as an opportunity to have a meaningful conversation. I’ll try to postpone Judgement until then.",https://reddit.com/r/datingoverforty/comments/1ao2hsf/_/kpwhh4k/,General / Other
1ao2hsf,GF had her friend spy on me/my house.,datingoverforty,183,https://reddit.com/r/datingoverforty/comments/1ao2hsf/gf_had_her_friend_spy_on_memy_house/,kpwg2ux,echo5alfa,11,"That’s a really scary thought now. 😆
Before tonight? Yeah she has been more than wonderful.",https://reddit.com/r/datingoverforty/comments/1ao2hsf/_/kpwg2ux/,General / Other
1ao2hsf,GF had her friend spy on me/my house.,datingoverforty,183,https://reddit.com/r/datingoverforty/comments/1ao2hsf/gf_had_her_friend_spy_on_memy_house/,kpwdeu7,echo5alfa,7,We’re both 42. I think the friend is a little older.,https://reddit.com/r/datingoverforty/comments/1ao2hsf/_/kpwdeu7/,General / Other
1ao2hsf,GF had her friend spy on me/my house.,datingoverforty,183,https://reddit.com/r/datingoverforty/comments/1ao2hsf/gf_had_her_friend_spy_on_memy_house/,kpwoxvl,echo5alfa,6,Yeah totally going to do that.,https://reddit.com/r/datingoverforty/comments/1ao2hsf/_/kpwoxvl/,General / Other
1ao2hsf,GF had her friend spy on me/my house.,datingoverforty,183,https://reddit.com/r/datingoverforty/comments/1ao2hsf/gf_had_her_friend_spy_on_memy_house/,kpyu4x6,echo5alfa,4,Naw. No chance. It’s also the manner in which she was pointing her phone around….like she was on a live video call looking at my house and what cars might be parked along the street that make it obvious.,https://reddit.com/r/datingoverforty/comments/1ao2hsf/_/kpyu4x6/,General / Other
1bnksau,What are the single women my age up to?,datingoverforty,179,https://reddit.com/r/datingoverforty/comments/1bnksau/what_are_the_single_women_my_age_up_to/,kwixyb3,FuturistiKen,136,"Hahaha story of my life, no wonder we’re all single!",https://reddit.com/r/datingoverforty/comments/1bnksau/_/kwixyb3/,General / Other
1bnksau,What are the single women my age up to?,datingoverforty,179,https://reddit.com/r/datingoverforty/comments/1bnksau/what_are_the_single_women_my_age_up_to/,kwiw41q,Super_Chilled_Reader,88,"If I'm not home working my full time job (remote job), I'm working my part time job at an Assisted Living facility, or having dinner with a girlfriend. Other than that I'm mainly home with my kids, or ubering them around. I'm afraid there are a lot of women (and possibly men) like me, who work remotely and just don't go out much 🫤",https://reddit.com/r/datingoverforty/comments/1bnksau/_/kwiw41q/,General / Other
1bnksau,What are the single women my age up to?,datingoverforty,179,https://reddit.com/r/datingoverforty/comments/1bnksau/what_are_the_single_women_my_age_up_to/,kwjd6b6,FuturistiKen,34,"Thank you! Yeah, the apps are the worst. I need a break, but I also think that particular evil is indeed probably a necessary one for folks like us.",https://reddit.com/r/datingoverforty/comments/1bnksau/_/kwjd6b6/,General / Other
1bnksau,What are the single women my age up to?,datingoverforty,179,https://reddit.com/r/datingoverforty/comments/1bnksau/what_are_the_single_women_my_age_up_to/,kwiwpc5,FuturistiKen,14,"Thanks for sharing. I think you’re right, and a lot of us just aren’t out in the world nearly as much with remote work being so prevalent. Pretty sure I know the answer, but presumably you’d prefer not to be approached when out doing stuff with the kids?",https://reddit.com/r/datingoverforty/comments/1bnksau/_/kwiwpc5/,Getting over approach anxiety
1bnksau,What are the single women my age up to?,datingoverforty,179,https://reddit.com/r/datingoverforty/comments/1bnksau/what_are_the_single_women_my_age_up_to/,kwj9rks,FuturistiKen,14,"Hahahaha right, I’m starting to think I should just go door-to-door and see if anyone’s in the market for a lightly used, tallish white boy that’s pretty good at cosplaying as someone that’s got it together 😅",https://reddit.com/r/datingoverforty/comments/1bnksau/_/kwj9rks/,General / Other
1bnksau,What are the single women my age up to?,datingoverforty,179,https://reddit.com/r/datingoverforty/comments/1bnksau/what_are_the_single_women_my_age_up_to/,kwjtzh1,FuturistiKen,8,"I guess I can’t speak for everyone, but that’s definitely a big part of it for me. I’ve observed enough creepiness to take it for granted that just existing in public as a woman can be a big fat pain in the ass, and I don’t want to be part of the problem.",https://reddit.com/r/datingoverforty/comments/1bnksau/_/kwjtzh1/,General / Other
1bnksau,What are the single women my age up to?,datingoverforty,179,https://reddit.com/r/datingoverforty/comments/1bnksau/what_are_the_single_women_my_age_up_to/,kwj5540,FuturistiKen,6,"Ugh, I knowwwww, which is why we’re all going to die alone 💀",https://reddit.com/r/datingoverforty/comments/1bnksau/_/kwj5540/,General / Other
1bnksau,What are the single women my age up to?,datingoverforty,179,https://reddit.com/r/datingoverforty/comments/1bnksau/what_are_the_single_women_my_age_up_to/,kwiyqcf,FuturistiKen,5,"Yeah, this is pretty much in line with what I’ve been reading. I don’t that I’d be annoyed if someone approached me while I was just out running errands, but I certainly wouldn’t be prepared for it and would likely make it awkward in my surprise! 😅",https://reddit.com/r/datingoverforty/comments/1bnksau/_/kwiyqcf/,Getting over approach anxiety
1bnksau,What are the single women my age up to?,datingoverforty,179,https://reddit.com/r/datingoverforty/comments/1bnksau/what_are_the_single_women_my_age_up_to/,kwjsryc,FuturistiKen,5,"You’re not wrong about the conditionals, but you’ve essentially named my pain. It’s hard for me to do almost anything with the kind of detachment you’re talking (though I’m sure trying as a novice Buddhist) so I think I often come off as pretty intense. What you said about it being less threatening to others is compelling though. There’s an easy affability that I’ve been very effective at faking in my work persona, but it’s a performance that can be pretty exhausting. I just….care, a lot! About a lot of things! It takes work to pretend I don’t and to hide that my brain is over analyzing every minute detail of the interaction. I know caring a lot is something the right match will cherish about me, but it’s also my experience that I can be “a lot” in initial, more surface-level interactions.",https://reddit.com/r/datingoverforty/comments/1bnksau/_/kwjsryc/,General / Other
1bnksau,What are the single women my age up to?,datingoverforty,179,https://reddit.com/r/datingoverforty/comments/1bnksau/what_are_the_single_women_my_age_up_to/,kwixrmf,FuturistiKen,4,"Ahhh this is interesting, because I see a lot of stuff on social media about women generally NOT wanting to be approached at the gym. Do you typically workout with headphones? And presumably you wouldn’t want to be interrupted during a set, so maybe the water fountain or smoothie bar or whatever is the move?",https://reddit.com/r/datingoverforty/comments/1bnksau/_/kwixrmf/,Getting over approach anxiety
1bnksau,What are the single women my age up to?,datingoverforty,179,https://reddit.com/r/datingoverforty/comments/1bnksau/what_are_the_single_women_my_age_up_to/,kwj0o2m,FuturistiKen,4,"No surprise this question led to me feeling the need to apologize for others of my gender (sorry!) but this does bring up something not necessarily dating-related that I’m curious about: as a slightly taller-than-average man, I often wonder if it would be appreciated if I offered to reach something down from a high shelf? Or to load up heavy stuff in the parking lot? I want to be the guy that helped get the lumber on the roof rack, not the guy fussing about you dropping something on your toes!",https://reddit.com/r/datingoverforty/comments/1bnksau/_/kwj0o2m/,General / Other
u6gitx,My unbelievable first date since my divorce.,datingoverforty,177,https://reddit.com/r/datingoverforty/comments/u6gitx/my_unbelievable_first_date_since_my_divorce/,i5842s3,Zehnpae,34,"Salutations!

&gt; I’m about 80 pounds heavier and have much less hair than back then, so I’m feeling a little insecure on that front.

Some quick advice here on this front my friend

Confidence is everything.  Remind yourself that she finds you attractive or she wouldn't have swiped on you in the first place.  I'm a right tubby bastard myself, but my girlfriend says I'm sexy.  Who am I to argue?

That being said, loving yourself is important and if you like this gal then you want to be your best self for her.  I miss mountain dew something fierce.  But a few minutes of jogging/weight lifting every day and cutting back on my shitty eating habits is worth building a better me to share with the woman I care so very much about.

In short, love thyself and she will too.  Oh, and own the bald t",https://reddit.com/r/datingoverforty/comments/u6gitx/_/i5842s3/,Building self-worth
u6gitx,My unbelievable first date since my divorce.,datingoverforty,177,https://reddit.com/r/datingoverforty/comments/u6gitx/my_unbelievable_first_date_since_my_divorce/,i58nwfq,relationshiptossoutt,26,"Thank you for sharing your experience and perspective. I’d considered an experience like you describe, but honestly, I think I’d feel totally ok with that being the course of our new relationship. It’d give me a sense of closure I didn’t have before. Like we actually gave it a shot this time, so if it fails, it’ll be easier to see it just wasn’t meant to be. 

But thanks again for the words of caution. I’ll move slow and carefully and won’t be afraid to pull the plug at red flags.",https://reddit.com/r/datingoverforty/comments/u6gitx/_/i58nwfq/,General / Other
u6gitx,My unbelievable first date since my divorce.,datingoverforty,177,https://reddit.com/r/datingoverforty/comments/u6gitx/my_unbelievable_first_date_since_my_divorce/,i585css,relationshiptossoutt,13,"Thanks man! I definitely ate my feelings away during the final pathetic gasps of my failing marriage and then the divorce. In the last month, I’ve been eating better and exercising again and have already dropped 10ish pounds. I started shaving my head to stubble at like age 25, so I’m not insecure about being bald, other than knowing that she knew/remembered me when I was 17, into Pearl Jam and the grunge scene, and rocked my super thick long hair that she used to brush and talk about how she wished she had hair like mine. Well, mine all fell out and hers looks identical now! 

I relate on figuring out my “best version” of myself. I’m working on it.",https://reddit.com/r/datingoverforty/comments/u6gitx/_/i585css/,Starting over after loss
u6gitx,My unbelievable first date since my divorce.,datingoverforty,177,https://reddit.com/r/datingoverforty/comments/u6gitx/my_unbelievable_first_date_since_my_divorce/,i58nd9t,relationshiptossoutt,7,"I agree, and am approaching this situation with cautious optimism. Thanks for the reminder.",https://reddit.com/r/datingoverforty/comments/u6gitx/_/i58nd9t/,Getting over approach anxiety
u6gitx,My unbelievable first date since my divorce.,datingoverforty,177,https://reddit.com/r/datingoverforty/comments/u6gitx/my_unbelievable_first_date_since_my_divorce/,i585kp8,relationshiptossoutt,5,"Yeah, I really thought I was too old to ever experience this again. She’s been my “reflect back and smile” person for a long time. It feels weird she’s playing that same role in our 40’s.",https://reddit.com/r/datingoverforty/comments/u6gitx/_/i585kp8/,Processing the shame of being late
u6gitx,My unbelievable first date since my divorce.,datingoverforty,177,https://reddit.com/r/datingoverforty/comments/u6gitx/my_unbelievable_first_date_since_my_divorce/,i58qxqr,relationshiptossoutt,5,"Yeah, thanks for the reality check. I think you’d sorted out our situation… I was always slightly more interested in her than vice-versa, but it wasn’t a dramatic difference. I know I’m pursuing a sense of closure on this as well, a way to button up the past and give another shot to something I have regrets about before.

But you’re totally right. I’ll be mindful about not just pursuing her for old-time’s sake, and instead evaluate her for where she is now. Same as I would with meeting a new woman, I suppose. I do appreciate the reality check.",https://reddit.com/r/datingoverforty/comments/u6gitx/_/i58qxqr/,General / Other
u6gitx,My unbelievable first date since my divorce.,datingoverforty,177,https://reddit.com/r/datingoverforty/comments/u6gitx/my_unbelievable_first_date_since_my_divorce/,i58rsng,relationshiptossoutt,4,"Yep, your comment is one of many basically saying “be careful”. I am excited about the future, but also happy about my present and just trying to sort of enjoy that while I can. But I will approach the situation cautiously and mindfully. 

Thanks for the reminder. I’ll be careful.",https://reddit.com/r/datingoverforty/comments/u6gitx/_/i58rsng/,Getting over approach anxiety
u6gitx,My unbelievable first date since my divorce.,datingoverforty,177,https://reddit.com/r/datingoverforty/comments/u6gitx/my_unbelievable_first_date_since_my_divorce/,i589f2f,relationshiptossoutt,3,"I’m not sure I follow. There’s no adultery or affairs in this story. Just a fatso trying to date, I guess.",https://reddit.com/r/datingoverforty/comments/u6gitx/_/i589f2f/,General / Other
1cykso9,"Almost two years, and it's over. ",datingoverforty,173,https://reddit.com/r/datingoverforty/comments/1cykso9/almost_two_years_and_its_over/,l5e8dzv,Thevinegru2,3,"I hear shit like this online. I see it from people I know. And I ask myself how these dudes get away with it. My ex gf literally told me I wasn’t a man and I put in the entire down payment on our house which was over 20% and paid over 60% of the bills, too. 🤡🔫",https://reddit.com/r/datingoverforty/comments/1cykso9/_/l5e8dzv/,General / Other
1cykso9,"Almost two years, and it's over. ",datingoverforty,173,https://reddit.com/r/datingoverforty/comments/1cykso9/almost_two_years_and_its_over/,l5rby9c,Dumpster-fire-ex,3,"Thank you!! I feel a little sad at night, but I wake up feeling so excited about the future.",https://reddit.com/r/datingoverforty/comments/1cykso9/_/l5rby9c/,General / Other
1cykso9,"Almost two years, and it's over. ",datingoverforty,173,https://reddit.com/r/datingoverforty/comments/1cykso9/almost_two_years_and_its_over/,l5f8pm9,Dumpster-fire-ex,3,"Last time it took me 21 years, so I suppose I'm headed in the right direction.",https://reddit.com/r/datingoverforty/comments/1cykso9/_/l5f8pm9/,General / Other
1cykso9,"Almost two years, and it's over. ",datingoverforty,173,https://reddit.com/r/datingoverforty/comments/1cykso9/almost_two_years_and_its_over/,l5f7y5a,Dumpster-fire-ex,2,Yep!!,https://reddit.com/r/datingoverforty/comments/1cykso9/_/l5f7y5a/,General / Other
1cykso9,"Almost two years, and it's over. ",datingoverforty,173,https://reddit.com/r/datingoverforty/comments/1cykso9/almost_two_years_and_its_over/,l5fny81,Dumpster-fire-ex,2,Thank you. This is really thoughtful. You are right about there being so many chances and it's nice to be reminded that asking more than once about a deal breaker is a deal breaker.,https://reddit.com/r/datingoverforty/comments/1cykso9/_/l5fny81/,Getting over approach anxiety
1cykso9,"Almost two years, and it's over. ",datingoverforty,173,https://reddit.com/r/datingoverforty/comments/1cykso9/almost_two_years_and_its_over/,l5f8b8u,Dumpster-fire-ex,2,I'm sorry. Nobody deserves to be spoken to like that.,https://reddit.com/r/datingoverforty/comments/1cykso9/_/l5f8b8u/,General / Other
1cykso9,"Almost two years, and it's over. ",datingoverforty,173,https://reddit.com/r/datingoverforty/comments/1cykso9/almost_two_years_and_its_over/,l5f8ncj,Dumpster-fire-ex,2,"Adult child. Not a child. A grown ass man who won't even do the most basic chores, and screams at his video games until 2 in the morning.

And I wouldn't be mad if I pretended the arrangement was fine and then changed course. We discussed several times very early on what our expectations were for a life partner, and he volunteered that his situation was not in anyone's best interest and was unhealthy for his son and his mother in law. All I asked was that he make progress. He didn't take a single step.",https://reddit.com/r/datingoverforty/comments/1cykso9/_/l5f8ncj/,General / Other
1cykso9,"Almost two years, and it's over. ",datingoverforty,173,https://reddit.com/r/datingoverforty/comments/1cykso9/almost_two_years_and_its_over/,l5f8456,Dumpster-fire-ex,1,"He bought the occasional meal, but mostly he supported other adults.",https://reddit.com/r/datingoverforty/comments/1cykso9/_/l5f8456/,General / Other
1cykso9,"Almost two years, and it's over. ",datingoverforty,173,https://reddit.com/r/datingoverforty/comments/1cykso9/almost_two_years_and_its_over/,l5a56uw,AutoModerator,1,"Original copy of post by u/Dumpster-fire-ex:

I'm still a little numb and probably in denial a bit. I ended my relationship 5 days before the two year mark. My post history has the story, but basically he wanted to continue supporting his mother in law and adult son completely, while living in my house and not contributing. He also has a menagerie of animals that were left behind by other relatives and an ex girlfriend. I have asthma and he has 4 indoor cats.  My income has increased dramatically during the relationship, and it seemed like he assumed that I would foot more than my share for our future, so that he could enable other adults to leech off of him. He claimed he hated the situation, but never did a single concrete thing to change it. 

I'm really sad, and annoyed at myself becau",https://reddit.com/r/datingoverforty/comments/1cykso9/_/l5a56uw/,General / Other
t246ip,How soon into a new relationship is it appropriate to fart in front of your partner ?,datingoverforty,170,https://reddit.com/r/datingoverforty/comments/t246ip/how_soon_into_a_new_relationship_is_it/,hykdy20,MtnMan18707,125,"About 2 months into dating my ex-girlfriend, we had been out drinking with some friends. She probably had about one or four drinks too many. At the end of the night I walked her into her apartment. She spilled onto her sofa and I went in the kitchen to get her a glass of water. I set it on the end table, as she laid there apologizing for being drunk. I told her it was my turn to get drunk next time. She started to laugh and let one go. I couldn't help but laugh, but she was freaking out about it, and started crying. ""OH MY GOD! I can't believe I tooted in front of you!"" she sobbed; which made me laugh even harder! I knelt down beside the sofa, kissed her forehead, and ripped one. We laughed about it for quite a while. In all honesty, I think it brought us closer. I sincerely miss her.",https://reddit.com/r/datingoverforty/comments/t246ip/_/hykdy20/,General / Other
1mxm85o,Being More Attractive - A Positive Post,datingoverforty,169,https://reddit.com/r/datingoverforty/comments/1mxm85o/being_more_attractive_a_positive_post/,na60p3s,Substantial-Ant-4010,31,"That wasn't my intention. My intention was to inspire! You can improve if you decide to! Here is the truth. On any given day, I can be the smartest guy in the room, and the dumbest guy in the room. I don't aspire to be better than some person, I measure myself against the person I was yesterday. If I am a better person than I was yesterday, I consider it a win. I still fail, a lot, but I won't and can't quit. All you have to do is keep trying. You can do this! Best of luck out there stranger!",https://reddit.com/r/datingoverforty/comments/1mxm85o/_/na60p3s/,General / Other
1mxm85o,Being More Attractive - A Positive Post,datingoverforty,169,https://reddit.com/r/datingoverforty/comments/1mxm85o/being_more_attractive_a_positive_post/,na631a7,Substantial-Ant-4010,19,"100% right! I am doing it for myself. It will pay dividends in all areas of my life, even is that ends up just being me!",https://reddit.com/r/datingoverforty/comments/1mxm85o/_/na631a7/,General / Other
1mxm85o,Being More Attractive - A Positive Post,datingoverforty,169,https://reddit.com/r/datingoverforty/comments/1mxm85o/being_more_attractive_a_positive_post/,na61i9q,Substantial-Ant-4010,13,I do evangelize when I can. My message to men out there. Do better! Be the change you want to see.,https://reddit.com/r/datingoverforty/comments/1mxm85o/_/na61i9q/,General / Other
1mxm85o,Being More Attractive - A Positive Post,datingoverforty,169,https://reddit.com/r/datingoverforty/comments/1mxm85o/being_more_attractive_a_positive_post/,na62gcu,Substantial-Ant-4010,11,"You do you, but consider this. A first impression is made before we say a word, sometimes in as little as 1/10 of a second. I can still be authentic and myself, and tip the odds in my favor, by making more effort.",https://reddit.com/r/datingoverforty/comments/1mxm85o/_/na62gcu/,General / Other
1mxm85o,Being More Attractive - A Positive Post,datingoverforty,169,https://reddit.com/r/datingoverforty/comments/1mxm85o/being_more_attractive_a_positive_post/,na62mko,Substantial-Ant-4010,11,"Not yet, I look young for my age (I kid!) I need to do that.",https://reddit.com/r/datingoverforty/comments/1mxm85o/_/na62mko/,General / Other
1mxm85o,Being More Attractive - A Positive Post,datingoverforty,169,https://reddit.com/r/datingoverforty/comments/1mxm85o/being_more_attractive_a_positive_post/,na618ft,Substantial-Ant-4010,7,Outstanding! The father in me is proud of you!,https://reddit.com/r/datingoverforty/comments/1mxm85o/_/na618ft/,General / Other
1mxm85o,Being More Attractive - A Positive Post,datingoverforty,169,https://reddit.com/r/datingoverforty/comments/1mxm85o/being_more_attractive_a_positive_post/,na66lko,Substantial-Ant-4010,7,I haven't experienced any women showing up like they just rolled out of bed. I expect it is quite rare.,https://reddit.com/r/datingoverforty/comments/1mxm85o/_/na66lko/,General / Other
1mxm85o,Being More Attractive - A Positive Post,datingoverforty,169,https://reddit.com/r/datingoverforty/comments/1mxm85o/being_more_attractive_a_positive_post/,na613u6,Substantial-Ant-4010,6,"I do have a neatly trimmed Goatee beard, that I trim every 2-3 days, but I keep the rest of the face, freshly shaved. I look like a wookie with my shirt off, so I keep it fairly short as well.",https://reddit.com/r/datingoverforty/comments/1mxm85o/_/na613u6/,General / Other
1mxm85o,Being More Attractive - A Positive Post,datingoverforty,169,https://reddit.com/r/datingoverforty/comments/1mxm85o/being_more_attractive_a_positive_post/,na638gt,Substantial-Ant-4010,5,Thanks!,https://reddit.com/r/datingoverforty/comments/1mxm85o/_/na638gt/,General / Other
1mxm85o,Being More Attractive - A Positive Post,datingoverforty,169,https://reddit.com/r/datingoverforty/comments/1mxm85o/being_more_attractive_a_positive_post/,na61c2n,Substantial-Ant-4010,3,"Baby steps, the struggle is real, even for me.",https://reddit.com/r/datingoverforty/comments/1mxm85o/_/na61c2n/,General / Other
1mxm85o,Being More Attractive - A Positive Post,datingoverforty,169,https://reddit.com/r/datingoverforty/comments/1mxm85o/being_more_attractive_a_positive_post/,na5von5,AutoModerator,3,"Original copy of post by u/Substantial-Ant-4010:

I'm 57m at the house chilling, and working on some projects tonight.

We all know dating is hard, and soul sucking. I'm still hopeful about my future. I took a long hard look at myself after the divorce, and realized that while I can't change what I look like, I can make myself more attractive. To that end, I have done the following:

Lost 30 lbs, got in the best shape of my life, by exercising regularly, caring more about my health, went to therapy, figured out a style that fits my personality,  I'm working on being a better person in every way. I'm learning new skills like mixing fancy cocktails, and honing old skills like cooking, and woodworking. I'm reading more, writing more, and learning more about who I am as an individual.

I am le",https://reddit.com/r/datingoverforty/comments/1mxm85o/_/na5von5/,Starting over after loss
13ws52w,Online Dating Does Work if You Work it Right.,datingoverforty,168,https://reddit.com/r/datingoverforty/comments/13ws52w/online_dating_does_work_if_you_work_it_right/,jmd4c4m,[deleted],131,"I've been one of the biggest proponents of online dating for a couple of decades now. I met my ex-wife and the mother of my child online, and all but one relationship in my adult life began online. I'm happy that it's worked for you, sincerely. 

But even my semi-functional miniscule brain comprehends that while one's approach and state of mind may or may not play a part in their success rate, factors outside of their control (geographical distance, type of relationship other participants seek, timing, local and sometimes even world events, and approximately 40,000 more potential items) shouldn't be overlooked. 

You'll very likely agree with all of this, but that should also make you question what the point of your post is and why you neglected those factors.",https://reddit.com/r/datingoverforty/comments/13ws52w/_/jmd4c4m/,Getting over approach anxiety
1po2phs,Dates reacting poorly to bi experience,datingoverforty,168,https://reddit.com/r/datingoverforty/comments/1po2phs/dates_reacting_poorly_to_bi_experience/,nuc4p03,Dr_Drinks,60,"Thank you - and exactly!

It’s not about cheating - I’m monogamous. It’s about past experiences. And apparently this particular one is an issue for some.",https://reddit.com/r/datingoverforty/comments/1po2phs/_/nuc4p03/,General / Other
1po2phs,Dates reacting poorly to bi experience,datingoverforty,168,https://reddit.com/r/datingoverforty/comments/1po2phs/dates_reacting_poorly_to_bi_experience/,nuc48fc,Dr_Drinks,31,Thank you. You’re right - I would not want to be in a relationship with a person who could not accept that. So better find out early.,https://reddit.com/r/datingoverforty/comments/1po2phs/_/nuc48fc/,General / Other
1po2phs,Dates reacting poorly to bi experience,datingoverforty,168,https://reddit.com/r/datingoverforty/comments/1po2phs/dates_reacting_poorly_to_bi_experience/,nuea5yd,Freedominakilt,24,"I get this frequently. Spent 20 years raising my son as a single dad instead of chasing women. Now when I’m asked about my relationship history, I’m treated with suspicion. My bad I guess for doing the responsible thing. Oh well, I’d rather have the great relationship with my son.",https://reddit.com/r/datingoverforty/comments/1po2phs/_/nuea5yd/,General / Other
1po2phs,Dates reacting poorly to bi experience,datingoverforty,168,https://reddit.com/r/datingoverforty/comments/1po2phs/dates_reacting_poorly_to_bi_experience/,nucmrm6,dallyan,20,I am totally fine with it but I can imagine it’s tough when dating women. Your best bet is to search for other bi women or more open-minded allies.,https://reddit.com/r/datingoverforty/comments/1po2phs/_/nucmrm6/,General / Other
1po2phs,Dates reacting poorly to bi experience,datingoverforty,168,https://reddit.com/r/datingoverforty/comments/1po2phs/dates_reacting_poorly_to_bi_experience/,nud1alq,NecessaryArt2268,10,"I think it’s a little more nuanced than that. Some people genuinely believe that you can’t truly be bisexual. Whether that’s right or wrong everyone is entitled to their own opinion. 

My ex (we were together 7 years), was with men behind my back. He liked dating women and had several LTRs but liked sleeping with men. He called himself bisexual (when caught) but really, he’d been sleeping with men for 20 years and dating women he doesn’t really want to sleep with, for 20 years.

Appreciate this isn’t about me but I’m flagging that it’s a nuanced topic for some based on their own experiences. Personally I wouldn’t continue dating you after you told me but that’s because of my own past experience and not because I think there is anything wrong with it.",https://reddit.com/r/datingoverforty/comments/1po2phs/_/nud1alq/,General / Other
1po2phs,Dates reacting poorly to bi experience,datingoverforty,168,https://reddit.com/r/datingoverforty/comments/1po2phs/dates_reacting_poorly_to_bi_experience/,nuc76ew,Dr_Drinks,8,"But why would you suspect me of cheating because I’ve had one, monogamous relationship with a man?",https://reddit.com/r/datingoverforty/comments/1po2phs/_/nuc76ew/,General / Other
1po2phs,Dates reacting poorly to bi experience,datingoverforty,168,https://reddit.com/r/datingoverforty/comments/1po2phs/dates_reacting_poorly_to_bi_experience/,nudbguh,Lilliths-pain,6,"I don't agree, someone may be totally against my political views but that's nothing to do with sexuality. Hobbies and political views are quite different from sexuality and sexuality is different from sexual identity. A man might not want to date me because I've had sex with a black man years ago and that would be racism. 

Sexuality is who you are attracted to and generally can't change = men and women, no idea why and I have totally straight female friends who aren't interested in women and female relatives that think bisexual women are disgusting (homophobes).

As a man you might be attracted to women that have always been women, thats a trait that cannot be changed it's who you fundamentally are. A man might fall in love with a woman who used to be man but now is 100% woman and dependi",https://reddit.com/r/datingoverforty/comments/1po2phs/_/nudbguh/,Building self-worth
1po2phs,Dates reacting poorly to bi experience,datingoverforty,168,https://reddit.com/r/datingoverforty/comments/1po2phs/dates_reacting_poorly_to_bi_experience/,nuc4fmu,Dr_Drinks,6,"It’s not about sharing, though. I’m monogamous. And there’s no disease. I protect myself and have been tested, too.",https://reddit.com/r/datingoverforty/comments/1po2phs/_/nuc4fmu/,General / Other
13ws52w,Online Dating Does Work if You Work it Right.,datingoverforty,168,https://reddit.com/r/datingoverforty/comments/13ws52w/online_dating_does_work_if_you_work_it_right/,jmd580e,jphilipre,2,Geography is a thing. Those of us in highly populated areas are fortunate.,https://reddit.com/r/datingoverforty/comments/13ws52w/_/jmd580e/,General / Other
13ws52w,Online Dating Does Work if You Work it Right.,datingoverforty,168,https://reddit.com/r/datingoverforty/comments/13ws52w/online_dating_does_work_if_you_work_it_right/,jmd5c53,jphilipre,1,Have you had anyone coach you on your profile? Are you in a low populated locale?,https://reddit.com/r/datingoverforty/comments/13ws52w/_/jmd5c53/,General / Other
tnmjhy,"This is fishy, right?",datingoverforty,167,https://reddit.com/r/datingoverforty/comments/tnmjhy/this_is_fishy_right/,i22ecra,aghrivaine,40,"Well, I already told her it wasn't going to work for me. At this point I'm just over-thinking it after the fact. Like ya do.",https://reddit.com/r/datingoverforty/comments/tnmjhy/_/i22ecra/,General / Other
tnmjhy,"This is fishy, right?",datingoverforty,167,https://reddit.com/r/datingoverforty/comments/tnmjhy/this_is_fishy_right/,i22g8d5,aghrivaine,38,That's pretty the same conclusion I came to. Thanks!,https://reddit.com/r/datingoverforty/comments/tnmjhy/_/i22g8d5/,General / Other
tnmjhy,"This is fishy, right?",datingoverforty,167,https://reddit.com/r/datingoverforty/comments/tnmjhy/this_is_fishy_right/,i22pp7m,aghrivaine,7,"Couldn't, she wouldn't share her last name. She did share her Insta, but it was sparsely populated and almost everything was 4+ years old.

I'm hearing it now. Yep. I hear it.",https://reddit.com/r/datingoverforty/comments/tnmjhy/_/i22pp7m/,General / Other
tnmjhy,"This is fishy, right?",datingoverforty,167,https://reddit.com/r/datingoverforty/comments/tnmjhy/this_is_fishy_right/,i250gm9,aghrivaine,6,"Batman. That explains everything… I’ve never seen her and Bruce Wayne in the same place, either.",https://reddit.com/r/datingoverforty/comments/tnmjhy/_/i250gm9/,General / Other
1ntbrp1,Men do you care…?,datingoverforty,165,https://reddit.com/r/datingoverforty/comments/1ntbrp1/men_do_you_care/,ngsktct,lifeisbetternow23,10,lol at this age I worry about catching up on retirement,https://reddit.com/r/datingoverforty/comments/1ntbrp1/_/ngsktct/,General / Other
1ntbrp1,Men do you care…?,datingoverforty,165,https://reddit.com/r/datingoverforty/comments/1ntbrp1/men_do_you_care/,ngsjlf8,haughtybits,9,"Some men will lead with their financial accomplishments because they think that’s how most women will measure them. 

Some men will be wary of dating women with fewer resources because they worry that they might be taken advantage of.

That’s not true of everyone. But it will be a factor for some. You can decide how much you really want to try chasing someone who sees their status as their best feature. There are also plenty of men in financial circumstances similar to yours.

I don’t worry about it much. I don’t advertise my financial success. No one’s come after my money yet. I don’t include it on my profile (maybe I should, but I’m not interested in buying attention).",https://reddit.com/r/datingoverforty/comments/1ntbrp1/_/ngsjlf8/,General / Other
1ntbrp1,Men do you care…?,datingoverforty,165,https://reddit.com/r/datingoverforty/comments/1ntbrp1/men_do_you_care/,ngtkcca,lifeisbetternow23,8,thats awesome 💜.  i re-entered fine into the workforce - I just mean im behind financial standards at our age: homeownership &amp; retirement fund.,https://reddit.com/r/datingoverforty/comments/1ntbrp1/_/ngtkcca/,General / Other
1ntbrp1,Men do you care…?,datingoverforty,165,https://reddit.com/r/datingoverforty/comments/1ntbrp1/men_do_you_care/,ngtgaf1,erniesdaddy2003,8,"I do care about their relationship to money and don’t care about their financial level. My ex gf made enough to pay the bills but wasn’t financially sound. I was happy to pay (at her request) for nights out, trips, etc, but she was judgemental/envious of how much I made and how I spent it. I don’t live lavishly but in comparison to her and how she grew up poor it seemed that way. Ironically, I grew up poor as well but it was still an issue for her.",https://reddit.com/r/datingoverforty/comments/1ntbrp1/_/ngtgaf1/,General / Other
1ntbrp1,Men do you care…?,datingoverforty,165,https://reddit.com/r/datingoverforty/comments/1ntbrp1/men_do_you_care/,nguxtim,Research_Liborian,5,"Fwiw, and n=1, but I've (M57) had one date out of ~10 in OLD where $ was not within the first three Qs they posed. I think that's at least partially because I live in a high cost area. 

Most of the women I matched with sought a LAT (Living apart together) situation where It seemed implied that the man would cover extensive vacation travel and/or a second vacation home. That is, they didn't want the guy to be a sugar daddy, but a affluent, willing travel companion",https://reddit.com/r/datingoverforty/comments/1ntbrp1/_/nguxtim/,General / Other
1ntbrp1,Men do you care…?,datingoverforty,165,https://reddit.com/r/datingoverforty/comments/1ntbrp1/men_do_you_care/,ngtjpeh,lifeisbetternow23,3,"Not at all. I dont mean to come a across as a martyr. I was never that person that dreamed of being suzy homemaker and being “taken care of”. But we did believe that raising our child for the first few years was more important than my career - that was OUR choice. it just put me (and many others) at a huge disadvantage when the shit hit the fan.  im not judging others, however this is the reality for those moms that do give up careers for long periods of time",https://reddit.com/r/datingoverforty/comments/1ntbrp1/_/ngtjpeh/,Coping with physical loneliness
1ntbrp1,Men do you care…?,datingoverforty,165,https://reddit.com/r/datingoverforty/comments/1ntbrp1/men_do_you_care/,ngvfwz8,99Yearstoosoon,3,"I'm in the same boat but as a man.   I stayed at home for 13 years.   That's 13 years of social security and retirement that I don't have.   On top of that,  no one wants to hire a man that's been out of work for 13 years.",https://reddit.com/r/datingoverforty/comments/1ntbrp1/_/ngvfwz8/,General / Other
15pn95k,Should I tell women I have a chronic illness?,datingoverforty,161,https://reddit.com/r/datingoverforty/comments/15pn95k/should_i_tell_women_i_have_a_chronic_illness/,jvyk0vw,MandatoryFun303,68,Thank you. This is so sweet and I appreciate you sharing.,https://reddit.com/r/datingoverforty/comments/15pn95k/_/jvyk0vw/,General / Other
15pn95k,Should I tell women I have a chronic illness?,datingoverforty,161,https://reddit.com/r/datingoverforty/comments/15pn95k/should_i_tell_women_i_have_a_chronic_illness/,jvykgnh,MandatoryFun303,35,"Yeah, I’m scheduled to move to Oregon in 2025. They have assisted suicide, and I’m m not going out like my father.",https://reddit.com/r/datingoverforty/comments/15pn95k/_/jvykgnh/,General / Other
15pn95k,Should I tell women I have a chronic illness?,datingoverforty,161,https://reddit.com/r/datingoverforty/comments/15pn95k/should_i_tell_women_i_have_a_chronic_illness/,jvygxv7,MandatoryFun303,13,Thank you. That was heartbreaking but helpful.,https://reddit.com/r/datingoverforty/comments/15pn95k/_/jvygxv7/,Heartbreak and age
oy6dx7,Sending my most positive thoughts to widows and widowers on the dating market...,datingoverforty,160,https://reddit.com/r/datingoverforty/comments/oy6dx7/sending_my_most_positive_thoughts_to_widows_and/,h7rjdu4,Proudlymediocre,10,"Something I never realized as a child but I've realized as an adult -- the pain of loss never goes away. It fades a little (with good days and bad days) but we miss those people so much. 

I'm really sorry for the people who haven't been able to continue because of the widow/widower thing. I personally think it's an honor to be trusted with a relationship after a loss, and also love being able to help anyone any way I can. 

I wish you peace and love. Please take care.",https://reddit.com/r/datingoverforty/comments/oy6dx7/_/h7rjdu4/,General / Other
oy6dx7,Sending my most positive thoughts to widows and widowers on the dating market...,datingoverforty,160,https://reddit.com/r/datingoverforty/comments/oy6dx7/sending_my_most_positive_thoughts_to_widows_and/,h7rjpt8,Proudlymediocre,9,"On a related note, I used to volunteer on the crisis line where people call when they are feeling emotional trauma. I had a woman call once because she was having a down day and was so upset that no one ever asked about her lost loved one, to describe him. So we talked for 15 minutes about her memories, and what resonated most for her was the image of them sleeping on the bed with the morning light coming in. If you're not tired/bored of typing about it, I'd love to hear/read any memory that resonates with you. If not, I totally understand and wish you the best.",https://reddit.com/r/datingoverforty/comments/oy6dx7/_/h7rjpt8/,General / Other
oy6dx7,Sending my most positive thoughts to widows and widowers on the dating market...,datingoverforty,160,https://reddit.com/r/datingoverforty/comments/oy6dx7/sending_my_most_positive_thoughts_to_widows_and/,h7r5j0u,Proudlymediocre,6,🙏🤗,https://reddit.com/r/datingoverforty/comments/oy6dx7/_/h7r5j0u/,General / Other
oy6dx7,Sending my most positive thoughts to widows and widowers on the dating market...,datingoverforty,160,https://reddit.com/r/datingoverforty/comments/oy6dx7/sending_my_most_positive_thoughts_to_widows_and/,h7r5kib,Proudlymediocre,6,Thank you sooooo much!!!,https://reddit.com/r/datingoverforty/comments/oy6dx7/_/h7r5kib/,General / Other
oy6dx7,Sending my most positive thoughts to widows and widowers on the dating market...,datingoverforty,160,https://reddit.com/r/datingoverforty/comments/oy6dx7/sending_my_most_positive_thoughts_to_widows_and/,h7rqtvz,justregularme,6,"I feel like a widower is a great candidate for dating, provided the relationship was good.   
The benefits of someone that potentially stuck through a difficult situation to the end with a partner that was dying greatly outweighs most of the dating pool that changes their mind with the breeze. And a sudden loss of a great partner is something you shouldn't be penalized for.  I've never lost anyone through death close to me, but to go through that and get back on the horse is a courageous thing. Mad props to those in that situation.",https://reddit.com/r/datingoverforty/comments/oy6dx7/_/h7rqtvz/,General / Other
oy6dx7,Sending my most positive thoughts to widows and widowers on the dating market...,datingoverforty,160,https://reddit.com/r/datingoverforty/comments/oy6dx7/sending_my_most_positive_thoughts_to_widows_and/,h7riotl,Proudlymediocre,5,Posted!,https://reddit.com/r/datingoverforty/comments/oy6dx7/_/h7riotl/,General / Other
oy6dx7,Sending my most positive thoughts to widows and widowers on the dating market...,datingoverforty,160,https://reddit.com/r/datingoverforty/comments/oy6dx7/sending_my_most_positive_thoughts_to_widows_and/,h7qzb7q,Proudlymediocre,5,❤️🤗,https://reddit.com/r/datingoverforty/comments/oy6dx7/_/h7qzb7q/,General / Other
oy6dx7,Sending my most positive thoughts to widows and widowers on the dating market...,datingoverforty,160,https://reddit.com/r/datingoverforty/comments/oy6dx7/sending_my_most_positive_thoughts_to_widows_and/,h7rigf0,Proudlymediocre,3,Thank you! I will post this there!,https://reddit.com/r/datingoverforty/comments/oy6dx7/_/h7rigf0/,General / Other
oy6dx7,Sending my most positive thoughts to widows and widowers on the dating market...,datingoverforty,160,https://reddit.com/r/datingoverforty/comments/oy6dx7/sending_my_most_positive_thoughts_to_widows_and/,h7riegr,Proudlymediocre,3,"Ugh, I am truly very sorry. Truly. I am so sorry for you and your husband. I wish you peace.",https://reddit.com/r/datingoverforty/comments/oy6dx7/_/h7riegr/,General / Other
1lquq0z,Is my understanding of LAT (Living Apart Together) accurate?,datingoverforty,159,https://reddit.com/r/datingoverforty/comments/1lquq0z/is_my_understanding_of_lat_living_apart_together/,n15rqvm,ajile413,40,"I understand dual income helps, but that’s not a need for me. 

I worry a potential person would see it just as you describe, “he’s just looking for a maid and mother for his daughters”.  My girls and I are a pretty solid team! We aren’t looking for help at home.",https://reddit.com/r/datingoverforty/comments/1lquq0z/_/n15rqvm/,General / Other
1lquq0z,Is my understanding of LAT (Living Apart Together) accurate?,datingoverforty,159,https://reddit.com/r/datingoverforty/comments/1lquq0z/is_my_understanding_of_lat_living_apart_together/,n15qq49,ajile413,36,Right! When the kiddos move out and I’m an empty nester that could be a game changer.,https://reddit.com/r/datingoverforty/comments/1lquq0z/_/n15qq49/,General / Other
1lquq0z,Is my understanding of LAT (Living Apart Together) accurate?,datingoverforty,159,https://reddit.com/r/datingoverforty/comments/1lquq0z/is_my_understanding_of_lat_living_apart_together/,n163nzx,ajile413,9,"Agreed. Being a full time dad isn’t the norm. Finding someone with similar aged kids makes sense. 

I asked my daughters about blending families. They decided… no one over 13 or under 8, and preferably boys because we have too much girly stuff as it is. Only my girls think they can specify a Brady Bunch life 🤣",https://reddit.com/r/datingoverforty/comments/1lquq0z/_/n163nzx/,Fear of intimacy after abstinence
1lquq0z,Is my understanding of LAT (Living Apart Together) accurate?,datingoverforty,159,https://reddit.com/r/datingoverforty/comments/1lquq0z/is_my_understanding_of_lat_living_apart_together/,n165p9u,ajile413,6,"My bad. LAT solves the problem of someone concerned about being used as a maid. My comment wasn’t clear, you are correct.",https://reddit.com/r/datingoverforty/comments/1lquq0z/_/n165p9u/,General / Other
1lquq0z,Is my understanding of LAT (Living Apart Together) accurate?,datingoverforty,159,https://reddit.com/r/datingoverforty/comments/1lquq0z/is_my_understanding_of_lat_living_apart_together/,n15oq0g,FantasticEye9206,6,It’s what I’m looking for and pursuing with my girlfriend of 1+ year after a near 30 year relationship. She may change her mind. We’ll see. But that’s the path we’re on.  Good luck.,https://reddit.com/r/datingoverforty/comments/1lquq0z/_/n15oq0g/,General / Other
1lquq0z,Is my understanding of LAT (Living Apart Together) accurate?,datingoverforty,159,https://reddit.com/r/datingoverforty/comments/1lquq0z/is_my_understanding_of_lat_living_apart_together/,n1642q4,ajile413,4,So glad to hear it’s working! Sounds like the best of things!,https://reddit.com/r/datingoverforty/comments/1lquq0z/_/n1642q4/,General / Other
1lquq0z,Is my understanding of LAT (Living Apart Together) accurate?,datingoverforty,159,https://reddit.com/r/datingoverforty/comments/1lquq0z/is_my_understanding_of_lat_living_apart_together/,n168w4o,ajile413,3,"Part of the reason for the post was to understand people’s perception of LAT better. If 1,000 downvotes later everyone was hating on LAT I would have to reevaluate. 

I don’t love the idea of staying single for the next decade.  I’m trying to decide and this is a helpful exercise to understand people’s thoughts.",https://reddit.com/r/datingoverforty/comments/1lquq0z/_/n168w4o/,General / Other
1lquq0z,Is my understanding of LAT (Living Apart Together) accurate?,datingoverforty,159,https://reddit.com/r/datingoverforty/comments/1lquq0z/is_my_understanding_of_lat_living_apart_together/,n16sv2k,PitchImmediate2521,3,"I'm in a similar situation being a 45m divorced for many years, the only difference is I don't have kids. Dating post divorce I always thought there was something wrong with me for wanting relationships and meaningful connection but not co-habitation.
I have dated women with kids in the past and have absolutely no issues with it, and actually enjoy the energy that having kids around brings. However, I have yet to meet a woman who is on the same page when it comes to LAT as they all wanted to follow the relationship blueprint and eventually live together and merge social/financial lives.
I just wanted to validate op in saying that I think it's a normal relationship approach for us non avoidant but independent singles, although seemingly rare in practice.",https://reddit.com/r/datingoverforty/comments/1lquq0z/_/n16sv2k/,Getting over approach anxiety
ftunct,A little bit of uplifting message,datingoverforty,151,https://reddit.com/r/datingoverforty/comments/ftunct/a_little_bit_of_uplifting_message/,fm9np03,Fuse007,10,"I know what I'm getting into and that's what I want, I'm prepared for all the pitfalls that may be on the way, but finally I'm ready for it, few years ago I wouldn't be so sure, but now I grew up and I'm sure. Be assured I will take it slow, I'm a typical Capricorn and person that analyze everything few times before doing it to be sure that's right.",https://reddit.com/r/datingoverforty/comments/ftunct/_/fm9np03/,General / Other
ftunct,A little bit of uplifting message,datingoverforty,151,https://reddit.com/r/datingoverforty/comments/ftunct/a_little_bit_of_uplifting_message/,fm99knl,Fuse007,10,"I realize, that very rarely all those factors line up with each other, but in one case it might be that most of them will, if it won't work out this time, I will be trying again and again, life is one and it is to short to be complaining all the time and doing nothing to change it.",https://reddit.com/r/datingoverforty/comments/ftunct/_/fm99knl/,General / Other
ftunct,A little bit of uplifting message,datingoverforty,151,https://reddit.com/r/datingoverforty/comments/ftunct/a_little_bit_of_uplifting_message/,fm9u0gr,Fuse007,6,"I did not advise anybody how to date, but just wrote that it is never to late to start it if it didn't happen already and it's worth to try to take yourself out of your comfort zone sometimes and then it might happen sooner or later instead of doing nothing and be passive all the time, that's it.",https://reddit.com/r/datingoverforty/comments/ftunct/_/fm9u0gr/,Processing the shame of being late
ftunct,A little bit of uplifting message,datingoverforty,151,https://reddit.com/r/datingoverforty/comments/ftunct/a_little_bit_of_uplifting_message/,fm9pf83,Fuse007,2,"Trying to find new topics to chat about every time, not being complaining, trying to be light humorous, really listening what she is talking about if she has some small daily problems etc.; beside texting we're having a phonecall once a week and she's introverted like me, so that's a plus as well.",https://reddit.com/r/datingoverforty/comments/ftunct/_/fm9pf83/,Learning the mechanics of dating
ftunct,A little bit of uplifting message,datingoverforty,151,https://reddit.com/r/datingoverforty/comments/ftunct/a_little_bit_of_uplifting_message/,fm9qw9v,Fuse007,2,"No, I'm not, but lost it very late (like in today's standards) in very late 20's",https://reddit.com/r/datingoverforty/comments/ftunct/_/fm9qw9v/,General / Other
19dl950,I’m just done trying,datingoverforty,148,https://reddit.com/r/datingoverforty/comments/19dl950/im_just_done_trying/,kj6f4jr,bicycleshorts,98,"&gt;own mental well-being

I assume some of this is venting, but seriously, you have to be able to find happiness in yourself before anyone else is going to jump aboard. Get therapy - it works!

I'm 55m. Got divorced at 50. It gets better.",https://reddit.com/r/datingoverforty/comments/19dl950/_/kj6f4jr/,Starting over after loss
19dl950,I’m just done trying,datingoverforty,148,https://reddit.com/r/datingoverforty/comments/19dl950/im_just_done_trying/,kj6er4q,Lokitusaborg,45,"So this is a bit off, but my Christmas tree is still up, and it may remain so for a long time. It brings my mood up. There are ornaments that have my kids, my parents, my grandparents on them. I have had family members give me ornaments that are nearly 50 years old from their trees, and when I look at it it reminds me that I’m loved and that there are people that love me. The OLD scene is toxic; there is so much drama in dating and I’m too tired and too old to deal with it. But this tree reminds me of what is important, and regardless of the people who want to say that keeping a tree up is silly…I’m going to keep it up until I don’t have to look at it anymore to remind myself that I am worth a damn.",https://reddit.com/r/datingoverforty/comments/19dl950/_/kj6er4q/,Processing the shame of being late
19dl950,I’m just done trying,datingoverforty,148,https://reddit.com/r/datingoverforty/comments/19dl950/im_just_done_trying/,kj6exub,Lokitusaborg,36,"Peace… that is totally it. The words that have been in my heart are peace, rest, and understanding. Sadly, there is so little of that out there.",https://reddit.com/r/datingoverforty/comments/19dl950/_/kj6exub/,General / Other
19dl950,I’m just done trying,datingoverforty,148,https://reddit.com/r/datingoverforty/comments/19dl950/im_just_done_trying/,kj6l6ky,kulsoul,25,"Read through most of comments.

Take it easy buddy. I have been through your situation. You don't have to feel so dejected. It does get better. 

As a single dad, please focus on your kid(s). Be there for them. Take it slow with any new interest that comes along. First few months, date only when kids are with their mom. 

In the end we are always alone. Even when living as a couple under one roof. Many people need their space, and me time, while married. Death is the ultimate separator. So why feel sad that you are alone now?

It's easy to feel depressed when you face rejection or mismatch due to things out of your control. Learn from each experience. More about yourself than others. Figure out how those lessons can make your singlehood better. Enjoy working on those. 

Pausing apps is pro",https://reddit.com/r/datingoverforty/comments/19dl950/_/kj6l6ky/,Understanding rejection
19dl950,I’m just done trying,datingoverforty,148,https://reddit.com/r/datingoverforty/comments/19dl950/im_just_done_trying/,kj6hb4v,Lokitusaborg,13,"That means a lot. I have flexibility in my job, I WFH two days a week, and when I don’t, I get to go to some cool places, and I focus on that l. My daughter, who is 11 and is the smartest person I know, is scheduled (she doesn’t know this) to ride an aircraft simulator late February. She wants to be a pilot and I set it up through our recruitment. Those are the things that keep me going, working in a cool space and being able to open opportunities for my kids. Having a mission professionally helps, and focusing on my three babies…that’s what keeps me going. Between those two things, I just don’t have freaking time to try to do the dating thing, it just takes so much energy for so little return. If women don’t want what I have to offer, I’ll just stop offering it and make sure my priorities",https://reddit.com/r/datingoverforty/comments/19dl950/_/kj6hb4v/,General / Other
19dl950,I’m just done trying,datingoverforty,148,https://reddit.com/r/datingoverforty/comments/19dl950/im_just_done_trying/,kj6fvfn,Sharp_Breadfruit_213,9,"It makes total sense. My Christmas tree was the same. Full of ornaments my daughter made over the years. I understand why you’ve done that. I had to take mine down early tbh as I didn’t have a great Christmas this year for various reasons. 

You are right - the OLD scene is really toxic. It’s just brutal. I wish things were less like this. I’m a decent guy - just maybe not the best looking. But no-one sees past this and you don’t get a chance to get to know each other properly. It’s just so superficial. 

You got to stay focussed on the people in your life that really matter. I’m doing my best to stay positive about things as drained as I am. My big issue is I am a single dad and WFH so rarely get to meet people in the “wild” 😂 saying that I’m considering at least pausing my OLD for a whil",https://reddit.com/r/datingoverforty/comments/19dl950/_/kj6fvfn/,General / Other
19dl950,I’m just done trying,datingoverforty,148,https://reddit.com/r/datingoverforty/comments/19dl950/im_just_done_trying/,kj6o3v4,Lokitusaborg,6,"I honestly don’t know who I am from being a dad. I am such a loud introvert, I seem like I like people, but I’d rather just hole up and hang by myself. But I still want connections. Such a crazy dichotomy. I don’t go to bars or clubs, I do go to Church, but I still don’t have a good pool of friends. At this point, I’m just tired. I am in therapy, honestly that’s why I’m still alive…but it is a long process.",https://reddit.com/r/datingoverforty/comments/19dl950/_/kj6o3v4/,General / Other
19dl950,I’m just done trying,datingoverforty,148,https://reddit.com/r/datingoverforty/comments/19dl950/im_just_done_trying/,kj77tt9,[deleted],4,My ex-wife is a ‘licensed mental health professional’ who cheated on me with multiple guys and blew up a 20 year marriage with 3 amazing children. Should I get a note from her?,https://reddit.com/r/datingoverforty/comments/19dl950/_/kj77tt9/,Starting over after loss
19dl950,I’m just done trying,datingoverforty,148,https://reddit.com/r/datingoverforty/comments/19dl950/im_just_done_trying/,kj6myns,Lokitusaborg,3,I may do that. Right now I’m just so freaking tired of everything.,https://reddit.com/r/datingoverforty/comments/19dl950/_/kj6myns/,General / Other
19dl950,I’m just done trying,datingoverforty,148,https://reddit.com/r/datingoverforty/comments/19dl950/im_just_done_trying/,kj75752,OlayErrryDay,3,"I'm 42m and took 18 months off after my divorce to find new hobbies, new friends, therapy, quit drinking and made a life I was really happy with. 

Everyone's timeline is different for dating after a relationship.

Online dating is a numbers game and it should take a backseat to everything else going on in your life. Your right person is out there, they just aren't out there right now. I expect it will take a few years for me to find my right person, not a few months. I check the apps a few times a day, date and focus on everything else in my life.

You've barely put your toes in the water and are giving up, this is a long game.",https://reddit.com/r/datingoverforty/comments/19dl950/_/kj75752/,Starting over after loss
19dl950,I’m just done trying,datingoverforty,148,https://reddit.com/r/datingoverforty/comments/19dl950/im_just_done_trying/,kj7eyni,Lokitusaborg,3,"I have always been a hard person to get. For example, people have told me that I’m a know it all. It isn’t that: if I think something is cool, I want to share it with you too. I have never been a person in the “in” group. but here is the thing: I’m old enough to realize the fact that I need to be me, and not just “Change” myself. It never works. I am who I am, I’m not abusive, I’m not aggressive, I don’t try to hurt anyone else…I am just an awkward guy, and have for my entire life tried to mitigate that.",https://reddit.com/r/datingoverforty/comments/19dl950/_/kj7eyni/,General / Other
19dl950,I’m just done trying,datingoverforty,148,https://reddit.com/r/datingoverforty/comments/19dl950/im_just_done_trying/,kj8vkvz,74vwpickup,3,"Yeah, I think I'm going to try not trying. I'm 44M and I'm finding people so confusing. I'm going to quit OLD because it saps my soul.
I plan to go out more often and see if anything happens. I don't drink often, but my friends have a regular night in a small club, so I intend to go there and dance myself happy! 
Maybe something will happen, maybe it won't. Forcing the situation is stressing me out and making me feel worse about being single. I don't think about being single forever, but it could happen. Just me and the dog. 

Good luck.",https://reddit.com/r/datingoverforty/comments/19dl950/_/kj8vkvz/,General / Other
k2u1da,For the first time in a long time. I feel wanted.,datingoverforty,147,https://reddit.com/r/datingoverforty/comments/k2u1da/for_the_first_time_in_a_long_time_i_feel_wanted/,gdxfaxa,Enterprise702,14,I totally do. It is a process. Understanding that 1 person can feel that way about me makes me believe others can as well. It is a good feeling and helps the self esteem out.,https://reddit.com/r/datingoverforty/comments/k2u1da/_/gdxfaxa/,Building self-worth
k2u1da,For the first time in a long time. I feel wanted.,datingoverforty,147,https://reddit.com/r/datingoverforty/comments/k2u1da/for_the_first_time_in_a_long_time_i_feel_wanted/,gdxvp11,Enterprise702,10,"Distance, COVID. We’re working on that next step.",https://reddit.com/r/datingoverforty/comments/k2u1da/_/gdxvp11/,General / Other
k2u1da,For the first time in a long time. I feel wanted.,datingoverforty,147,https://reddit.com/r/datingoverforty/comments/k2u1da/for_the_first_time_in_a_long_time_i_feel_wanted/,gdycqxx,Enterprise702,7,It’s a 6 hour drive. We are working on the logistics right now. We are going to go out. It is a matter of timing.,https://reddit.com/r/datingoverforty/comments/k2u1da/_/gdycqxx/,General / Other
k2u1da,For the first time in a long time. I feel wanted.,datingoverforty,147,https://reddit.com/r/datingoverforty/comments/k2u1da/for_the_first_time_in_a_long_time_i_feel_wanted/,gdyq3fo,Enterprise702,6,Totally not worried about it. We’ve taken it slow. Learned a lot about each and our situations. It’s been a smoldering ember. We’ll get there.,https://reddit.com/r/datingoverforty/comments/k2u1da/_/gdyq3fo/,General / Other
1ls20py,I’m (42m) not sure if I ever want to date again.  Am I the only one?,datingoverforty,146,https://reddit.com/r/datingoverforty/comments/1ls20py/im_42m_not_sure_if_i_ever_want_to_date_again_am_i/,n1fc67t,[deleted],23,Yea.  I like coming home to my nice quiet apt honestly.  I miss certain things but I’d rather be alone more often than not,https://reddit.com/r/datingoverforty/comments/1ls20py/_/n1fc67t/,General / Other
1ls20py,I’m (42m) not sure if I ever want to date again.  Am I the only one?,datingoverforty,146,https://reddit.com/r/datingoverforty/comments/1ls20py/im_42m_not_sure_if_i_ever_want_to_date_again_am_i/,n1fbtx0,[deleted],15,"No, I am 47 almost 48 and I am done with dating and any intimate partner relationships. It’s just to dangerous to me anymore and all desire for that type of relationship is completely gone for me. It’s too expensive for me. I value my health mentally and physically too much to give anyone that anymore.",https://reddit.com/r/datingoverforty/comments/1ls20py/_/n1fbtx0/,Building self-worth
1ls20py,I’m (42m) not sure if I ever want to date again.  Am I the only one?,datingoverforty,146,https://reddit.com/r/datingoverforty/comments/1ls20py/im_42m_not_sure_if_i_ever_want_to_date_again_am_i/,n1fci49,[deleted],11,I go long periods of time alone. I don’t even play my music very often lately I don’t even want any noise. I am extremely comfortable with my own company.,https://reddit.com/r/datingoverforty/comments/1ls20py/_/n1fci49/,General / Other
1ls20py,I’m (42m) not sure if I ever want to date again.  Am I the only one?,datingoverforty,146,https://reddit.com/r/datingoverforty/comments/1ls20py/im_42m_not_sure_if_i_ever_want_to_date_again_am_i/,n1imza1,[deleted],5,My biggest problem with the apps is people are either super entitled or they just think it’s attractive to be an asshole and idk maybe it’s me,https://reddit.com/r/datingoverforty/comments/1ls20py/_/n1imza1/,General / Other
1ls20py,I’m (42m) not sure if I ever want to date again.  Am I the only one?,datingoverforty,146,https://reddit.com/r/datingoverforty/comments/1ls20py/im_42m_not_sure_if_i_ever_want_to_date_again_am_i/,n1fcwtv,[deleted],5,The apps get worse every single minute.  But I totally understand how exhausting dating is.,https://reddit.com/r/datingoverforty/comments/1ls20py/_/n1fcwtv/,General / Other
1ls20py,I’m (42m) not sure if I ever want to date again.  Am I the only one?,datingoverforty,146,https://reddit.com/r/datingoverforty/comments/1ls20py/im_42m_not_sure_if_i_ever_want_to_date_again_am_i/,n1fct9u,[deleted],4,Same,https://reddit.com/r/datingoverforty/comments/1ls20py/_/n1fct9u/,General / Other
1ls20py,I’m (42m) not sure if I ever want to date again.  Am I the only one?,datingoverforty,146,https://reddit.com/r/datingoverforty/comments/1ls20py/im_42m_not_sure_if_i_ever_want_to_date_again_am_i/,n1fouy4,Artistic_Cabinet8759,4,"I’m a 46M and dating, dating apps, etc is a joke. I’m not married, I’ve never been married and have no kid or kids. My last relationship ended in 2020. Women are great but they come at a cost. I’d rather spend my money on me and continuing to customize or modify my pickup truck. I’d rather invest my hard earned money on myself. I’m a disabled veteran, not physically, but I struggle, at times. I make what I make and have what I have. But apparently it’s not good enough. I stopped trying and gave up on dating and relationships 5 years ago. No one is perfect and I have my hang ups. Nothing severe or extreme. Mainly coping mechanisms that work for me and have been working for me ever since I was honorably discharged from the USMC under medical in 2001. If I die old and alone then so be it. Bet",https://reddit.com/r/datingoverforty/comments/1ls20py/_/n1fouy4/,Finding where to meet women
1ls20py,I’m (42m) not sure if I ever want to date again.  Am I the only one?,datingoverforty,146,https://reddit.com/r/datingoverforty/comments/1ls20py/im_42m_not_sure_if_i_ever_want_to_date_again_am_i/,n1guvte,[deleted],4,Yeah im turning 42 this year. I have a son full time. It's a complete shit show. I get matches on OLD apps but no one talks to me. Im giving up,https://reddit.com/r/datingoverforty/comments/1ls20py/_/n1guvte/,General / Other
1ls20py,I’m (42m) not sure if I ever want to date again.  Am I the only one?,datingoverforty,146,https://reddit.com/r/datingoverforty/comments/1ls20py/im_42m_not_sure_if_i_ever_want_to_date_again_am_i/,n1grcux,[deleted],3,Absolutely,https://reddit.com/r/datingoverforty/comments/1ls20py/_/n1grcux/,General / Other
1ls20py,I’m (42m) not sure if I ever want to date again.  Am I the only one?,datingoverforty,146,https://reddit.com/r/datingoverforty/comments/1ls20py/im_42m_not_sure_if_i_ever_want_to_date_again_am_i/,n1fitjv,Odd_Cryptographer941,3,"I got Divorced in 2018 and didn’t Date for 3 years while i worked on myself, now 4 years later and to be honest I don’t think I want to date anymore Either. I’m Mostly Happy as I am, but sometimes i miss Just Cuddling! (61M here)",https://reddit.com/r/datingoverforty/comments/1ls20py/_/n1fitjv/,Starting over after loss
1r94l2v,"Realizing that """"perfect"""" is exhausting and I’m just over it",datingoverforty,145,https://reddit.com/r/datingoverforty/comments/1r94l2v/realizing_that_perfect_is_exhausting_and_im_just/,o69s7vh,[deleted],22,"No, I don't stop trying. Things take effort. If you are just gonna ""meh"" through everything then whats the point of anything. A nice dinner date, working out, learning a language, etc.,",https://reddit.com/r/datingoverforty/comments/1r94l2v/_/o69s7vh/,General / Other
1r94l2v,"Realizing that """"perfect"""" is exhausting and I’m just over it",datingoverforty,145,https://reddit.com/r/datingoverforty/comments/1r94l2v/realizing_that_perfect_is_exhausting_and_im_just/,o69yr7g,firstgen32715,14,"The most fun dates are that type. Give me Netflix, door dash, and my girlfriend in her pj's and you'll find a happy man. Girlfriend and I have a rule, either can cancel for any reason or no reason at all. Life is full of responsibilities and sometimes there is nothing left in the ""social energy"" tank when all else is done. 90% of the time that one of us cancel it turns into just a night in enjoying each others company in a place we are both super comfortable and can just be ourselves anyway. The other 10% is because one of us just really needs some alone time(which we both value greatly)",https://reddit.com/r/datingoverforty/comments/1r94l2v/_/o69yr7g/,Building self-worth
1r94l2v,"Realizing that """"perfect"""" is exhausting and I’m just over it",datingoverforty,145,https://reddit.com/r/datingoverforty/comments/1r94l2v/realizing_that_perfect_is_exhausting_and_im_just/,o69wlk0,[deleted],8,"I wouldn't exactly call a dinner date maxing but I get where your coming from.  Personally I look forward to dinner dates when I was in a relationship as its usually a once a week thing and just feels pretty special. And yes I get that lounging around with your significant other is pretty special as well.  I don't know different strokes I suppose, I don't see how a planned dinner date is so much effort that its exhausting. I dont see how going to the gym is exhausting. I dont get how learning a new skill is exhausting. Nothing I described is maxing. Maybe yall are just some low energy folks. Mindlessly scrolling thru Alibaba or anything will zap your energy and motivation.",https://reddit.com/r/datingoverforty/comments/1r94l2v/_/o69wlk0/,General / Other
1r94l2v,"Realizing that """"perfect"""" is exhausting and I’m just over it",datingoverforty,145,https://reddit.com/r/datingoverforty/comments/1r94l2v/realizing_that_perfect_is_exhausting_and_im_just/,o69ppcv,AutoModerator,1,"Original copy of post by u/SoobjaCat:

I (42 M) and my girlfriend (38 F) we really love each other so much, but sometimes I think we just overcomplicate the idea of a romantic evening. We had planned on going for a fancy dinner date this weekend, and we spent all week hyped for the dinner date, but by the time it was Friday, we were both completely drained from work and life. We were never gonna cancel the date though, we just had to find a way to make it work. I was rushing through the door, frantically checking if I’d actually remembered to put on some deodorant before jumping into this really nice clothes (which she got for me btw) because at this age, nothing kills the mood faster than realizing you’ve got that post-office musk mid-appetizer. While waiting for my ride, I found myself s",https://reddit.com/r/datingoverforty/comments/1r94l2v/_/o69ppcv/,General / Other
1eto90b,Dating trials of an average guy,datingoverforty,144,https://reddit.com/r/datingoverforty/comments/1eto90b/dating_trials_of_an_average_guy/,liehhh1,master_blaster_321,336,"I was in the same boat a couple year ago. Here are some things that worked well for me.

(1) Get out. Go out a lot. Do a lot of things. Join run clubs. Take a pottery class. Learn a musical instrument, do hot yoga. Be visible! The more people you meet and interact with in the world, the better your chances. Some of those people will be female. Some of them will like you. Some of them you might like back.

(2) Dating apps =/= dating. It's a tool, no more or less. Optimize it by making your profile stand out. I used my above-average wit and humor to compensate for my below-average fitness and hairline. I got lots of responses on my profiles, and a lot of those led to in-person dates. This is actually how I met my now-girlfriend.

(3) Maximize everything. This is what I did NOT do. I accepted",https://reddit.com/r/datingoverforty/comments/1eto90b/_/liehhh1/,Finding where to meet women
1eto90b,Dating trials of an average guy,datingoverforty,144,https://reddit.com/r/datingoverforty/comments/1eto90b/dating_trials_of_an_average_guy/,liemxzu,master_blaster_321,44,"Yep and believe me, once you get to that level, other people who've also reached it will recognize it in you! As a man, that workout bod is infinitely less important than knowing you have that level of self-love....",https://reddit.com/r/datingoverforty/comments/1eto90b/_/liemxzu/,Coping with physical loneliness
1eto90b,Dating trials of an average guy,datingoverforty,144,https://reddit.com/r/datingoverforty/comments/1eto90b/dating_trials_of_an_average_guy/,lig88qy,confused_and_single,41,"It's shocking  to me that grown men have to be told this.

I'm 49M.  I was blown away by what an  advantage  I had when  meeting women  just  by being clean  and  not  being a creep.  I  took these for granted and  was surprised by how  many women  were impressed  by these two very basic skills",https://reddit.com/r/datingoverforty/comments/1eto90b/_/lig88qy/,General / Other
pjqnwo,An Ode To Dating After 40/50 and To Dating 40/50-somethings,datingoverforty,144,https://reddit.com/r/datingoverforty/comments/pjqnwo/an_ode_to_dating_after_4050_and_to_dating/,hby88x3,Proudlymediocre,29,"Thank you! I can honestly say I loved in my early 20s, but I loved sooooo much more dating in my 50s. It's a beautiful thing to hear about people's lives and to get to know someone in an intimate (even a coffee date is intimate :) ) setting! 

Take care!",https://reddit.com/r/datingoverforty/comments/pjqnwo/_/hby88x3/,Fear of intimacy after abstinence
pjqnwo,An Ode To Dating After 40/50 and To Dating 40/50-somethings,datingoverforty,144,https://reddit.com/r/datingoverforty/comments/pjqnwo/an_ode_to_dating_after_4050_and_to_dating/,hby9fow,Proudlymediocre,9,"I'm (genuinely) sorry I offended you with that. I'll delete that comment, in no small part because I don't want to offend people who use/love math with an offhanded comment :)

Thank you for your counter thoughts!",https://reddit.com/r/datingoverforty/comments/pjqnwo/_/hby9fow/,General / Other
1eto90b,Dating trials of an average guy,datingoverforty,144,https://reddit.com/r/datingoverforty/comments/1eto90b/dating_trials_of_an_average_guy/,liekja2,PA_golfer_guy,9,"Great question.   I wouldn't say it's generic as it is heartfelt in many ways.  Talks about my interests,  what I enjoy and what I hope to find by being on there.  I have a few pics posted too.  Nothing outrageous,  just me out and about in the world",https://reddit.com/r/datingoverforty/comments/1eto90b/_/liekja2/,General / Other
1eto90b,Dating trials of an average guy,datingoverforty,144,https://reddit.com/r/datingoverforty/comments/1eto90b/dating_trials_of_an_average_guy/,liejzxe,PA_golfer_guy,8,"All very good questions.   I just don't find many online that swipe right.  The ones that do we may chat for awhile, nothing crazy just basic chi chat getting to know someone.   I listen, I'm not boastful and then they either disappear or I understand exactly why they are single 😳",https://reddit.com/r/datingoverforty/comments/1eto90b/_/liejzxe/,Dating app fatigue
1eto90b,Dating trials of an average guy,datingoverforty,144,https://reddit.com/r/datingoverforty/comments/1eto90b/dating_trials_of_an_average_guy/,lielfpc,PA_golfer_guy,8,Thanks.  I will maybe try to be more assertive on fixing a coffee date.  There is a fine line between assertive and creepy so I always err on the side of caution,https://reddit.com/r/datingoverforty/comments/1eto90b/_/lielfpc/,General / Other
1eto90b,Dating trials of an average guy,datingoverforty,144,https://reddit.com/r/datingoverforty/comments/1eto90b/dating_trials_of_an_average_guy/,lieifyu,PA_golfer_guy,6,Good ideas.. thanks for the pick me up,https://reddit.com/r/datingoverforty/comments/1eto90b/_/lieifyu/,General / Other
pjqnwo,An Ode To Dating After 40/50 and To Dating 40/50-somethings,datingoverforty,144,https://reddit.com/r/datingoverforty/comments/pjqnwo/an_ode_to_dating_after_4050_and_to_dating/,hc0oghk,Proudlymediocre,5,"Thank you so much for your kind words! Isn’t hindsight amazing, if we do our best to look at it objectively and humbly??",https://reddit.com/r/datingoverforty/comments/pjqnwo/_/hc0oghk/,General / Other
1eto90b,Dating trials of an average guy,datingoverforty,144,https://reddit.com/r/datingoverforty/comments/1eto90b/dating_trials_of_an_average_guy/,liemfsg,PA_golfer_guy,5,Much appreciated.. thank you 🙏,https://reddit.com/r/datingoverforty/comments/1eto90b/_/liemfsg/,General / Other
1eto90b,Dating trials of an average guy,datingoverforty,144,https://reddit.com/r/datingoverforty/comments/1eto90b/dating_trials_of_an_average_guy/,lieipnm,PA_golfer_guy,5,Thanks.  I just keep swimming and hopefully someday she comes along.,https://reddit.com/r/datingoverforty/comments/1eto90b/_/lieipnm/,General / Other
1eto90b,Dating trials of an average guy,datingoverforty,144,https://reddit.com/r/datingoverforty/comments/1eto90b/dating_trials_of_an_average_guy/,ligfjst,PA_golfer_guy,5,Well said 👏,https://reddit.com/r/datingoverforty/comments/1eto90b/_/ligfjst/,General / Other
1eto90b,Dating trials of an average guy,datingoverforty,144,https://reddit.com/r/datingoverforty/comments/1eto90b/dating_trials_of_an_average_guy/,lielxzg,PA_golfer_guy,5,Thanks so much.  I will absolutely have a teenager help with pics.  They are the masters of the smartphone.,https://reddit.com/r/datingoverforty/comments/1eto90b/_/lielxzg/,General / Other
1eto90b,Dating trials of an average guy,datingoverforty,144,https://reddit.com/r/datingoverforty/comments/1eto90b/dating_trials_of_an_average_guy/,lieyq10,PA_golfer_guy,5,True that !!,https://reddit.com/r/datingoverforty/comments/1eto90b/_/lieyq10/,General / Other
1eto90b,Dating trials of an average guy,datingoverforty,144,https://reddit.com/r/datingoverforty/comments/1eto90b/dating_trials_of_an_average_guy/,lif29z5,PA_golfer_guy,5,Glad I'm not the only one,https://reddit.com/r/datingoverforty/comments/1eto90b/_/lif29z5/,General / Other
1eto90b,Dating trials of an average guy,datingoverforty,144,https://reddit.com/r/datingoverforty/comments/1eto90b/dating_trials_of_an_average_guy/,liejjxk,PA_golfer_guy,4,Yes!!!!  Exactly..thank you ❣,https://reddit.com/r/datingoverforty/comments/1eto90b/_/liejjxk/,General / Other
1eto90b,Dating trials of an average guy,datingoverforty,144,https://reddit.com/r/datingoverforty/comments/1eto90b/dating_trials_of_an_average_guy/,liel5p4,PA_golfer_guy,4,Well said.  Thanks 😀,https://reddit.com/r/datingoverforty/comments/1eto90b/_/liel5p4/,General / Other
1eto90b,Dating trials of an average guy,datingoverforty,144,https://reddit.com/r/datingoverforty/comments/1eto90b/dating_trials_of_an_average_guy/,ligj22u,PA_golfer_guy,4,Fantastic and such a positive response.   Thank you 🙏,https://reddit.com/r/datingoverforty/comments/1eto90b/_/ligj22u/,General / Other
1eto90b,Dating trials of an average guy,datingoverforty,144,https://reddit.com/r/datingoverforty/comments/1eto90b/dating_trials_of_an_average_guy/,lieyl9v,PA_golfer_guy,4,"That is absolutely an amazing response and thanks for taking the time to write it.  You are right that the initial message sets the tone right..  

come across too needy.. no.  
Come across too boring...no.   
come across too whatever it may be... no

It's a fine balance which is what makes OLD very tricky to navigate",https://reddit.com/r/datingoverforty/comments/1eto90b/_/lieyl9v/,General / Other
1eto90b,Dating trials of an average guy,datingoverforty,144,https://reddit.com/r/datingoverforty/comments/1eto90b/dating_trials_of_an_average_guy/,liezz80,PA_golfer_guy,4,"Thanks.  I absolutely appreciate the response.   Now if I get find someone local to see that...
Oh.. btw...Listerine is a must !  Lol",https://reddit.com/r/datingoverforty/comments/1eto90b/_/liezz80/,General / Other
1eto90b,Dating trials of an average guy,datingoverforty,144,https://reddit.com/r/datingoverforty/comments/1eto90b/dating_trials_of_an_average_guy/,ligb6qf,PA_golfer_guy,4,They should have an average people dating site,https://reddit.com/r/datingoverforty/comments/1eto90b/_/ligb6qf/,General / Other
pjqnwo,An Ode To Dating After 40/50 and To Dating 40/50-somethings,datingoverforty,144,https://reddit.com/r/datingoverforty/comments/pjqnwo/an_ode_to_dating_after_4050_and_to_dating/,hbz6py1,Proudlymediocre,3,Thank you so much!,https://reddit.com/r/datingoverforty/comments/pjqnwo/_/hbz6py1/,General / Other
pjqnwo,An Ode To Dating After 40/50 and To Dating 40/50-somethings,datingoverforty,144,https://reddit.com/r/datingoverforty/comments/pjqnwo/an_ode_to_dating_after_4050_and_to_dating/,hby8bs8,Proudlymediocre,3,Well said! Thank you!,https://reddit.com/r/datingoverforty/comments/pjqnwo/_/hby8bs8/,General / Other
pjqnwo,An Ode To Dating After 40/50 and To Dating 40/50-somethings,datingoverforty,144,https://reddit.com/r/datingoverforty/comments/pjqnwo/an_ode_to_dating_after_4050_and_to_dating/,hbyhn2x,Proudlymediocre,3,Thank you!,https://reddit.com/r/datingoverforty/comments/pjqnwo/_/hbyhn2x/,General / Other
pjqnwo,An Ode To Dating After 40/50 and To Dating 40/50-somethings,datingoverforty,144,https://reddit.com/r/datingoverforty/comments/pjqnwo/an_ode_to_dating_after_4050_and_to_dating/,hbyc7fx,Proudlymediocre,3,🙏🤗,https://reddit.com/r/datingoverforty/comments/pjqnwo/_/hbyc7fx/,General / Other
tma60i,The 15 minute Ghost -- Rude or A Sign of the Times?,datingoverforty,140,https://reddit.com/r/datingoverforty/comments/tma60i/the_15_minute_ghost_rude_or_a_sign_of_the_times/,i1y5lrs,findingbezu,15,"Compatability vs chemistry.  Chemistry is there or it isn’t and can be quick to realize.  Compatibility, or the lack thereof, can become clearer as you get to know more about the person.  I was dating a woman, we had chemistry but about three weeks into she let’s fly with some quick racist comments about Hispanic people.  At that point we were no longer compatible, regardless of the chemistry.",https://reddit.com/r/datingoverforty/comments/tma60i/_/i1y5lrs/,General / Other
tma60i,The 15 minute Ghost -- Rude or A Sign of the Times?,datingoverforty,140,https://reddit.com/r/datingoverforty/comments/tma60i/the_15_minute_ghost_rude_or_a_sign_of_the_times/,i1zw9if,life_tree,13,"Hahaha. It was a lovely beet salad with blue cheese, hazelnuts, some micro greens and a vinaigrette.  Good, but not $14 good.",https://reddit.com/r/datingoverforty/comments/tma60i/_/i1zw9if/,General / Other
tma60i,The 15 minute Ghost -- Rude or A Sign of the Times?,datingoverforty,140,https://reddit.com/r/datingoverforty/comments/tma60i/the_15_minute_ghost_rude_or_a_sign_of_the_times/,i1xhc95,life_tree,5,"Thank you for the insight. Clarification: i don't go into any situation *expecting* anything. I mentioned the no physical contact to offer the detail of neither of us attempted a half hug. 

I guess, I think the cordial thing she should have done is tapped out a message as a courtesy for the drinks. My feeling wouldn't be hurt. I wasn't feeling it either.",https://reddit.com/r/datingoverforty/comments/tma60i/_/i1xhc95/,Coping with physical loneliness
tma60i,The 15 minute Ghost -- Rude or A Sign of the Times?,datingoverforty,140,https://reddit.com/r/datingoverforty/comments/tma60i/the_15_minute_ghost_rude_or_a_sign_of_the_times/,i2070yj,life_tree,4,You dropped some pearls of wisdom here. Thank you for that!,https://reddit.com/r/datingoverforty/comments/tma60i/_/i2070yj/,General / Other
1lnhelv,Sober Dating,datingoverforty,138,https://reddit.com/r/datingoverforty/comments/1lnhelv/sober_dating/,n0fk7ki,Remote_Requirement97,5,Oh I have no interest in preaching sobriety to or judging anyone for their choices and have never actually dated another sober person before. My question was just based on an observation that I have had of late in the dating pool that I have been swimming in. (South central Pennsylvania for those that have mentioned location),https://reddit.com/r/datingoverforty/comments/1lnhelv/_/n0fk7ki/,General / Other
1lnhelv,Sober Dating,datingoverforty,138,https://reddit.com/r/datingoverforty/comments/1lnhelv/sober_dating/,n0fhsgy,Remote_Requirement97,4,I guess my issue with waiting to have the discussion and not marking it on a dating profile is that it runs contrary to being open and honest. Plus I’m not interested in wasting someone else’s time if it’s a dealbreaker for them.,https://reddit.com/r/datingoverforty/comments/1lnhelv/_/n0fhsgy/,General / Other
1lnhelv,Sober Dating,datingoverforty,138,https://reddit.com/r/datingoverforty/comments/1lnhelv/sober_dating/,n0g8cve,Remote_Requirement97,2,"There are and I have used those filters, but they zeroed out the results. I was really just hoping there was an app in which no filter was needed",https://reddit.com/r/datingoverforty/comments/1lnhelv/_/n0g8cve/,General / Other
1lnhelv,Sober Dating,datingoverforty,138,https://reddit.com/r/datingoverforty/comments/1lnhelv/sober_dating/,n0f60k3,AutoModerator,2,"Original copy of post by u/Remote_Requirement97:

(43M) Is there an app/website for sober dating? It seems like most people on the apps see being sober as a red flag, especially since my generation turned every social activity into a drinking event. It would be really nice to be on an app/website in which people see past the social stigmas of alcoholism or drug addiction and understand the pitfalls that can occur when dating. Plus most of us smoke, which these days is another red flag for “normals”

And before someone implies that AA might suffice, you should know that meetings are a safe space for people in recovery and ABSOLUTELY NEVER a place where anyone should approach another romantically. 


*I am a bot, and this action was performed automatically. Please [contact the moderators of ",https://reddit.com/r/datingoverforty/comments/1lnhelv/_/n0f60k3/,Getting over approach anxiety
1lnhelv,Sober Dating,datingoverforty,138,https://reddit.com/r/datingoverforty/comments/1lnhelv/sober_dating/,n0firb0,BatGuano52,2,"Personally, I still drink, when and because I want to, but I would be fine with dating a woman who doesn't drink and never has (as long as she's not going to try to convince me to stop drinking).


But, and this is based on my 27 years in and around military, when I see somebody who says they're sober, it means they used to drink, it got out of hand, and they had to stop.


I have huge amounts of respect for those people, I had a coworker who was an alcoholic and I and some coworkers had to have him admitted to the VA for it.  I talked to guy in the local Alanon group and he explained what that involves, it's some serious shit.


I have no problem not drinking if I go to the occasional party at somebody's house, somebody there is sober, and the host has no alcohol for the party.


I know r",https://reddit.com/r/datingoverforty/comments/1lnhelv/_/n0firb0/,Coping with physical loneliness
1lnhelv,Sober Dating,datingoverforty,138,https://reddit.com/r/datingoverforty/comments/1lnhelv/sober_dating/,n0gqm4k,Substantial-Ant-4010,2,"There are also a bunch of responsible drinkers out there. I 56m haven’t been drunk in 12 years. My friends and I frequent upscale bars, and we have 3-4 drinks and dinner over 6-7 hour evening. I get a nice buzz 1-2 times a year, barely past impaired. I have never seen my core group of 4 friends proper drunk.",https://reddit.com/r/datingoverforty/comments/1lnhelv/_/n0gqm4k/,General / Other
1lnhelv,Sober Dating,datingoverforty,138,https://reddit.com/r/datingoverforty/comments/1lnhelv/sober_dating/,n0fokim,Remote_Requirement97,2,"I’m not religious, so those apps are a no-go for me",https://reddit.com/r/datingoverforty/comments/1lnhelv/_/n0fokim/,General / Other
lqr6bm,How does anyone manage OLD without rage quiting,datingoverforty,137,https://reddit.com/r/datingoverforty/comments/lqr6bm/how_does_anyone_manage_old_without_rage_quiting/,goiu3jy,No_Film_2086,35,"For clarity, that's your dog, not a random German Farmworker you have right?

And yes, there are some, dare I say ""normal"" men out there, we're just buried under the same exhaustion most likely.

Those that don't come under rule 1 &amp; 2 of tinder that is",https://reddit.com/r/datingoverforty/comments/lqr6bm/_/goiu3jy/,Finding where to meet women
1exn51h,"Things have changed recently for me, and I’m leaning into my fear",datingoverforty,137,https://reddit.com/r/datingoverforty/comments/1exn51h/things_have_changed_recently_for_me_and_im/,lj70n66,TigerGrizzCubs78,18,"I wish you well also. I’ve been on dates before but not to the point where it became a relationship. So this is new to me. Nervous, happy and awkward. I’ll just keep being myself. No need to screw up what’s working",https://reddit.com/r/datingoverforty/comments/1exn51h/_/lj70n66/,General / Other
1exn51h,"Things have changed recently for me, and I’m leaning into my fear",datingoverforty,137,https://reddit.com/r/datingoverforty/comments/1exn51h/things_have_changed_recently_for_me_and_im/,lj79i8z,TigerGrizzCubs78,16,"Thank you. Not once have I thought “the fuck is wrong with you” when she tells me what she loves about me. So I’m just being myself and she loves that. Who da thunk it, ya know?",https://reddit.com/r/datingoverforty/comments/1exn51h/_/lj79i8z/,General / Other
1exn51h,"Things have changed recently for me, and I’m leaning into my fear",datingoverforty,137,https://reddit.com/r/datingoverforty/comments/1exn51h/things_have_changed_recently_for_me_and_im/,lj7g5zt,TigerGrizzCubs78,15,Thank you. I guess I let my defenses down and wasn’t expecting anything at all,https://reddit.com/r/datingoverforty/comments/1exn51h/_/lj7g5zt/,General / Other
lqr6bm,How does anyone manage OLD without rage quiting,datingoverforty,137,https://reddit.com/r/datingoverforty/comments/lqr6bm/how_does_anyone_manage_old_without_rage_quiting/,goi07kg,No_Film_2086,13,"Thank you!

Think #2 is what really gets to me, I'm used to talking to people through text, I dated using IRC a loooooong time ago, it can't be that different right? But ghosting really gets to me...

I get #4, I did actually chat to a couple of people, even met up with one for a surf and nice safe walk down the seafront until I got ghosted because they weren't ready to date (I'm guessing code for you're not my type)

I'll eventually get the courage to spam one of the subredits for dating profile reviews, but I'm not ready to be turned into a meme just yet",https://reddit.com/r/datingoverforty/comments/lqr6bm/_/goi07kg/,Understanding rejection
1exn51h,"Things have changed recently for me, and I’m leaning into my fear",datingoverforty,137,https://reddit.com/r/datingoverforty/comments/1exn51h/things_have_changed_recently_for_me_and_im/,lj7ggdj,TigerGrizzCubs78,12,901 represent! Thanks and the barbecue will be in due time. I love it but it’s like too messy to kiss y’know,https://reddit.com/r/datingoverforty/comments/1exn51h/_/lj7ggdj/,General / Other
lqr6bm,How does anyone manage OLD without rage quiting,datingoverforty,137,https://reddit.com/r/datingoverforty/comments/lqr6bm/how_does_anyone_manage_old_without_rage_quiting/,goi0ni1,No_Film_2086,11,"Is there a manual for the rules somewhere? I'm 99% sure if I get the data, I can turn it into a beautiful powerBi report that will unlock the answer...",https://reddit.com/r/datingoverforty/comments/lqr6bm/_/goi0ni1/,General / Other
1exn51h,"Things have changed recently for me, and I’m leaning into my fear",datingoverforty,137,https://reddit.com/r/datingoverforty/comments/1exn51h/things_have_changed_recently_for_me_and_im/,lj7fxvt,TigerGrizzCubs78,10,"Hell yeah I like her. Her sense of humor is like mine. I usually have a hard time opening up because I’m so used to thinking “be careful what you say about you because it’ll come back to hurt” and that thought has never crossed my mind. I’m a nerd/geek and she has never made me feel bad about that. She loves my stories and how when she doesn’t understand something, I’m like “oh ok, here’s what I meant” and never complain because it’s like I’m popping open my brain and show the connections from thought to thought and reference, and when we’re on the same page, it’s like great. For the first time in ever, I don’t have to wear a mask or be a character and I’m just myself.",https://reddit.com/r/datingoverforty/comments/1exn51h/_/lj7fxvt/,Fear of intimacy after abstinence
lqr6bm,How does anyone manage OLD without rage quiting,datingoverforty,137,https://reddit.com/r/datingoverforty/comments/lqr6bm/how_does_anyone_manage_old_without_rage_quiting/,gokc994,No_Film_2086,10,"Someone posted the answers to the test.

I definitely do not look ten years younger. I've looked 10 years older since I was 15, and now I'm basically just a husk...

INTJs on here seem to revel in the introversion and analytical sides using them as an excuse, I use them to my advantage and fight against those urges to put the puzzle of people together, works well for my job and makes me achieve more.  Then I have to run and hide at the end of the day, breath into my bag, and write scathing and pithy comments about them on messaging boards to purge. It's all about balance",https://reddit.com/r/datingoverforty/comments/lqr6bm/_/gokc994/,General / Other
lqr6bm,How does anyone manage OLD without rage quiting,datingoverforty,137,https://reddit.com/r/datingoverforty/comments/lqr6bm/how_does_anyone_manage_old_without_rage_quiting/,goi2al3,No_Film_2086,10,"I may well take you up on that!

Plot twist: no dick pics! (WTF is that even a thing)",https://reddit.com/r/datingoverforty/comments/lqr6bm/_/goi2al3/,General / Other
lqr6bm,How does anyone manage OLD without rage quiting,datingoverforty,137,https://reddit.com/r/datingoverforty/comments/lqr6bm/how_does_anyone_manage_old_without_rage_quiting/,goi2052,No_Film_2086,9,"I recently told someone about the single mums at my kids school. I believe I said ""they would use my bones for toothpicks"" 

I don't mean this in a disparaging way, but they scare the living shit out of me. They move in packs, and I don't like being thought of as the small antelope that gets picked off from the herd 😳",https://reddit.com/r/datingoverforty/comments/lqr6bm/_/goi2052/,General / Other
1exn51h,"Things have changed recently for me, and I’m leaning into my fear",datingoverforty,137,https://reddit.com/r/datingoverforty/comments/1exn51h/things_have_changed_recently_for_me_and_im/,lj880pf,TigerGrizzCubs78,8,"Thank you, and all the best to you",https://reddit.com/r/datingoverforty/comments/1exn51h/_/lj880pf/,General / Other
1exn51h,"Things have changed recently for me, and I’m leaning into my fear",datingoverforty,137,https://reddit.com/r/datingoverforty/comments/1exn51h/things_have_changed_recently_for_me_and_im/,lj7hkef,TigerGrizzCubs78,8,"Thank you, and we will. Plus I also made where I booked a game for her to guess. Just some clues, not a scavenger hunt.

She also knows that I’m a newb to the electrical union, have a shot at the apprenticeship and if I get that, there will be school as well as work. I certainly can’t create any more time in the day, but I want to spend as much as I can with her",https://reddit.com/r/datingoverforty/comments/1exn51h/_/lj7hkef/,General / Other
1exn51h,"Things have changed recently for me, and I’m leaning into my fear",datingoverforty,137,https://reddit.com/r/datingoverforty/comments/1exn51h/things_have_changed_recently_for_me_and_im/,lj7i4df,TigerGrizzCubs78,8,"I also forgot, on the coffee date I asked if she would like to hop in and hear a podcast that I’ve told her about. She hopped in, picked the episode and I just drove around town, listening and laughing. The podcast is Your Stupid Opinions. I’ll save Crime in Sports or Small Town Murder for vacations/road trips if things get to that point, which could be possible if I just keep being myself",https://reddit.com/r/datingoverforty/comments/1exn51h/_/lj7i4df/,General / Other
lqr6bm,How does anyone manage OLD without rage quiting,datingoverforty,137,https://reddit.com/r/datingoverforty/comments/lqr6bm/how_does_anyone_manage_old_without_rage_quiting/,gokbwmw,No_Film_2086,8,"Normal adjacent?

I mean, I can fake normal for at least 2 or 3 minutes before the twitch kicks in",https://reddit.com/r/datingoverforty/comments/lqr6bm/_/gokbwmw/,General / Other
lqr6bm,How does anyone manage OLD without rage quiting,datingoverforty,137,https://reddit.com/r/datingoverforty/comments/lqr6bm/how_does_anyone_manage_old_without_rage_quiting/,goi7ozh,No_Film_2086,7,"KISS, throwaway one liner in Jira and let the Devs solve it.

#seagullmanager",https://reddit.com/r/datingoverforty/comments/lqr6bm/_/goi7ozh/,General / Other
1exn51h,"Things have changed recently for me, and I’m leaning into my fear",datingoverforty,137,https://reddit.com/r/datingoverforty/comments/1exn51h/things_have_changed_recently_for_me_and_im/,lj8d6qk,TigerGrizzCubs78,6,"I never thought I’d ever make a shot. But damn, I’m happy I did",https://reddit.com/r/datingoverforty/comments/1exn51h/_/lj8d6qk/,General / Other
1exn51h,"Things have changed recently for me, and I’m leaning into my fear",datingoverforty,137,https://reddit.com/r/datingoverforty/comments/1exn51h/things_have_changed_recently_for_me_and_im/,lj7j01q,TigerGrizzCubs78,6,"5 years since my last date, and before that 18 years. I was hardly out there to begin with 😅",https://reddit.com/r/datingoverforty/comments/1exn51h/_/lj7j01q/,General / Other
lqr6bm,How does anyone manage OLD without rage quiting,datingoverforty,137,https://reddit.com/r/datingoverforty/comments/lqr6bm/how_does_anyone_manage_old_without_rage_quiting/,goi59tr,No_Film_2086,6,Well I know what I'm sneaking into the backlog for the next sprint now...,https://reddit.com/r/datingoverforty/comments/lqr6bm/_/goi59tr/,General / Other
lqr6bm,How does anyone manage OLD without rage quiting,datingoverforty,137,https://reddit.com/r/datingoverforty/comments/lqr6bm/how_does_anyone_manage_old_without_rage_quiting/,goiqfbd,No_Film_2086,6,"Not sure, it just feels brutal with the swiping and the  boiling the worthiness of one person down to a couple of pictures and a few lines of text.

I'm fine when it gets to the actual communication bit, I've been online since the days of bulletin boards on dial up, I'm good with talking to people through text. But ghosting gets to me, I thrive on information, and the sudden cut with no feedback given hurts.",https://reddit.com/r/datingoverforty/comments/lqr6bm/_/goiqfbd/,Understanding rejection
1exn51h,"Things have changed recently for me, and I’m leaning into my fear",datingoverforty,137,https://reddit.com/r/datingoverforty/comments/1exn51h/things_have_changed_recently_for_me_and_im/,lj794a2,TigerGrizzCubs78,5,Thank you,https://reddit.com/r/datingoverforty/comments/1exn51h/_/lj794a2/,General / Other
lqr6bm,How does anyone manage OLD without rage quiting,datingoverforty,137,https://reddit.com/r/datingoverforty/comments/lqr6bm/how_does_anyone_manage_old_without_rage_quiting/,goivjot,No_Film_2086,5,"Ah, the ""fuck it switch""

I need to find that again",https://reddit.com/r/datingoverforty/comments/lqr6bm/_/goivjot/,General / Other
1exn51h,"Things have changed recently for me, and I’m leaning into my fear",datingoverforty,137,https://reddit.com/r/datingoverforty/comments/1exn51h/things_have_changed_recently_for_me_and_im/,lj9vfs2,TigerGrizzCubs78,4,"Thank you. I still feel guilty with my work schedule and all. It’s just I want to see where this goes and she is too. Hell, I told her that I want to go on vacations or a road trip with her. We listen to that funny podcast so I don’t have to say “I heard this” and tell the funny part without butchering it.

While not a road trip, I was able to Sunday. She laughed, I laughed and she loves hearing me laugh and I love hearing hers. Plus after the kiss I asked “I have a trimmer at home, should I trim it down?” She loves how it is and played with it too. Now I know what a dog feels like when you find that right spot when you scratch them",https://reddit.com/r/datingoverforty/comments/1exn51h/_/lj9vfs2/,General / Other
1exn51h,"Things have changed recently for me, and I’m leaning into my fear",datingoverforty,137,https://reddit.com/r/datingoverforty/comments/1exn51h/things_have_changed_recently_for_me_and_im/,lj8djd6,TigerGrizzCubs78,4,"Thank you. For a long time, I would rather climb a tree to tell a lie than stand on the ground and tell the truth. Learning to be honest with myself and others, and especially taking my foot off my neck has been painful but good",https://reddit.com/r/datingoverforty/comments/1exn51h/_/lj8djd6/,General / Other
lqr6bm,How does anyone manage OLD without rage quiting,datingoverforty,137,https://reddit.com/r/datingoverforty/comments/lqr6bm/how_does_anyone_manage_old_without_rage_quiting/,goip3qz,No_Film_2086,4,"There are 2 jobs that needs doing,

1. Flirt with the IT guy
2. Figure out what the f to do next

Since I can't figure out 2, I'll take the IT guy, go find an API or something and we'll regroup",https://reddit.com/r/datingoverforty/comments/lqr6bm/_/goip3qz/,General / Other
lqr6bm,How does anyone manage OLD without rage quiting,datingoverforty,137,https://reddit.com/r/datingoverforty/comments/lqr6bm/how_does_anyone_manage_old_without_rage_quiting/,goi8c32,No_Film_2086,4,"This is what I'm wondering, if I'm analysing this too closely, and that the pandemic is unfairly skewing the results, like it's ""no one can meet, why out in the effort""",https://reddit.com/r/datingoverforty/comments/lqr6bm/_/goi8c32/,General / Other
1exn51h,"Things have changed recently for me, and I’m leaning into my fear",datingoverforty,137,https://reddit.com/r/datingoverforty/comments/1exn51h/things_have_changed_recently_for_me_and_im/,lj88w9b,TigerGrizzCubs78,3,Thank you,https://reddit.com/r/datingoverforty/comments/1exn51h/_/lj88w9b/,General / Other
1exn51h,"Things have changed recently for me, and I’m leaning into my fear",datingoverforty,137,https://reddit.com/r/datingoverforty/comments/1exn51h/things_have_changed_recently_for_me_and_im/,lj88gww,TigerGrizzCubs78,3,"My shift is 6a to 430p, with Sundays off. I felt bad Monday night for nodding off and missing her text to call when she ran an errand. Then last night, she wanted me to call right after I came home and eating dinner. We talked until she fell asleep 😅

I know my time is limited during the day and I do need sleep. But I don’t mind talking. I look forward to it and hope that instead of text and phone, it’s face to face every day",https://reddit.com/r/datingoverforty/comments/1exn51h/_/lj88gww/,General / Other
1exn51h,"Things have changed recently for me, and I’m leaning into my fear",datingoverforty,137,https://reddit.com/r/datingoverforty/comments/1exn51h/things_have_changed_recently_for_me_and_im/,lj8snkd,TigerGrizzCubs78,3,"I had no idea where to take her. That popped up as I was making labels for the wire and the flyer was on the table.

The funny thing is, and this is how I am, I asked her out to it and she said yeah. I said “great! Tomorrow when I’m on break I’ll call the hall to see if I can bring a guest.” She thought it was funny I asked her out for something I didn’t know if she could go. I did find out that excluding meetings and votes, the Christmas party is only for union members. Other events/functions are open to family",https://reddit.com/r/datingoverforty/comments/1exn51h/_/lj8snkd/,Destigmatizing the experience
1exn51h,"Things have changed recently for me, and I’m leaning into my fear",datingoverforty,137,https://reddit.com/r/datingoverforty/comments/1exn51h/things_have_changed_recently_for_me_and_im/,lj9724b,TigerGrizzCubs78,3,Reddit high five? Hell yeah,https://reddit.com/r/datingoverforty/comments/1exn51h/_/lj9724b/,General / Other
lqr6bm,How does anyone manage OLD without rage quiting,datingoverforty,137,https://reddit.com/r/datingoverforty/comments/lqr6bm/how_does_anyone_manage_old_without_rage_quiting/,gokchmf,No_Film_2086,3,"It's the immediate stop of the feedback loop with no conclusion or reason, it's jarring and makes me spiral into analysis of what I said, and which path would have lead to a different outcome. Liken it to the old school adventure books where you backtrack the path and look at what could have been if you'd gone left instead of right",https://reddit.com/r/datingoverforty/comments/lqr6bm/_/gokchmf/,General / Other
lqr6bm,How does anyone manage OLD without rage quiting,datingoverforty,137,https://reddit.com/r/datingoverforty/comments/lqr6bm/how_does_anyone_manage_old_without_rage_quiting/,gokcweu,No_Film_2086,3,"In a good way I hope, not in a ""this is the guy that ruined the internet"" kind of way",https://reddit.com/r/datingoverforty/comments/lqr6bm/_/gokcweu/,General / Other
u1tlps,My online dating experience past six months,datingoverforty,136,https://reddit.com/r/datingoverforty/comments/u1tlps/my_online_dating_experience_past_six_months/,i4eo2h2,sjmittal,19,However close to 50% of those matches are married/fake/creepy. But anyway I take away the positives! I suppose whatever I have done to my profile is pretty much working and guys usually have a tough time finding a decent match in OLD.,https://reddit.com/r/datingoverforty/comments/u1tlps/_/i4eo2h2/,General / Other
u1tlps,My online dating experience past six months,datingoverforty,136,https://reddit.com/r/datingoverforty/comments/u1tlps/my_online_dating_experience_past_six_months/,i4fvmwn,pseudorandomnym,19,"This is a big part of why I've pretty much given up on dating. Six months of seeking for two first dates, one that didn't work out for logistical reasons? It feels depressing as a man not to have the ability to be selective at all without ending up terminally alone.",https://reddit.com/r/datingoverforty/comments/u1tlps/_/i4fvmwn/,Learning the mechanics of dating
u1tlps,My online dating experience past six months,datingoverforty,136,https://reddit.com/r/datingoverforty/comments/u1tlps/my_online_dating_experience_past_six_months/,i4eywzf,ewdontdothat,18,"IRL, I come in contact with crowds of people, the vast majority of whom are not a good match for me, so we just go on our merry way. On OLD apps, we have to manually reject each other every time. What a tedious way to while away my evenings.

I spent 2 years on the apps (40M). Had 4 first dates. Chose not to pursue anything with 3 of them. Was interested in one of them, but she was not ready for her next relationship at that time. Now off the apps and happily dating a friend of mine for nearly 4 months.",https://reddit.com/r/datingoverforty/comments/u1tlps/_/i4eywzf/,Learning the mechanics of dating
u1tlps,My online dating experience past six months,datingoverforty,136,https://reddit.com/r/datingoverforty/comments/u1tlps/my_online_dating_experience_past_six_months/,i4fmoir,sjmittal,10,"The profile looks normal, but once they start chatting creeps sets in. So I unmatch.",https://reddit.com/r/datingoverforty/comments/u1tlps/_/i4fmoir/,General / Other
u1tlps,My online dating experience past six months,datingoverforty,136,https://reddit.com/r/datingoverforty/comments/u1tlps/my_online_dating_experience_past_six_months/,i4g1zl1,SkyOfDreamsPilot,5,"&gt; You would not understand unless you were in a man’s shoes.

I'm a man and I don't see the point in not reading profiles before swiping. I'd rather not get matches than get my hopes up at receiving one only to find out that it's with someone I'm not actually interested in.

And since I get annoyed when women swipe right on me without having read my profile first and realising that we're incompatible, I don't think it's particularly good form on my part to do that.",https://reddit.com/r/datingoverforty/comments/u1tlps/_/i4g1zl1/,Dating app fatigue
u1tlps,My online dating experience past six months,datingoverforty,136,https://reddit.com/r/datingoverforty/comments/u1tlps/my_online_dating_experience_past_six_months/,i4fmbjv,sjmittal,3,"I mentioned in the post, its tinder.",https://reddit.com/r/datingoverforty/comments/u1tlps/_/i4fmbjv/,Finding where to meet women
tl9tqk,"How much of a red flag is it that I'm a 40M and never been in a relationship? Also, how do I even find somebody?",datingoverforty,135,https://reddit.com/r/datingoverforty/comments/tl9tqk/how_much_of_a_red_flag_is_it_that_im_a_40m_and/,i1u8svw,Write-At-Home,35,"I detailed this stuff more in the linked post if you're interested.

Basically, though, I've had low-self esteem my whole life and never really felt worthy of a relationship. Throughout my late teens and twenties, I had opportunities, but I only really realized it well after-the-fact. At the time I either rationalized these instances as the girl just being friendly or that she probably wouldn't want to date me once she got to know me better.

Throughout most of my 30s, I just sort of gave up and didn't even pay women attention in a romantic fashion. I may have had opportunities then, too, but I completely missed them if I did, because I was not only not looking, I was actively looking away. Again, I just didn't feel worthy.

And this is something that I'm still struggling with if I'm being",https://reddit.com/r/datingoverforty/comments/tl9tqk/_/i1u8svw/,Building self-worth
tl9tqk,"How much of a red flag is it that I'm a 40M and never been in a relationship? Also, how do I even find somebody?",datingoverforty,135,https://reddit.com/r/datingoverforty/comments/tl9tqk/how_much_of_a_red_flag_is_it_that_im_a_40m_and/,i1vjyqz,Write-At-Home,26,"Thank you both for the advice and encouragement.

Also, I never expected this thread to explode like this. I try to make it a point to respond to everybody, but I don't know if can here. So I just want to say how much I appreciate everybody for taking the time to read my post and comment. It's all been very helpful so far.",https://reddit.com/r/datingoverforty/comments/tl9tqk/_/i1vjyqz/,General / Other
tl9tqk,"How much of a red flag is it that I'm a 40M and never been in a relationship? Also, how do I even find somebody?",datingoverforty,135,https://reddit.com/r/datingoverforty/comments/tl9tqk/how_much_of_a_red_flag_is_it_that_im_a_40m_and/,i1ujuij,Write-At-Home,21,"Your last comment is what I keep telling myself, so thank you for the reinforcement.",https://reddit.com/r/datingoverforty/comments/tl9tqk/_/i1ujuij/,General / Other
tl9tqk,"How much of a red flag is it that I'm a 40M and never been in a relationship? Also, how do I even find somebody?",datingoverforty,135,https://reddit.com/r/datingoverforty/comments/tl9tqk/how_much_of_a_red_flag_is_it_that_im_a_40m_and/,i1uf5yk,Write-At-Home,17,"I want to thank everybody for taking the time to respond so far, but your post especially touched me. Like, I'm sitting here with tears in my eyes right now, so thank you.

I do consider myself considerate and kind, and sometimes I feel like this is why I've gotten to this point in life; like I'm the walking embodiment of nice guys finishing last.

I think I have a lot to offer, though. I have a pretty good sense of humor, I enjoy reading and writing, I'm fit, and by extension I know a lot about fitness and nutrition, I'm my family and friends' go-to for tech support, and my geek knowledge is pretty darn high, too.

I'm looking for these same qualities in a companion. For example, every year I go to this comic book convention, and every year I fantasize about going with a partner. Around a",https://reddit.com/r/datingoverforty/comments/tl9tqk/_/i1uf5yk/,Coping with physical loneliness
tl9tqk,"How much of a red flag is it that I'm a 40M and never been in a relationship? Also, how do I even find somebody?",datingoverforty,135,https://reddit.com/r/datingoverforty/comments/tl9tqk/how_much_of_a_red_flag_is_it_that_im_a_40m_and/,i1w7wk8,[deleted],11,"Are you me? Because this is almost exactly my story. Low self esteeem, depression, anxiety, no luck in my teens and 20s. Early 30s, I withdrew into my own shell.

I finally got married at 37 because my ex wife pursued me for whatever reason known only to God. Now we're divorced because she couldn't put up with me forever. 

So now I'm 46 and starting over, and will probably never find anyone else. I had my chance at love, and I blew it.",https://reddit.com/r/datingoverforty/comments/tl9tqk/_/i1w7wk8/,Starting over after loss
tl9tqk,"How much of a red flag is it that I'm a 40M and never been in a relationship? Also, how do I even find somebody?",datingoverforty,135,https://reddit.com/r/datingoverforty/comments/tl9tqk/how_much_of_a_red_flag_is_it_that_im_a_40m_and/,i1vmegv,Write-At-Home,11,"Hey, thank you so much for taking the time. You sound like a lovely person, and I would encourage you not to be so down are yourself. You're definitely not a worthless loser. You have a dog and a romantic partner now, so you're doing better than me in two things, at least! And I'm sure there's a lot more you're neglecting to mention.

Friends are easy, by the way. It just takes being there for people when they need you, and since you took the time to write such a thoughtful response to me, I'm sure you could make tons of friends. Being introverted gets in the way of that, I know, but I find that once I get that first sentence out, everything just kind of falls into place afterward. I've opened up a lot the past couple of months at work, and I really feel like I'm becoming that happy guy at",https://reddit.com/r/datingoverforty/comments/tl9tqk/_/i1vmegv/,General / Other
tl9tqk,"How much of a red flag is it that I'm a 40M and never been in a relationship? Also, how do I even find somebody?",datingoverforty,135,https://reddit.com/r/datingoverforty/comments/tl9tqk/how_much_of_a_red_flag_is_it_that_im_a_40m_and/,i1vk8vp,Write-At-Home,9,"Thank you. I appreciate your MMO analogy, too. \^\_\^",https://reddit.com/r/datingoverforty/comments/tl9tqk/_/i1vk8vp/,General / Other
tl9tqk,"How much of a red flag is it that I'm a 40M and never been in a relationship? Also, how do I even find somebody?",datingoverforty,135,https://reddit.com/r/datingoverforty/comments/tl9tqk/how_much_of_a_red_flag_is_it_that_im_a_40m_and/,i1uir7t,Write-At-Home,8,"Thank you for sharing your experience. It gives me some hope. Can I ask how you've managed to land so many dates in the years since? Was it all OLD?

Regardless, I'll give OLD another look, but I tried it a few years ago, and the competitive nature of it felt very off-putting to me. About a year ago, too, a recently divorced friend of mine went on one, and the amount of horror stories he told me just reinforced my view of them, unfortunately. Signing up won't hurt me, though, so I'll give it a shot.

I'm honestly not that concerned over the intimacy stuff, because it's not something I'm looking to rush into anyway. My hope is that by the time my relationship with a woman gets to that point, she wouldn't care. But it is still a concern of mine, no matter how small, which is why I included i",https://reddit.com/r/datingoverforty/comments/tl9tqk/_/i1uir7t/,Starting over after loss
tl9tqk,"How much of a red flag is it that I'm a 40M and never been in a relationship? Also, how do I even find somebody?",datingoverforty,135,https://reddit.com/r/datingoverforty/comments/tl9tqk/how_much_of_a_red_flag_is_it_that_im_a_40m_and/,i1ukr85,Write-At-Home,6,"Thank you. 40 is a bad age to start dating regardless, but it does seem like an awkward age for anybody to find a partner at, lack of romantic experience or not.",https://reddit.com/r/datingoverforty/comments/tl9tqk/_/i1ukr85/,General / Other
tl9tqk,"How much of a red flag is it that I'm a 40M and never been in a relationship? Also, how do I even find somebody?",datingoverforty,135,https://reddit.com/r/datingoverforty/comments/tl9tqk/how_much_of_a_red_flag_is_it_that_im_a_40m_and/,i1vkvvy,Write-At-Home,6,"Thank you for the follow-up, as well as taking the time to read my original post on the dating sub.

I'm going to look into the dating sites again, then, I guess. I'll try to put your advice to practice as much as I can. I have a semi-professional camera already, so at least I can put it to some personal use.

I'm trying to be more active, because I am pretty physical guy. The class I took tonight was physical in nature, so hopefully that will give me something to talk about. Assuming I stick with it. It's a little bit more expensive than I had hoped, unfortunately.

Anyway, thanks again.",https://reddit.com/r/datingoverforty/comments/tl9tqk/_/i1vkvvy/,General / Other
tl9tqk,"How much of a red flag is it that I'm a 40M and never been in a relationship? Also, how do I even find somebody?",datingoverforty,135,https://reddit.com/r/datingoverforty/comments/tl9tqk/how_much_of_a_red_flag_is_it_that_im_a_40m_and/,i1uj0k0,Write-At-Home,6,Thanks. Looking at my inexperience as baggage makes it a lot less discouraging for me. I like that outlook of it.,https://reddit.com/r/datingoverforty/comments/tl9tqk/_/i1uj0k0/,Breaking the inexperience loop
tl9tqk,"How much of a red flag is it that I'm a 40M and never been in a relationship? Also, how do I even find somebody?",datingoverforty,135,https://reddit.com/r/datingoverforty/comments/tl9tqk/how_much_of_a_red_flag_is_it_that_im_a_40m_and/,i1vp1rx,Write-At-Home,5,"Yep. You're absolutely right. And this is what I've been trying to do the past couple of months. It's slow progress so far, but I do feel like things are starting to change. I'm still just concerned about what comes after landing the date, I guess. I'm worried all of this work I'm putting in is going to end up backfiring anyway.

I am going to try out OLD again, though, so thanks for the pep-talk. Still pretty set against dating at work, though, but as I'm becoming more social, keeping work out of my dating equation shouldn't affect me all that much moving forward, I think.",https://reddit.com/r/datingoverforty/comments/tl9tqk/_/i1vp1rx/,General / Other
tl9tqk,"How much of a red flag is it that I'm a 40M and never been in a relationship? Also, how do I even find somebody?",datingoverforty,135,https://reddit.com/r/datingoverforty/comments/tl9tqk/how_much_of_a_red_flag_is_it_that_im_a_40m_and/,i1uiurg,Write-At-Home,4,"Thank you. It's nice to know I'm not on an island. I may steal your line, too, if that's all right. \^\_\^

Good luck to you. I hope you find someone special soon.",https://reddit.com/r/datingoverforty/comments/tl9tqk/_/i1uiurg/,General / Other
tl9tqk,"How much of a red flag is it that I'm a 40M and never been in a relationship? Also, how do I even find somebody?",datingoverforty,135,https://reddit.com/r/datingoverforty/comments/tl9tqk/how_much_of_a_red_flag_is_it_that_im_a_40m_and/,i1uam73,Write-At-Home,4,"Thank you. I appreciate your honesty.

This pretty much confirms my fears, then. So my potential dating pool just got that much smaller, I guess.",https://reddit.com/r/datingoverforty/comments/tl9tqk/_/i1uam73/,General / Other
tl9tqk,"How much of a red flag is it that I'm a 40M and never been in a relationship? Also, how do I even find somebody?",datingoverforty,135,https://reddit.com/r/datingoverforty/comments/tl9tqk/how_much_of_a_red_flag_is_it_that_im_a_40m_and/,i1ug19k,Write-At-Home,4,"Thank you.

Actually, one of my closest friends is a woman, and I have a fairly decent circle of friends already. I consider myself pretty good at socializing already.

The problem is that I'm never confident enough to go beyond friendship. Combined with that, it seems like throughout my life, most of the women I was interested in only ever saw me as a friend. Again, in retrospect, there were others that saw me as more than that, but I either didn't realize it at the time or I talked myself out of even trying to become something more with them.

On the subject of clubs and the like: I'm actually going to a class tonight to try something new that I've always wanted to try before. Not going to post details, because I'm already kind of nervous that I've said too much here already (don't want ",https://reddit.com/r/datingoverforty/comments/tl9tqk/_/i1ug19k/,Fear of intimacy after abstinence
tl9tqk,"How much of a red flag is it that I'm a 40M and never been in a relationship? Also, how do I even find somebody?",datingoverforty,135,https://reddit.com/r/datingoverforty/comments/tl9tqk/how_much_of_a_red_flag_is_it_that_im_a_40m_and/,i1vskd5,Write-At-Home,4,"Good to know on both fronts. My brother tells me the same thing. Not the about the cribbage meetups, the other thing; that a lot of women would probably be happy to be with a complete novice as opposed to the alternative. I guess you're living proof that he's actually right about something. It had to happen sooner or later, I guess.

Thanks again.",https://reddit.com/r/datingoverforty/comments/tl9tqk/_/i1vskd5/,General / Other
tl9tqk,"How much of a red flag is it that I'm a 40M and never been in a relationship? Also, how do I even find somebody?",datingoverforty,135,https://reddit.com/r/datingoverforty/comments/tl9tqk/how_much_of_a_red_flag_is_it_that_im_a_40m_and/,i1vqfo4,Write-At-Home,4,"Thank you.

I'm definitely my own worst critic. It's reassuring that most people here seem to believe this is the biggest red flag I'm carrying, because I really am in the process of trying to actively change this about myself.",https://reddit.com/r/datingoverforty/comments/tl9tqk/_/i1vqfo4/,General / Other
tl9tqk,"How much of a red flag is it that I'm a 40M and never been in a relationship? Also, how do I even find somebody?",datingoverforty,135,https://reddit.com/r/datingoverforty/comments/tl9tqk/how_much_of_a_red_flag_is_it_that_im_a_40m_and/,i1vs42f,Write-At-Home,4,"Thanks.

I'm pretty sure I'm not asexual. I've had a healthy libido my whole life directed squarely at women, and it honestly does pain me that I've never had sex at this point in my life.

It's funny, too, because it seems like in the past three months my libido has skyrocketed to levels I haven't had since I was in my 20s. I don't know if that's playing a part in my sudden interest in dating, or if it's the other way around. Either way, I'm confident that I'm not asexual. I appreciate you broaching the subject, though.

I also appreciate the warning. Not exactly what you're talking about here, but while I am lonely, I don't really plan on just jumping at the first woman who shows me some interest. I want to meet someone that I feel I can have a genuine connection with, so on that front a",https://reddit.com/r/datingoverforty/comments/tl9tqk/_/i1vs42f/,General / Other
tl9tqk,"How much of a red flag is it that I'm a 40M and never been in a relationship? Also, how do I even find somebody?",datingoverforty,135,https://reddit.com/r/datingoverforty/comments/tl9tqk/how_much_of_a_red_flag_is_it_that_im_a_40m_and/,i1y2pu4,Write-At-Home,3,"To be honest, I think most people's lives are pretty boring. I think one of the pitfalls of the internet is everybody projects themselves as having amazing careers, fantastic sex lives, and incredible vacations. But that's just veneer for the most part.

And even in the cases where it's true, that doesn't make those people any better or worth more than you. You sound like a genuinely caring and kind individual, and that's really what matters in life, especially when trying to make friends.

Truth be told, I have a pretty boring life, too, and my friends' lives aren't much more interesting. But you know what? We have a great time together, just commiserating about our boring lives or going to the movies together. That's what friendship is about: enjoying one another's company. I think you'r",https://reddit.com/r/datingoverforty/comments/tl9tqk/_/i1y2pu4/,General / Other
tl9tqk,"How much of a red flag is it that I'm a 40M and never been in a relationship? Also, how do I even find somebody?",datingoverforty,135,https://reddit.com/r/datingoverforty/comments/tl9tqk/how_much_of_a_red_flag_is_it_that_im_a_40m_and/,i1vno59,Write-At-Home,3,"Thanks for your reply.

I am a pretty sociable person, and I'm working on getting better, so your statement that I already have relationship experience makes sense to me. I was always very sociable in my teens, too, but I fell out of practice a bit in my 20s and especially in my 30s. I'm looking at reclaiming that now, and I can already feel how it's going to help me in the dating world. So you definitely make a good point here.

Regarding sex, as I said to another poster, I'm not that concerned about the act itself. I figure I'll cross that bridge when I come to it (no pun intended). I'm just a little worried that it might be off-putting if I share that with my partner, be it up front or right before the act itself. Up front just seems kind of creepy to me; I don't think it's really anybo",https://reddit.com/r/datingoverforty/comments/tl9tqk/_/i1vno59/,General / Other
tl9tqk,"How much of a red flag is it that I'm a 40M and never been in a relationship? Also, how do I even find somebody?",datingoverforty,135,https://reddit.com/r/datingoverforty/comments/tl9tqk/how_much_of_a_red_flag_is_it_that_im_a_40m_and/,i1ujrwp,Write-At-Home,3,"Thank you for your honesty. And again, I totally get it.",https://reddit.com/r/datingoverforty/comments/tl9tqk/_/i1ujrwp/,General / Other
tl9tqk,"How much of a red flag is it that I'm a 40M and never been in a relationship? Also, how do I even find somebody?",datingoverforty,135,https://reddit.com/r/datingoverforty/comments/tl9tqk/how_much_of_a_red_flag_is_it_that_im_a_40m_and/,i1ujkna,Write-At-Home,3,"I understand. Thank you for your honesty. The more honest answers I get, the better idea I'll have at how bad my outlook should really be on all of this.

I appreciate everybody's responses so far.",https://reddit.com/r/datingoverforty/comments/tl9tqk/_/i1ujkna/,General / Other
tl9tqk,"How much of a red flag is it that I'm a 40M and never been in a relationship? Also, how do I even find somebody?",datingoverforty,135,https://reddit.com/r/datingoverforty/comments/tl9tqk/how_much_of_a_red_flag_is_it_that_im_a_40m_and/,i1voats,Write-At-Home,3,"Thank you for the advice and encouragement.

I will most definitely not advertise my self-doubts to a woman. I'm very mindful of how I project myself now in public, period. I stand tall and, a lot of times when I'm about to do something I'm nervous about, I literally sit in my car for a moment and say to myself, ""You can do this. You're the best guy in the room."" Corny, I know (""And everybody likes me!""), but it helps, and that's the persona I try to project when I go out now.

Thanks again.",https://reddit.com/r/datingoverforty/comments/tl9tqk/_/i1voats/,General / Other
tl9tqk,"How much of a red flag is it that I'm a 40M and never been in a relationship? Also, how do I even find somebody?",datingoverforty,135,https://reddit.com/r/datingoverforty/comments/tl9tqk/how_much_of_a_red_flag_is_it_that_im_a_40m_and/,i1vqra3,Write-At-Home,3,"Thank you for the encouragement and sharing your experience. It helps.

I hope things work out between you and your ex, assuming you want them to.",https://reddit.com/r/datingoverforty/comments/tl9tqk/_/i1vqra3/,General / Other
tl9tqk,"How much of a red flag is it that I'm a 40M and never been in a relationship? Also, how do I even find somebody?",datingoverforty,135,https://reddit.com/r/datingoverforty/comments/tl9tqk/how_much_of_a_red_flag_is_it_that_im_a_40m_and/,i1vsaqz,Write-At-Home,3,"Hey, I appreciate it, and I loved your closing line! Thanks for the laugh! I needed it. \^\_\^",https://reddit.com/r/datingoverforty/comments/tl9tqk/_/i1vsaqz/,General / Other
tl9tqk,"How much of a red flag is it that I'm a 40M and never been in a relationship? Also, how do I even find somebody?",datingoverforty,135,https://reddit.com/r/datingoverforty/comments/tl9tqk/how_much_of_a_red_flag_is_it_that_im_a_40m_and/,i1wiel7,sendmespam,3,"I’m a woman. A 41 year old single woman in CA. I exercise, I’m funny, and I care about being a good person. I’m a great catch. Recently, I met a guy who I thought was around my age, but turned out to be younger -younger than I like to date. He was 31. Okay I said. Then I learned that he only had one relationship ever. Okay I said. Then I learned that he had never had sex. Huh. Okay I said. I thought it was because the girlfriend didn’t want to. We talked, and he told me about some past trauma he had been through and how we was scared that if a woman found out, she wouldn’t want him. I let him know that it didn’t change what I thought of him, I still think he’s a completely date-able guy. Then I learned that not only had he never had sex, he had never been physical at all and that our fooli",https://reddit.com/r/datingoverforty/comments/tl9tqk/_/i1wiel7/,General / Other
1dw2k2l,"My friend broke the ""Girl Code,"" and now and I don't even want to date.",datingoverforty,133,https://reddit.com/r/datingoverforty/comments/1dw2k2l/my_friend_broke_the_girl_code_and_now_and_i_dont/,lbsrhnr,Pokey_McGee,56,This.  100%.,https://reddit.com/r/datingoverforty/comments/1dw2k2l/_/lbsrhnr/,General / Other
1moewbw,How to cope with a “near miss”,datingoverforty,133,https://reddit.com/r/datingoverforty/comments/1moewbw/how_to_cope_with_a_near_miss/,n8ccklm,occams_razrr,29,"Thank you, I agree. Even though it sucks, I do realize that he isn’t my forever person. It definitely helped me better clarify what I want in a relationship. And specifically, how I want to feel in a relationship. The combination of safe, comfortable, and intense chemistry was pretty heady.",https://reddit.com/r/datingoverforty/comments/1moewbw/_/n8ccklm/,General / Other
1moewbw,How to cope with a “near miss”,datingoverforty,133,https://reddit.com/r/datingoverforty/comments/1moewbw/how_to_cope_with_a_near_miss/,n8cbx3s,occams_razrr,28,"I’m not sure why you think I was being love bombed?  We liked each other and had great chemistry. It was mutual. Yes, it was short-lived, but it was real. We just realized early on that it was not feasible from a long term relationship perspective. It was a difficult decision and we both walked away saddened by it. 

We met in the wild, not on the apps.",https://reddit.com/r/datingoverforty/comments/1moewbw/_/n8cbx3s/,General / Other
1dw2k2l,"My friend broke the ""Girl Code,"" and now and I don't even want to date.",datingoverforty,133,https://reddit.com/r/datingoverforty/comments/1dw2k2l/my_friend_broke_the_girl_code_and_now_and_i_dont/,lbspnm1,[deleted],23,"As a dude just learning about the existence of groups like this, my first impression is that whatever happens between myself and a woman that I'm dating.. belongs to her as much as it does to me. It's not *my* story, it's *our* story. 

I can't control what an ex says or posts about me, so I'll choose not to sweat it. There really isn't any other option other than, as posited by OP, just not dating.",https://reddit.com/r/datingoverforty/comments/1dw2k2l/_/lbspnm1/,General / Other
1dw2k2l,"My friend broke the ""Girl Code,"" and now and I don't even want to date.",datingoverforty,133,https://reddit.com/r/datingoverforty/comments/1dw2k2l/my_friend_broke_the_girl_code_and_now_and_i_dont/,lbsm2ts,Pokey_McGee,20,"The biggest thing is that she mentioned it.

Secondly, she was extremely dismissive and mentioned that she thought it was a bullshit excuse.  She can think what she likes, she can feel how she likes, it doesn't matter to me.  It's that she shared it on a public forum designed to only be accessible to people that I would potentially want to date.

What also does matter and is magnitudes more important to me, is that I currently have zero desire to share any sort of vulnerability of any kind with someone I don't trust implicitly.  It's hard to meet someone and build trust without sharing details of our lives.",https://reddit.com/r/datingoverforty/comments/1dw2k2l/_/lbsm2ts/,General / Other
1dw2k2l,"My friend broke the ""Girl Code,"" and now and I don't even want to date.",datingoverforty,133,https://reddit.com/r/datingoverforty/comments/1dw2k2l/my_friend_broke_the_girl_code_and_now_and_i_dont/,lbrvf6u,Pokey_McGee,17,"I think my disappointment is that one of the reasons I don't have social media is so that my personal business isn't out for public consumption.

The other issue is that, at least in my mind, there is a big difference between people sharing within their social circles where once the conversation is ended then its ended vs. perpetually out there for anyone to see at any time.  

Especially because I live in a small town outside of the city.

Most especially (and this is what really chaps my khaki's,) because it mentions one of my kids.",https://reddit.com/r/datingoverforty/comments/1dw2k2l/_/lbrvf6u/,Dealing with comparison pain
1moewbw,How to cope with a “near miss”,datingoverforty,133,https://reddit.com/r/datingoverforty/comments/1moewbw/how_to_cope_with_a_near_miss/,n8ccyng,occams_razrr,11,Thank you. I agree with this. It definitely helped me understand better what I want from a partner. It’s just hard…he’s the first man I’ve met that I clicked with like this in my entire dating life. I’m so scared he’s so singular I’ll never meet anyone else like him. It makes it hard to let go.,https://reddit.com/r/datingoverforty/comments/1moewbw/_/n8ccyng/,General / Other
1moewbw,How to cope with a “near miss”,datingoverforty,133,https://reddit.com/r/datingoverforty/comments/1moewbw/how_to_cope_with_a_near_miss/,n8ctity,occams_razrr,8,"His doctor IS a neurologist, and there’s nothing fishy about it. He got hurt, it had consequences. This isn’t nefarious. It’s life.",https://reddit.com/r/datingoverforty/comments/1moewbw/_/n8ctity/,General / Other
1moewbw,How to cope with a “near miss”,datingoverforty,133,https://reddit.com/r/datingoverforty/comments/1moewbw/how_to_cope_with_a_near_miss/,n8cd4eb,occams_razrr,5,"Yes, this is the mindset I’m working on. I know that once the sense of loss has lessened, I’ll take this more to heart.",https://reddit.com/r/datingoverforty/comments/1moewbw/_/n8cd4eb/,General / Other
1moewbw,How to cope with a “near miss”,datingoverforty,133,https://reddit.com/r/datingoverforty/comments/1moewbw/how_to_cope_with_a_near_miss/,n8cec8q,occams_razrr,4,It’s a progressive neurological issue from a prior head injury.,https://reddit.com/r/datingoverforty/comments/1moewbw/_/n8cec8q/,General / Other
1moewbw,How to cope with a “near miss”,datingoverforty,133,https://reddit.com/r/datingoverforty/comments/1moewbw/how_to_cope_with_a_near_miss/,n8cdg0v,occams_razrr,3,"NRE was intense. We both understood that and also understood that once that NRE wore off, we’d struggle. Hence the ending.",https://reddit.com/r/datingoverforty/comments/1moewbw/_/n8cdg0v/,General / Other
1moewbw,How to cope with a “near miss”,datingoverforty,133,https://reddit.com/r/datingoverforty/comments/1moewbw/how_to_cope_with_a_near_miss/,n8ce77v,occams_razrr,3,He has some fairly serious neurological issues resulting from a prior head injury. They are degenerative in nature and will get progressively worse. There’s no workaround for this one. The challenges would have been significant for us both.,https://reddit.com/r/datingoverforty/comments/1moewbw/_/n8ce77v/,General / Other
1p535ax,Breakups hit differently,datingoverforty,131,https://reddit.com/r/datingoverforty/comments/1p535ax/breakups_hit_differently/,nqggtnx,Timely-Jelly-1126,49,"I was reluctant to mention this because attachment theory has been utterly corrupted by TikTok, YouTube, the internet in general, but she’s a dismissive avoidant (complete with narcissistic mother and emotionally distant father).  We had exactly two arguments in the exquisitely wonderful time we were together and never once raised our voices.  I legit thought it was the safest, happiest, most secure and healthy relationship I’d ever had.  

The first argument was over holiday scheduling during which she left for a day but a couple text messages and a phone call later she came back and we picked up where we left off.  The second one was over me trying to hold a boundary about respecting my time (she had a habit of forgetting to let me know when she’d be late for something we had planned tog",https://reddit.com/r/datingoverforty/comments/1p535ax/_/nqggtnx/,General / Other
1p535ax,Breakups hit differently,datingoverforty,131,https://reddit.com/r/datingoverforty/comments/1p535ax/breakups_hit_differently/,nqh1bsj,Timely-Jelly-1126,24,"Thank you for the thoughtful reply.  I’ve been in rather intensive therapy since the discard and have only now begun to unpack some childhood trauma (that’s an exaggeration, I ain’t unpacked shit, I just discovered there was luggage).  It’s difficult because of course the only thing I want to talk about is my ex. Also, I didn’t realize I never truly tried to process my wife’s death.  I lived with grief rather than through it.  These revelations are some of the catalyst for my post. I should’ve begun this exploration years ago, but grief will fuck up one’s ability to think clearly. I deeply regret how much time I lost first to self-pity then to self-abandonment. I worry that I’ll be dead before I get the chance to be healthy enough for a healthy relationship.  Also: the sex was absolutely p",https://reddit.com/r/datingoverforty/comments/1p535ax/_/nqh1bsj/,General / Other
1p535ax,Breakups hit differently,datingoverforty,131,https://reddit.com/r/datingoverforty/comments/1p535ax/breakups_hit_differently/,nqgp3dv,Timely-Jelly-1126,21,"It’s interesting you mention that because amongst one particular subset of people I interact with regularly that was typically their first question: “well did you hit her?”  That was shocking in the most horrifying way.  Never occurred to me that that’s what someone would think but the drama is so extreme that a lot of people assume the reason must be equally extreme.  

It’s humiliating enough to be discarded but then to have people assume it could only happen because of DV makes it a story I have stopped telling many people.",https://reddit.com/r/datingoverforty/comments/1p535ax/_/nqgp3dv/,General / Other
1p535ax,Breakups hit differently,datingoverforty,131,https://reddit.com/r/datingoverforty/comments/1p535ax/breakups_hit_differently/,nqh5wck,Timely-Jelly-1126,11,😭 thank you!  Calling bs on the sex though cuz avoidants know what they’re doing like no other group of people on earth🤣 but is definitely crazy to me that the best sex of my life was in my 50’s.  Def didn’t have that on my life’s bingo card!,https://reddit.com/r/datingoverforty/comments/1p535ax/_/nqh5wck/,General / Other
1p535ax,Breakups hit differently,datingoverforty,131,https://reddit.com/r/datingoverforty/comments/1p535ax/breakups_hit_differently/,nqgr2ol,Timely-Jelly-1126,11,"For nearly 8 years after my wife died I was alone but never lonely. I guess I had grief to keep me company.  Now I’m both alone and never been more lonely since now I’ve seen what life could be with a loving partner. I don’t want to learn to be alone again.  I spent nearly a decade doing that.  But now time feels like it’s slipping through my fingers.  The sands of the hourglass, etc etc.  But yeah, learning to be along again and liking it is def what I’m working on. Of course the reason I’m lonely is that she told me I’d never be so again. Shit happens, I guess.",https://reddit.com/r/datingoverforty/comments/1p535ax/_/nqgr2ol/,General / Other
1p535ax,Breakups hit differently,datingoverforty,131,https://reddit.com/r/datingoverforty/comments/1p535ax/breakups_hit_differently/,nqhbyfd,Timely-Jelly-1126,6,"53/M/USA you?
Wait sorry, it might not be obvious so let me be very clear I’m making a joke!  Appreciate the comment and something to look forward to!🤣🤣🤣🤣🤣
Edit: clarity",https://reddit.com/r/datingoverforty/comments/1p535ax/_/nqhbyfd/,General / Other
1p535ax,Breakups hit differently,datingoverforty,131,https://reddit.com/r/datingoverforty/comments/1p535ax/breakups_hit_differently/,nqh1m9h,Timely-Jelly-1126,5,🫂,https://reddit.com/r/datingoverforty/comments/1p535ax/_/nqh1m9h/,General / Other
1p535ax,Breakups hit differently,datingoverforty,131,https://reddit.com/r/datingoverforty/comments/1p535ax/breakups_hit_differently/,nqgfrek,Pale-Travel9343,4,First heartbreaks after becoming a widow/widower are an extra painful kind of hell.,https://reddit.com/r/datingoverforty/comments/1p535ax/_/nqgfrek/,Heartbreak and age
1p535ax,Breakups hit differently,datingoverforty,131,https://reddit.com/r/datingoverforty/comments/1p535ax/breakups_hit_differently/,nqgqtks,CityComm,3,"What a terribly sudden situation. I wish she would have had a decent conversation with you about separating rather than just up and going, especially after you both made attempts to reconcile and keep house (and dog). 

I think the abrupt breakup may be what’s hitting hard rather than solely just the break up, although a break up alone can be jarring after sharing more than 1.5 years together and living together. 

It’s definitely not your fault despite your mention of your very human shortcomings, and we all have those. I find that I give myself to wallow a bit and meanwhile try and keep myself occupied at the gym, in a kettlebell class or something, in social groups, out with a girlfriend, anything to occupy my brain so I’m not texting someone who doesn’t want me. 

Although you enjoyed ",https://reddit.com/r/datingoverforty/comments/1p535ax/_/nqgqtks/,Learning the mechanics of dating
183rha3,I canceled my first date. Feeling quite lost. Need a little guidance.,datingoverforty,129,https://reddit.com/r/datingoverforty/comments/183rha3/i_canceled_my_first_date_feeling_quite_lost_need/,kar897j,TheBigGreenElephant,37,"That crossed my mind way too many times, but did not pry.",https://reddit.com/r/datingoverforty/comments/183rha3/_/kar897j/,General / Other
183rha3,I canceled my first date. Feeling quite lost. Need a little guidance.,datingoverforty,129,https://reddit.com/r/datingoverforty/comments/183rha3/i_canceled_my_first_date_feeling_quite_lost_need/,kar9zd4,TheBigGreenElephant,37,And that is terrifying. One slip up and... OD or whatever else could go horribly wrong.   Nothing but good thoughts and energy towards your own recovery. I cannot imagine.,https://reddit.com/r/datingoverforty/comments/183rha3/_/kar9zd4/,General / Other
xchfov,When alimony is your SO’s main source of income,datingoverforty,129,https://reddit.com/r/datingoverforty/comments/xchfov/when_alimony_is_your_sos_main_source_of_income/,io5gkh7,Awake-Now,32,"That’s another issue. She has her high school aged kiddo 100% of the time. I have mine 50% of the time. This has meant we rarely get to do overnights at either her place or mine.

Maybe this is a realization for me that our lives aren’t well-suited to being merged with each other beyond our current relationship.",https://reddit.com/r/datingoverforty/comments/xchfov/_/io5gkh7/,General / Other
183rha3,I canceled my first date. Feeling quite lost. Need a little guidance.,datingoverforty,129,https://reddit.com/r/datingoverforty/comments/183rha3/i_canceled_my_first_date_feeling_quite_lost_need/,kar8iso,TheBigGreenElephant,31,"I still feel like she might think I am judging her or something, while I am assessing my own capacity to handle that kind of brand-new-to-me scenario.",https://reddit.com/r/datingoverforty/comments/183rha3/_/kar8iso/,General / Other
183rha3,I canceled my first date. Feeling quite lost. Need a little guidance.,datingoverforty,129,https://reddit.com/r/datingoverforty/comments/183rha3/i_canceled_my_first_date_feeling_quite_lost_need/,kar8qh9,TheBigGreenElephant,27,"Very likely. And it is tragic... but I am not of a  mindset of trying to ""fix"" anyone except for myself.",https://reddit.com/r/datingoverforty/comments/183rha3/_/kar8qh9/,General / Other
183rha3,I canceled my first date. Feeling quite lost. Need a little guidance.,datingoverforty,129,https://reddit.com/r/datingoverforty/comments/183rha3/i_canceled_my_first_date_feeling_quite_lost_need/,kara77x,TheBigGreenElephant,20,"I do need simple. I worked hard on my own healing and progress, and stepping into something so strangely in the opposite direction makes less and less sense.",https://reddit.com/r/datingoverforty/comments/183rha3/_/kara77x/,General / Other
xchfov,When alimony is your SO’s main source of income,datingoverforty,129,https://reddit.com/r/datingoverforty/comments/xchfov/when_alimony_is_your_sos_main_source_of_income/,io55stt,Awake-Now,19,"I’m sure about that part, yes.",https://reddit.com/r/datingoverforty/comments/xchfov/_/io55stt/,General / Other
xchfov,When alimony is your SO’s main source of income,datingoverforty,129,https://reddit.com/r/datingoverforty/comments/xchfov/when_alimony_is_your_sos_main_source_of_income/,io59lrr,Awake-Now,15,"These are all good points. And let’s say we do move in together eventually, and her alimony goes away. And then she and I break up. She’d be on her own and wouldn’t have that much income. That’s not a risk I’d take if I were in her position.",https://reddit.com/r/datingoverforty/comments/xchfov/_/io59lrr/,General / Other
xchfov,When alimony is your SO’s main source of income,datingoverforty,129,https://reddit.com/r/datingoverforty/comments/xchfov/when_alimony_is_your_sos_main_source_of_income/,io5cmju,Awake-Now,13,"That’s a good point. I’ll have to look into exactly what the legal definition of “cohabitation” is in my state. If it’s like yours, that would totally be doable.",https://reddit.com/r/datingoverforty/comments/xchfov/_/io5cmju/,General / Other
xchfov,When alimony is your SO’s main source of income,datingoverforty,129,https://reddit.com/r/datingoverforty/comments/xchfov/when_alimony_is_your_sos_main_source_of_income/,io5fx8n,Awake-Now,12,"She has a bachelors degree, so she wouldn’t be starting from scratch. I guess that’s another topic for her and me to talk about.",https://reddit.com/r/datingoverforty/comments/xchfov/_/io5fx8n/,Coping with physical loneliness
183rha3,I canceled my first date. Feeling quite lost. Need a little guidance.,datingoverforty,129,https://reddit.com/r/datingoverforty/comments/183rha3/i_canceled_my_first_date_feeling_quite_lost_need/,kar8wk4,TheBigGreenElephant,12,I thought about that and the potential ease of being inebriated and slipping up...and all that. Thank you.,https://reddit.com/r/datingoverforty/comments/183rha3/_/kar8wk4/,General / Other
xchfov,When alimony is your SO’s main source of income,datingoverforty,129,https://reddit.com/r/datingoverforty/comments/xchfov/when_alimony_is_your_sos_main_source_of_income/,io5b84j,Awake-Now,11,Thank you for your insight on this. Do you think you’d feel any differently if you had lifetime alimony as opposed to for 9 years?,https://reddit.com/r/datingoverforty/comments/xchfov/_/io5b84j/,General / Other
xchfov,When alimony is your SO’s main source of income,datingoverforty,129,https://reddit.com/r/datingoverforty/comments/xchfov/when_alimony_is_your_sos_main_source_of_income/,io6d1p8,Cathousechicken,9,"Maybe because I have a job, but I will never understand those who make SAHM a career, especially after the kids are all old enough for school.

This next part isn't for you OP, I'm sure your girlfriend is lovely. Every woman I've met in this scenario are pretty much nightmares to deal with because they don't have accomplishments but think who they married was an accomplishment. The only other time I've seen such unearned self-esteem is with trust fund kids.",https://reddit.com/r/datingoverforty/comments/xchfov/_/io6d1p8/,Building self-worth
183rha3,I canceled my first date. Feeling quite lost. Need a little guidance.,datingoverforty,129,https://reddit.com/r/datingoverforty/comments/183rha3/i_canceled_my_first_date_feeling_quite_lost_need/,karaovb,TheBigGreenElephant,9,I think I did make the  right decision.  I still feel bad that she was vulnerable enough (or maybe tipsy enough) to lay it all out in the open and it caused me to want to decline a date... but I do appreciate that she did.,https://reddit.com/r/datingoverforty/comments/183rha3/_/karaovb/,General / Other
xchfov,When alimony is your SO’s main source of income,datingoverforty,129,https://reddit.com/r/datingoverforty/comments/xchfov/when_alimony_is_your_sos_main_source_of_income/,io5axuh,Awake-Now,8,"Reading this post, I think your friends are being rational. But yikes! That’s not an arrangement I want.",https://reddit.com/r/datingoverforty/comments/xchfov/_/io5axuh/,General / Other
xchfov,When alimony is your SO’s main source of income,datingoverforty,129,https://reddit.com/r/datingoverforty/comments/xchfov/when_alimony_is_your_sos_main_source_of_income/,io7hunk,choya_is_here,7,"I may get downvoted her but as a divorced 50m I would not be involved with a woman who is financially dependent on alimony for life.  Eventually kids will be gone.  Why not work full time and be independent and self sufficient financially? 

What man would ever want to marry someone who he has to pay a monthly income for LIFE if they get divorced.",https://reddit.com/r/datingoverforty/comments/xchfov/_/io7hunk/,Starting over after loss
xchfov,When alimony is your SO’s main source of income,datingoverforty,129,https://reddit.com/r/datingoverforty/comments/xchfov/when_alimony_is_your_sos_main_source_of_income/,io6dav6,ZombieAppropriate150,7,"Kinda shitty that everything is based on having her receive money for doing SFA. As a guy just finishing paying alimony, it’s an antiquated, sexist, non empowering system. 

Find someone who has goals and a moral compass.",https://reddit.com/r/datingoverforty/comments/xchfov/_/io6dav6/,General / Other
xchfov,When alimony is your SO’s main source of income,datingoverforty,129,https://reddit.com/r/datingoverforty/comments/xchfov/when_alimony_is_your_sos_main_source_of_income/,io5s42c,Awake-Now,6,"The fact that she gets alimony isn’t the issue. It’s that alimony is her main income and that moving in together/getting married would cut that off. 

I agree it’s a discussion we need to have.",https://reddit.com/r/datingoverforty/comments/xchfov/_/io5s42c/,General / Other
183rha3,I canceled my first date. Feeling quite lost. Need a little guidance.,datingoverforty,129,https://reddit.com/r/datingoverforty/comments/183rha3/i_canceled_my_first_date_feeling_quite_lost_need/,kar9fuc,TheBigGreenElephant,6,"From asking others in that have worked in the underappreciated field,  the general consensus, even though it can vary was at least a year of complete sobriety, with counseling and a committed program that is attended regularly.",https://reddit.com/r/datingoverforty/comments/183rha3/_/kar9fuc/,General / Other
183rha3,I canceled my first date. Feeling quite lost. Need a little guidance.,datingoverforty,129,https://reddit.com/r/datingoverforty/comments/183rha3/i_canceled_my_first_date_feeling_quite_lost_need/,karcnln,TheBigGreenElephant,6,"I have a massive amount of empathy and I have been tactful and kind in every way possible when communicating with her.  She sure as hell doesn't need more crap in her life, so I am a little confused by your response. Perhaps I missed something, which is very possible.",https://reddit.com/r/datingoverforty/comments/183rha3/_/karcnln/,General / Other
xchfov,When alimony is your SO’s main source of income,datingoverforty,129,https://reddit.com/r/datingoverforty/comments/xchfov/when_alimony_is_your_sos_main_source_of_income/,io5naze,DogofMadness83,5,"I am dealing with it from the other perspective. I am the payer of alimony for life. But, I initiated the divorce knowing that was a probability. It is indeed sad that my ex-wife is incentivized to not remarry or cohabitate.",https://reddit.com/r/datingoverforty/comments/xchfov/_/io5naze/,Starting over after loss
183rha3,I canceled my first date. Feeling quite lost. Need a little guidance.,datingoverforty,129,https://reddit.com/r/datingoverforty/comments/183rha3/i_canceled_my_first_date_feeling_quite_lost_need/,kartrix,TheBigGreenElephant,5,"Very fair point. I suppose because I have interacted and conversed with her over the last 6 months or so at least twice weekly while she has been working?  When I have been there with mortar on my jeans or whatever,  and was casually asked ""what have you been up to?"" , I would explain how I have rebuilt the outdoor fireplace, redone this and that, e.g..  She knew I had a large outside space with a fireplace.  


I did offer multiple options for a first date, from fine dining,  coffee, cinema, bars, mini-golf and varying other options. She just said she would prefer to hang out in a quiet and casual environment, which she knew I had.   But I will take that into consideration in the future.",https://reddit.com/r/datingoverforty/comments/183rha3/_/kartrix/,Learning the mechanics of dating
183rha3,I canceled my first date. Feeling quite lost. Need a little guidance.,datingoverforty,129,https://reddit.com/r/datingoverforty/comments/183rha3/i_canceled_my_first_date_feeling_quite_lost_need/,kar9pgn,TheBigGreenElephant,4,"I get you. I guess I should clarify that I find her attractive, both physically and on a personality level.  She might not be conventionally attractive... I do not know.  It did make uncomfortable enough to want to cancel.",https://reddit.com/r/datingoverforty/comments/183rha3/_/kar9pgn/,General / Other
183rha3,I canceled my first date. Feeling quite lost. Need a little guidance.,datingoverforty,129,https://reddit.com/r/datingoverforty/comments/183rha3/i_canceled_my_first_date_feeling_quite_lost_need/,karbzdl,TheBigGreenElephant,4,Thanks. It has been weird and unsettling. I just don't think I have it in me to try and continue working on myself and take that on.,https://reddit.com/r/datingoverforty/comments/183rha3/_/karbzdl/,General / Other
183rha3,I canceled my first date. Feeling quite lost. Need a little guidance.,datingoverforty,129,https://reddit.com/r/datingoverforty/comments/183rha3/i_canceled_my_first_date_feeling_quite_lost_need/,karedtj,TheBigGreenElephant,4,"As the other response mentioned, there was no first date. I cancelled it. She was drinking at her apartment and then she told me about her past addiction and it was a large enough concern for me to cancel while I attempt to  wrap my head around it all.    


I have and have had recovering and active addicts, as friends and family members... all have been on such a wildly different graph of success/failure, I have no real baseline to make any sound decision. Some are completely successful and beautiful people, and have done and do fantastic things... others were not successful and are deceased or of unknown whereabouts.   


That guilt thing. I need to pay attention to that a lot.  Thank you.",https://reddit.com/r/datingoverforty/comments/183rha3/_/karedtj/,Learning the mechanics of dating
183rha3,I canceled my first date. Feeling quite lost. Need a little guidance.,datingoverforty,129,https://reddit.com/r/datingoverforty/comments/183rha3/i_canceled_my_first_date_feeling_quite_lost_need/,karbblw,TheBigGreenElephant,3,I feel this... because I do tend to go all in for all people in my life... and... it could get really messy.,https://reddit.com/r/datingoverforty/comments/183rha3/_/karbblw/,General / Other
183rha3,I canceled my first date. Feeling quite lost. Need a little guidance.,datingoverforty,129,https://reddit.com/r/datingoverforty/comments/183rha3/i_canceled_my_first_date_feeling_quite_lost_need/,karbn1w,TheBigGreenElephant,3,I do really appreciate the input. I also appreciate her being upfront with where she is in life.,https://reddit.com/r/datingoverforty/comments/183rha3/_/karbn1w/,General / Other
183rha3,I canceled my first date. Feeling quite lost. Need a little guidance.,datingoverforty,129,https://reddit.com/r/datingoverforty/comments/183rha3/i_canceled_my_first_date_feeling_quite_lost_need/,karcvrj,TheBigGreenElephant,3,I did not get all the details. I know the kids are out of state.,https://reddit.com/r/datingoverforty/comments/183rha3/_/karcvrj/,General / Other
1mar886,AI - is it a dealbreaker,datingoverforty,128,https://reddit.com/r/datingoverforty/comments/1mar886/ai_is_it_a_dealbreaker/,n5go2i0,Upbeat_Main_7141,23,"Oh yeah, I was asking to get others opinions because AI is starting to invade so many aspects of life, but it wasn’t in question for me. My stance is hard pass.",https://reddit.com/r/datingoverforty/comments/1mar886/_/n5go2i0/,General / Other
12g1u1p,41 M; divorced and confused.,datingoverforty,128,https://reddit.com/r/datingoverforty/comments/12g1u1p/41_m_divorced_and_confused/,jfj0v0y,jimmybobbyluckyducky,14,This is helpful and it feels good to know that you know where I'm coming from with my situation.,https://reddit.com/r/datingoverforty/comments/12g1u1p/_/jfj0v0y/,General / Other
12g1u1p,41 M; divorced and confused.,datingoverforty,128,https://reddit.com/r/datingoverforty/comments/12g1u1p/41_m_divorced_and_confused/,jfj2nt0,jimmybobbyluckyducky,7,"Bro! Thank you. I have a lot to digest here, but this is helpful. Thanks for the resources.",https://reddit.com/r/datingoverforty/comments/12g1u1p/_/jfj2nt0/,General / Other
12g1u1p,41 M; divorced and confused.,datingoverforty,128,https://reddit.com/r/datingoverforty/comments/12g1u1p/41_m_divorced_and_confused/,jfiaosu,jimmybobbyluckyducky,7,"Thanks. I didn't mean ""pick up"" like for a booty call. I just meant I get incredible anxiety about talking to a woman that I think is attractive. I talked to my dad about this who has been a Don Juan his whole life and he couldn't offer me much more advise than ""don't be afraid to say the wrong thing, just say something or it'll be another missed opportunity."" It didn't help me though.",https://reddit.com/r/datingoverforty/comments/12g1u1p/_/jfiaosu/,Getting over approach anxiety
12g1u1p,41 M; divorced and confused.,datingoverforty,128,https://reddit.com/r/datingoverforty/comments/12g1u1p/41_m_divorced_and_confused/,jfjfb4x,HappinessHero,6,"A very helpful comment! I can logically understand rejection from an intellectual point of view. But dealing with it from a “feelings” perspective is a lot harder. My last relationship ended when I was 20 years old. I’m now 52m. I can talk to people fairly easily with a range wide of subjects and interests. But nobody ever wanted to partner with me. I also realised I have embodied “shame” on so many levels. Not being wanted, desired or valued as a potential partner has damaged me in ways that are hard to overcome. I’ll never have a family of my own and hold my own child in my arms, I’ve been celibate for 32 years and I wonder what it must be like to walk by the river holding hands of a loving partner? I sometimes dream of what it must be like to make love while the rain pitter patters on t",https://reddit.com/r/datingoverforty/comments/12g1u1p/_/jfjfb4x/,Building self-worth
1mar886,AI - is it a dealbreaker,datingoverforty,128,https://reddit.com/r/datingoverforty/comments/1mar886/ai_is_it_a_dealbreaker/,n5hupue,Upbeat_Main_7141,6,"To be fair, I’m not 100% on how the labor split between them and their AI suggestions, but the difference in personality makes me think they took my texts and said something like “reply to this text in a way that in enthusiastic about the subject matter and includes a joke.” And then altered some bits to make it fit more contextually. Again, I dunno if that is exactly how it went.",https://reddit.com/r/datingoverforty/comments/1mar886/_/n5hupue/,General / Other
1mar886,AI - is it a dealbreaker,datingoverforty,128,https://reddit.com/r/datingoverforty/comments/1mar886/ai_is_it_a_dealbreaker/,n5gu1ki,Upbeat_Main_7141,6,"Sadly, yeah, you should find out what it is. I recommend some of the episodes of Last Week Tonight regarding AI as a digestible ways to learn more.",https://reddit.com/r/datingoverforty/comments/1mar886/_/n5gu1ki/,General / Other
12g1u1p,41 M; divorced and confused.,datingoverforty,128,https://reddit.com/r/datingoverforty/comments/12g1u1p/41_m_divorced_and_confused/,jfkgrdu,newyorkfade,3,"44m divorced 5 years ago after 16 years married. It’s a very different dating scene in 2023. I think most of us married for a long time dudes can be pretty intense and dating is very low stakes now. Most women I’ve been on dates with don’t know how to be in a longterm relationship, they’ve never done it. 

Build a full life outside of dating, once you do that you won’t stick out in this low stakes world. You also won’t reek of desperation. Concentrate on raising your son and healing yourself and yup it will be lonely. 

If you are like most dudes you have god awful pictures on your dating profiles, get some pro headshots that make you look good, you will double the responses and just be funny in your convos on OLD. Hinge and bumble have been the best ones for me. Play with the settings, ex",https://reddit.com/r/datingoverforty/comments/12g1u1p/_/jfkgrdu/,Finding where to meet women
12g1u1p,41 M; divorced and confused.,datingoverforty,128,https://reddit.com/r/datingoverforty/comments/12g1u1p/41_m_divorced_and_confused/,jfkkrql,zeroesthemark,3,"I was in the same boat once upon a time. Married my high school guy and never dated. Then at 45 I found myself alone, not by my choice. I had no adult dating skills and had a doubly hard time because dating is hard and especially hard if you don’t know the unspoken rules. 

I did a LOT of work on myself. Figured out who I was as a single person with my own preferences and likes, something I’d never explored at all or had to do. I tried new things that got me interacting with different types of people of both genders. I still dated but attached not much priority or importance to it, and made the conscious choice not to get my validation from strangers who knew me from some texting and a couple hours together.  Once I let go of dating and meeting a new partner as some weird holy grail and pu",https://reddit.com/r/datingoverforty/comments/12g1u1p/_/jfkkrql/,Breaking the inexperience loop
12g1u1p,41 M; divorced and confused.,datingoverforty,128,https://reddit.com/r/datingoverforty/comments/12g1u1p/41_m_divorced_and_confused/,jfj7j5t,jimmybobbyluckyducky,3,https://preview.redd.it/ynw6wglwttsa1.png?width=3024&amp;format=png&amp;auto=webp&amp;s=6f1b4498f130a616cc0a5b53d185191cdca671e2,https://reddit.com/r/datingoverforty/comments/12g1u1p/_/jfj7j5t/,General / Other
1mar886,AI - is it a dealbreaker,datingoverforty,128,https://reddit.com/r/datingoverforty/comments/1mar886/ai_is_it_a_dealbreaker/,n5hi618,Upbeat_Main_7141,3,"I got the impression that since she said chatGPT was her biggest “hobby”, that maybe she has a problematic attachment to it, time-consumption-wise. I could see that altering someone perception on things, over time. I dunno where the threshold would be, and I do fear that’s like making the “video games make kids violent” argument, but this is all such new territory for humanity that I just dunno.",https://reddit.com/r/datingoverforty/comments/1mar886/_/n5hi618/,General / Other
19fc5a9,Do you feel love is over?,datingoverforty,127,https://reddit.com/r/datingoverforty/comments/19fc5a9/do_you_feel_love_is_over/,kjimvc7,Baseball_bossman,125,"42m been single for 7 years, get rejected all the time, and no I don’t think love is over for me. Life is a beautiful experience meant to be enjoyed and I enjoy every second I can. There are billions of people on this world and it literally can just take one connection to find love. If it’s not meant for me then I guess I’ll die before I meet her, but as long as I am breathing anything can happen",https://reddit.com/r/datingoverforty/comments/19fc5a9/_/kjimvc7/,Understanding rejection
19fc5a9,Do you feel love is over?,datingoverforty,127,https://reddit.com/r/datingoverforty/comments/19fc5a9/do_you_feel_love_is_over/,kjilsik,MySocialAlt,24,Why is dating women your own age and in a similar income bracket not an option (if you do indeed decide that you want to date)?,https://reddit.com/r/datingoverforty/comments/19fc5a9/_/kjilsik/,General / Other
19fc5a9,Do you feel love is over?,datingoverforty,127,https://reddit.com/r/datingoverforty/comments/19fc5a9/do_you_feel_love_is_over/,kjj8o8d,ConsciouslyLuxurious,12,Thank you for that honest answer. I'm content and grateful with my life but that yearning of have a companion creeps in and topple your house of cards.,https://reddit.com/r/datingoverforty/comments/19fc5a9/_/kjj8o8d/,General / Other
19fc5a9,Do you feel love is over?,datingoverforty,127,https://reddit.com/r/datingoverforty/comments/19fc5a9/do_you_feel_love_is_over/,kjj41mq,ConsciouslyLuxurious,8,"You have beautifully summarized it. I've never cared for society’s opinions or expecting someone to make me happy because that is my job, what I yearn for is a compatible life companion.",https://reddit.com/r/datingoverforty/comments/19fc5a9/_/kjj41mq/,General / Other
19fc5a9,Do you feel love is over?,datingoverforty,127,https://reddit.com/r/datingoverforty/comments/19fc5a9/do_you_feel_love_is_over/,kjiqir8,I_am_geosynchronous,8,"46M. Single dad. 

I had the rug pulled from out from under me a year ago in a relationship that should have never been. I felt like if my ex didn’t see my value, who would? It took therapy and commitment to myself to overcome that. 

From that stage, I moved to the “I’m ready to date” state and used apps. I created a profile that said who I was (using words more than photos). And it’s been more feast than famine. 

The point is - I had to put in the effort. I had to work on myself from an emotional and physical perspective. While my fashion was solid, I decided to do more with it. New goals. New aspirations. I had to break through some walls…

I think you have to do the same. But you can do it, brother. You can.",https://reddit.com/r/datingoverforty/comments/19fc5a9/_/kjiqir8/,Building self-worth
19fc5a9,Do you feel love is over?,datingoverforty,127,https://reddit.com/r/datingoverforty/comments/19fc5a9/do_you_feel_love_is_over/,kjiowe9,ConsciouslyLuxurious,8,"I'm someone who is naturally optimistic, is not easy to admit to my feelings in a public forum like this yet as the years pass and I continue to develop a healthier relationship with myself there is a very real possibility of spending the rest of my life alone and making peace with that rather than holding on to a hope that is based on nothing. It is not that I expect a partner to make me happy, because that is my job, but rather having a compatible life companion.",https://reddit.com/r/datingoverforty/comments/19fc5a9/_/kjiowe9/,General / Other
19fc5a9,Do you feel love is over?,datingoverforty,127,https://reddit.com/r/datingoverforty/comments/19fc5a9/do_you_feel_love_is_over/,kjj4tx6,ConsciouslyLuxurious,6,"Is tough. Solitude is tough. We are humans, we want to be touched, we want to hear an authentic “I love you”, have someone who to enjoy life with.",https://reddit.com/r/datingoverforty/comments/19fc5a9/_/kjj4tx6/,Coping with physical loneliness
19fc5a9,Do you feel love is over?,datingoverforty,127,https://reddit.com/r/datingoverforty/comments/19fc5a9/do_you_feel_love_is_over/,kjio6jc,ConsciouslyLuxurious,5,"I'm cognizant of those shadows, trust me. I'm for the most part someone who is content with my life but there are certain life experiences I wish to have before my body continues to decay (yeap, I said it), and when you have led a solitary life for most of your adult life it makes you question those romance fantasies we make up in our minds based in TV, films and book fiction. So, I believe is healthier to admit to the possibility of spending your life alone than holding on to a hope that is based on nothing.",https://reddit.com/r/datingoverforty/comments/19fc5a9/_/kjio6jc/,General / Other
19fc5a9,Do you feel love is over?,datingoverforty,127,https://reddit.com/r/datingoverforty/comments/19fc5a9/do_you_feel_love_is_over/,kjj2wyt,ConsciouslyLuxurious,5,Congratulations on your relationship ☺️,https://reddit.com/r/datingoverforty/comments/19fc5a9/_/kjj2wyt/,General / Other
19fc5a9,Do you feel love is over?,datingoverforty,127,https://reddit.com/r/datingoverforty/comments/19fc5a9/do_you_feel_love_is_over/,kjjqahb,ConsciouslyLuxurious,5,"I think many of us, especially if you’re living in a big city, find that the larger the dating pool the more challenging it is. Many people want to casually date or have open relationships and that's not my flavor. We are men, there has to be a physical attraction component otherwise that chemistry turns into friendship. I felt so burned out the last time I put myself out there I decided to stop dating. Now, I've been living abroad for a year and haven't put myself out there, and even if I love myself and enjoy my own company… at times that yearning for a compatible companion creeps in topple your house of cards.",https://reddit.com/r/datingoverforty/comments/19fc5a9/_/kjjqahb/,General / Other
19fc5a9,Do you feel love is over?,datingoverforty,127,https://reddit.com/r/datingoverforty/comments/19fc5a9/do_you_feel_love_is_over/,kjjar0h,keithrc,5,"That's your choice, of course.  But you rolled up in here asking ""Is love over (for a 44M)?"" and we're telling you no, that's not inevitable.  It's up to you.",https://reddit.com/r/datingoverforty/comments/19fc5a9/_/kjjar0h/,General / Other
19fc5a9,Do you feel love is over?,datingoverforty,127,https://reddit.com/r/datingoverforty/comments/19fc5a9/do_you_feel_love_is_over/,kjjbpqs,ConsciouslyLuxurious,5,Fair enough.,https://reddit.com/r/datingoverforty/comments/19fc5a9/_/kjjbpqs/,General / Other
19fc5a9,Do you feel love is over?,datingoverforty,127,https://reddit.com/r/datingoverforty/comments/19fc5a9/do_you_feel_love_is_over/,kjjwyt2,ConsciouslyLuxurious,5,"Solitude is tough. I suppose for people who have a network of friends and family to keep them company being single for a long time is tolerable but for us who don't, keeping mental sanity is an everyday exercise. I love myself and I enjoy doing things for myself but sometimes that yearning for companionship creeps in and topples the house of cards! Strength my friend!",https://reddit.com/r/datingoverforty/comments/19fc5a9/_/kjjwyt2/,General / Other
19fc5a9,Do you feel love is over?,datingoverforty,127,https://reddit.com/r/datingoverforty/comments/19fc5a9/do_you_feel_love_is_over/,kjitqcz,ConsciouslyLuxurious,4,"Thank you for sharing, congratulations on your realization and steps towards your well-being. Over years of solitude and work on loving myself I realized many shadows such as playing my mother’s role in relationships (my parents have been married for almost 50 years but they are the most incompatible couple I've ever met) and erroneously thinking someone can make me happy when it is actually my job.
And yet with all of these breakthroughs, it seems I have more shadows to deal with because I can't attract the right person. When I used to put myself out there and actively date I often found myself with people who were superficial and/or not looking for commitment so I got burned out and stopped. I feel is healthier to make peace with the possibility of spending the rest of my life alone than",https://reddit.com/r/datingoverforty/comments/19fc5a9/_/kjitqcz/,General / Other
19fc5a9,Do you feel love is over?,datingoverforty,127,https://reddit.com/r/datingoverforty/comments/19fc5a9/do_you_feel_love_is_over/,kjktwtt,songwrtr,4,Been divorced for over a decade. I spent that decade being the male equivalent of a whore/slut. Never really let anyone in. Had a much younger “gf” but still saw multiple other women for sex. No feelings just sex. My sons moved in with me and I had to calm the fuck down because I couldn’t have randos running around my house if you know what I mean. That’s where the “gf” came in. I wanted to be a better example for my sons. A year and a half ago when my youngest graduated from HS the mother of a fellow student reached out to me. She and her husband were friends with me and my ex wife. Her husband passed away and she did not realize that my sons came back to live with me. We went out to dinner to catch up and we have been together ever since. I cut out all the bullshit from the moment of tha,https://reddit.com/r/datingoverforty/comments/19fc5a9/_/kjktwtt/,Coping with physical loneliness
19fc5a9,Do you feel love is over?,datingoverforty,127,https://reddit.com/r/datingoverforty/comments/19fc5a9/do_you_feel_love_is_over/,kjjjnej,ConsciouslyLuxurious,4,"I'm well aware that happiness doesn't depend on other people but on yourself. There are many aspects of my life I enjoy being alone, going to restaurants, going to a concert, and other activities that you're supposed to do with someone. I try to focus on building a career because is the only thing on my hands, finding love never has. Yet, the yearning to have a compatible companion creeps in toppling my house of cards… There is comfort in accepting solitude rather than hanging on to hope based on nothing.",https://reddit.com/r/datingoverforty/comments/19fc5a9/_/kjjjnej/,General / Other
19fc5a9,Do you feel love is over?,datingoverforty,127,https://reddit.com/r/datingoverforty/comments/19fc5a9/do_you_feel_love_is_over/,kjiw4xi,Status_Change_758,4,"No. 44M is way to early to throw in towels. You're going to sit on sidelines for the next 50 or so years?

Have some interactions with people of different age groups. I have older friends, family, and acquaintances in their 50s-90s. The ones that kind of ""gave up"" are the ones in a worse physical &amp; mental state now. 

Some are married. One of the 70 somethings has a great FWB. 90M is currently planning his summer trip, outfits, beard, and flirting strategy. Of course every day is not cake, but they're doing it. 

Every so often, I go to a jazz place with a 60++ crowd. They're having fun, dancing, mingling, *vibrant*.

Seeing them all gives me perspective and motivation.",https://reddit.com/r/datingoverforty/comments/19fc5a9/_/kjiw4xi/,General / Other
1qtk41v,It should not be this hard…,datingoverforty,126,https://reddit.com/r/datingoverforty/comments/1qtk41v/it_should_not_be_this_hard/,o33j8wa,Chocolatebougie,49,"Romanian Dead Lifts. They say you find 4 things after 40- baking, plants, books or the gym- and I stay in the gym. Improves both my mental and physical health (I have abs for the first time ever in life! Lol)",https://reddit.com/r/datingoverforty/comments/1qtk41v/_/o33j8wa/,Fear of intimacy after abstinence
zl2kym,Do you have to grow up to get a date in your 40s?,datingoverforty,126,https://reddit.com/r/datingoverforty/comments/zl2kym/do_you_have_to_grow_up_to_get_a_date_in_your_40s/,j0300ab,Plasticman4Life,34,"I'm 53M, and I think that the best part of being older it that I truly have fewer fucks to give about what people think.  (But not in the usual usage of that phrase, which is normally what people say when they really mean ""I'm an asshole to other people."")

I wear what I want, I do what I want, I take care of myself and others, and if someone doesn't like any part of who I am or what I do, it's totally fine with me.  It's just not for them.

Be authentically you.  Do your shit.  Own your shit.  You'll find the right person (for you) that way.

Your coworker sounds jealous.  He's probably not living his authentic life because he's so worried about what he imagines others might think.  Focusing on you not only diverts his attention, but reinforces his worldview that what other (theoretical) ",https://reddit.com/r/datingoverforty/comments/zl2kym/_/j0300ab/,General / Other
zl2kym,Do you have to grow up to get a date in your 40s?,datingoverforty,126,https://reddit.com/r/datingoverforty/comments/zl2kym/do_you_have_to_grow_up_to_get_a_date_in_your_40s/,j02yod5,froaway1999,33,You definitely have a rad dad!,https://reddit.com/r/datingoverforty/comments/zl2kym/_/j02yod5/,General / Other
zl2kym,Do you have to grow up to get a date in your 40s?,datingoverforty,126,https://reddit.com/r/datingoverforty/comments/zl2kym/do_you_have_to_grow_up_to_get_a_date_in_your_40s/,j02y5ac,froaway1999,18,"Great question, I’d say the divorce had little to do with maturity levels on either side of the proverbial aisle, thank you for the insight",https://reddit.com/r/datingoverforty/comments/zl2kym/_/j02y5ac/,Starting over after loss
zl2kym,Do you have to grow up to get a date in your 40s?,datingoverforty,126,https://reddit.com/r/datingoverforty/comments/zl2kym/do_you_have_to_grow_up_to_get_a_date_in_your_40s/,j02ykk5,froaway1999,8,"Very insightful, I’ve done really well as far as staying out of trouble and succeeding in my career. I take care of my financial and emotional responsibilities to my family so I’d say I’m good to go.",https://reddit.com/r/datingoverforty/comments/zl2kym/_/j02ykk5/,General / Other
1qtk41v,It should not be this hard…,datingoverforty,126,https://reddit.com/r/datingoverforty/comments/1qtk41v/it_should_not_be_this_hard/,o355r0o,Substantial-Ant-4010,7,"I 57m find there seems to be a need on OLD profiles to make their lives sound more exciting than they actually are. Sure there are people that have exciting lives, but most of us work 5 days a week, and take a week to ten days of vacation. We do some shopping and got to a show on the weekend, perhaps eat out a few times a week. Sharing the mundane is where life happens.

To op, have you ever tried putting that on your profile? What you are actually looking for? Just be honest about it, and see what happens.

I'm planning on doing something similar when I decide to get back out there. Sure I like to get out and travel, but I am content cooking dinner, and spending time out in the shop or working on my hobbies. I would love someone that also loves creating and making things.",https://reddit.com/r/datingoverforty/comments/1qtk41v/_/o355r0o/,General / Other
1qtk41v,It should not be this hard…,datingoverforty,126,https://reddit.com/r/datingoverforty/comments/1qtk41v/it_should_not_be_this_hard/,o33ni4x,Chocolatebougie,6,"THIS! You totally get what I’m saying. I’ve accepted I will never have kids (but would be an AMAZING step mom- I don’t discount guys with kids) Just meet me where I am- settling in to my creature comforts, yet learning something from my partner along the way.",https://reddit.com/r/datingoverforty/comments/1qtk41v/_/o33ni4x/,General / Other
1qtk41v,It should not be this hard…,datingoverforty,126,https://reddit.com/r/datingoverforty/comments/1qtk41v/it_should_not_be_this_hard/,o35uc0w,AnxiousGinger626,6,"It’s exhausting. I was an awesome wife (been divorced 8 years) and I’m a great girlfriend, but men just don’t seem to want to pick one person and be together.",https://reddit.com/r/datingoverforty/comments/1qtk41v/_/o35uc0w/,Starting over after loss
zl2kym,Do you have to grow up to get a date in your 40s?,datingoverforty,126,https://reddit.com/r/datingoverforty/comments/zl2kym/do_you_have_to_grow_up_to_get_a_date_in_your_40s/,j03fqb8,froaway1999,5,"Thanks for the response, it does kind of mirror the sentiments others have asked so I’ll address your question since it actually provides quantifiable ways of measuring what may be perceived as “not grown up”. 

Own a house but the not currently living in it, also rent a place for the time being. 

In a stable career that pays well enough to maintain two residences and a family. Will be retiring from this current career (with a pension) in 4-6 years. After that plan on starting a 501c.",https://reddit.com/r/datingoverforty/comments/zl2kym/_/j03fqb8/,General / Other
zl2kym,Do you have to grow up to get a date in your 40s?,datingoverforty,126,https://reddit.com/r/datingoverforty/comments/zl2kym/do_you_have_to_grow_up_to_get_a_date_in_your_40s/,j0462f8,knobbytire,5,"I am 56m almost the same, just older, and different hobbies.

I am what I am - long since given up caring what others think of me.  

The irony is that those that might judge me are less well adjusted, happy, and self actualized.",https://reddit.com/r/datingoverforty/comments/zl2kym/_/j0462f8/,General / Other
1qtk41v,It should not be this hard…,datingoverforty,126,https://reddit.com/r/datingoverforty/comments/1qtk41v/it_should_not_be_this_hard/,o361iah,Chocolatebougie,4,"I definitely don’t want to be in a relationship for the sake of being in a relationship, so yes I am more discerning. You’re spot on.",https://reddit.com/r/datingoverforty/comments/1qtk41v/_/o361iah/,General / Other
1qtk41v,It should not be this hard…,datingoverforty,126,https://reddit.com/r/datingoverforty/comments/1qtk41v/it_should_not_be_this_hard/,o39i9l3,Chocolatebougie,4,"I think part of my issue with meeting people is that I work from home, so I have to be intentional about being social. I tend to revisit the same places when I meet up with friends, so I’m just not out in the wild much. Agree with you on the OLD thing- haven’t had much success there either.",https://reddit.com/r/datingoverforty/comments/1qtk41v/_/o39i9l3/,General / Other
1qtk41v,It should not be this hard…,datingoverforty,126,https://reddit.com/r/datingoverforty/comments/1qtk41v/it_should_not_be_this_hard/,o35xd3t,Chocolatebougie,3,"I think I’m pretty amazing too. I’ve been single going on 3 years now. This is the first time since HS i’ve been single this long lol. Lots of dates and I still get hit on, so I assume I’m reasonably attractive. After a few dates, I find we aren’t looking for the same thing or we just aren’t a good match. I guess it’s a combination of a smaller dating pool and people getting comfortable in their own lives, so why interrupt your peaceful existence?",https://reddit.com/r/datingoverforty/comments/1qtk41v/_/o35xd3t/,Fear of intimacy after abstinence
zl2kym,Do you have to grow up to get a date in your 40s?,datingoverforty,126,https://reddit.com/r/datingoverforty/comments/zl2kym/do_you_have_to_grow_up_to_get_a_date_in_your_40s/,j03hage,froaway1999,3,"Great insight, thank you very much!",https://reddit.com/r/datingoverforty/comments/zl2kym/_/j03hage/,General / Other
zl2kym,Do you have to grow up to get a date in your 40s?,datingoverforty,126,https://reddit.com/r/datingoverforty/comments/zl2kym/do_you_have_to_grow_up_to_get_a_date_in_your_40s/,j02ytty,froaway1999,3,"I’m not ruling it out, that’s a great perspective that I should contemplate. Thank you",https://reddit.com/r/datingoverforty/comments/zl2kym/_/j02ytty/,General / Other
zl2kym,Do you have to grow up to get a date in your 40s?,datingoverforty,126,https://reddit.com/r/datingoverforty/comments/zl2kym/do_you_have_to_grow_up_to_get_a_date_in_your_40s/,j046ef8,froaway1999,3,That is amazing,https://reddit.com/r/datingoverforty/comments/zl2kym/_/j046ef8/,General / Other
zl2kym,Do you have to grow up to get a date in your 40s?,datingoverforty,126,https://reddit.com/r/datingoverforty/comments/zl2kym/do_you_have_to_grow_up_to_get_a_date_in_your_40s/,j03h2gj,froaway1999,3,Nice user name!,https://reddit.com/r/datingoverforty/comments/zl2kym/_/j03h2gj/,General / Other
1m8j300,Is being independent and average-looking a dating death sentence now?,datingoverforty,125,https://reddit.com/r/datingoverforty/comments/1m8j300/is_being_independent_and_averagelooking_a_dating/,n4znm3e,FriendlyCapybara1234,24,"I mean, I find being independent and average-looking to be a dating death sentence too as a guy who’s looking for an independent average-looking woman, so maybe dating is just broken.",https://reddit.com/r/datingoverforty/comments/1m8j300/_/n4znm3e/,General / Other
1m8j300,Is being independent and average-looking a dating death sentence now?,datingoverforty,125,https://reddit.com/r/datingoverforty/comments/1m8j300/is_being_independent_and_averagelooking_a_dating/,n4zppx6,dfrye666,18,100% correct.... as to at least what I want.. mid 40s divorced single dad.   Career focused high achievers are just not my thing at this point in my life.  Others may feel different.  Im 100% family focused.  Career= just a way to pay the bills .  Not my life's purpose.,https://reddit.com/r/datingoverforty/comments/1m8j300/_/n4zppx6/,Starting over after loss
zmquiz,I had the uncomfortable breakup conversation this morning,datingoverforty,125,https://reddit.com/r/datingoverforty/comments/zmquiz/i_had_the_uncomfortable_breakup_conversation_this/,j0di5jj,Abject_Loan2753,15,Friends???…I think it’s time to actually make some. 👍🏻,https://reddit.com/r/datingoverforty/comments/zmquiz/_/j0di5jj/,General / Other
1m8j300,Is being independent and average-looking a dating death sentence now?,datingoverforty,125,https://reddit.com/r/datingoverforty/comments/1m8j300/is_being_independent_and_averagelooking_a_dating/,n506ud2,Consistent_Sun_59,11,"I (50M) happen to like strong, independent women who are self-sufficient. Surely I can’t be that unusual. At least I hope a good percentage of men aren’t intimidated. But then again, I’m also lefty as hell and am discovering a lot of guys my age went the opposite way, which sucks. Unfortunately I’m in a rural area and the dating apps are pretty full of people who don’t share my values.",https://reddit.com/r/datingoverforty/comments/1m8j300/_/n506ud2/,Finding where to meet women
1m8j300,Is being independent and average-looking a dating death sentence now?,datingoverforty,125,https://reddit.com/r/datingoverforty/comments/1m8j300/is_being_independent_and_averagelooking_a_dating/,n4zrydu,Dee2620,9,That exhausted part hits hard!,https://reddit.com/r/datingoverforty/comments/1m8j300/_/n4zrydu/,General / Other
zmquiz,I had the uncomfortable breakup conversation this morning,datingoverforty,125,https://reddit.com/r/datingoverforty/comments/zmquiz/i_had_the_uncomfortable_breakup_conversation_this/,j0dnng1,Abject_Loan2753,8,I’m whipping out my bass guitar and celebrating me for a while. Thank you for the support.,https://reddit.com/r/datingoverforty/comments/zmquiz/_/j0dnng1/,General / Other
1m8j300,Is being independent and average-looking a dating death sentence now?,datingoverforty,125,https://reddit.com/r/datingoverforty/comments/1m8j300/is_being_independent_and_averagelooking_a_dating/,n50lizt,bratwurstlyfe,7,"44M trying to find independent women running their own lives like yourself. I don't know, I think it may just be hard to find other people that think independence is cool for a relationship. It seems to me that I say I want to be independent and then am immediately expected to respond to texts and like posts and engage with women constantly, even during my work day. 

I hope it works out for you, I'm still optimistic I will find someone I can be around while we also live our own lives and support each other in those ventures.",https://reddit.com/r/datingoverforty/comments/1m8j300/_/n50lizt/,General / Other
zmquiz,I had the uncomfortable breakup conversation this morning,datingoverforty,125,https://reddit.com/r/datingoverforty/comments/zmquiz/i_had_the_uncomfortable_breakup_conversation_this/,j0dngl3,Abject_Loan2753,3,I had National Geographic images flooding my brain at your description of your ex’s behaviour. Yikes. I’m glad you got out too. Well done you!,https://reddit.com/r/datingoverforty/comments/zmquiz/_/j0dngl3/,General / Other
zmquiz,I had the uncomfortable breakup conversation this morning,datingoverforty,125,https://reddit.com/r/datingoverforty/comments/zmquiz/i_had_the_uncomfortable_breakup_conversation_this/,j0f1ool,Abject_Loan2753,3,Thank you for the vote of confidence.,https://reddit.com/r/datingoverforty/comments/zmquiz/_/j0f1ool/,Building self-worth
zmquiz,I had the uncomfortable breakup conversation this morning,datingoverforty,125,https://reddit.com/r/datingoverforty/comments/zmquiz/i_had_the_uncomfortable_breakup_conversation_this/,j0f2ug3,Abject_Loan2753,3,My fingers officially have the burn that has been absent for at least 6 months. There are blisters on my fingers!!!!!!,https://reddit.com/r/datingoverforty/comments/zmquiz/_/j0f2ug3/,General / Other
zmquiz,I had the uncomfortable breakup conversation this morning,datingoverforty,125,https://reddit.com/r/datingoverforty/comments/zmquiz/i_had_the_uncomfortable_breakup_conversation_this/,j0f2anr,Abject_Loan2753,3,"I don’t know if romantic love is in the cards for me. However, I have so much love for my children and life in general, that I know I’ll be okay.",https://reddit.com/r/datingoverforty/comments/zmquiz/_/j0f2anr/,General / Other
zmquiz,I had the uncomfortable breakup conversation this morning,datingoverforty,125,https://reddit.com/r/datingoverforty/comments/zmquiz/i_had_the_uncomfortable_breakup_conversation_this/,j0f1xsx,Abject_Loan2753,3,Thank you. I’m trying. Every single day.,https://reddit.com/r/datingoverforty/comments/zmquiz/_/j0f1xsx/,General / Other
1qycat5,Wtf is wrong with me?,datingoverforty,124,https://reddit.com/r/datingoverforty/comments/1qycat5/wtf_is_wrong_with_me/,o42lrsf,rovingdeath,62,Which is not what I want AT ALL. But that could be what's happening subconsciously. I am taking a step back before causing any more damage. Thanks for your insight.,https://reddit.com/r/datingoverforty/comments/1qycat5/_/o42lrsf/,General / Other
1qycat5,Wtf is wrong with me?,datingoverforty,124,https://reddit.com/r/datingoverforty/comments/1qycat5/wtf_is_wrong_with_me/,o42lypt,rovingdeath,16,"It was mutual, started as a swinging thing, then went to kink stuff, and then separately dating other people.  She started seeing more and more of him, and less of me.  Snowballed from there.",https://reddit.com/r/datingoverforty/comments/1qycat5/_/o42lypt/,General / Other
16f1nw3,"I'm in my first relationship post-divorce, and I need advice on what is ""normal"" at this point in life",datingoverforty,124,https://reddit.com/r/datingoverforty/comments/16f1nw3/im_in_my_first_relationship_postdivorce_and_i/,jzywg0b,ThrowRA8925,12,"I understand that, but I think expectations might be different now that everyone our age has different priorities and more complex lives. I'm consulting other 40ish people as to if what they've experienced aligns with what I'm going through or if I need to make some adjustments to my thinking.",https://reddit.com/r/datingoverforty/comments/16f1nw3/_/jzywg0b/,General / Other
1qycat5,Wtf is wrong with me?,datingoverforty,124,https://reddit.com/r/datingoverforty/comments/1qycat5/wtf_is_wrong_with_me/,o44mr78,rovingdeath,8,"Yeah, shit was rough. Swore off non-monogamy.",https://reddit.com/r/datingoverforty/comments/1qycat5/_/o44mr78/,General / Other
1qycat5,Wtf is wrong with me?,datingoverforty,124,https://reddit.com/r/datingoverforty/comments/1qycat5/wtf_is_wrong_with_me/,o42pxyv,rovingdeath,7,Love this answer.,https://reddit.com/r/datingoverforty/comments/1qycat5/_/o42pxyv/,General / Other
1qycat5,Wtf is wrong with me?,datingoverforty,124,https://reddit.com/r/datingoverforty/comments/1qycat5/wtf_is_wrong_with_me/,o42obda,rovingdeath,7,This will definitely be my first step next time I try to date.,https://reddit.com/r/datingoverforty/comments/1qycat5/_/o42obda/,General / Other
1qycat5,Wtf is wrong with me?,datingoverforty,124,https://reddit.com/r/datingoverforty/comments/1qycat5/wtf_is_wrong_with_me/,o42wust,rovingdeath,6,"There were plenty of arguments about time share, and we even talked about separation. But then we agreed we'd try to work on it.  Then, like a week after my birthday, I lost my job and she moved to her mom's house, where she and her bf had secretly been building beds for my kids. It was pretty fucked.",https://reddit.com/r/datingoverforty/comments/1qycat5/_/o42wust/,General / Other
1qycat5,Wtf is wrong with me?,datingoverforty,124,https://reddit.com/r/datingoverforty/comments/1qycat5/wtf_is_wrong_with_me/,o42tpej,curtdogg47,6,"For me personally I have noticed that usually after the first time I sleep with a new woman.  There is usually a short period of disconnect.  I feel as a man that while I want all forms of connection with a woman.  The more powerful connection I am after is usually the sexual connection.  And once I get that,  there is usually some questioning I have about the other connections and chemistry I have with that woman.  

Early on after my divorce,  I would always consider that after sex,  if I didn’t feel anything else for the woman then it was all just about sex.  I Investigated this because I sure didn’t want to be a man that just used women for sex. 

So what I learned about me is that fulfilling that sexual desire and connection,  made me full so to speak.  When I am hungry for connection",https://reddit.com/r/datingoverforty/comments/1qycat5/_/o42tpej/,Fear of intimacy after abstinence
1qycat5,Wtf is wrong with me?,datingoverforty,124,https://reddit.com/r/datingoverforty/comments/1qycat5/wtf_is_wrong_with_me/,o42xl5y,rovingdeath,6,"Damn dude, this is insightful as fuck! Thank you for sharing",https://reddit.com/r/datingoverforty/comments/1qycat5/_/o42xl5y/,General / Other
1qycat5,Wtf is wrong with me?,datingoverforty,124,https://reddit.com/r/datingoverforty/comments/1qycat5/wtf_is_wrong_with_me/,o42of4b,rovingdeath,5,I'm starting to read a book on this today!  Thank you for your input &lt;3 I'll look into fearful avoidant specifically.,https://reddit.com/r/datingoverforty/comments/1qycat5/_/o42of4b/,General / Other
16f1nw3,"I'm in my first relationship post-divorce, and I need advice on what is ""normal"" at this point in life",datingoverforty,124,https://reddit.com/r/datingoverforty/comments/16f1nw3/im_in_my_first_relationship_postdivorce_and_i/,jzzhtv2,KillerHack23,4,"Normal is what you make it. We all have different expectations and views of what we want. The important thing is being able to communicate it. I have a teenage child, and my girlfriend does as well. We haven't met each other's children, and honestly, it is not on the list of immediate needs. When I started dating, it wasn't for a mother, for my child. It was a partner for me. 

As well as past experiences have impacted how I progress my child meeting someone. I had one person who felt as a good potential future. They were involved with them and seemed caring...., but once we split, we went no contact.  That was devastating for my child. Lately, my child has been wanting to meet my partner. So, eventually, I imagine it will happen. I figure it will organically unfold eventually.",https://reddit.com/r/datingoverforty/comments/16f1nw3/_/jzzhtv2/,General / Other
1qycat5,Wtf is wrong with me?,datingoverforty,124,https://reddit.com/r/datingoverforty/comments/1qycat5/wtf_is_wrong_with_me/,o42hzpn,rovingdeath,4,"Probably sound advice. I keep saying to myself that life is too short, but might need to make an exception here",https://reddit.com/r/datingoverforty/comments/1qycat5/_/o42hzpn/,General / Other
1qycat5,Wtf is wrong with me?,datingoverforty,124,https://reddit.com/r/datingoverforty/comments/1qycat5/wtf_is_wrong_with_me/,o42twr4,rovingdeath,3,"You know, it's funny, but I was the ripped, better endowed one and he was the pot bellied one",https://reddit.com/r/datingoverforty/comments/1qycat5/_/o42twr4/,General / Other
1qycat5,Wtf is wrong with me?,datingoverforty,124,https://reddit.com/r/datingoverforty/comments/1qycat5/wtf_is_wrong_with_me/,o42m4i9,rovingdeath,3,"Thank you, this really resonates with me &lt;3",https://reddit.com/r/datingoverforty/comments/1qycat5/_/o42m4i9/,General / Other
1qycat5,Wtf is wrong with me?,datingoverforty,124,https://reddit.com/r/datingoverforty/comments/1qycat5/wtf_is_wrong_with_me/,o4405u5,rovingdeath,3,Sure! It's called Attached,https://reddit.com/r/datingoverforty/comments/1qycat5/_/o4405u5/,Coping with physical loneliness
1qycat5,Wtf is wrong with me?,datingoverforty,124,https://reddit.com/r/datingoverforty/comments/1qycat5/wtf_is_wrong_with_me/,o42o23d,rovingdeath,3,"As far as initiation goes, it's been very mutual every time, with both of us pretty fired up about it.  Either right after sex, I just want to put my clothes on and leave, or we'll be up all night and I'll have that exact, empty feeling the following morning. I have no ill will at all.  I just feel sad and empty.  Sexual interest vanishes. I feel bad about that, and do my best to explain it without being hurtful. Some of it does feel like guilt, but I don't know what for (I mean other than the guilt from causing hurt).

As far as sexual trauma, I wasn't abused as a kid or anything.  I was often manipulated and gaslit during my marriage.  Most of my trauma as an adult comes from hearing my wife getting \*\*\*\*ed by her boyfriend in the other room when we hadn't had sex in weeks.",https://reddit.com/r/datingoverforty/comments/1qycat5/_/o42o23d/,General / Other
1qycat5,Wtf is wrong with me?,datingoverforty,124,https://reddit.com/r/datingoverforty/comments/1qycat5/wtf_is_wrong_with_me/,o44u1or,rovingdeath,3,"Just going to invoke your user name here, lol",https://reddit.com/r/datingoverforty/comments/1qycat5/_/o44u1or/,General / Other
16f1nw3,"I'm in my first relationship post-divorce, and I need advice on what is ""normal"" at this point in life",datingoverforty,124,https://reddit.com/r/datingoverforty/comments/16f1nw3/im_in_my_first_relationship_postdivorce_and_i/,jzyz1ip,ThrowRA8925,1,"Yeah, we've tried that. But we live in the country and it takes gas to drive anywhere, which costs money. No real walking-distance places and there's no public transportation.",https://reddit.com/r/datingoverforty/comments/16f1nw3/_/jzyz1ip/,General / Other
16f1nw3,"I'm in my first relationship post-divorce, and I need advice on what is ""normal"" at this point in life",datingoverforty,124,https://reddit.com/r/datingoverforty/comments/16f1nw3/im_in_my_first_relationship_postdivorce_and_i/,jzz3zbw,VirtualStandard9918,1,"Every relationship is different I was married most of my adult life as well. And my ex-wife, and we shared all our financial expenses had joint accounts. But as older adults you are no longer starting a brand new life together. You’re entering a new relationship with somebody who has baggage as you do too. I am not referring to him having a son as being baggage I just mean he has financial responsibilities that he has accrued in his lifetime as you may have accrued some in yours that will not be joint debt.",https://reddit.com/r/datingoverforty/comments/16f1nw3/_/jzz3zbw/,Starting over after loss
1mgrihr,"Crazy girl, crazy sex, crazy heartbreak",datingoverforty,123,https://reddit.com/r/datingoverforty/comments/1mgrihr/crazy_girl_crazy_sex_crazy_heartbreak/,n6r1xsq,AdmirableStrength785,26,Agreed,https://reddit.com/r/datingoverforty/comments/1mgrihr/_/n6r1xsq/,General / Other
1mgrihr,"Crazy girl, crazy sex, crazy heartbreak",datingoverforty,123,https://reddit.com/r/datingoverforty/comments/1mgrihr/crazy_girl_crazy_sex_crazy_heartbreak/,n6r3juz,Royal-Suggestion6017,12,"I get it. But as a 51m i can tell you while that is exciting now, it gets old real quick, then you just end up with a huge liability &amp; no peace.",https://reddit.com/r/datingoverforty/comments/1mgrihr/_/n6r3juz/,Coping with physical loneliness
1mgrihr,"Crazy girl, crazy sex, crazy heartbreak",datingoverforty,123,https://reddit.com/r/datingoverforty/comments/1mgrihr/crazy_girl_crazy_sex_crazy_heartbreak/,n6rb5k5,AdmirableStrength785,9,Man if this isn’t the damn truth,https://reddit.com/r/datingoverforty/comments/1mgrihr/_/n6rb5k5/,General / Other
1mgrihr,"Crazy girl, crazy sex, crazy heartbreak",datingoverforty,123,https://reddit.com/r/datingoverforty/comments/1mgrihr/crazy_girl_crazy_sex_crazy_heartbreak/,n6sfwx0,AdmirableStrength785,7,Married 9 years,https://reddit.com/r/datingoverforty/comments/1mgrihr/_/n6sfwx0/,General / Other
1mgrihr,"Crazy girl, crazy sex, crazy heartbreak",datingoverforty,123,https://reddit.com/r/datingoverforty/comments/1mgrihr/crazy_girl_crazy_sex_crazy_heartbreak/,n6sdv10,AdmirableStrength785,7,I am canceling plans for tomorrow night with someone ATM for this exact reason,https://reddit.com/r/datingoverforty/comments/1mgrihr/_/n6sdv10/,General / Other
1mgrihr,"Crazy girl, crazy sex, crazy heartbreak",datingoverforty,123,https://reddit.com/r/datingoverforty/comments/1mgrihr/crazy_girl_crazy_sex_crazy_heartbreak/,n6smm9k,AdmirableStrength785,5,Thanks! This is only the second person I’ve been with post divorce so that probably has something to do with it,https://reddit.com/r/datingoverforty/comments/1mgrihr/_/n6smm9k/,Starting over after loss
1pohzg4,Women in their 40s who enjoy their own time more...Please explain?,datingoverforty,121,https://reddit.com/r/datingoverforty/comments/1pohzg4/women_in_their_40s_who_enjoy_their_own_time/,nufeyl7,firstgen32715,659,"So I am a 42m, but dating a woman who says and acts this way. She values her time alone very much. She was forward with this. Even went as far as to tell me she'd consider nothing serious unless someone added to the happy life she had already built. She leads a full life, very demanding career, hobbies that she enjoys, amd a close knit family. Lucky for me, I've been the guy to add to that so far. There are days where she'd much rather time to herself, but then there are days where I'd rather the same. But the benefit is that when I get time with her, I always get ALL of her. She isn't distracted, she is focused on our time together as it is valuable to her. After all she has given up her alone time in exchange for time with me.",https://reddit.com/r/datingoverforty/comments/1pohzg4/_/nufeyl7/,Building self-worth
14bzx6y,AITA for being frustrated with someone who communicates almost entirely via voice memo?,datingoverforty,121,https://reddit.com/r/datingoverforty/comments/14bzx6y/aita_for_being_frustrated_with_someone_who/,joib9ww,rococo78,50,"Yeah, that's more and more the conclusion I'm coming too. 

Glad I'm not alone.",https://reddit.com/r/datingoverforty/comments/14bzx6y/_/joib9ww/,General / Other
17n7yob,"Guy only texts me back once a day, and only around midnight.",datingoverforty,121,https://reddit.com/r/datingoverforty/comments/17n7yob/guy_only_texts_me_back_once_a_day_and_only_around/,k7pzjbe,throwaway4891kid,40,Right.,https://reddit.com/r/datingoverforty/comments/17n7yob/_/k7pzjbe/,General / Other
14bzx6y,AITA for being frustrated with someone who communicates almost entirely via voice memo?,datingoverforty,121,https://reddit.com/r/datingoverforty/comments/14bzx6y/aita_for_being_frustrated_with_someone_who/,joijn1o,rococo78,32,I ask to get perspective. Perhaps there's something I'm not considering. There have been a couple comments that have offered some interesting thoughts so I'm glad I asked.,https://reddit.com/r/datingoverforty/comments/14bzx6y/_/joijn1o/,General / Other
17n7yob,"Guy only texts me back once a day, and only around midnight.",datingoverforty,121,https://reddit.com/r/datingoverforty/comments/17n7yob/guy_only_texts_me_back_once_a_day_and_only_around/,k7q592c,throwaway4891kid,31,"I told him not to text me at midnight when I have him my #. So he then started texting at night, but last night he messaged me at 11pm. Which seems rude. None of my friends text me that late",https://reddit.com/r/datingoverforty/comments/17n7yob/_/k7q592c/,Learning the mechanics of dating
17n7yob,"Guy only texts me back once a day, and only around midnight.",datingoverforty,121,https://reddit.com/r/datingoverforty/comments/17n7yob/guy_only_texts_me_back_once_a_day_and_only_around/,k7qffw2,throwaway4891kid,29,"He said he was bummed, thanked me for telling him, said no worries, and asked why. 

I said we are incompatible with communication. Also, note that when I canceled, I double texted because I sent a message 8 hours earlier, which he did not respond to (in regards for a location for our date tomorrow). 

I am so glad I canceled.

And its fine to date multiple people initially (esp first dates). I am. But I am responsive, respectful, and not neglectful.",https://reddit.com/r/datingoverforty/comments/17n7yob/_/k7qffw2/,Learning the mechanics of dating
17n7yob,"Guy only texts me back once a day, and only around midnight.",datingoverforty,121,https://reddit.com/r/datingoverforty/comments/17n7yob/guy_only_texts_me_back_once_a_day_and_only_around/,k7pz3dn,throwaway4891kid,26,Haha that’s what I thought but I looked him up and no documented wife.,https://reddit.com/r/datingoverforty/comments/17n7yob/_/k7pz3dn/,General / Other
1pohzg4,Women in their 40s who enjoy their own time more...Please explain?,datingoverforty,121,https://reddit.com/r/datingoverforty/comments/1pohzg4/women_in_their_40s_who_enjoy_their_own_time/,nughjfx,Substantial-Ant-4010,25,"I 57m divorced a year ago, on my own for 2. I learned to “adult well” early in the marriage, and it served me well. The transition to single, was easy. 

It’s true that many women today don’t need men. If we want a partner, we better be a good partner. We need to add to their lives in a big way. At our age, many have no interest, in “taking care of a man”, and I don’t blame them. 

The bar is so low for men, that if you bring your “A”  game, you will really stand out.",https://reddit.com/r/datingoverforty/comments/1pohzg4/_/nughjfx/,Starting over after loss
17n7yob,"Guy only texts me back once a day, and only around midnight.",datingoverforty,121,https://reddit.com/r/datingoverforty/comments/17n7yob/guy_only_texts_me_back_once_a_day_and_only_around/,k7r208d,throwaway4891kid,21,"He went 4 days with no text. When I did hear from him, it was to reschedule. Then he continued to take half a day to get back to me about it. But when his ego was impacted and I canceled, sudden response! What a joke.",https://reddit.com/r/datingoverforty/comments/17n7yob/_/k7r208d/,General / Other
14bzx6y,AITA for being frustrated with someone who communicates almost entirely via voice memo?,datingoverforty,121,https://reddit.com/r/datingoverforty/comments/14bzx6y/aita_for_being_frustrated_with_someone_who/,joj7gec,rococo78,19,"I wanted to be conscientious of something like that potentially being the case. Someone else mentioned dyslexia. 

Assuming there's a match in other ways I'd be open to trying to accommodate.",https://reddit.com/r/datingoverforty/comments/14bzx6y/_/joj7gec/,General / Other
14bzx6y,AITA for being frustrated with someone who communicates almost entirely via voice memo?,datingoverforty,121,https://reddit.com/r/datingoverforty/comments/14bzx6y/aita_for_being_frustrated_with_someone_who/,joiw0bj,rococo78,18,"For sure. Part of the reason I'm posting this is to get some perspective so I can go about doing that communication in a more thoughtful way. Am I out of line for being annoyed by this? Are there things that could be going on for her that I haven't considered? 

I've gotten some good responses on here for things I hadn't considered so I'm glad I asked.",https://reddit.com/r/datingoverforty/comments/14bzx6y/_/joiw0bj/,General / Other
1pohzg4,Women in their 40s who enjoy their own time more...Please explain?,datingoverforty,121,https://reddit.com/r/datingoverforty/comments/1pohzg4/women_in_their_40s_who_enjoy_their_own_time/,nug4q53,Motherboy_TheBand,18,"As a 40m who also values my personal space and time, she sounds like the type of woman I’ve never dated but would like to finally meet. Do you care to elaborate on how y’all met, what “worked” to get the sparks going (and what didn’t), and any other interesting lessons along the way? Thanks

And to the independent gals: what’s the best way to meet you? Firstgen’s situation sounds perfecto to me.  (… I’m in ATX🍻)",https://reddit.com/r/datingoverforty/comments/1pohzg4/_/nug4q53/,Breaking the inexperience loop
17n7yob,"Guy only texts me back once a day, and only around midnight.",datingoverforty,121,https://reddit.com/r/datingoverforty/comments/17n7yob/guy_only_texts_me_back_once_a_day_and_only_around/,k7q0qad,throwaway4891kid,18,True,https://reddit.com/r/datingoverforty/comments/17n7yob/_/k7q0qad/,General / Other
17n7yob,"Guy only texts me back once a day, and only around midnight.",datingoverforty,121,https://reddit.com/r/datingoverforty/comments/17n7yob/guy_only_texts_me_back_once_a_day_and_only_around/,k7q12hi,throwaway4891kid,17,"That’s how I feel. O understand messaging once a day. Bit he does it at midnight, so there is MEVER any back/forth. I wrote back the next morning, then again, no response til midnight. I don’t usually give my # before a date but did it bc I assumed he does not use the app during the day. Bit this is weird. Like it takes days to make a simple date plan. 

I don’t even like constant texting or expect speedy replies, esp with a stranger.",https://reddit.com/r/datingoverforty/comments/17n7yob/_/k7q12hi/,Learning the mechanics of dating
17n7yob,"Guy only texts me back once a day, and only around midnight.",datingoverforty,121,https://reddit.com/r/datingoverforty/comments/17n7yob/guy_only_texts_me_back_once_a_day_and_only_around/,k7qd1zs,throwaway4891kid,17,"Thanks. Thats how I feel. He is not making an effort. When I texted to cancel, he suddenly responds quickly?  But waits a whole day when we’re figuring out date plans? Nope!",https://reddit.com/r/datingoverforty/comments/17n7yob/_/k7qd1zs/,General / Other
17n7yob,"Guy only texts me back once a day, and only around midnight.",datingoverforty,121,https://reddit.com/r/datingoverforty/comments/17n7yob/guy_only_texts_me_back_once_a_day_and_only_around/,k7qa29g,throwaway4891kid,13,"Thanks lady! So true. My friend is a damn surgeon and she is responsive, never takes 12+ hours.

I canceled. I lost any and all interest. I feel like I am at his convenience- both with rescheduling and poor communication.",https://reddit.com/r/datingoverforty/comments/17n7yob/_/k7qa29g/,General / Other
14bzx6y,AITA for being frustrated with someone who communicates almost entirely via voice memo?,datingoverforty,121,https://reddit.com/r/datingoverforty/comments/14bzx6y/aita_for_being_frustrated_with_someone_who/,joig49o,rococo78,12,This is helpful. Thank you.,https://reddit.com/r/datingoverforty/comments/14bzx6y/_/joig49o/,General / Other
17n7yob,"Guy only texts me back once a day, and only around midnight.",datingoverforty,121,https://reddit.com/r/datingoverforty/comments/17n7yob/guy_only_texts_me_back_once_a_day_and_only_around/,k7q3ntr,throwaway4891kid,12,Well we made plans for the date one week ago. And we still don’t have concrete plans (location/time).,https://reddit.com/r/datingoverforty/comments/17n7yob/_/k7q3ntr/,General / Other
17n7yob,"Guy only texts me back once a day, and only around midnight.",datingoverforty,121,https://reddit.com/r/datingoverforty/comments/17n7yob/guy_only_texts_me_back_once_a_day_and_only_around/,k7q0k0k,throwaway4891kid,11,"I found his full name. And I searched it, and it has his pic with his career. But the address for the number is across the country. I also can’t find a linkedin or facebook with his name.",https://reddit.com/r/datingoverforty/comments/17n7yob/_/k7q0k0k/,General / Other
1cnwkw7,"Anyone start dating in their 40s, get married and still follow this sub? What's your story?",datingoverforty,121,https://reddit.com/r/datingoverforty/comments/1cnwkw7/anyone_start_dating_in_their_40s_get_married_and/,l3b4ak9,Glory_of_Love,10,"&gt;So what if it fails? I don't see whatever we have to lose.    

Precisely! Some folks seem to think the best way to avoid romantic failure is to avoid romance altogether.",https://reddit.com/r/datingoverforty/comments/1cnwkw7/_/l3b4ak9/,General / Other
17n7yob,"Guy only texts me back once a day, and only around midnight.",datingoverforty,121,https://reddit.com/r/datingoverforty/comments/17n7yob/guy_only_texts_me_back_once_a_day_and_only_around/,k7qkgdj,throwaway4891kid,9,Neither do i. But I appreciate timely response so that we could set a damn date! Date was supposed to be tomorrow and we still don’t have a location/time set.,https://reddit.com/r/datingoverforty/comments/17n7yob/_/k7qkgdj/,General / Other
17n7yob,"Guy only texts me back once a day, and only around midnight.",datingoverforty,121,https://reddit.com/r/datingoverforty/comments/17n7yob/guy_only_texts_me_back_once_a_day_and_only_around/,k7qf4h7,throwaway4891kid,7,"I just said hi and that I was no longer interested in meeting and to take care (it was a double text on my end since my message from
8 hours earlier was not responded to). I get a response within 30 mins (prior to this, every message took 12-16 hours to get a response). He said  he was bummed,
thanked me for letting him know, said no worries, then asked why. So I said we are incompatible with communication times and said no worries back lol.",https://reddit.com/r/datingoverforty/comments/17n7yob/_/k7qf4h7/,General / Other
1cnwkw7,"Anyone start dating in their 40s, get married and still follow this sub? What's your story?",datingoverforty,121,https://reddit.com/r/datingoverforty/comments/1cnwkw7/anyone_start_dating_in_their_40s_get_married_and/,l3bbdqg,Glory_of_Love,6,"&gt;You wanted to die for 3 years but suddenly everything is perfect because you met one person and married them in a very short amount of time?  

No.     
     
• The personal metamorphosis I experienced over the past five years was not at all sudden but excruciatingly gradual.    
• Although I'm happy now, everything is far from perfect.      
• The reason I am happy is not because I met one person but because I devoted years of hard work to understanding who I am, what I want/need from a relationship and how best to achieve that, which allowed me to make the most of it when, at long last, I encountered a highly suitable partner.    
     
For the sake of brevity, I omitted that and much, much more when, in my original post, I summarized the five most eventful years of my life in a sing",https://reddit.com/r/datingoverforty/comments/1cnwkw7/_/l3bbdqg/,General / Other
14bzx6y,AITA for being frustrated with someone who communicates almost entirely via voice memo?,datingoverforty,121,https://reddit.com/r/datingoverforty/comments/14bzx6y/aita_for_being_frustrated_with_someone_who/,jolgykf,rococo78,6,"It is rather Seinfeldian, isn't it?",https://reddit.com/r/datingoverforty/comments/14bzx6y/_/jolgykf/,General / Other
14bzx6y,AITA for being frustrated with someone who communicates almost entirely via voice memo?,datingoverforty,121,https://reddit.com/r/datingoverforty/comments/14bzx6y/aita_for_being_frustrated_with_someone_who/,joiwltd,rococo78,6,"It definitely bothers me and I have my prejudices about why she's choosing to communicate this way, but I also feel like i made it pretty clear in the post I'm asking this question to try and get some perspective and consider if my prejudices might be unfounded. 

I appreciate you bringing up dyslexia because that's certainly something I was wondering about. I've just been trying to figure out how to approach the conversation. I appreciate your suggestion at the end of your comment too.",https://reddit.com/r/datingoverforty/comments/14bzx6y/_/joiwltd/,Getting over approach anxiety
17n7yob,"Guy only texts me back once a day, and only around midnight.",datingoverforty,121,https://reddit.com/r/datingoverforty/comments/17n7yob/guy_only_texts_me_back_once_a_day_and_only_around/,k7pzim2,throwaway4891kid,6,I did. Nothing.,https://reddit.com/r/datingoverforty/comments/17n7yob/_/k7pzim2/,General / Other
17n7yob,"Guy only texts me back once a day, and only around midnight.",datingoverforty,121,https://reddit.com/r/datingoverforty/comments/17n7yob/guy_only_texts_me_back_once_a_day_and_only_around/,k7qhh5u,throwaway4891kid,6,"See my other responses. I did not want excessive chatting. I wanted timely responses when we were planning the date, not 12-16 hour response times.
Also please see where I stated that I canceled the date just now. And guess what? He responded within 30 minutes asking why. It was a double text from me bc my text sent 8 hours prior in response to setting up the date location was not responded to. But when I cancel, I get an immediate and lengthy response.
Tells me what I need to know.",https://reddit.com/r/datingoverforty/comments/17n7yob/_/k7qhh5u/,General / Other
17n7yob,"Guy only texts me back once a day, and only around midnight.",datingoverforty,121,https://reddit.com/r/datingoverforty/comments/17n7yob/guy_only_texts_me_back_once_a_day_and_only_around/,k7q6alo,throwaway4891kid,6,Thanks. My gut says not to go on the date,https://reddit.com/r/datingoverforty/comments/17n7yob/_/k7q6alo/,General / Other
17n7yob,"Guy only texts me back once a day, and only around midnight.",datingoverforty,121,https://reddit.com/r/datingoverforty/comments/17n7yob/guy_only_texts_me_back_once_a_day_and_only_around/,k7t62dq,throwaway4891kid,5,"Lol late 30s, but agree!",https://reddit.com/r/datingoverforty/comments/17n7yob/_/k7t62dq/,General / Other
17n7yob,"Guy only texts me back once a day, and only around midnight.",datingoverforty,121,https://reddit.com/r/datingoverforty/comments/17n7yob/guy_only_texts_me_back_once_a_day_and_only_around/,k7qn3gj,throwaway4891kid,5,❤️,https://reddit.com/r/datingoverforty/comments/17n7yob/_/k7qn3gj/,General / Other
17n7yob,"Guy only texts me back once a day, and only around midnight.",datingoverforty,121,https://reddit.com/r/datingoverforty/comments/17n7yob/guy_only_texts_me_back_once_a_day_and_only_around/,k7qkmbs,throwaway4891kid,5,"Did I say I want a text marathon? It does take communicating to plan a date. If you can’t do that, don’t date.",https://reddit.com/r/datingoverforty/comments/17n7yob/_/k7qkmbs/,General / Other
1cnwkw7,"Anyone start dating in their 40s, get married and still follow this sub? What's your story?",datingoverforty,121,https://reddit.com/r/datingoverforty/comments/1cnwkw7/anyone_start_dating_in_their_40s_get_married_and/,l3ev6ly,Glory_of_Love,4,"While I thank you for the genuine care I want to believe motives your outreach, I can't identify any aspect of my relationship that I would like to change -- I truly never have been happier than I am now.  

I confess I was amused that you didn't seem to realize how wildly insulting, demeaning and dismissive it would appear for you to blandly tell me, a newlywed husband, that the love he has just publicly declared for his wife *is not really love.*    
     
Should you seek to help someone else in the future, you may consider *not* starting your pitch by negating the basic premise of the intended aid beneficiary's life.    

The relationship I have with my wife is unusually intense, which stands to reason -- we're the two most unusual and intense people that we or anyone we know knows.    ",https://reddit.com/r/datingoverforty/comments/1cnwkw7/_/l3ev6ly/,General / Other
14bzx6y,AITA for being frustrated with someone who communicates almost entirely via voice memo?,datingoverforty,121,https://reddit.com/r/datingoverforty/comments/14bzx6y/aita_for_being_frustrated_with_someone_who/,joiwomf,rococo78,4,Thanks for posting this. This is part of what's been on my mind,https://reddit.com/r/datingoverforty/comments/14bzx6y/_/joiwomf/,General / Other
17n7yob,"Guy only texts me back once a day, and only around midnight.",datingoverforty,121,https://reddit.com/r/datingoverforty/comments/17n7yob/guy_only_texts_me_back_once_a_day_and_only_around/,k7rwvtp,throwaway4891kid,4,Lol thanks for the laugh!,https://reddit.com/r/datingoverforty/comments/17n7yob/_/k7rwvtp/,General / Other
1cnwkw7,"Anyone start dating in their 40s, get married and still follow this sub? What's your story?",datingoverforty,121,https://reddit.com/r/datingoverforty/comments/1cnwkw7/anyone_start_dating_in_their_40s_get_married_and/,l3dnpvo,Glory_of_Love,3,"*TL;DR: Eh ... there's no TL;DR. This is emphatically TL -- if you've got anything even remotely constructive to do with your time, you probably shouldn't R.*     

Anyhow, I erred previously in including too few details. Forgive this over correction of that error.     
      
I regret giving the false impression that I was constantly on the brink of suicide for three years. My journal entry for April 22, 2020 (two days after my now ex-wife told me she was 100% certain she wanted to divorce) consisted of these four words: ""I want to die."" The next day's entry was the same verbatim. In the course of two or three years, I had three or four long stretches where I could hardly think because those four words just seem to play on an infinite loop in my consciousness.    

But it was also a time ",https://reddit.com/r/datingoverforty/comments/1cnwkw7/_/l3dnpvo/,Starting over after loss
1cnwkw7,"Anyone start dating in their 40s, get married and still follow this sub? What's your story?",datingoverforty,121,https://reddit.com/r/datingoverforty/comments/1cnwkw7/anyone_start_dating_in_their_40s_get_married_and/,l3bys42,Glory_of_Love,3,"I was blissfully content in my first marriage spending all my time with my wife and two children. Having my own little family was my reason to live; no family meant no reason to live. I fixated for three years on what I had lost and felt everything good was in the past.    

I finally started dating again and was surprised to find myself excited to imagine a possible future with my first real post-divorce girlfriend. Though that relationship didn't pan out, it gave me real hope for the present and future -- that it was possible to build something new to that was just as loving and meaningful as the family unit I'd lost.",https://reddit.com/r/datingoverforty/comments/1cnwkw7/_/l3bys42/,Starting over after loss
14bzx6y,AITA for being frustrated with someone who communicates almost entirely via voice memo?,datingoverforty,121,https://reddit.com/r/datingoverforty/comments/14bzx6y/aita_for_being_frustrated_with_someone_who/,jojwur7,rococo78,3,"I'd be open to a phone call, but I'd want to schedule it. I'm pretty busy and don't have the ability to give someone an unplanned 30 minutes of my time, especially some one I haven't met in person yet. 

In fact, I used to even ask matches if they were open to a phone call before meeting and I tended to get radio silence so I gave that up. 

The voice memos seems like a nice option for an in between, but just not an option for the entirety of communication.",https://reddit.com/r/datingoverforty/comments/14bzx6y/_/jojwur7/,General / Other
1cnwkw7,"Anyone start dating in their 40s, get married and still follow this sub? What's your story?",datingoverforty,121,https://reddit.com/r/datingoverforty/comments/1cnwkw7/anyone_start_dating_in_their_40s_get_married_and/,l3b63x8,Glory_of_Love,2,"I'd lovingly clarify: It is Lefty_Banana75 describing herself as ""traditional""; I (the OP) would describe myself as ""weird, but in a good way.""",https://reddit.com/r/datingoverforty/comments/1cnwkw7/_/l3b63x8/,General / Other
1cnwkw7,"Anyone start dating in their 40s, get married and still follow this sub? What's your story?",datingoverforty,121,https://reddit.com/r/datingoverforty/comments/1cnwkw7/anyone_start_dating_in_their_40s_get_married_and/,l3bb0et,[deleted],2,"&gt;In love after a month

Er, (/me blushes; don't look to my history!)

&gt; and engaged after six.

... OK, that is a bit extreme to me at this age.

&gt;Refers to her as the “new and improved” wife. 

Yeah, that feels distasteful.  While my partner is markedly more compatible than my ex spouse in so many ways, ours is quite a different relationship than that of my ex wife.  I look to try to see her for who she is, and to continue this process as we'll both change with time. 

""new and improved wife"" would do my current partner quite the disservice.  I kind of wonder if OP uses some of the same pet names with N and I as he did with the old model?",https://reddit.com/r/datingoverforty/comments/1cnwkw7/_/l3bb0et/,Starting over after loss
1cnwkw7,"Anyone start dating in their 40s, get married and still follow this sub? What's your story?",datingoverforty,121,https://reddit.com/r/datingoverforty/comments/1cnwkw7/anyone_start_dating_in_their_40s_get_married_and/,l3du3eo,Glory_of_Love,2,I am smiling and happy for you!,https://reddit.com/r/datingoverforty/comments/1cnwkw7/_/l3du3eo/,General / Other
1cnwkw7,"Anyone start dating in their 40s, get married and still follow this sub? What's your story?",datingoverforty,121,https://reddit.com/r/datingoverforty/comments/1cnwkw7/anyone_start_dating_in_their_40s_get_married_and/,l39wyv0,AutoModerator,2,"Original copy of post by u/Glory_of_Love:

I'm a man who got divorced (39), wanted to die (39-42), started dating again (41) and am now newly/deliriously happily married (43). Theoughout, this sub has appeares and still appears at the top of my Reddit homepage, and I still always click on the posts. Every time I read of 40+ folks' romantic travails, I take a moment to reflect on how grateful I am to be where I am today and say ardent and heartfelt secular prayers that everyone posting and commenting finds their best happiness in love and life.    
     
Is there anyone else who regularly reads this sub who started dating in their 40s, got married but still follows to reflect on their gratitude at no longer dating and/or send positive waves to those 40+ who are dating? What's your story?   ",https://reddit.com/r/datingoverforty/comments/1cnwkw7/_/l39wyv0/,Starting over after loss
1cnwkw7,"Anyone start dating in their 40s, get married and still follow this sub? What's your story?",datingoverforty,121,https://reddit.com/r/datingoverforty/comments/1cnwkw7/anyone_start_dating_in_their_40s_get_married_and/,l3ebbw0,Glory_of_Love,2,"Though I've stated elsewhere on this thread that I'm an atheist, I find the only way to express the sentiment I want to express is to say: ""God bless you, too."" Really, thank you for sending your warmly received love. I send my sincerest love to you, my fellow mammal clinging to life on this preposterous space rock. The goodness of your heart shines brightly to me 2,000 miles away. If you get in return the tiniest fraction of the good it seems you put into the world, you will be rewarded more richly than most people could imagine. May you know what you want, and may you find it.",https://reddit.com/r/datingoverforty/comments/1cnwkw7/_/l3ebbw0/,Fear of intimacy after abstinence
1cnwkw7,"Anyone start dating in their 40s, get married and still follow this sub? What's your story?",datingoverforty,121,https://reddit.com/r/datingoverforty/comments/1cnwkw7/anyone_start_dating_in_their_40s_get_married_and/,l3ak07n,Glory_of_Love,1,"I felt so happy to read your words of kindness and support, and I thank you truly for not just thinking them but sharing them with me. I feel like we share a belief that consistently expressing positive emotions to others is the surest way to receive positive emotions in return, whether that takes the form of an internet stranger like me sending you my sincerest best wishes, or a prospective life partner finding in you the warm and loving person they've been looking for.",https://reddit.com/r/datingoverforty/comments/1cnwkw7/_/l3ak07n/,General / Other
1ooq8h5,Unmatched or ghost when I am asked what I do for a living.,datingoverforty,120,https://reddit.com/r/datingoverforty/comments/1ooq8h5/unmatched_or_ghost_when_i_am_asked_what_i_do_for/,nn6q0qo,marcusredfun,6,Yea i'm a guy but wouldn't want to date a person who made their living off the prison industrial complex. That's based on both my politics and some people I know who do work there and I dont really care for.,https://reddit.com/r/datingoverforty/comments/1ooq8h5/_/nn6q0qo/,General / Other
1ooq8h5,Unmatched or ghost when I am asked what I do for a living.,datingoverforty,120,https://reddit.com/r/datingoverforty/comments/1ooq8h5/unmatched_or_ghost_when_i_am_asked_what_i_do_for/,nn76kwa,Competitive-Sort-938,6,Congratulations,https://reddit.com/r/datingoverforty/comments/1ooq8h5/_/nn76kwa/,General / Other
1ooq8h5,Unmatched or ghost when I am asked what I do for a living.,datingoverforty,120,https://reddit.com/r/datingoverforty/comments/1ooq8h5/unmatched_or_ghost_when_i_am_asked_what_i_do_for/,nn60rol,Competitive-Sort-938,4,Great to know!,https://reddit.com/r/datingoverforty/comments/1ooq8h5/_/nn60rol/,General / Other
1035dcj,"What to make of a FWB who ""starfishes""?",datingoverforty,118,https://reddit.com/r/datingoverforty/comments/1035dcj/what_to_make_of_a_fwb_who_starfishes/,j2wyq68,rococo78,35,"Thanks for sharing your thoughts. 

I tend to invest more in FWB relationships then I think the average DO40 redditer does. It's a relationship style that ""works"" for me and I'm up front about it. I'm lucky in that I tend to find women for whom it works too. There can be a bit of a revolving door sometimes, but that also has its perks. And the friendships do tend to last even after the ""benefits"" have run their course.",https://reddit.com/r/datingoverforty/comments/1035dcj/_/j2wyq68/,General / Other
1035dcj,"What to make of a FWB who ""starfishes""?",datingoverforty,118,https://reddit.com/r/datingoverforty/comments/1035dcj/what_to_make_of_a_fwb_who_starfishes/,j2xfqyg,rococo78,18,"Honestly, I wish I knew. I think I just have a good reputation for this in my broader social circle. 

I used to very actively attempt to date and look for relationships/hook ups. It always felt like the harder I tried the less likely something was to happen. 

So then one day I finally gave up. I just started living life for me. 

It look about six months, but I started to notice certain women liking and commenting on my social media posts more. Women flirted with me out in public more. More women were ""sliding into my dms.""

And it's just kinda been working out ever since. 

It's not 100% how I would like it. I still have ups and downs, and feel different degrees of emotional longing and loss, but all-in-all I think I'm very lucky relative to most guys. 

(and if you're inclined to think",https://reddit.com/r/datingoverforty/comments/1035dcj/_/j2xfqyg/,Dealing with comparison pain
1035dcj,"What to make of a FWB who ""starfishes""?",datingoverforty,118,https://reddit.com/r/datingoverforty/comments/1035dcj/what_to_make_of_a_fwb_who_starfishes/,j2xdp1g,rococo78,17,That's interesting. I hadn't considered that. Thanks!,https://reddit.com/r/datingoverforty/comments/1035dcj/_/j2xdp1g/,General / Other
1035dcj,"What to make of a FWB who ""starfishes""?",datingoverforty,118,https://reddit.com/r/datingoverforty/comments/1035dcj/what_to_make_of_a_fwb_who_starfishes/,j2xg6qp,rococo78,15,"Thanks! I appreciate this. I wouldn't have thought of this myself. 

I also have to say that I find the sentiment of not investing or seeking to create the best experiences out of FWB situations strange. I tend to very much appreciate these women in my life and want to do what I can to make it the most gratifying relationship it can be for both of us within certain parameters. Maybe I'm just different that way though...",https://reddit.com/r/datingoverforty/comments/1035dcj/_/j2xg6qp/,General / Other
1035dcj,"What to make of a FWB who ""starfishes""?",datingoverforty,118,https://reddit.com/r/datingoverforty/comments/1035dcj/what_to_make_of_a_fwb_who_starfishes/,j2xgw6a,rococo78,13,Definitely not. She gets lots of praise and encouragement from me in those scenarios. She's even commented on that saying it's refreshing.,https://reddit.com/r/datingoverforty/comments/1035dcj/_/j2xgw6a/,General / Other
1035dcj,"What to make of a FWB who ""starfishes""?",datingoverforty,118,https://reddit.com/r/datingoverforty/comments/1035dcj/what_to_make_of_a_fwb_who_starfishes/,j2x1aqv,rococo78,12,"That's the whole point of this post. I do intend to talk to her about it, but I'm also curious if something else is going on for her that might require me to go into the conversation with more thoughtfulness, i.e. a trauma response, neurodivergence, or something else. Based on the responses I've gotten already, there's definitely plenty to more to consider in approaching this conversation than I previously thought.",https://reddit.com/r/datingoverforty/comments/1035dcj/_/j2x1aqv/,Getting over approach anxiety
1035dcj,"What to make of a FWB who ""starfishes""?",datingoverforty,118,https://reddit.com/r/datingoverforty/comments/1035dcj/what_to_make_of_a_fwb_who_starfishes/,j2xh1vv,rococo78,11,"Thank you. You said it better than I could. 

I will say though that the handful of guy friends with whom I feel comfortable talking about these topics with are a bit more empathetic. 

This is also a woman in a common friend group and she 1) might not want people knowing who she's sleeping with and 2) most definitely would not want a reputation as a ""starfish."" So reddit it is!",https://reddit.com/r/datingoverforty/comments/1035dcj/_/j2xh1vv/,General / Other
1035dcj,"What to make of a FWB who ""starfishes""?",datingoverforty,118,https://reddit.com/r/datingoverforty/comments/1035dcj/what_to_make_of_a_fwb_who_starfishes/,j2wx8oa,[deleted],10,"My ex-wife was very beautiful in high school and college and so never had to work really hard during sex since everyone was so focused on pleasing her. As such, she was an incredibly lazy lover when we started dating many years after that. She had been so conditioned that sex was a man worshiping her and she had to do nothing besides receive pleasure.

Since her sexual formative years had conditioned her that way, she never really broke out of that way of doing things. Despite how beautiful she still is, she is a pretty boring lay. I tried very hard to get her more involved but she could never break out of that boring starfish approach.",https://reddit.com/r/datingoverforty/comments/1035dcj/_/j2wx8oa/,Getting over approach anxiety
1035dcj,"What to make of a FWB who ""starfishes""?",datingoverforty,118,https://reddit.com/r/datingoverforty/comments/1035dcj/what_to_make_of_a_fwb_who_starfishes/,j2xfsjo,rococo78,6,Thanks! I try my best.,https://reddit.com/r/datingoverforty/comments/1035dcj/_/j2xfsjo/,General / Other
1035dcj,"What to make of a FWB who ""starfishes""?",datingoverforty,118,https://reddit.com/r/datingoverforty/comments/1035dcj/what_to_make_of_a_fwb_who_starfishes/,j2wz4dd,rococo78,6,Thank you. This is helpful.,https://reddit.com/r/datingoverforty/comments/1035dcj/_/j2wz4dd/,General / Other
1035dcj,"What to make of a FWB who ""starfishes""?",datingoverforty,118,https://reddit.com/r/datingoverforty/comments/1035dcj/what_to_make_of_a_fwb_who_starfishes/,j2xgmk5,rococo78,6,Thank you. This is helpful and something I had not considered.,https://reddit.com/r/datingoverforty/comments/1035dcj/_/j2xgmk5/,General / Other
1035dcj,"What to make of a FWB who ""starfishes""?",datingoverforty,118,https://reddit.com/r/datingoverforty/comments/1035dcj/what_to_make_of_a_fwb_who_starfishes/,j2xhux1,rococo78,6,This was always my impression too. Part of the fun of having sex with different people is the exploration of it all. I tend to take the friend part of the relationship seriously too and do what I can to make it a rewarding situation within the overall parameters.,https://reddit.com/r/datingoverforty/comments/1035dcj/_/j2xhux1/,General / Other
1035dcj,"What to make of a FWB who ""starfishes""?",datingoverforty,118,https://reddit.com/r/datingoverforty/comments/1035dcj/what_to_make_of_a_fwb_who_starfishes/,j2xspw5,rococo78,5,"&gt;\- It's possible she sought out your ""services"" as some way to work out some blocks she has (ie: if she IS dissociating and knows it, possible she sought out a FWB arrangement to work through that.) This one's trickier, because it might be a bit ""much"" for you to help her work on in a FWB arrangement. It might just be stuff she's doing in her own head.

Thanks for your response. I've wondered about the point you brought up here and how ready I would be to tackle it if that was the case. I do have a female friend who is a sexual surrogate and get's paid to do such things. I feel like that does start to drift into the realm of ""service."" I'm not sure how much I'm ready to open up that bag of worms.",https://reddit.com/r/datingoverforty/comments/1035dcj/_/j2xspw5/,General / Other
1035dcj,"What to make of a FWB who ""starfishes""?",datingoverforty,118,https://reddit.com/r/datingoverforty/comments/1035dcj/what_to_make_of_a_fwb_who_starfishes/,j2xggvz,rococo78,5,"She doesn't have kids but I know that she's been a caretaker for awhile so maybe she's had to keep quiet around the home? 

I don't know that I'd say I'm ""happy"" with it. The lack of response is a little disconcerting, but maybe things will improve or I'll develop a more comfortable understanding when we talk about it.",https://reddit.com/r/datingoverforty/comments/1035dcj/_/j2xggvz/,General / Other
1035dcj,"What to make of a FWB who ""starfishes""?",datingoverforty,118,https://reddit.com/r/datingoverforty/comments/1035dcj/what_to_make_of_a_fwb_who_starfishes/,j2xi5in,rococo78,3,"We haven't explored that many positions yet. In a way, she's communicated that this is her preferred position.",https://reddit.com/r/datingoverforty/comments/1035dcj/_/j2xi5in/,General / Other
1n4cged,Personal Hygiene,datingoverforty,117,https://reddit.com/r/datingoverforty/comments/1n4cged/personal_hygiene/,nbknoxz,_imagine_d,58,"It’s unbelievable! Even my dad who’s nearly 80 showers regularly and does his own laundry regularly, never wears same shirt 2 days in a row. And he lives alone, and is still working as well. Looks after himself very well. Always clean and crisp.",https://reddit.com/r/datingoverforty/comments/1n4cged/_/nbknoxz/,General / Other
1n4cged,Personal Hygiene,datingoverforty,117,https://reddit.com/r/datingoverforty/comments/1n4cged/personal_hygiene/,nbk26tp,_imagine_d,44,Yep thank you for that. I wasn’t exactly over the top either but I made sure I had a shower and put on clean &amp; crispy clothing even though it was casual!,https://reddit.com/r/datingoverforty/comments/1n4cged/_/nbk26tp/,General / Other
1n4cged,Personal Hygiene,datingoverforty,117,https://reddit.com/r/datingoverforty/comments/1n4cged/personal_hygiene/,nbkmyow,_imagine_d,25,"Oh honey, I told it to his face straight away, as blunt as possible. No need for sugarcoating such thing.",https://reddit.com/r/datingoverforty/comments/1n4cged/_/nbkmyow/,General / Other
1n4cged,Personal Hygiene,datingoverforty,117,https://reddit.com/r/datingoverforty/comments/1n4cged/personal_hygiene/,nbpx81f,_imagine_d,21,"Well we walked to the exit of the station and I was like nope, not gonna work so when he was asking where we should go I turned and told him he stinks and it’s a big red flag and I can’t be with someone that can’t take personal hygiene seriously. Or can’t even bother for a first date. Then turned back to the station and went to train.",https://reddit.com/r/datingoverforty/comments/1n4cged/_/nbpx81f/,Learning the mechanics of dating
1n4cged,Personal Hygiene,datingoverforty,117,https://reddit.com/r/datingoverforty/comments/1n4cged/personal_hygiene/,nbk3dzf,_imagine_d,19,"I was attracted. Really. And the conversations we had were really good and respectful; we were getting to know each other a bit more, and we both wanted to meet of course. But the way he presented himself? A total dealbreaker.",https://reddit.com/r/datingoverforty/comments/1n4cged/_/nbk3dzf/,General / Other
1n4cged,Personal Hygiene,datingoverforty,117,https://reddit.com/r/datingoverforty/comments/1n4cged/personal_hygiene/,nbk8dfk,_imagine_d,17,"Yes here it is; I was wearing a bright colour top; and told him the colour. He saw me and walked towards me as soon as I exited the station and it was a “hi, nice to meet you” and then he also immediately leaned over to kiss me! I was prepared for a hug but not a kiss! And I smelled him immediately and I was like “wtaf” and after a few steps  I just apologised and said I can’t do this and left. Didn’t even wait. I mean if he can’t be bothered for a first meeting what guarantees that he’ll bother afterwards? And leaning over to get a kiss immediately? “Whoa dude slow down!”",https://reddit.com/r/datingoverforty/comments/1n4cged/_/nbk8dfk/,Coping with physical loneliness
1euy63j,Idk if this is a dum question but where do I (42m) meet a woman who doesn’t need to get drunk or isn’t a church goer ,datingoverforty,117,https://reddit.com/r/datingoverforty/comments/1euy63j/idk_if_this_is_a_dum_question_but_where_do_i_42m/,linveda,PurpleAlcoholic,15,"Ha ha 

Tough to find a username on Reddit 

I’m a big Minnesota Vikings fan, that’s my only “vice”",https://reddit.com/r/datingoverforty/comments/1euy63j/_/linveda/,General / Other
1n4cged,Personal Hygiene,datingoverforty,117,https://reddit.com/r/datingoverforty/comments/1n4cged/personal_hygiene/,nbkflr8,_imagine_d,11,"Well, sorry about that but it seems to be a pattern. Seriously what’s wrong with some guys? Is it because they’re over 45? A few years back I had a fwb situation with someone and we even lived in the same house for a while, he’s 12 years older than me; he’s 55 now and is the cleanest person I’ve ever seen. Even on a saturday spent at home whatever he wears that day goes straight into laundry basket before bed. And he showers daily. Shame things didn’t worked with him, he never wanted anything serious.",https://reddit.com/r/datingoverforty/comments/1n4cged/_/nbkflr8/,General / Other
1n4cged,Personal Hygiene,datingoverforty,117,https://reddit.com/r/datingoverforty/comments/1n4cged/personal_hygiene/,nbk2suk,_imagine_d,11,No he was exactly as his photos. But his clothes I’m sure have seen better days. His jeans were really dark; imagine a pair of jeans that haven’t been washed for a very very long time!,https://reddit.com/r/datingoverforty/comments/1n4cged/_/nbk2suk/,General / Other
1n4cged,Personal Hygiene,datingoverforty,117,https://reddit.com/r/datingoverforty/comments/1n4cged/personal_hygiene/,nbk2j4p,_imagine_d,10,Exactly! Yeah it’s a bit on the posher side; but there were plenty of people in casual clothing; like smart casual. And that’s how I was dressed as well. We had said that if weather permits we may take a walk around,https://reddit.com/r/datingoverforty/comments/1n4cged/_/nbk2j4p/,General / Other
1euy63j,Idk if this is a dum question but where do I (42m) meet a woman who doesn’t need to get drunk or isn’t a church goer ,datingoverforty,117,https://reddit.com/r/datingoverforty/comments/1euy63j/idk_if_this_is_a_dum_question_but_where_do_i_42m/,liphjvb,drewc99,9,"As a guy: At home, working, at the gym, not using any of the dating apps (they're useless).",https://reddit.com/r/datingoverforty/comments/1euy63j/_/liphjvb/,Finding where to meet women
1euy63j,Idk if this is a dum question but where do I (42m) meet a woman who doesn’t need to get drunk or isn’t a church goer ,datingoverforty,117,https://reddit.com/r/datingoverforty/comments/1euy63j/idk_if_this_is_a_dum_question_but_where_do_i_42m/,lipqkdt,1thrdaspergers_9808,9,"Uuuh here. 45m. I am mostly an atheist even though sometimes I do feel catholic, it doesn’t really make sense but I don’t stress about it or anything. I don’t do churches, I’ve met some of the most horrible people at churches. I do have the occasional drink, usually while cooking outside. Not really a sports fan, however I do like watching golf sometimes. I like to fish, hike, camp and have bar-b-ques. Im somewhat of an introvert but I would like to get out sometime. I have 4 grown children and six grandchildren (I started a little early)
I don’t desire much and simple things make me happy. I’m pretty straightforward I don’t like creating confusion, people that know me usually know where I stand with them and they respect me for it. It makes things simpler. I am somewhat of a closed off pe",https://reddit.com/r/datingoverforty/comments/1euy63j/_/lipqkdt/,General / Other
1n4cged,Personal Hygiene,datingoverforty,117,https://reddit.com/r/datingoverforty/comments/1n4cged/personal_hygiene/,nbmcryu,_imagine_d,9,"He definitely wasn’t homeless. His photos were actually taken at a holiday place because there was a beach at the background. He looked really well presented and clean. Plus the conversation was great! He was really nice and respectful and didn’t asked me the colour of my underwear or other things, which is a repeating occurrence here 🤣 and in the morning he had messaged me to tell me he was really excited and looking forward to our meetup. So for someone claiming to be excited and claiming to cannot wait to meet me, his lack of hygiene was really upsetting.",https://reddit.com/r/datingoverforty/comments/1n4cged/_/nbmcryu/,General / Other
1n4cged,Personal Hygiene,datingoverforty,117,https://reddit.com/r/datingoverforty/comments/1n4cged/personal_hygiene/,nbkbvu0,_imagine_d,9,"I meant that while talking &amp; texting with him I found him somewhat attractive. He was respectful and nevrr crossed any boundaries or presented any red flags. The conversations were really flowing and I liked it. But seeing him in person and smelling that? The attraction died on the spot. 

I’m a really clean person and take personal hygiene seriously as well. I do have two cats and everyone praises the cleanliness of my flat; also praising that there is no foul smell coming from their litter boxes because I do clean them regularly. I’m not a cleaning freak but I keep my place nice and tidy and clean. And of course I would expect someone who claims to be a retail manager to have at least some sense in the way he presents himself. 

The weirdest thing is he said he was married for 10 yea",https://reddit.com/r/datingoverforty/comments/1n4cged/_/nbkbvu0/,Learning the mechanics of dating
1euy63j,Idk if this is a dum question but where do I (42m) meet a woman who doesn’t need to get drunk or isn’t a church goer ,datingoverforty,117,https://reddit.com/r/datingoverforty/comments/1euy63j/idk_if_this_is_a_dum_question_but_where_do_i_42m/,linppth,Todeshase,8,"Last I was on the apps you would indicate how much you drink, look for women who  say they don’t or rarely. Are you opposed to dating a woman who likes an occasional glass with dinner? What about someone who goes to church on special or rare occasions?",https://reddit.com/r/datingoverforty/comments/1euy63j/_/linppth/,General / Other
1n4cged,Personal Hygiene,datingoverforty,117,https://reddit.com/r/datingoverforty/comments/1n4cged/personal_hygiene/,nbkcccs,_imagine_d,8,Once upon a time; I had another date in a pub with another guy; it wasn’t a first date either; and he warned me that he’ll be coming after work and apologised beforehand for his clothes but even that guy was cleaner than this one today! And he wasn’t even smelling bad; he had at least applied perfume and was nice and tidy.,https://reddit.com/r/datingoverforty/comments/1n4cged/_/nbkcccs/,Learning the mechanics of dating
1n4cged,Personal Hygiene,datingoverforty,117,https://reddit.com/r/datingoverforty/comments/1n4cged/personal_hygiene/,nbk9225,_imagine_d,7,"I really don’t know mate, on the phone and messages he sounded really lovely and understanding guy. And his photos were nice and clean. Never ever I would think he would appear for the date looking like a homeless. We weren’t even going to have a full on food either; we both agreed just a coffee or a couple of drinks first and if things work; we can plan a dinner or lunch later.",https://reddit.com/r/datingoverforty/comments/1n4cged/_/nbk9225/,General / Other
1n4cged,Personal Hygiene,datingoverforty,117,https://reddit.com/r/datingoverforty/comments/1n4cged/personal_hygiene/,nbmd5yx,_imagine_d,6,"I’m not sure; he said it was mutual, that it just didn’t worked. Plus he said his wife was 16 years his younger and when I heard that I was like “wait what?” 🤦‍♀️ He didn’t seemed upset about it.",https://reddit.com/r/datingoverforty/comments/1n4cged/_/nbmd5yx/,General / Other
1n4cged,Personal Hygiene,datingoverforty,117,https://reddit.com/r/datingoverforty/comments/1n4cged/personal_hygiene/,nbwayro,_imagine_d,5,Oh welcome to the club hun! One guy I had as a f buddy about 7 years ago come out as a trans during covid 🤣 welcome to London.,https://reddit.com/r/datingoverforty/comments/1n4cged/_/nbwayro/,General / Other
1euy63j,Idk if this is a dum question but where do I (42m) meet a woman who doesn’t need to get drunk or isn’t a church goer ,datingoverforty,117,https://reddit.com/r/datingoverforty/comments/1euy63j/idk_if_this_is_a_dum_question_but_where_do_i_42m/,lir7p6g,LameBMX,4,"yea, but as a guy dm'ing on reddit is awkward",https://reddit.com/r/datingoverforty/comments/1euy63j/_/lir7p6g/,General / Other
1euy63j,Idk if this is a dum question but where do I (42m) meet a woman who doesn’t need to get drunk or isn’t a church goer ,datingoverforty,117,https://reddit.com/r/datingoverforty/comments/1euy63j/idk_if_this_is_a_dum_question_but_where_do_i_42m/,lio3fch,Gjgsx,3,"This is my problem. 43m, atheist and I rarely drink, only socially. I work, come home then workout.",https://reddit.com/r/datingoverforty/comments/1euy63j/_/lio3fch/,General / Other
1n4cged,Personal Hygiene,datingoverforty,117,https://reddit.com/r/datingoverforty/comments/1n4cged/personal_hygiene/,nbk68yk,_imagine_d,3,🤣🤣🤣🤣,https://reddit.com/r/datingoverforty/comments/1n4cged/_/nbk68yk/,General / Other
1n4cged,Personal Hygiene,datingoverforty,117,https://reddit.com/r/datingoverforty/comments/1n4cged/personal_hygiene/,nbkcj8n,_imagine_d,3,Oh he leaned in for a hug and attempted to kiss me straight away! I hugged him back out of politeness but turned my head to avoid a kiss and then well you know the rest,https://reddit.com/r/datingoverforty/comments/1n4cged/_/nbkcj8n/,Coping with physical loneliness
1n4cged,Personal Hygiene,datingoverforty,117,https://reddit.com/r/datingoverforty/comments/1n4cged/personal_hygiene/,nbkfod7,_imagine_d,3,"No need to sorry, i dodged a bullet there",https://reddit.com/r/datingoverforty/comments/1n4cged/_/nbkfod7/,General / Other
1n4cged,Personal Hygiene,datingoverforty,117,https://reddit.com/r/datingoverforty/comments/1n4cged/personal_hygiene/,nbkmjxc,_imagine_d,3,Oh wel I went and blocked his dating profile so can’t say anything for sure but no. They were most likely from the past 2 years and there was nothing indicating anything at all.,https://reddit.com/r/datingoverforty/comments/1n4cged/_/nbkmjxc/,General / Other
1n91qym,Dumped by ChatGPT text over the weekend,datingoverforty,115,https://reddit.com/r/datingoverforty/comments/1n91qym/dumped_by_chatgpt_text_over_the_weekend/,nclslhs,Independent_Spite772,12,Could not be further from the truth,https://reddit.com/r/datingoverforty/comments/1n91qym/_/nclslhs/,General / Other
1pchzu6,Nervous about new relationship,datingoverforty,115,https://reddit.com/r/datingoverforty/comments/1pchzu6/nervous_about_new_relationship/,nry1cek,NukerX,11,"As a guy in a similar situation, what helped me is learning about anxious attachment. Your nervous system is being flooded with new signals. Anxiety can get overwhelming at times. 

But it sounds like you're an in the moment kind of guy when you're with her. That's good. 

I wish you the best of luck",https://reddit.com/r/datingoverforty/comments/1pchzu6/_/nry1cek/,Fear of intimacy after abstinence
1pchzu6,Nervous about new relationship,datingoverforty,115,https://reddit.com/r/datingoverforty/comments/1pchzu6/nervous_about_new_relationship/,nrz1plr,Upbeat_Main_7141,9,"Yes, the too much too soon is something I’m fearful of.

I just talked to my therapist I I described is as a scale that has a puppy on one end a golden retriever on the other. I want to be a golden retriever in that I’m kind, I do my best, I try to help people, I have a service mentality in life. When folks describe a person as having “golden retriever” energy, I’ve always seen that as a compliment.

On the other had is a puppy. Helpless, needy, trying too hard, cute to visit but a nightmare to live with, and sometimes shits all over the floor even though the don’t want to. So I’m a little afraid of oversharing, over investing, and coming across as needy and untenable.

I’ve done a lot of growing in the 6 years I’ve been single, and while I dated most of that time, this year was in earnest",https://reddit.com/r/datingoverforty/comments/1pchzu6/_/nrz1plr/,Fear of intimacy after abstinence
1n91qym,Dumped by ChatGPT text over the weekend,datingoverforty,115,https://reddit.com/r/datingoverforty/comments/1n91qym/dumped_by_chatgpt_text_over_the_weekend/,nclu08q,Independent_Spite772,8,I suspect this is about where we both were. But I was ready to have an adult conversation in person about it.,https://reddit.com/r/datingoverforty/comments/1n91qym/_/nclu08q/,General / Other
1pchzu6,Nervous about new relationship,datingoverforty,115,https://reddit.com/r/datingoverforty/comments/1pchzu6/nervous_about_new_relationship/,nryidq8,Upbeat_Main_7141,6,"Go into my post history if you would like to read more about that one. I met a real rogues gallery this year, posted about a lot of them.",https://reddit.com/r/datingoverforty/comments/1pchzu6/_/nryidq8/,General / Other
1pchzu6,Nervous about new relationship,datingoverforty,115,https://reddit.com/r/datingoverforty/comments/1pchzu6/nervous_about_new_relationship/,nrykc9w,Upbeat_Main_7141,6,"I did not with that one. I don’t like sending parting shots even when it’s someone truly crappy, though I will admit I sometimes have in the past. I mostly try to disengage and move on as fast as possible so I don’t ruminate. Hence me having my first date with my current date only a week after the money lady sent that text.",https://reddit.com/r/datingoverforty/comments/1pchzu6/_/nrykc9w/,Learning the mechanics of dating
1pchzu6,Nervous about new relationship,datingoverforty,115,https://reddit.com/r/datingoverforty/comments/1pchzu6/nervous_about_new_relationship/,nryj3a8,Upbeat_Main_7141,5,"For real. I also am surprised into disbelief sometimes when someone pretty likes me. It’s not that it never happens, it’s that it is always surprising.",https://reddit.com/r/datingoverforty/comments/1pchzu6/_/nryj3a8/,General / Other
1n91qym,Dumped by ChatGPT text over the weekend,datingoverforty,115,https://reddit.com/r/datingoverforty/comments/1n91qym/dumped_by_chatgpt_text_over_the_weekend/,ncndj1j,Independent_Spite772,4,"Each of my last three relationships have begun with conversations on agreeing to be open and honest, even (especially) when it’s hard. But some people find that much easier to say than to do. 

I’ve given too much leeway to partners who have other standout characteristics. And I need to check in much more regularly.",https://reddit.com/r/datingoverforty/comments/1n91qym/_/ncndj1j/,Fear of intimacy after abstinence
1n91qym,Dumped by ChatGPT text over the weekend,datingoverforty,115,https://reddit.com/r/datingoverforty/comments/1n91qym/dumped_by_chatgpt_text_over_the_weekend/,ncjwwfj,Independent_Spite772,4,This feels accurate,https://reddit.com/r/datingoverforty/comments/1n91qym/_/ncjwwfj/,General / Other
1pchzu6,Nervous about new relationship,datingoverforty,115,https://reddit.com/r/datingoverforty/comments/1pchzu6/nervous_about_new_relationship/,ns0hj3n,Upbeat_Main_7141,4,"That’s seems like an unkind thing to say. What was your motivation in writing this? What purpose did writing it serve you? Are you happier for being unkind to a stranger on the internet? Would you repeat an unkind act like this? Would you have said such an unkind thing to someone in real life? Why or why not? Do you ever feel like life is just an endless, meaningless spiral from which we can never escape? Do you often think about how if gos is real, that means he created hell and and end hell instantly, but he seems to keep hell around like it’s his private torture room and takes pleasure in hurt us, an fact maybe there is no devil but just god when he is drunk? What kind of drink do you think could god god drunk? Could god create a weapon capable of killing himself? You ever think about d",https://reddit.com/r/datingoverforty/comments/1pchzu6/_/ns0hj3n/,Finding where to meet women
1pchzu6,Nervous about new relationship,datingoverforty,115,https://reddit.com/r/datingoverforty/comments/1pchzu6/nervous_about_new_relationship/,nrxtwcu,Upbeat_Main_7141,3,Already in therapy. But thank you.,https://reddit.com/r/datingoverforty/comments/1pchzu6/_/nrxtwcu/,General / Other
1pchzu6,Nervous about new relationship,datingoverforty,115,https://reddit.com/r/datingoverforty/comments/1pchzu6/nervous_about_new_relationship/,nrzdco7,Upbeat_Main_7141,3,"Gosh, I hope no one thinks that about me. I only steal wallets.",https://reddit.com/r/datingoverforty/comments/1pchzu6/_/nrzdco7/,General / Other
1qc6cn0,Question for women,datingoverforty,114,https://reddit.com/r/datingoverforty/comments/1qc6cn0/question_for_women/,nzg49t7,Substantial-Ant-4010,20,"It's not that people don't want a real relationship, they can't find a partner worth having. Times have changed, and women don't want to be in a relationship where they have to carry the physical and emotional load. I 57m would estimate that 80% of the women I have gone on dates with asked be some version of ""how would a relationship with you make my life better, beyond love/intimacy""  
  
Ask yourself if you would be a good partner? If your partner got sick, would the house fall apart why they were sick, or would you take on all of the work? Will she need to manage your moods and emotions, or can you manage yourself? If not, you need to become a version of a partner that is wanted.",https://reddit.com/r/datingoverforty/comments/1qc6cn0/_/nzg49t7/,General / Other
1qc6cn0,Question for women,datingoverforty,114,https://reddit.com/r/datingoverforty/comments/1qc6cn0/question_for_women/,nzgae4j,Debugopotamus,8,"I take care of 100% of the physical and emotional labor of every relationship I have ever been in. My mom got sick and was dying of cancer I restructured my life, took care of her, took her to all she appointments, worked full time, and managed to volunteer still.

My dad is currently sick, I sleep 3 hours a night between work, caring for him and other duties I have.  I don't need anyone to care for me or do anything for me except enjoy my company.

A relationship with me would mean you have someone who will always be there for you even at your darkest or weakest. I have been there for multiple people when they got sick. My best friend got sick and I drove 16 hours a week to see him, take him to his chemo appts and drove his whole family cross country to be there when he died.  I multiple ",https://reddit.com/r/datingoverforty/comments/1qc6cn0/_/nzgae4j/,General / Other
1ol3sp7,What even is chemistry anymore?,datingoverforty,114,https://reddit.com/r/datingoverforty/comments/1ol3sp7/what_even_is_chemistry_anymore/,nmfahxi,Upbeat_Main_7141,8,"Ah, I mentioned the first date was drinks, but it was non-alcoholic mocktails as she doesn't drink, and I mostly don't either, so alcohol wasn't a factor.",https://reddit.com/r/datingoverforty/comments/1ol3sp7/_/nmfahxi/,Learning the mechanics of dating
1ol3sp7,What even is chemistry anymore?,datingoverforty,114,https://reddit.com/r/datingoverforty/comments/1ol3sp7/what_even_is_chemistry_anymore/,nmfhxdn,Upbeat_Main_7141,8,"The kiss came after I playfully said ""wanna make out a little?"" at the end of the night, and she said yes and thanked me for asking first. It was gentle pressure, then she opened her mouth some there was a little tongue. So I'd not say it was aggressiveness. Might have come across as too timid? but I always ask before I make a move because of several reasons, most importantly being clear consent, and also, saves me embarrassment from a rejected kiss.

I could believe I'm a crap kisser. Although being told I'm gorgeous in the middle of making out I would suspect would mean that I'm causing her at least a bit of desire. But what do I know, I thought these were good dates and I was clearly wrong about that.

And to the hygiene issue, I shower twice daily, both in the morning and after I work ",https://reddit.com/r/datingoverforty/comments/1ol3sp7/_/nmfhxdn/,Processing the shame of being late
1ol3sp7,What even is chemistry anymore?,datingoverforty,114,https://reddit.com/r/datingoverforty/comments/1ol3sp7/what_even_is_chemistry_anymore/,nmg2ap3,Upbeat_Main_7141,6,"Thanks for sharing. And yes, I've been the guy writing those ""no spark"" messages myself. I usually do that after a first date if there is something glaringly wrong, though. IO otherwise try to give folks at least a few dates. I think what is getting to me is just the not knowing what I could change, because no one will tell me what is wrong.

Yes, it's technically, mathematically possible I'm just meeting folks with problems, but it gets pretty statistically unlikely to not be at least a little bit about me sometimes. I mean, not even like put-downs, though I's almost appreciate those, but just some sort of hint about what is turning folks of about me.

And if it's due to a bad picker on my part, man, I do get unsolicited message from girls I would never have any interest in. Thing is I do",https://reddit.com/r/datingoverforty/comments/1ol3sp7/_/nmg2ap3/,Learning the mechanics of dating
1qc6cn0,Question for women,datingoverforty,114,https://reddit.com/r/datingoverforty/comments/1qc6cn0/question_for_women/,nzhkacb,Debugopotamus,5,"I think the missing piece here is own circle of friends. I know 50 married couples and no man has his own ""circle of friends"". He has the husband's of his wives friends , or parents of their kids friends. At 40+ there are no group of guys friends outside of that dynamic. If I want a group of friends I need a partner.

I manage my own house and finances and have my own hobbies and interests and things. I want someone to come home to and make dinner for. Put on our shows together and watch TV. I want to plan our weekend trips together or make a list of new places to go try.  I cook, I clean, I pay for everything, I listen, let them have their friends and hobbies and just ask for them to just want to see me and be near me. But this apparently at my age is too much to ask for.",https://reddit.com/r/datingoverforty/comments/1qc6cn0/_/nzhkacb/,Dealing with comparison pain
1ol3sp7,What even is chemistry anymore?,datingoverforty,114,https://reddit.com/r/datingoverforty/comments/1ol3sp7/what_even_is_chemistry_anymore/,nmgjg0w,Upbeat_Main_7141,5,Thank you. This is a thoughtful reply and I appreciate you for it.,https://reddit.com/r/datingoverforty/comments/1ol3sp7/_/nmgjg0w/,General / Other
1qc6cn0,Question for women,datingoverforty,114,https://reddit.com/r/datingoverforty/comments/1qc6cn0/question_for_women/,nzg7p00,Debugopotamus,4,"Yes wanting love and a family is gross. Wanting the respect and identity that comes with that is gross.

Also this isnt about touching my peen, it's about having someone to wake up next to and love and care about finally.   It's about a lifelong dream that is fading further and further away each passing day.",https://reddit.com/r/datingoverforty/comments/1qc6cn0/_/nzg7p00/,Coping with physical loneliness
1ol3sp7,What even is chemistry anymore?,datingoverforty,114,https://reddit.com/r/datingoverforty/comments/1ol3sp7/what_even_is_chemistry_anymore/,nmjpsxb,Upbeat_Main_7141,3,"That is a very good point. I did feel sexual attraction to her, but I would not say it was the strongest I’ve felt before. 

I’ve had sex with 16 people at this point in my life, so out of those folks, I’d say this one would fell around rank 5. That feels weird to say, but I think there is naturally stronger sexual desires when we are younger, so I don’t mean to say I didn’t find her sexy.

Now, I’m guilty here of being typical male I guess, because generally if a pretty lady shows me a sexual interest, so long as I’m not cheating then I’m game. So I may have gotten caught up in that aspect a bit, though I did like her for all the other reasons too, so it wasn’t just sexual. 

Also good point about the too clean thing. I won’t be changing my hygiene for anyone, that’s for me, but I have se",https://reddit.com/r/datingoverforty/comments/1ol3sp7/_/nmjpsxb/,General / Other
1ol3sp7,What even is chemistry anymore?,datingoverforty,114,https://reddit.com/r/datingoverforty/comments/1ol3sp7/what_even_is_chemistry_anymore/,nmhfz56,Upbeat_Main_7141,3,"As to why I get matches and dates, I think it’s mostly the luck of birth. If I’m being bluntly honest, and I don’t mean this in a conceited way nor do I really feel like it’s true, but the feedback I’ve gotten from folks over the years is that I’m good looking.

I don’t really see it when I look at myself, and I’m heavier than I used to be. I work out but I have still gotten a dad bod. But being told even by this gal the other night that I’m “gorgeous”, I have to think is one of the reasons I get interest that quickly fades after they see what a stupid weirdo I am under my face. 

I don’t feel good looking, I feel ugly as fuck, particularly right now, but there is enough evidence to suggest it might be true.

Other than that, I mean, take good photos, write good prompts, keep your profile ",https://reddit.com/r/datingoverforty/comments/1ol3sp7/_/nmhfz56/,General / Other
1p56wmg,Calling adult women “girls”,datingoverforty,113,https://reddit.com/r/datingoverforty/comments/1p56wmg/calling_adult_women_girls/,nqhc5by,OceanBlueforYou,149,"I hear women in their 50s refer to each other as girls.


There's also girls night out. I'm going to meet my girlfriend (referring to her friend). Just us girls.",https://reddit.com/r/datingoverforty/comments/1p56wmg/_/nqhc5by/,General / Other
1p56wmg,Calling adult women “girls”,datingoverforty,113,https://reddit.com/r/datingoverforty/comments/1p56wmg/calling_adult_women_girls/,nqh5g2j,nipslippinjizzsippin,33,"women do this all the time, its just a description for a gender. should i call my girlfriend my womanfriend?",https://reddit.com/r/datingoverforty/comments/1p56wmg/_/nqh5g2j/,General / Other
1p56wmg,Calling adult women “girls”,datingoverforty,113,https://reddit.com/r/datingoverforty/comments/1p56wmg/calling_adult_women_girls/,nqileby,zim-grr,8,"People do say “hanging out with the boys” or “boys night out” I’ve heard grown middle aged women use these expressions about their husbands,, I never heard one say “hanging out with the men” ,, I do get not wanting to be called a girl as a middle aged or senior citizen woman.. this reminds me of my mom born in 1922 calling a male friend,, your boyfriend,,, or my sister’s female friend a girlfriend,,, or plural: so you’re going out with your girlfriends.. thanks for making me remember that,,, I’m 65M btw n past due for a boy’s night out with my high school buddies",https://reddit.com/r/datingoverforty/comments/1p56wmg/_/nqileby/,General / Other
14gr6ja,Back on the dating scene at 42 and immediately confused by dynamics on the apps.,datingoverforty,112,https://reddit.com/r/datingoverforty/comments/14gr6ja/back_on_the_dating_scene_at_42_and_immediately/,jp73qzb,Kooky_Protection_334,58,"You're not even divorced yet and already looking for a new relationship?? Even if it is amicable get your divorce over with and take time for yourself before jumping into another serious relationship. Personally I wouldn't be interested because you're not even divorced yet. Learned that lesson the hard way.

Edit: it also looks like you have a 10 yo daughter. For her sake stay single for a while and get your new life figured out as a single dad and focus on her. Just because you and your wife grew apart doesn't mean this divorce will be any easier for your kid.",https://reddit.com/r/datingoverforty/comments/14gr6ja/_/jp73qzb/,Starting over after loss
14gr6ja,Back on the dating scene at 42 and immediately confused by dynamics on the apps.,datingoverforty,112,https://reddit.com/r/datingoverforty/comments/14gr6ja/back_on_the_dating_scene_at_42_and_immediately/,jp8bpgz,Cal-Goat,5,Yeah I know this is a factor for all potential dates at the moment. Filed last month.,https://reddit.com/r/datingoverforty/comments/14gr6ja/_/jp8bpgz/,General / Other
14gr6ja,Back on the dating scene at 42 and immediately confused by dynamics on the apps.,datingoverforty,112,https://reddit.com/r/datingoverforty/comments/14gr6ja/back_on_the_dating_scene_at_42_and_immediately/,jp8etdj,Cal-Goat,3,Great assessment. Thank you,https://reddit.com/r/datingoverforty/comments/14gr6ja/_/jp8etdj/,General / Other
14gr6ja,Back on the dating scene at 42 and immediately confused by dynamics on the apps.,datingoverforty,112,https://reddit.com/r/datingoverforty/comments/14gr6ja/back_on_the_dating_scene_at_42_and_immediately/,jp8n8xi,CaliDude75,3,"47M. I have generally had one of three experiences on OLD apps. Either:

1) They’re very eager to meet, and exchange numbers right away.

2) They want to “take things slow” and chat a while. They usually keep you as a connection, but rarely initiate conversations, and are slow to respond.

3) They’ll match, but as soon as you text, they unmatch.

There’s really no rhyme or reason to it. It just reinforces my misanthropic view of humanity: Most people (both men AND women) are self-interested flakes. I have no problem with self-interest. Just be honest about it. 🤷🏻‍♂️",https://reddit.com/r/datingoverforty/comments/14gr6ja/_/jp8n8xi/,General / Other
14gr6ja,Back on the dating scene at 42 and immediately confused by dynamics on the apps.,datingoverforty,112,https://reddit.com/r/datingoverforty/comments/14gr6ja/back_on_the_dating_scene_at_42_and_immediately/,jp8tiav,Cal-Goat,3,Expectations are almost zero at this point. Just trying to acquaint myself with the dynamics of how this works generally.,https://reddit.com/r/datingoverforty/comments/14gr6ja/_/jp8tiav/,General / Other
1q92dze,Sex with someone new,datingoverforty,110,https://reddit.com/r/datingoverforty/comments/1q92dze/sex_with_someone_new/,nyrxhq3,Pretend_Board_2385,41,"Cheers for the reply, I think subconsciously I was expecting fireworks and it just didn't happen.",https://reddit.com/r/datingoverforty/comments/1q92dze/_/nyrxhq3/,General / Other
1q92dze,Sex with someone new,datingoverforty,110,https://reddit.com/r/datingoverforty/comments/1q92dze/sex_with_someone_new/,nyrwpg9,Pretend_Board_2385,21,Nah she's a nice person and I'm going to see her again. I'm not going to just stop after one experience. It can only get better from here!,https://reddit.com/r/datingoverforty/comments/1q92dze/_/nyrwpg9/,General / Other
1q92dze,Sex with someone new,datingoverforty,110,https://reddit.com/r/datingoverforty/comments/1q92dze/sex_with_someone_new/,nyrxpx3,Pretend_Board_2385,19,"Yeah definitely, we get on well and I enjoy spending time with her. It can only get better and its really hard meeting new people nowadays so I am definitely going to see how it goes with her.",https://reddit.com/r/datingoverforty/comments/1q92dze/_/nyrxpx3/,General / Other
1pqzwdk,Being dishonest about age on online dating?,datingoverforty,110,https://reddit.com/r/datingoverforty/comments/1pqzwdk/being_dishonest_about_age_on_online_dating/,nuy72ub,LeDestrier,12,"I guess it's fine if your intention is to have conversations and not meet. But if you plan to actually meet someone, this will never work in one's favour.",https://reddit.com/r/datingoverforty/comments/1pqzwdk/_/nuy72ub/,General / Other
1q92dze,Sex with someone new,datingoverforty,110,https://reddit.com/r/datingoverforty/comments/1q92dze/sex_with_someone_new/,nyrx3mk,Pretend_Board_2385,8,"It kind of came out of nowhere, we were watching a movie and it happened. 

I think as its been such a long time I perhaps expected something different and was left feeling a little disappointed. She's a nice person though and we get on well so I'm going to continue seeing her and see how it goes.",https://reddit.com/r/datingoverforty/comments/1q92dze/_/nyrx3mk/,General / Other
1pqzwdk,Being dishonest about age on online dating?,datingoverforty,110,https://reddit.com/r/datingoverforty/comments/1pqzwdk/being_dishonest_about_age_on_online_dating/,nuya647,LeDestrier,8,"If you're both on the app to hook up and respond to that approach, then go for it. But fudging a couple of years here and there, it's like, oh God, just own it. 

If we haven't accepted we're getting on by our 40s, I shudder to think what they'll be like going forward.",https://reddit.com/r/datingoverforty/comments/1pqzwdk/_/nuya647/,Getting over approach anxiety
1q92dze,Sex with someone new,datingoverforty,110,https://reddit.com/r/datingoverforty/comments/1q92dze/sex_with_someone_new/,nyuhxmv,Pretend_Board_2385,5,"Your taking this personally. No of course I wouldn't show her this.

If she made a post about me I wouldn't give a shit, more power to her. It looks like your starting an argument for the sake of it. If you honestly don't anything constructive to say why say anything.",https://reddit.com/r/datingoverforty/comments/1q92dze/_/nyuhxmv/,General / Other
1pqzwdk,Being dishonest about age on online dating?,datingoverforty,110,https://reddit.com/r/datingoverforty/comments/1pqzwdk/being_dishonest_about_age_on_online_dating/,nuy9hit,LeDestrier,5,"More innocuously when discussing other stuff that hints at our ages and interests.  Then its been, 'well actually I'm....""",https://reddit.com/r/datingoverforty/comments/1pqzwdk/_/nuy9hit/,General / Other
1q92dze,Sex with someone new,datingoverforty,110,https://reddit.com/r/datingoverforty/comments/1q92dze/sex_with_someone_new/,nywsdjt,Pretend_Board_2385,4,"For the record - I am a guy. I thought it was pretty obvious to be honest when I mentioned my ex wife in my post.  I am getting tired of bozo's messaging me thinking I am a woman wanting to talk about sex. MEN DONT MESSAGE ME AND DONT send me photos. Thank you.

Rant over.",https://reddit.com/r/datingoverforty/comments/1q92dze/_/nywsdjt/,Starting over after loss
1q92dze,Sex with someone new,datingoverforty,110,https://reddit.com/r/datingoverforty/comments/1q92dze/sex_with_someone_new/,nyudpxh,Pretend_Board_2385,3,"Your kind of missing the point though, I'm not saying she is bad at sex. I'm saying the sex between us wasn't great and but it could be on me just as much as her. It was the first time in five years and my expectations could have been unrealistic too.",https://reddit.com/r/datingoverforty/comments/1q92dze/_/nyudpxh/,Fear of intimacy after abstinence
1q92dze,Sex with someone new,datingoverforty,110,https://reddit.com/r/datingoverforty/comments/1q92dze/sex_with_someone_new/,nyts2zv,hiner112,3,"I was in a similar boat in 2021.  20 year relationship, years since the last time I had sex, had gone out to eat a couple times, and we ended up having sex.  She'll still wax eloquent about how it was hotter than anything else she's experienced, watched, or read about. I was in my head not 100% sure what I should do next or being frustrated with her industrial strength bra straps and stuff like that.  It was good but the sex I had with her a few minutes ago was better for me because I'm more relaxed and sure of what she wants and enjoys.

TL;DR - sex with someone new can be underwhelming but it doesn't have to be.",https://reddit.com/r/datingoverforty/comments/1q92dze/_/nyts2zv/,General / Other
1pqzwdk,Being dishonest about age on online dating?,datingoverforty,110,https://reddit.com/r/datingoverforty/comments/1pqzwdk/being_dishonest_about_age_on_online_dating/,nuz45yj,LeDestrier,3,"36 to 56.

Whether they are 41 or 45 is completely irrelevant to me, and for the sake of a couple of years, who cares.

Its just ultimately that you're not fooling anyone you're going to meet face to face and potentially have a relationship with.",https://reddit.com/r/datingoverforty/comments/1pqzwdk/_/nuz45yj/,General / Other
1pbje20,Hot take: video calls before meeting are mood killers that create “false negatives”,datingoverforty,109,https://reddit.com/r/datingoverforty/comments/1pbje20/hot_take_video_calls_before_meeting_are_mood/,nrrn7dm,VegetableBrick8141,13,"Your experience is exactly what I’m talking about. Jeez that is sort of deep lol. What if you based your decision off that call, as you pointed out. I bet this happens more often than not.

Did you find yourself trying to untangle the first impression you had with him on the phone? I’m doing that now. 

P.S. I’m like your bf btw with the picture/video vs real life. I’m not saying I’m gorgeous lol, but almost every woman has said I like better in real life. Some of us are cursed lol.",https://reddit.com/r/datingoverforty/comments/1pbje20/_/nrrn7dm/,Finding where to meet women
nvk2fh,"So very grateful for OLD, AKA An Ode To OLD",datingoverforty,109,https://reddit.com/r/datingoverforty/comments/nvk2fh/so_very_grateful_for_old_aka_an_ode_to_old/,h13tpf7,Proudlymediocre,11,"Thank you so much! And that's definitely good advice to share, and appreciated. My story has some depth that I'm not including here, including my having been through some life trauma long ago that has made me (and shown me to be) more resilient than most -- but I definitely talked to him about what you're saying, including my judgement on partners after spending 25 years with a person who turned on me so quickly two years ago.",https://reddit.com/r/datingoverforty/comments/nvk2fh/_/h13tpf7/,General / Other
nvk2fh,"So very grateful for OLD, AKA An Ode To OLD",datingoverforty,109,https://reddit.com/r/datingoverforty/comments/nvk2fh/so_very_grateful_for_old_aka_an_ode_to_old/,h13tc6g,Proudlymediocre,10,Thank you so much! And definitely worthy advice -- thank you!,https://reddit.com/r/datingoverforty/comments/nvk2fh/_/h13tc6g/,General / Other
1pbje20,Hot take: video calls before meeting are mood killers that create “false negatives”,datingoverforty,109,https://reddit.com/r/datingoverforty/comments/1pbje20/hot_take_video_calls_before_meeting_are_mood/,nrr9f4y,VegetableBrick8141,7,"That’s disgusting. Sorry you experienced that. You refuse to do calls or you refuse to date without video calls? Just can’t tell if that’s a typo.

Let me ask this. Do you think those men would have actually even made it out to a date? There’s something about these personality types I can’t even imagine them making it out to a date. So in a way you might encounter more creeps or low-effort people because of the video call. Maybe. It’s just a theory.",https://reddit.com/r/datingoverforty/comments/1pbje20/_/nrr9f4y/,General / Other
1pbje20,Hot take: video calls before meeting are mood killers that create “false negatives”,datingoverforty,109,https://reddit.com/r/datingoverforty/comments/1pbje20/hot_take_video_calls_before_meeting_are_mood/,nrr9pyb,VegetableBrick8141,7,I’ve never had a video call make me look forward to a date. It’s an awkward medium.,https://reddit.com/r/datingoverforty/comments/1pbje20/_/nrr9pyb/,General / Other
nvk2fh,"So very grateful for OLD, AKA An Ode To OLD",datingoverforty,109,https://reddit.com/r/datingoverforty/comments/nvk2fh/so_very_grateful_for_old_aka_an_ode_to_old/,h13tu4o,Proudlymediocre,7,"OMG I love that and so agree! At the end of the day, none of us is perfect and a perfect match for anyone.",https://reddit.com/r/datingoverforty/comments/nvk2fh/_/h13tu4o/,General / Other
nvk2fh,"So very grateful for OLD, AKA An Ode To OLD",datingoverforty,109,https://reddit.com/r/datingoverforty/comments/nvk2fh/so_very_grateful_for_old_aka_an_ode_to_old/,h15ebz6,Proudlymediocre,6,"Hi! I'm 52 and she is 53. I was on Zoosk, which has a filter for age and I had a minimum age of 40 and a maximum age of 55 (that was one of the default filters, but if someone awesome was 60ish, I would've been fine with that, too). The person I'm dating had selected Zoosk because she did research and determined it was the best site for over 50s... I have a young spirit and look younger than 52, but found for me personally that 40 was too young for me, and that most people I connected with were in their mid 40s, but the three best dates I had -- including the last one who I am still with -- were all in their 50s. Good luck!

Edit: Note: nothing at all against 40! In fact, I actually had a date with an awesome 40 year old I would have gone out with again if I hadn't met the person I feel in",https://reddit.com/r/datingoverforty/comments/nvk2fh/_/h15ebz6/,General / Other
1pbje20,Hot take: video calls before meeting are mood killers that create “false negatives”,datingoverforty,109,https://reddit.com/r/datingoverforty/comments/1pbje20/hot_take_video_calls_before_meeting_are_mood/,nrr73rc,VegetableBrick8141,5,"You’re the person it’s meant for. You have the one hour drive, so it’s more about securing your time investment before you make a 2-hour round trip journey. Totally makes sense. But then I think it’s on the person requesting the video call to drive the convo (or at least to start) and get to the heart of what you’re trying to achieve - deciding if you want to set up a date or not.",https://reddit.com/r/datingoverforty/comments/1pbje20/_/nrr73rc/,General / Other
nvk2fh,"So very grateful for OLD, AKA An Ode To OLD",datingoverforty,109,https://reddit.com/r/datingoverforty/comments/nvk2fh/so_very_grateful_for_old_aka_an_ode_to_old/,h15h66a,Proudlymediocre,5,"I'm really sorry to hear that because my experiences were great and I'd wish that for anyone!

I'm pretty silly/goofy in a way that's disarming, plus genuinely am curious about people and love meeting new people and really love hearing about people's lives. I think that showed a little bit in my dating profile and for sure in communication and on dates. So I think that helped. It for sure can wear down anyone who is looking for a ""serious"" partner, or an introvert who doesn't like a lot of talking, but it does allow me to have fun on first dates.",https://reddit.com/r/datingoverforty/comments/nvk2fh/_/h15h66a/,Learning the mechanics of dating
1pbje20,Hot take: video calls before meeting are mood killers that create “false negatives”,datingoverforty,109,https://reddit.com/r/datingoverforty/comments/1pbje20/hot_take_video_calls_before_meeting_are_mood/,nrrl42o,VegetableBrick8141,4,"Interesting. I’m not discounting your experience for you. I usually don’t catch mannerisms because they’re holding their phone with one or both hands. I’ve been catfished once. One woman had pics of herself from 12 years ago, and she was convinced she didn’t need new ones because she believed she looked the same. None of us look like we did at 28 years old lol. The video call would have caught that one experience. But I’ve only had one like that. 

Anyway thanks for sharing.",https://reddit.com/r/datingoverforty/comments/1pbje20/_/nrrl42o/,General / Other
nvk2fh,"So very grateful for OLD, AKA An Ode To OLD",datingoverforty,109,https://reddit.com/r/datingoverforty/comments/nvk2fh/so_very_grateful_for_old_aka_an_ode_to_old/,h13teb0,Proudlymediocre,4,"Isn't that the best?? Thank you and congratulations to you, too!",https://reddit.com/r/datingoverforty/comments/nvk2fh/_/h13teb0/,General / Other
nvk2fh,"So very grateful for OLD, AKA An Ode To OLD",datingoverforty,109,https://reddit.com/r/datingoverforty/comments/nvk2fh/so_very_grateful_for_old_aka_an_ode_to_old/,h13trqj,Proudlymediocre,4,That is awesome -- congratulations!! I love OLD successes like ours :),https://reddit.com/r/datingoverforty/comments/nvk2fh/_/h13trqj/,General / Other
1pbje20,Hot take: video calls before meeting are mood killers that create “false negatives”,datingoverforty,109,https://reddit.com/r/datingoverforty/comments/1pbje20/hot_take_video_calls_before_meeting_are_mood/,nrr7v9k,VegetableBrick8141,3,"But do you lead with questions and convo? How do the calls usually go?

I get off those calls completely deflated each time.",https://reddit.com/r/datingoverforty/comments/1pbje20/_/nrr7v9k/,General / Other
1pbje20,Hot take: video calls before meeting are mood killers that create “false negatives”,datingoverforty,109,https://reddit.com/r/datingoverforty/comments/1pbje20/hot_take_video_calls_before_meeting_are_mood/,nrr9yz0,VegetableBrick8141,3,"I do too, I think most people with a desk job do tons of video calls now.

What are some things you do that increase the chance for having a positive pre-date video call?",https://reddit.com/r/datingoverforty/comments/1pbje20/_/nrr9yz0/,General / Other
1pbje20,Hot take: video calls before meeting are mood killers that create “false negatives”,datingoverforty,109,https://reddit.com/r/datingoverforty/comments/1pbje20/hot_take_video_calls_before_meeting_are_mood/,nrr5wi0,VegetableBrick8141,3,"I see it as another layer of technology between a human connection. Save for this one instance, I’ve never pursued someone after a video call. Now I’m wondering about missed connection. 

With AI, that’s all the more reason to just connect and go with a low effort 1st meeting after some initial texts back and forth.",https://reddit.com/r/datingoverforty/comments/1pbje20/_/nrr5wi0/,General / Other
1pbje20,Hot take: video calls before meeting are mood killers that create “false negatives”,datingoverforty,109,https://reddit.com/r/datingoverforty/comments/1pbje20/hot_take_video_calls_before_meeting_are_mood/,nrr6o30,VegetableBrick8141,3,"That’s another thing! I have to get the lighting right, and then how do I dress? I was in my pajamas yesterday lol. Granted my pjs are gym shorts and a regular t-shirt, but still. If the lighting is bad, the angle is bad, it’s just yet another false negative. I’m not doing them again. If someone insists then I’m just going to take it as them not being ready to date or having low-interest.",https://reddit.com/r/datingoverforty/comments/1pbje20/_/nrr6o30/,General / Other
1pbje20,Hot take: video calls before meeting are mood killers that create “false negatives”,datingoverforty,109,https://reddit.com/r/datingoverforty/comments/1pbje20/hot_take_video_calls_before_meeting_are_mood/,nrr7i3z,VegetableBrick8141,3,You’ve already seen pics though? Lighting and angles can totally make or break a vibe that isn’t connected to reality. Everyone looks different in person anyway.,https://reddit.com/r/datingoverforty/comments/1pbje20/_/nrr7i3z/,General / Other
1pbje20,Hot take: video calls before meeting are mood killers that create “false negatives”,datingoverforty,109,https://reddit.com/r/datingoverforty/comments/1pbje20/hot_take_video_calls_before_meeting_are_mood/,nrrj1og,VegetableBrick8141,3,"This is refreshing to hear. Even just leading with small talk, “what are you doing tonight?”is so helpful. I keep seeing people say they hate small talk, but small talk leads to big talk. My call didn’t go that way at all lol. On the call she asked for, we exchanged a few pleasantries, then she sat there quiet. I’m fine with silence, but then she goes “I mean do you want to know anything about me?” Like, babe, that’s why I scheduled the date lol. You asked for this. What do you want to achieve? (Not you, but the person I was on the phone with). She kept me on flirting. I had to end the call sort of abruptly (not on purpose), and got nothing positive from it. I literally forced myself to ask her out as an experiment and she was amazing in person. Like a different human.",https://reddit.com/r/datingoverforty/comments/1pbje20/_/nrrj1og/,General / Other
1pbje20,Hot take: video calls before meeting are mood killers that create “false negatives”,datingoverforty,109,https://reddit.com/r/datingoverforty/comments/1pbje20/hot_take_video_calls_before_meeting_are_mood/,nrsr01h,VegetableBrick8141,3,Fantastic idea! Thank you!!,https://reddit.com/r/datingoverforty/comments/1pbje20/_/nrsr01h/,General / Other
nvk2fh,"So very grateful for OLD, AKA An Ode To OLD",datingoverforty,109,https://reddit.com/r/datingoverforty/comments/nvk2fh/so_very_grateful_for_old_aka_an_ode_to_old/,h15fc5i,Proudlymediocre,3,"Thank you!! And I am so sorry to hear that!

I grew up in the 70s with a very strong willed mom. Who complained a lot when I was a kid about how women were treated. And demanded that she be treated fairly by men. And at the same time I had a dad who truly loved my mom, and treated her like an equal human being in every way. I have not always been close to my parents, but do think watching that as a young child has always influenced how I perceive women and relationships. And definitely makes dating so much fun and respectful for me. 

I really wish you all the best!!",https://reddit.com/r/datingoverforty/comments/nvk2fh/_/h15fc5i/,General / Other
nvk2fh,"So very grateful for OLD, AKA An Ode To OLD",datingoverforty,109,https://reddit.com/r/datingoverforty/comments/nvk2fh/so_very_grateful_for_old_aka_an_ode_to_old/,h15hk2f,Proudlymediocre,3,Thank you so much!! And I wish my experience upon many more people -- it was really wonderful from start to finish.,https://reddit.com/r/datingoverforty/comments/nvk2fh/_/h15hk2f/,General / Other
nvk2fh,"So very grateful for OLD, AKA An Ode To OLD",datingoverforty,109,https://reddit.com/r/datingoverforty/comments/nvk2fh/so_very_grateful_for_old_aka_an_ode_to_old/,h15hgf4,Proudlymediocre,3,"OMG I literally burst out laughing. No to both of those, thanks goodness! :)",https://reddit.com/r/datingoverforty/comments/nvk2fh/_/h15hgf4/,General / Other
nvk2fh,"So very grateful for OLD, AKA An Ode To OLD",datingoverforty,109,https://reddit.com/r/datingoverforty/comments/nvk2fh/so_very_grateful_for_old_aka_an_ode_to_old/,h172vs5,Proudlymediocre,3,"OMG I am so very sorry, I wish I were lying. But there are so many factors that go into this -- maybe it's the city I live in, or that I am 52 and very open to women of all ages (especially in their 50s), or it was the right time of year, or anything. On paper, I am an awful catch -- a few months ago I was unemployed, have been unambitious since burning myself out in my career 10 years ago, was not yet divorced, am not especially tall (5 9), am goofy/accident prone, not outdoorsy, etc. etc. etc. But I leaned into that. On my profile, I was super self-deprecating -- talked about how boring and accident prone I am, etc., talked proudly about being unemployed, etc. -- which several people told me they liked; I said I wasn't interested in hook ups and that I wanted to take dating slow -- I got",https://reddit.com/r/datingoverforty/comments/nvk2fh/_/h172vs5/,Starting over after loss
1drecgn,Feelings on getting remarried ,datingoverforty,107,https://reddit.com/r/datingoverforty/comments/1drecgn/feelings_on_getting_remarried/,lauw7da,Mella82,145,"Let's put it this way: I'm not going to be your girlfriend forever because you  had a wife before.

I have met men on the apps who say that they don't want to be married again and I wish them well and move on.",https://reddit.com/r/datingoverforty/comments/1drecgn/_/lauw7da/,General / Other
1drecgn,Feelings on getting remarried ,datingoverforty,107,https://reddit.com/r/datingoverforty/comments/1drecgn/feelings_on_getting_remarried/,lauq9st,Chocolatecitygirl82,128,I have no desire to be a lifetime girlfriend so you wouldn’t be the right person for me but there are plenty of divorced women who also never want to get married or even cohabitate again so I don’t think you’ll have an issue.,https://reddit.com/r/datingoverforty/comments/1drecgn/_/lauq9st/,Starting over after loss
1drecgn,Feelings on getting remarried ,datingoverforty,107,https://reddit.com/r/datingoverforty/comments/1drecgn/feelings_on_getting_remarried/,lav459r,[deleted],15,"I just want to say as a man - so not who you're asking questions of - but as another person who just wants to point out a benefit to being married besides anything financial.

There is some security when you are married - should your partner die.

As someone who is a widower...

It would have been a thousand times more complicated without being married.

Other family members could have stepped in and done - who knows what.

So.

Marriage ensures that you and your partner are better covered if something awful happens.

Edit: For the record, I'm neither for, nor against remarriage. I'll happily have the conversation if and when it comes up and choose my path at that time.",https://reddit.com/r/datingoverforty/comments/1drecgn/_/lav459r/,General / Other
1drecgn,Feelings on getting remarried ,datingoverforty,107,https://reddit.com/r/datingoverforty/comments/1drecgn/feelings_on_getting_remarried/,lavniz2,IfICouldStay,13,"Yeah, I’m on the same page (not that it’s come up yet).  It certainly would take years to get to that point, and I’d demand a rock solid pre-nup to protect myself, but yes, eventually I feel like a committed relationship ought to lead to marriage.  Don’t do wife work for girlfriend prices.  If I’m good enough to live with and plan a future with then I’m good enough to marry.  If some man is adamant that they will NEVER marry under any circumstances then I’m not going to waste my time.",https://reddit.com/r/datingoverforty/comments/1drecgn/_/lavniz2/,General / Other
1drecgn,Feelings on getting remarried ,datingoverforty,107,https://reddit.com/r/datingoverforty/comments/1drecgn/feelings_on_getting_remarried/,lavlezw,Blue-steal,11,I’m not sure I would be as against it. If my involvement of my kids life isn’t a factor in the way it ends.  I just don’t see why people feel that it’s a requirement for the relationship to feel valid,https://reddit.com/r/datingoverforty/comments/1drecgn/_/lavlezw/,General / Other
1drecgn,Feelings on getting remarried ,datingoverforty,107,https://reddit.com/r/datingoverforty/comments/1drecgn/feelings_on_getting_remarried/,laurnhw,Blue-steal,8,"I’m curious what is is for you that makes being married different?  Totally respect your position, just curious.

In my 20’s it just seemed to make sense...  (more proof we are all idiots in our 20’s). At this age based on my personal experience, and well established statistics on marriage it just seems like a poor decision.",https://reddit.com/r/datingoverforty/comments/1drecgn/_/laurnhw/,General / Other
1drecgn,Feelings on getting remarried ,datingoverforty,107,https://reddit.com/r/datingoverforty/comments/1drecgn/feelings_on_getting_remarried/,lav6qjh,Blue-steal,4,"I may also feel entirely different if I met the right person.  I’m not having more kids and the reality is the threat of losing time with my kids was really the only thing that scared me in the divorce.

I can always make more money.  I only have so much time with my kids.",https://reddit.com/r/datingoverforty/comments/1drecgn/_/lav6qjh/,Starting over after loss
l4oe7b,Ghosted after 6 months,datingoverforty,105,https://reddit.com/r/datingoverforty/comments/l4oe7b/ghosted_after_6_months/,gkphquq,throwiana,32,That blows. One of the worst parts of this is that I’m not getting any feedback to potentially improve myself. Six month relationship and I can’t learn anything because this person is a coward.,https://reddit.com/r/datingoverforty/comments/l4oe7b/_/gkphquq/,General / Other
l4oe7b,Ghosted after 6 months,datingoverforty,105,https://reddit.com/r/datingoverforty/comments/l4oe7b/ghosted_after_6_months/,gkq7chx,[deleted],24,Exactly. I don't want my girlfriend's horrid details in my head either,https://reddit.com/r/datingoverforty/comments/l4oe7b/_/gkq7chx/,General / Other
l4oe7b,Ghosted after 6 months,datingoverforty,105,https://reddit.com/r/datingoverforty/comments/l4oe7b/ghosted_after_6_months/,gkpiq13,throwiana,20,I guess not. This definitely makes me want to slow my next relationship down even more. I guess nobody needs to know why. I just don’t want this to happen again.,https://reddit.com/r/datingoverforty/comments/l4oe7b/_/gkpiq13/,General / Other
l4oe7b,Ghosted after 6 months,datingoverforty,105,https://reddit.com/r/datingoverforty/comments/l4oe7b/ghosted_after_6_months/,gkpnqnt,throwiana,10,I’ll ask about it but I don’t think I’ll share.  The funny thing is this recent ghost told me he had been ghosted by a woman he really liked and asked me if I had been ghosted and I said I’d been faded which is almost as bad. Funny enough the person who faded me was very similar to the ghost. Maybe I said too much.,https://reddit.com/r/datingoverforty/comments/l4oe7b/_/gkpnqnt/,Understanding rejection
l4oe7b,Ghosted after 6 months,datingoverforty,105,https://reddit.com/r/datingoverforty/comments/l4oe7b/ghosted_after_6_months/,gkrj8dp,throwiana,8,Yeah he asked me not to ghost him and told me about how he was hurt by another woman ghosting him.,https://reddit.com/r/datingoverforty/comments/l4oe7b/_/gkrj8dp/,Understanding rejection
l4oe7b,Ghosted after 6 months,datingoverforty,105,https://reddit.com/r/datingoverforty/comments/l4oe7b/ghosted_after_6_months/,gkqz9bg,throwiana,7,"This guy who just ghosted me told me he had been ghosted and no, I didn’t want to ghost him after he told me that. I was glad the lady ghosted him so he could meet me. 


Now I kind of wish she hadn’t.",https://reddit.com/r/datingoverforty/comments/l4oe7b/_/gkqz9bg/,Understanding rejection
l4oe7b,Ghosted after 6 months,datingoverforty,105,https://reddit.com/r/datingoverforty/comments/l4oe7b/ghosted_after_6_months/,gkrqswz,throwiana,4,That’s absolutely horrible. Congratulations on being in remission. I think most people would agree that he has poor character and is a monster.,https://reddit.com/r/datingoverforty/comments/l4oe7b/_/gkrqswz/,General / Other
l4oe7b,Ghosted after 6 months,datingoverforty,105,https://reddit.com/r/datingoverforty/comments/l4oe7b/ghosted_after_6_months/,gkq5be4,throwiana,4,I kind of asked him not to. I was trying to take things slow to avoid a situation like this.,https://reddit.com/r/datingoverforty/comments/l4oe7b/_/gkq5be4/,General / Other
l4oe7b,Ghosted after 6 months,datingoverforty,105,https://reddit.com/r/datingoverforty/comments/l4oe7b/ghosted_after_6_months/,gkpqzch,throwiana,4,"Thanks for your advice. I think it may be a subconscious thing. People are so easily influenced by others. In the same way that when people are single for a long time dates wonder “what’s wrong with them?”

It’s definitely something I want to share to prevent it from happening but I’m not sure refraining is going to produce that outcome.",https://reddit.com/r/datingoverforty/comments/l4oe7b/_/gkpqzch/,General / Other
l4oe7b,Ghosted after 6 months,datingoverforty,105,https://reddit.com/r/datingoverforty/comments/l4oe7b/ghosted_after_6_months/,gkqpf8l,throwiana,3,Thanks! I’ve been looking for a new book to read. I feel like I’ve read a thousand self help books by now.,https://reddit.com/r/datingoverforty/comments/l4oe7b/_/gkqpf8l/,General / Other
1m8lrzm,what to do,datingoverforty,104,https://reddit.com/r/datingoverforty/comments/1m8lrzm/what_to_do/,n50aibf,EquivalentWeary1405,88,This is what my gut has told me.,https://reddit.com/r/datingoverforty/comments/1m8lrzm/_/n50aibf/,General / Other
1m8lrzm,what to do,datingoverforty,104,https://reddit.com/r/datingoverforty/comments/1m8lrzm/what_to_do/,n50gdef,EquivalentWeary1405,25,that hit hard. truth!,https://reddit.com/r/datingoverforty/comments/1m8lrzm/_/n50gdef/,General / Other
1l5ue43,Does communicating throughout the day help you bond with a romantic partner?,datingoverforty,104,https://reddit.com/r/datingoverforty/comments/1l5ue43/does_communicating_throughout_the_day_help_you/,mwmciyg,FordAndFun,20,"As a guy, I love sending and receiving texts that are just little chunks of non-critical info.

Like if you read it, cool, you got bonus trivia. If you missed it, eh! Maybe I’ll ask you later “hey did you see that text” if it sets up another conversation, but if you say “no,” I go “oh let me tell you” rather than have you go back and read it. It’s more spice than dish, really.

I also like being the recipient of that sort of text/conversation loop as well.",https://reddit.com/r/datingoverforty/comments/1l5ue43/_/mwmciyg/,General / Other
1l5ue43,Does communicating throughout the day help you bond with a romantic partner?,datingoverforty,104,https://reddit.com/r/datingoverforty/comments/1l5ue43/does_communicating_throughout_the_day_help_you/,mwjrl1u,Lee862r,14,"It's great to hear that there are women who appreciate it. I'm not sure there are women who get upset over it. But if I'm texting someone I'm partnered with and they don't let me know they appreciate it, I start to 2nd guess the relationship.",https://reddit.com/r/datingoverforty/comments/1l5ue43/_/mwjrl1u/,Learning the mechanics of dating
1l5ue43,Does communicating throughout the day help you bond with a romantic partner?,datingoverforty,104,https://reddit.com/r/datingoverforty/comments/1l5ue43/does_communicating_throughout_the_day_help_you/,mwjr4mk,Lee862r,13,"It's cool to me! I don't even think about it. I just pick up my phone and do it. Granted, my job is pretty lax, so stopping for minutes at a time is no problem.",https://reddit.com/r/datingoverforty/comments/1l5ue43/_/mwjr4mk/,General / Other
1m8lrzm,what to do,datingoverforty,104,https://reddit.com/r/datingoverforty/comments/1m8lrzm/what_to_do/,n50d78a,EquivalentWeary1405,11,umm. I think she is doing that to me!,https://reddit.com/r/datingoverforty/comments/1m8lrzm/_/n50d78a/,General / Other
1l5ue43,Does communicating throughout the day help you bond with a romantic partner?,datingoverforty,104,https://reddit.com/r/datingoverforty/comments/1l5ue43/does_communicating_throughout_the_day_help_you/,mwkc7a8,Substantial-Ant-4010,8,"There are distinct stages for me 56m when it comes to texting.

Matching on OLD to first dates. I mainly use texting for logistics, and getting the important stuff out of the way. Too much of a conversation gets lost, and I want them to get to know the real me, and not some made up version they are building from my profile, and limited chats.

After the initial dates, I will text a bit more, but stay focused on building the relationship in person.

Once we decide we are going to continue to date, and get to the point where we are exclusive, then texting becomes a tool to stay connected. Letting them know I am missing them, and looking forward to seeing them, flirting and foreplay, teasing, and building anticipation. It just becomes an extension of the relationship.",https://reddit.com/r/datingoverforty/comments/1l5ue43/_/mwkc7a8/,Learning the mechanics of dating
1l5ue43,Does communicating throughout the day help you bond with a romantic partner?,datingoverforty,104,https://reddit.com/r/datingoverforty/comments/1l5ue43/does_communicating_throughout_the_day_help_you/,mwjvgku,Lee862r,7,"That's amazing! From someone who is looking into this topic their first thought is probably ""of course communicating is bonding"" but when you're in a situation that isn't so black and white you begin to 2nd guess yourself.",https://reddit.com/r/datingoverforty/comments/1l5ue43/_/mwjvgku/,General / Other
1m8lrzm,what to do,datingoverforty,104,https://reddit.com/r/datingoverforty/comments/1m8lrzm/what_to_do/,n50b8pm,EquivalentWeary1405,7,"She was apprehensive about having a relationship with a guy 100 miles away, and I have 2 teenagers and she has no children.
Nothing has changed aside from the sudden persistence.",https://reddit.com/r/datingoverforty/comments/1m8lrzm/_/n50b8pm/,General / Other
1l5ue43,Does communicating throughout the day help you bond with a romantic partner?,datingoverforty,104,https://reddit.com/r/datingoverforty/comments/1l5ue43/does_communicating_throughout_the_day_help_you/,mwju5lq,Lee862r,6,That helps alot!,https://reddit.com/r/datingoverforty/comments/1l5ue43/_/mwju5lq/,General / Other
1l5ue43,Does communicating throughout the day help you bond with a romantic partner?,datingoverforty,104,https://reddit.com/r/datingoverforty/comments/1l5ue43/does_communicating_throughout_the_day_help_you/,mwpiovo,Lee862r,4,"This is one aspect of it I was thinking of. Not so much discussions about topics, although that is always welcome, but more of just letting a partner into my brain. Either random or not.",https://reddit.com/r/datingoverforty/comments/1l5ue43/_/mwpiovo/,General / Other
1l5ue43,Does communicating throughout the day help you bond with a romantic partner?,datingoverforty,104,https://reddit.com/r/datingoverforty/comments/1l5ue43/does_communicating_throughout_the_day_help_you/,mwpmmwt,Lee862r,3,That sums up my thinking as well! Me and whoever I'm with makes rules together.,https://reddit.com/r/datingoverforty/comments/1l5ue43/_/mwpmmwt/,General / Other
1l5ue43,Does communicating throughout the day help you bond with a romantic partner?,datingoverforty,104,https://reddit.com/r/datingoverforty/comments/1l5ue43/does_communicating_throughout_the_day_help_you/,mwkz2ye,CecilPalad,3,"45M here, and I send reels to my wife all day long.  She loves it.",https://reddit.com/r/datingoverforty/comments/1l5ue43/_/mwkz2ye/,General / Other
1l5ue43,Does communicating throughout the day help you bond with a romantic partner?,datingoverforty,104,https://reddit.com/r/datingoverforty/comments/1l5ue43/does_communicating_throughout_the_day_help_you/,mwptqgr,Lee862r,3,"Even when someone can't text you alot they can 100% find the time to text you once, without being short or cold. I think thats the most important part of my post. It's not the quantity, but the quality while still keeping in mind both of your schedules. If he's that busy during the day, and that 1 text seems genuine, than it's going to mean alot to you.",https://reddit.com/r/datingoverforty/comments/1l5ue43/_/mwptqgr/,General / Other
1m8lrzm,what to do,datingoverforty,104,https://reddit.com/r/datingoverforty/comments/1m8lrzm/what_to_do/,n52ix78,EquivalentWeary1405,3,"You're absolutely right. Even though I didn't mention it, while we were seeing each other earlier this year, she consistently prioritized herself regardless of the impact on me. Thank you!",https://reddit.com/r/datingoverforty/comments/1m8lrzm/_/n52ix78/,General / Other
1m8lrzm,what to do,datingoverforty,104,https://reddit.com/r/datingoverforty/comments/1m8lrzm/what_to_do/,n50bnsj,EquivalentWeary1405,3,"Thank you for the advice.


You're right, she's less appealing the 2nd time around, even though the sudden reach-out was flattering for a minute.",https://reddit.com/r/datingoverforty/comments/1m8lrzm/_/n50bnsj/,General / Other
1m8lrzm,what to do,datingoverforty,104,https://reddit.com/r/datingoverforty/comments/1m8lrzm/what_to_do/,n52icm9,EquivalentWeary1405,3,"Thanks. I appreciate that.


I told her kegsbdry says hello. She was like, who the heck is that? I said, just some dry keg that had one good pour left.",https://reddit.com/r/datingoverforty/comments/1m8lrzm/_/n52icm9/,General / Other
1m8lrzm,what to do,datingoverforty,104,https://reddit.com/r/datingoverforty/comments/1m8lrzm/what_to_do/,n52mt8d,EquivalentWeary1405,3,"I appreciate your perspective.


Why did Woman #1 break things off?
We live 100 miles apart and I have two teenagers and she doesn't have children. That's what she told me.


Was she dating someone else?
We weren't exclusive, and she's very attractive and social and outgoing, so probably. 


Was she not ready to date yet?
She's been divorced for many years and had been dating for a while.


Was it a defense mechanism (did she panic)?
That's more or less what she told me last week. But the majority of the feedback on here suggests that she is just seeking attention and playing games.


How was the relationship when y’all were together? Were you both into it?
We really enjoyed each other's company, but it felt like I was much more into it than her. And I shared that with her months ago and l",https://reddit.com/r/datingoverforty/comments/1m8lrzm/_/n52mt8d/,Starting over after loss
1lh4fhs,"My dad just said I've struck out with men for so long because I have too much personality, and guys favor looks and passivity. I need a reality check!",datingoverforty,100,https://reddit.com/r/datingoverforty/comments/1lh4fhs/my_dad_just_said_ive_struck_out_with_men_for_so/,mz1b3hx,firstgen32715,202,"Your dad is wrong. 42m. I love a woman who is intelligent and can hold a conversation, crack jokes and feel like a ""pal"" from the jump. Guys that want you to just be pretty, quiet, coy etc are just assholes. I want someone with a personality, and I want to know that side of them right away. Thats the whole point. Personality is so much more attractive than appearance, and appearance fades anyway.",https://reddit.com/r/datingoverforty/comments/1lh4fhs/_/mz1b3hx/,General / Other
1lh4fhs,"My dad just said I've struck out with men for so long because I have too much personality, and guys favor looks and passivity. I need a reality check!",datingoverforty,100,https://reddit.com/r/datingoverforty/comments/1lh4fhs/my_dad_just_said_ive_struck_out_with_men_for_so/,mz1ffc9,firstgen32715,36,"I can't speak for all, but I say it and mean it. My girlfriend is almost definitely the most intelligent person I've ever known. She is caring to her core, quick witted, has an incredible sense of humor and can certainly dish out the jokes. She's super outgoing, and people are just drawn to her. I love it about her. Definitely much more interesting than a girl with no personality or brains, and the ones that think playing dumb is cute....",https://reddit.com/r/datingoverforty/comments/1lh4fhs/_/mz1ffc9/,General / Other
1lye28s,"One month in, who pays?",datingoverforty,100,https://reddit.com/r/datingoverforty/comments/1lye28s/one_month_in_who_pays/,n2tl5og,Flashy_Law5605,35,"Yes, she mentioned some restaurants but mostly because I am not familiar with the area.  She suggests lower price, casual sit down places. 

I do need to stop this based on the comments here.  I’ll plan a nice casual way to ask her to pay for dinner next time and see how she reacts.",https://reddit.com/r/datingoverforty/comments/1lye28s/_/n2tl5og/,General / Other
1lh4fhs,"My dad just said I've struck out with men for so long because I have too much personality, and guys favor looks and passivity. I need a reality check!",datingoverforty,100,https://reddit.com/r/datingoverforty/comments/1lh4fhs/my_dad_just_said_ive_struck_out_with_men_for_so/,mz18rpe,AngelicRealm888,25,"I do not know where to start, but I will keep it short. “Too much personality” is not an issue and every guy has some different things he looks for in a relationship. I am a guy and I do think the comment was very misogynistic",https://reddit.com/r/datingoverforty/comments/1lh4fhs/_/mz18rpe/,Fear of intimacy after abstinence
1jm6f2b,Widower.  Just started to try dating after 10 years.,datingoverforty,100,https://reddit.com/r/datingoverforty/comments/1jm6f2b/widower_just_started_to_try_dating_after_10_years/,mk9jftw,JubBird,12,"It's been 4 days.  I haven't shared too much.  I am so much guarded now, after that last one rejected me.  I have hope for this next date.  But if it fails, back to the drawing board.  1 in 100?  I will keep trying until it is right.",https://reddit.com/r/datingoverforty/comments/1jm6f2b/_/mk9jftw/,Understanding rejection
1jm6f2b,Widower.  Just started to try dating after 10 years.,datingoverforty,100,https://reddit.com/r/datingoverforty/comments/1jm6f2b/widower_just_started_to_try_dating_after_10_years/,mk9xir8,Weak-Night2336,7,"After I became a widower I laid down a couple ground rules for myself when I started dating- 1st no one was going to replace my late wife, I am not looking for a replacement. 2nd, don’t be afraid to walk away, dating at middle age, we don’t have the time to dedicate 2-10 years on someone that we know inside that we aren’t a good match, but X is good so stick it out a while longer. 3rd if you are relatively successful and stable, you are a catch and there’s a ton of women looking for stable, secure men that are already housebroken ( watch out for Sugar Babies). 4th keep the first date to no more than 1 hour, even if it’s going well, that leaves room for a second date, if it’s not going well it’s only an hour. 5th don’t sacrifice who you are for someone else, just be honest with who you are ",https://reddit.com/r/datingoverforty/comments/1jm6f2b/_/mk9xir8/,Learning the mechanics of dating
1lh4fhs,"My dad just said I've struck out with men for so long because I have too much personality, and guys favor looks and passivity. I need a reality check!",datingoverforty,100,https://reddit.com/r/datingoverforty/comments/1lh4fhs/my_dad_just_said_ive_struck_out_with_men_for_so/,mz1k88j,IRideMoreThanYou,7,"I’m 50m. I’m dating a Sergeant in the Marine Corps. She’s a lot of things. Passive ain’t one of them. It’s also the best relationship I’ve had.

Your dad needs to fix his shit.",https://reddit.com/r/datingoverforty/comments/1lh4fhs/_/mz1k88j/,General / Other
1jm6f2b,Widower.  Just started to try dating after 10 years.,datingoverforty,100,https://reddit.com/r/datingoverforty/comments/1jm6f2b/widower_just_started_to_try_dating_after_10_years/,mk9htdg,JubBird,6,"No. She said she'd like to be friends. (I said no, and then blocked her. I know myself. Didn't want to play that friendzone game)",https://reddit.com/r/datingoverforty/comments/1jm6f2b/_/mk9htdg/,Escaping the friend zone
1lye28s,"One month in, who pays?",datingoverforty,100,https://reddit.com/r/datingoverforty/comments/1lye28s/one_month_in_who_pays/,n2tkmqr,Ed_Okin,6,"I find this one interesting, because in theory, as everyone is saying, you can just talk about it 

Except I kind of feel like if you need to talk about it, it's already kind of awkward, and then it becomes about tracking, etc.

Generally, I (50m) will expect to pay for the first date or two, and will generally expect it to be some kind of rotation after that, but I am usually quick to pay for something so it ends up being more like 60/40 or 70/30 on my side of a relationship goes on, which I'm ok with.

I do notice if it's been a handful of dates, or even a handful chances to pay for something through one date (food, parking, tickets, drinks, etc) and my date never offers to pick anything up. It just feels so weird to mention it, I don't think I've ever tried. I just feel like that's an i",https://reddit.com/r/datingoverforty/comments/1lye28s/_/n2tkmqr/,Learning the mechanics of dating
1lh4fhs,"My dad just said I've struck out with men for so long because I have too much personality, and guys favor looks and passivity. I need a reality check!",datingoverforty,100,https://reddit.com/r/datingoverforty/comments/1lh4fhs/my_dad_just_said_ive_struck_out_with_men_for_so/,mz4rx5u,MightHaveKnown,6,"Give your dad a kiss on the top of his head and ignore him.

I [53m] cannot think of anything less interesting than a pretty woman with negligible personality. 

Be yourself, loudly and without apology.",https://reddit.com/r/datingoverforty/comments/1lh4fhs/_/mz4rx5u/,General / Other
1jm6f2b,Widower.  Just started to try dating after 10 years.,datingoverforty,100,https://reddit.com/r/datingoverforty/comments/1jm6f2b/widower_just_started_to_try_dating_after_10_years/,mk9d6qa,[deleted],3,"58M here. Just keep it light and chill at first and see how things go. I went on 50+ first dates over a period of years before finding someone (a widow) with whom things really clicked. Of course had some relationships along the way, but was never truly all-in. The ‘new game’ is that people have lots of choices and at our age may also be content single, no pressure to get married and have kids, so you also need to have an abundance mindset, not fixation on one person ( ‘one-itis’ ).",https://reddit.com/r/datingoverforty/comments/1jm6f2b/_/mk9d6qa/,Learning the mechanics of dating
1jm6f2b,Widower.  Just started to try dating after 10 years.,datingoverforty,100,https://reddit.com/r/datingoverforty/comments/1jm6f2b/widower_just_started_to_try_dating_after_10_years/,mk9vvuv,JubBird,3,"I felt comfortable with her, and talked about things I only would have done with close friends.",https://reddit.com/r/datingoverforty/comments/1jm6f2b/_/mk9vvuv/,General / Other
1lh4fhs,"My dad just said I've struck out with men for so long because I have too much personality, and guys favor looks and passivity. I need a reality check!",datingoverforty,100,https://reddit.com/r/datingoverforty/comments/1lh4fhs/my_dad_just_said_ive_struck_out_with_men_for_so/,mz2uhrb,MountainMeadowBrook,3,Really good to hear this!,https://reddit.com/r/datingoverforty/comments/1lh4fhs/_/mz2uhrb/,General / Other
