id,title,subreddit,score,num_comments,upvote_ratio,url,created_date,author,post_body,flair
ss7rli,Goodbye,ForeverAlone,785,113,0.94,https://reddit.com/r/ForeverAlone/comments/ss7rli/goodbye/,2022-02-14,CN12Clitstimulation,"At the age of 25, I now have my first official girlfriend. Met a girl just over a month ago off hinge. We just had the talk today and we now boyfriend girlfriend. 

I have been here for longer than I can remember, lurking since about 8 years ago and a regular poster since 4 years ago, feel free to search my post history.  I have been through such lows throughout all my time it scares me to think back to those times, all due to the complete loneliness and isolation and feelings of being undesirable by literally everyone I came across or all chances somehow going wrong. 

There is nothing I can say that would help you guys. The reality is that it was all luck, I just happened to get lucky that we were both single at the time and that she somehow liked me. I had been doing self improvement for years and it never worked for me.

I can understand how alone many of U feel and the feelings of hopelessness. I'm not gonna say it will get better or to not lose hope because honestly the majority",Success Story
odcofd,I saw yesterday night my mom crying,ForeverAlone,780,108,0.98,https://reddit.com/r/ForeverAlone/comments/odcofd/i_saw_yesterday_night_my_mom_crying/,2021-07-04,[deleted],"I entered in her room and asked her what happened and she asked me to leave. Then, my father came in and asked the same thing ( I was in bathroom and tried to hear what they were talking). 

Guess what she answered? She cried because she is tired of having a  pathetic loser like me ""without decent paid job, lazy, without friends or a girlfriend but full of mental issues"". I also heard ""why my son can't be like the successful son's of my co-workers? My father told her to just accept she have a loser son and stop suffering and that he already accepted that **I am a lost cause.**

It broke my heart too. I am hurting the only ones who still loves me. But I can't do anything. Although they seem to forget when I was a kid they were very strict and critic to me and they didn't leave me to do anything or meet anybody (just study in my room).

😭😭😭",
ft1z7d,Guys I actually got a Girlfriend and she helped me quit drinking!,ForeverAlone,733,45,0.95,https://reddit.com/r/ForeverAlone/comments/ft1z7d/guys_i_actually_got_a_girlfriend_and_she_helped/,2020-04-01,The_Dead_Soul,"April Fools

EDIT: Did not expect this to get this much attention. Sorry to the guys I gave this hope. Genuinely, I'm sorry.

Sincerely

A drunken fool.",Success Story
dr44kj,Accidentally told my co-worker today that I never had a girlfriend at the age of 25.,ForeverAlone,699,149,0.98,https://reddit.com/r/ForeverAlone/comments/dr44kj/accidentally_told_my_coworker_today_that_i_never/,2019-11-03,[deleted],"It was early morning and me and my older co-worker were having a small talk while drinking tea; she was asking me about what I was doing before I got into that job and so on, and then she was like:

**""So...do you have a girlfriend?""**

**Me (slightly taken aback by the question):** ""No...""

**My co-worker:** ""You hesitated a bit, why?""

**Me (getting a little nervous):** ""Haha no I didn't hesitate, I just don't have a girlfriend as of now.""

**My co-worker:** ""Why not?""

**Me:** ""Well...it just didn't happen yet...""

**My co-worker (looking very puzzled and clearly shocked):** ""You didn't have a girlfriend...ever?...""

**Me (internally):** oh shit oh god oh why did I say that

**Me:** ""Oh...no I never had one...""

*awkward silence*, *another co-worker suddenly gets in the office and interrupts the conversation*

And there you have it boys and girls. My co-workers probably already thought of me as reserved, shy and very awkward person before, now they surely also think I'm strange. Kno",
hi25kl,Does anyone else kinda cringe when your parents talk about your future with the assumption you'll have a wife and kids one day?,ForeverAlone,671,63,0.99,https://reddit.com/r/ForeverAlone/comments/hi25kl/does_anyone_else_kinda_cringe_when_your_parents/,2020-06-29,neutron280,"For example, ""one day, your wife/kids is gonna...

My dad last week on one of our walks ""You know I used to take your mum here all the time when we were dating, some day you'll probably have a special place for that lucky lady."" 

I'm a 25 year old Neet, whilst a small part of me still has hope, its probably unlikely to happen at this point lol.",
17lgllw,I will be turning 42 in a month. Never had a girlfriend. And I have resigned myself to the fact that I will be FA all my life.,ForeverAlone,505,137,0.99,https://reddit.com/r/ForeverAlone/comments/17lgllw/i_will_be_turning_42_in_a_month_never_had_a/,2023-11-01,woodclip,"I've been single all my life. Never had a girlfriend. Never received romantic attention or love from a woman.

For anyone wondering, I am not disfigured or disabled in anyway. I take care of my looks and hygiene. I have a good job, a small but tightly knit group of friends. I have hobbies and interests. I exercise and am in decent shape for my age. 

I was single throughout college and university and my 20's. But I always maintained a positive attitude and an optimistic outlook on life, sincerely believing that things will get better in life and that I will find someone.

A long time ago, I heard that the best way to find someone is to ""put yourself out there"" and keep meeting new people. I took his advice to heart and over the years, have done the following:

- Joined clubs related to my hobbies and interests and attended meetups.
- attended classes (photography, filmmaking, calligraphy, art related stuff) 
- volunteered (animal shelters, charities) 
- confided to my few close friends",Vent
1i7i7jv,Mom finally admitted it,ForeverAlone,477,52,0.97,https://reddit.com/r/ForeverAlone/comments/1i7i7jv/mom_finally_admitted_it/,2025-01-22,Godz_Lavo,"After years of my mom asking why I can’t get a girlfriend, she finally admitted she knew I could never. 

I always told her I’m too ugly/weird to ever have one, and she always fought back on it. Probably because she didn’t want to come to terms with the fact her son was at the bottom of the barrel. 

But just yesterday she told me that she always knew I was too ugly/weird for most social things. She just didn’t want me to give up. 

I feel so bad for her. Having such a subhuman son can’t be easy on her mentally. I just hope this will let her stop worrying about my future and focus her attention on my brother. He’s successful and has a long term relationship.",Vent
1m2dsfc,Self Improvement Will NOT Get You A Girlfriend!!,ForeverAlone,472,95,0.96,https://reddit.com/r/ForeverAlone/comments/1m2dsfc/self_improvement_will_not_get_you_a_girlfriend/,2025-07-17,let_it_rain_boat,"How many of you have a degree, a solid job, take care of your body and still struggle to find a girlfriend? Meanwhile, I know guys who don’t work, don’t hit the gym, have no formal education, and yet have gorgeous girlfriends who actually provide for them. 

One guy I know literally lies in bed all day eating cake and ice cream while his girlfriend works and pays all the bills.

Another has severe mental health challenges, is unemployed, and has never held a job for more than six months yet he has a very attractive girlfriend who works, supports him, and handles everything.

It makes me wonder maybe there’s more to this than just “self improvement.”",Discussion
gn3a3s,It sucks not having a girlfriend.,ForeverAlone,464,80,0.97,https://reddit.com/r/ForeverAlone/comments/gn3a3s/it_sucks_not_having_a_girlfriend/,2020-05-20,GamerSupreme,"I know this ain't original but I need to vent. I just want to know what it's like to cuddle with a girl who is interested in me. I want to know what it's like to kiss a girl whom I care about. The idea of being intimate with a girl is almost like a foreign concept to me. It feels like an idea that is so far out there for me to reach. It depresses me. The fact that I'm probably going to go the entirety of my life without going on a single date produces a feeling of hopelessness. 

My heart physically aches. I feel like crying. I'm too socially awkward and quiet to have someone be romantically interested in me. People see me as retarded and I do make a lot of stupid mistakes. To be fair, people mostly treat me nicely but it feels like I will never be good enough for a romantic partner. No girl wants me. I'm thinking of buying a fleshlight and take advantage of my imagination to simulate sex as much as I can. It's the closest i will ever get to  having sex. 

Don't get me wrong, it's not",Vent
si7eqj,"Just Turned 30, Never Thought I Would Be Forever Alone.",ForeverAlone,456,150,0.98,https://reddit.com/r/ForeverAlone/comments/si7eqj/just_turned_30_never_thought_i_would_be_forever/,2022-02-01,FrustratedIncorp,"I turned 30 last week. It's kind of surreal no longer considered a ""kid"" by societies rules. I honestly never thought I would make it to 30 and still be forever alone. It's crazy because I feel like I've done everything society says I should do to get a relationship but have never had one. I have a good job (I work in IT), my own apartment, I own a car, I also have an old muscle car I am restoring and have fun hobbies. But girls are never interested in me.

I work out, I surf, I skate and snowboard. I play a little guitar, I collect vinyl records, I play ice hockey, I play roller hockey and fish but I have never had a girlfriend.

It's not for the lack of trying either. I've asked out dozens of girls over the years. Usually just get rejected or if they give me their number they never respond to a text (or calls just go straight to voicemail)... I've only ever had a few dates over the years and only one turned into a second date, which seemed to be a pity date (the girl said she loved t",Vent
p11lb3,Kissed a girl at 28,ForeverAlone,441,66,0.96,https://reddit.com/r/ForeverAlone/comments/p11lb3/kissed_a_girl_at_28/,2021-08-09,AoKuroOsaka,"Sort of success story and brain dump I guess? (Never thought I'd use this tag...)

**The background**: I am a 28yo guy, never had a girlfriend, never kissed. With time I managed to make many friends, but never had a girl interested in me in the slightest. Got rejected many times. I was recently very disappointed and depressed because the girl I liked (and felt that I've liked the most) just rejected me. I really felt a connection with this girl, and was thinking that if it wasn't happening this time, it would just never happen, given my age and my zero success so far. You can see my bad mental state in my previous posts and comments.

**The kiss**: So some days ago, I went to drink to a park with some friends. It's a pretty chill place where everybody gathers and you get to chat with random drunk people sometimes. I was still really sad and feeling hopeless like never before, and of course I was hiding it and just got really drunk. After talking with many random people, I started to ha",Success Story
1sjxh69,After 37 years I've finally found a girlfriend,ForeverAlone,439,62,0.95,https://reddit.com/r/ForeverAlone/comments/1sjxh69/after_37_years_ive_finally_found_a_girlfriend/,2026-04-13,OneEyeOdyn,"[Previous thread](https://old.reddit.com/r/ForeverAlone/comments/1shbtp0/ii_did_it_37_and_just_got_my_first_date_with_a/?)

Date was very successful. She had a dew bfs. Her last relationship ended after 9 months. He ghosted her then dumped her out of thr blue. No reason given other then he was tired of her. 

She was fine with me being a virgin. It kinda slipped when we joked about it. Shes one too. She didnt know I was. She wanted to go slow. 

Also has no friends or social life. Just goes home to video game.

It came as a huge shock shes a forever alone as she is pretty cute.

Shes happy i got my first kiss with her. Thinks its cute. She thought i was cute snd was really surprised i was a loner. 

Its so surreal. 37 years and its finally over. Holy shit.",Success Story
hgc4zr,Living life without love is pointless.,ForeverAlone,424,88,0.97,https://reddit.com/r/ForeverAlone/comments/hgc4zr/living_life_without_love_is_pointless/,2020-06-26,Former-Pineapple1,"I have no friends and never had a girlfriend. I spent most of my life working and being the polite son that does what he has been told. In tune with it, I'm also a boring person that is the everyday man that nobody wants to become. I'm not hated, just unremarkable in any way. People don't mind my presence, but they don't want more of it either. 

I'm 28 years old and only see a wasted life. I traveled, I worked and did sports but never had someone to share it with, and that makes it feel empty. While other people learnt to be social and to love and be loved, I know less about it than a teenager, and it shows, tinder or cold approach or asking out after getting to know someone a bit know resulted in the same, I'm not interesting and not seen as a potential partner, I'm nto attractive or desirable.

""relationships won't fix your life""

""it's not all that good as you think it is.""

I know. But while they don't make things necessarily better, life is plain bad without love to me and had no",
gpw8v8,Lost the will to live,ForeverAlone,408,70,0.97,https://reddit.com/r/ForeverAlone/comments/gpw8v8/lost_the_will_to_live/,2020-05-24,Nifteindastjarna,"So, I (24M, virgin) am studying abroad right now, doing my masters in another country. I managed to make some friends by joining a student organization, so when I started here my life wasn't a complete misery. Two weeks before the lockdown began in my country, I went to a 4 day international trip as part of the student organization. Over 30 people there, plenty of drinking of partying, I had lots of fun, was a great trip. Until the last night. Everyone was drunk, including me, and just all of sudden.. everyone hooked up. Right before my eyes. People that, throughout the event, I had never even seen talking together, now making out. Couldn't go to bed early because there were people cuddling/having sex in my room (there were a few rooms with multiple beds). And I? Nothing, not even close to being able to take part in this, experience anything similar. I come from a different dimension where everything is platonic. That night I felt one of the strongest feeling I've ever felt. How much I",
8gnuvt,An unpopular opinion that may offend some of you,ForeverAlone,376,80,0.95,https://reddit.com/r/ForeverAlone/comments/8gnuvt/an_unpopular_opinion_that_may_offend_some_of_you/,2018-05-03,Anotherguy783,"I realize this may offend some of you. I'm sorry. Since I've been gone I've noticed an influx or posters in their late teens and early twenties claiming to be FA and how they have given up. I'm not saying they aren't FA because that would be against the rules but I'm going to turn 35 in a couple of months. I've never had a girlfriend or even a woman in person show interest in me. Sure I've had dates but as soon as they saw me in person it was over.To the people in that age range, you need to avoid this sub. You still have time. Sure you could end up as a failure like me but you are still young enough to where you could just be a late bloomer which happens on here sometimes. A poster will say how they are 18 and FA. Since they never had a girlfriend in high school, they will never find someone. Same thing goes for women with never having a boyfriend in high school. It's not too late for you if you are still in your late teens or early twenties. I know it feels that way but we have had m",
p2h5ut,"All my friends are starting to have kids, while I never had a girlfriend",ForeverAlone,362,48,0.98,https://reddit.com/r/ForeverAlone/comments/p2h5ut/all_my_friends_are_starting_to_have_kids_while_i/,2021-08-11,Stained_Class,"Three weeks ago, I (29M) went on a week-end to see childhood friends who are about the same age as me, and it is so weird to see all of them having children one after others. One couple have a one year old son I have seen before. And during this week-end, I met another couple's some months old daughter, and I learned a third friend was pregnant. 

And here I am, who never had a girlfriend at 29, and never kissed on the mouth outside of the bottle game years ago. 

Most of them are talking more and more about parents stuff, and I feel a bit left out by them, that things will never be the same. They also have less time to see other people, we see them less often.

But also, I can't stop to think that they all enjoyed their youth, all enjoyed their 20's life with couples and love, while I didn't. And that while they enjoyed it, I will have much less time to enjoy couple life with no kids. More and more women of my age will want children at a some relatively not too far point, while I real",Vent
esv69k,I turn 25 tomorrow. A whole quarter century of being Forever Alone.,ForeverAlone,356,63,0.98,https://reddit.com/r/ForeverAlone/comments/esv69k/i_turn_25_tomorrow_a_whole_quarter_century_of/,2020-01-23,InvaderWeezle,"I wish I could say things are looking up but they're really not. My high-functioning autism will forever prevent me from ever truly being able to connect with people on a level where they would want to spend a lot of time with me. I'm so aware of everything wrong with me but I'm too broken to escape my head and be able to fix myself. I feel myself wasting away more and more every day.

Everyone always tries to tell me that it's not so bad that I've still never had a girlfriend at my age, but it's nothing but lies. It IS weird, and the amount of social interaction that I was depraved of in my teenage years will forever hold me back now as an adult. I find myself having more in common with present day teenagers than I do people my own age.

The world passed me by and now it's too late for me to be anything special to anyone.",Vent
l5z8ju,I'm going to be alone forever because I'll never have the courage to ask a woman out.,ForeverAlone,349,56,0.97,https://reddit.com/r/ForeverAlone/comments/l5z8ju/im_going_to_be_alone_forever_because_ill_never/,2021-01-27,YesPlsNoPls,"I'm 23 now and have never had a girlfriend, never had sex, never kissed, never even went on a date. I'm not attractive enough to have a woman ask me out so the only possible way to get a girlfriend is to do the asking. Which I'll never do because I have social anxiety and the thought of being judged or making someone uncomfortable is something I'll never get over. I just don't know what to do. I can't even find friends online as people I talk to forget I exist within seconds. I hate myself.",Vent
p2158h,I'm tired of getting asked why I dont have a girlfriend,ForeverAlone,344,47,0.99,https://reddit.com/r/ForeverAlone/comments/p2158h/im_tired_of_getting_asked_why_i_dont_have_a/,2021-08-10,Flowmethazine,"Im lucky enough to have a decent amount of social contacts and people that care about me. Im really grateful to have these people in my life because I know thats not granted for everybody. But Im tired of the questions whether it is my mom or my friends, I dont know what answers I should give. Everytime I try to avoid being open about me being FA. I wish for a girlfriend since puberty but never even got close to a relationship and now Im in my mid twenties. 

What would you answer on questions like this? 

“Have you ever been in love, you never brought someone home but you will bring someone home, right?“ - my mom

“You cant be happy with your life like this, right? You should focus your life on getting a girl“ - my best friend

“You never had a relationship, why?“ - my flatmate and friend

“Do you finally have a girlfriend?“ - an old friend from school

Everytime I get asked such questions it crushes my heart because it makes me realize that there is something wrong with me and the pe",Vent
v9nhq0,My grandma asked my brother about girls...,ForeverAlone,336,41,0.98,https://reddit.com/r/ForeverAlone/comments/v9nhq0/my_grandma_asked_my_brother_about_girls/,2022-06-11,Perditor-de-Tenebris,"My brother is 15, yesterday we visited our grandparents and while eating downstairs, I overheard their conversation. My grandma asked my brother about girls in school. He told her that he is not really interested in girls, then my grandma said that he should be. He shouldn't become a person like me.

She described me with a word, that basically means ""dude who will die without any relationship, never had a girlfriend and never will"". So yeah, basically my own grandma called me forever alone.",Vent
lsbvl4,26M Success Story,ForeverAlone,332,36,0.95,https://reddit.com/r/ForeverAlone/comments/lsbvl4/26m_success_story/,2021-02-25,ThePGT,"I never thought I would be writing this kind of post.

A little over a month ago a few friends of mine were offering to hook me up with an escort knowing that I am still a virgin. Knowing that its illegal where i am and being too prideful I kept saying no. But the thought was always in the back of my head. I soon came very close to doing it until another friend suggested I try dating apps again. 

I gave hinge a shot and ended up having a first coffee date on 2/13/21 (before valentines day lol). The conversation flowed smoothly and after she wanted to listen to music in my truck. We shared some of our favorite music. In the middle of all of it she was giving blatant signs she wanted to do more such as saying her lips are dry and got chapstick 😅.

Some time passed and I asked if she wanted to kiss and she said thats what she was waiting for! We made out for almost an hour after that. It was my first kiss and was a very exciting experience. 

Fast forward a week later we had dinner toget",
1liujki,Life as a man is a scam,ForeverAlone,320,39,0.91,https://reddit.com/r/ForeverAlone/comments/1liujki/life_as_a_man_is_a_scam/,2025-06-23,Apprehensive-Alps279,"The numbness, the loneliness, no validation, no positive affirmations ever, dealing with your head, have to figure it out yourself, even your family look other way when in need of help. How little you matter, the help you get at your lowest, nobody cares about a man unless hes extremely successful or can provide. Deal with and go through this your entire life and then you die. I dont know how you guys do it. Life as a man is a scam.",Vent
k2q2un,In 1 month I will be 22 without ever having a girlfriend.,ForeverAlone,308,64,0.95,https://reddit.com/r/ForeverAlone/comments/k2q2un/in_1_month_i_will_be_22_without_ever_having_a/,2020-11-28,red_holiday2,"I never had a girlfriend and because I work full time in pretty much an all male enviroment with the only women there being 50+ I don't know if I will ever find a girlfriend. I still live with my parents because I can't afford a house. I just have no clue where to even start. The majority of my peers are still in college, but for someone who isn't and works like 50 hour weeks where could I even go to find a girl. At this point I don't even know how to like a girl other than just lusting after her. I've liked the same girl for 11 years, but when I last talked to her she pretty much rejected me. I don't know how to like another girl like I liked her. I wish I was just dead. I don't even know if I picked the right flair.


Edit: Thank you to all who gave the awards. I appreciate them, but please save your money and don't spend it on my post. Thank you I know you all mean well.",Vent
se9jii,A man in China who apparently tried to kill himself said he was ashamed that his son was still single at 29,ForeverAlone,289,31,0.98,https://reddit.com/r/ForeverAlone/comments/se9jii/a_man_in_china_who_apparently_tried_to_kill/,2022-01-27,Winter_Willingness21,,
li9fs5,I’m literally terrified to talk to girls.,ForeverAlone,289,58,0.97,https://reddit.com/r/ForeverAlone/comments/li9fs5/im_literally_terrified_to_talk_to_girls/,2021-02-12,p4ul1023,"I’m a 23 year old guy. I’ve never kissed anyone and I’m still a lonely virgin.

I graduated college last year and career wise I’m doing fine, but I am literally terrified of talking to a girl. When I was in college, it was a living hell. I lived in a suite with 4 other kids and every single one of them had a girlfriend they met on campus. I was the only one without one and they would always try to help me talk to a girl but I would always start sweating and my mind and heart would start racing. I could never follow through. Every time I went to a party they would be hanging out with their girlfriends and other friends, while I sat by myself drinking and smoking (weed) my sadness away. I literally had no other friends at college except my roommates, and when they went off to do their own things I was left alone. 

I wanna talk to girls, but I just can’t bring myself to do it. I’ve tried so many times but end up backing out at the last second because I felt like I was gonna pass out from",Vent
qs41rl,"I’m a Lonely 23 year old male in his room all day with no friends, with autism and a low IQ. I have Some advice for you. &lt;3",ForeverAlone,274,25,0.93,https://reddit.com/r/ForeverAlone/comments/qs41rl/im_a_lonely_23_year_old_male_in_his_room_all_day/,2021-11-12,PeteyZee1998,"Just know you aren’t alone. I only have my momma and I’m proud of that. She’s my world. 

I have a diagnosed intellectual impairment and low functioning autism. 

I need help with using the toilet, and even help with basic self care and hygiene. Please be grateful oh what you do have. 

I have my computer, my iPhone to take photos of the sunset, I have my ps4 to watch my Netflix and that’s ok. 

I also struggle and don’t have anyone, I don’t use dating sites. I’ve got lucky a few times in real life at a club and got to “do it” but that’s all and have kissed a few people, I’m happy with that but being a man you want more but I understand your pain, it wasn’t untill 21 I had sex and these few rare experiences on a drunk night out with my brother. One of the times I had sex was paid for. I’ve been rejected so much too and still struggle chatting to women 

I’m obese and under average. 

Just remember have my mindset. It’s alright my fam &lt;3 

Life can still be good, if you feel like you",Success Story
1lhhfyx,sorry I wasn't born loud enough to be loved,ForeverAlone,273,36,0.97,https://reddit.com/r/ForeverAlone/comments/1lhhfyx/sorry_i_wasnt_born_loud_enough_to_be_loved/,2025-06-22,ybhv,"as a man/boy, everyone keeps saying “confidence is attractive.” “just put yourself out there.” “speak up."" ""be assertive"". yeah? and then what? i become a completely different person so someone finally looks my way?

i’m not social. i’m not someone who lights up a room. i don’t know how to flirt or make people laugh or insert myself into conversations like i belong, idk how to make friends. i’m quiet and soft-spoken. i overthink everything i say before i say it. and half the time i don’t say it at all. and that’s apparently enough for life to decide i don’t get friends. i don’t get relationships. all I get is a pair of ugly eyes to watch everyone else love and live.

it’s funny how people preach “be yourself” while also making it painfully obvious that only certain “selves” are worthy of attention. if you’re not bold or pretty or magnetic, especially as a man/boy in this age, its gonna be grueling to find reasons to go on. i never asked for life. what is the point of human life if love",Vent
f7quz7,"As a 24M Forever Alone, this has been my thought process over the years:",ForeverAlone,272,67,0.98,https://reddit.com/r/ForeverAlone/comments/f7quz7/as_a_24m_forever_alone_this_has_been_my_thought/,2020-02-22,BrandXsss,"Age 18: No relationship experience. Ah it's okay, I'm just a late bloomer.
Age 19: I'm sure I'll find a girl soon it's bound to happen. Right?
Age 20: Okay this is concerning. I'm still a virgin at 20? This has to be the year.
Age 21: Now this is really concerning. What's wrong with me?
Age 22: I must be so goddamn ugly.
Age 23: Well, I'm FA forever I guess. 
Age 24: Just fucking kill me.",
12w9ahc,It's high time I just accept the truth: I'm going to be alone forever.,ForeverAlone,269,59,0.98,https://reddit.com/r/ForeverAlone/comments/12w9ahc/its_high_time_i_just_accept_the_truth_im_going_to/,2023-04-23,BurnaAccount1227,"I've(32M) been in denial about it for years. Clinging to the hope that, maybe someone will come along that However, it's become more and more clear that I'm just not enough to be with anyone. I don't check anyone's boxes. I'm too short. I'm ugly as sin. Despite my efforts trying to lift, work out and grow, I look and feel like a skinnyfat blob. I wouldn't say I'm poor but if the expectation is 6 figures, I'm not there either, at least not in a consistent basis. I've remade my wardrobe. I'm always a clean person. As far as I'm aware, I'm not an asshole, at the very least. Quiet and reserved, maybe. Total introvert. But that doesn't matter. Doesn't matter what I do or what I try. All I get are weird looks, odd stares, people lying to me, and just generally feeling like an, outcast.

But I can't blame anyone for not wanting me. I look around and see all of these highly successful and attractive, confident and charismatic men, being everything that I'm not, and really, why the fuck would a",Vent
18dxklh,You can’t feel like a fully realized adult if you’re sexless,ForeverAlone,258,28,0.96,https://reddit.com/r/ForeverAlone/comments/18dxklh/you_cant_feel_like_a_fully_realized_adult_if/,2023-12-08,pockets2tight,"No matter how well your career is going, if you go home alone, never have any one to spend time with, and no intimate experiences you’re actual age will never feel congruent with your psychological age

I remember back in 2009 my friend told me how his girlfriend got upset and felt “like a baby” when she hurt him giving him a handjob as a way of making me feel okay not knowing how to do a anything sexual.

We were in our late teens. Fast forward to 2023 and I’m 35 and I still have no robust or meaningful sex life or even history to speak of. She felt immature back then, imagine how I feel at my age now. All the memories missed out on, the fun that’s supposed to be had in bed with someone, all of the bonding.

It doesn’t exist. I still get jealous and sad and can’t watch movies or tv shows where things get hot. It’s not supposed to be like this. It’s not fair, and it’s not okay.

If you read this and can relate, if the normal people find this, just know you’re feelings are valid. The ra",
1o2qhnn,How Do Guys Get Girlfriends So Quickly?,ForeverAlone,244,62,0.96,https://reddit.com/r/ForeverAlone/comments/1o2qhnn/how_do_guys_get_girlfriends_so_quickly/,2025-10-10,Snoo_71379,"I'm always amazed by guys who'll just move to a new place and within weeks, they're like, ""Yeah, my girlfriend and I..."" even though they were single when they first arrived. It's not like they're top-tier looking guys, either. I'm talking average, plain-Joe guys. And they all say they don't have the most active social life.

Where are they meeting their girlfriends? How? And how do they get things rolling so quickly, especially when women are so wary about letting men into their lives these days?",Discussion
t0pqm3,I did it !!,ForeverAlone,240,71,0.91,https://reddit.com/r/ForeverAlone/comments/t0pqm3/i_did_it/,2022-02-25,sub585,"Guys I (23m) finally did it, I went to my first ever date, I met her on a dating app (yup it worked), I’m just back from the date and she said she had really fun with me, she also took my first kiss so I’m really happy.
Don’t lose hope guys I know you can do it, I was also sick of getting rejected but the wait was worth it.

Edit: well I just wanted to share my only happy thing that happened to me in the last 4 years but I guess some of you aren’t really like to see others happy, I never had the intention to make any of you to feel bad so I’m sorry if you find someone’s  happiness offensive",Success Story
tyc4n1,I quit this shitty game.,ForeverAlone,238,43,0.97,https://reddit.com/r/ForeverAlone/comments/tyc4n1/i_quit_this_shitty_game/,2022-04-07,Ralph_Marbler,"That's right, I finally quit trying to appeal to a girl and get into a relationship. 

The point of non-return was reached when I had a flirt with a girl a month ago that went wrong. She found a boyfriend right after going 180 with her feelings. I'm not going to tell the full story, it hurts too much just thinking about it. I feel like I've been used, but I don't want to start pointless arguments with her and figure out why I was so bad at flirting. 

That was the one too many defeat, and the final fucking blow. After years and years of trying to convince myself that relationships have become pointless for me, years and years of trying to small talk girls only to find out that either they're already taken, not interested, consider me as a friend/brother or they're straight up disgusted with me, I just decided to give it up. It represents too much emotional pain, and since I have autism, I feel this emotional pain at least 100× more than usual. 

I also realized that I'm being a fucking",Vent
l5n84f,Family events are like torture. I am asked about a girlfriend EVERY SINGLE TIME. I’m embarrassed. I start sweating and I don’t know how to explain it to my family.,ForeverAlone,235,46,0.98,https://reddit.com/r/ForeverAlone/comments/l5n84f/family_events_are_like_torture_i_am_asked_about_a/,2021-01-26,p4ul1023,"Every single fucking time I attend a family event for Christmas or Thanksgiving or something, my aunts, uncles or grandparents ALWAYS ask me why I don’t have a girlfriend yet. I have to lie and say I haven’t found the right one, when I know it’s because I’m ugly and have no chance of ever getting one. Even my first cousin, who I view as like a brother to me, has a GF and we’re the same age (25). He always pokes fun at me for not having one and I always give a fake laugh to play along, when I’m reality I want to break down crying right in front of him.

I’ve had girls straight up say “ew” when I send them a face pic. It’s dehumanizing. It’s embarrassing.

If you have a family member who is still single in their 20s or later, PLEASE don’t ask them about a significant other, especially at the dinner table in front of the WHOLE family. You don’t know what they’re going through or what they’ve been through. It’s a personal question and unless you know for a fact they are talking to someone,",Vent
1qycz4h,"At some point, I stopped dreaming of having a wife or girlfriend. I wonder if anyone had the same experience.",ForeverAlone,230,58,0.88,https://reddit.com/r/ForeverAlone/comments/1qycz4h/at_some_point_i_stopped_dreaming_of_having_a_wife/,2026-02-07,CompletePurification,"For the last 5 years, the closest thing I got in my dreams was having dinner with my celebrity crush just like the image above and that was it. No more female interaction even in my dreams. Shed a tear after waking up cause it felt so real.

My brain might lack information ever since I stopped watching movies with romance, TV shows that has romance, books or whatsoever that contains a slight bit of romance so maybe that's why but who knows?",Discussion
1p5m7r5,"""you are young you still have time"" is a lie",ForeverAlone,226,40,0.95,https://reddit.com/r/ForeverAlone/comments/1p5m7r5/you_are_young_you_still_have_time_is_a_lie/,2025-11-24,FullShiftMindLab,"When you complain about never having a relationship before and you are also worried about your time is running out, most people keep telling you ""you are just 22, you are young, you still have time, I'm sure you will find someone"" bla bla bla.
Obviously this is not true. Because some things are meant to live early. For example I am 22M and never had a gf in my life and lets say I found someone when I'm 23 and she's the same age too. This would be totally unfair, why? Because the other person is already in their 5th or 6th relationship by now and when you are having intimate moments (not necessarily sex, could be kissing too) you will feel a deep excitement and passion meanwhile it's something totally normal and USUAL for the other person. So you still end up being not satisfied enough and feeling like your relationship is unbalanced. 
And now imagine you are in your mid twenties or early thirties, it becomes much worse.",Discussion
15zdskw,I missed out on life,ForeverAlone,219,43,0.96,https://reddit.com/r/ForeverAlone/comments/15zdskw/i_missed_out_on_life/,2023-08-23,Anotherguy783,"I'm sick of people saying I'm young at 40 and still have a chance. It's not that I'm mad at them but they don't realize, I missed out on all the important moments in life. I was supposed to have a good childhood, friends in high school, your first girlfriend in high school, go to college, make more friends, get a good job, meet a woman who you fall in love with, marry her, then have kids. I've missed all of that. I'm never going to get to wake up with the woman of my dreams looking back at me. I'm never going to wake up to the sounds of my kids running around. I'm never going to say I do on a podium when I'm asked if I take my girlfriend to be my wife. I missed out on going on vacations with the person I love. I missed out on going out with the other fathers to the bar to talk about our lives. I missed out on growing older with you and while both our looks would start to fade(I never had them), we would still have each other. 

It's too late and nothing can make up for it. Going fishin",Vent
munrk0,I had a dream,ForeverAlone,209,18,0.97,https://reddit.com/r/ForeverAlone/comments/munrk0/i_had_a_dream/,2021-04-20,johnfive21,"Hey guys, I'm a 27 year old KHV and I had a dream/nightmare today. I dreamt I was sleeping (I know lol) and when I woke up a girl (presumably girlfriend) lived with me. I started my work from home as I do normally and she came to me and just hugged me for what, in a dream, seemed like a eternity. When she finally let go I asked her what was that for and she said 'I dunno, you looked like you needed it'. 

Needless to say I woke up, bawling my eyes out. My day, possibly week is ruined. I am not able to function properly, still having those feelings from the dream and knowing I will never feel those feeling IRL. 

Sorry if this doesn't belong here, feel free to delete. I just had to get this off my chest. 

Obligatory sorry if my English sucks, it's not my native language.",
18yamhv,I officially give up trying to get a girlfriend,ForeverAlone,206,37,0.98,https://reddit.com/r/ForeverAlone/comments/18yamhv/i_officially_give_up_trying_to_get_a_girlfriend/,2024-01-04,Deracinate-1986,"Been trying for 6 years and only ever had a single date. I’ve never been kissed, held hands with or been hugged by a woman. I’m an adult virgin approaching my 30s with no hopes of ever finding a date, let alone a girlfriend. 

It’ll likely be well into my 40s before I settle down (if I can even meet someone). I’m tired of the same advice about dating apps and clubs because it doesn’t work. 

I’ve already lived most of my life and been through so much without anyone by my side. I’ve never experienced it so it’s not even like I’m torturing myself because I miss it, I’m just being stupid going after something that’ll never happen and I’d rather construct as happy a life as I can achieve without making myself dependent on a relationship. I’m a highly driven man and I can hopefully make the most of whatever time I have left.",
1njgjyv,Therapist asked if I have a girlfriend and I just let out a laugh lol,ForeverAlone,204,29,0.96,https://reddit.com/r/ForeverAlone/comments/1njgjyv/therapist_asked_if_i_have_a_girlfriend_and_i_just/,2025-09-17,Black_Coyote2,I don't think I've ever been asked that before and to me it's just such a funny question. You can't get further from having a girlfriend than this.,Discussion
18s2c0j,Dating as a 27 year old guy is nearly impossible,ForeverAlone,202,55,0.92,https://reddit.com/r/ForeverAlone/comments/18s2c0j/dating_as_a_27_year_old_guy_is_nearly_impossible/,2023-12-27,Deracinate-1986,"Most women see the fact that I’ve never had a girlfriend as a red flag and avoid me. That and I’ve never had a big enough social circle to go put with and meet women organically. 

I tried all the apps and never had much success. I had one or two good matches but they ended up flaking out before I could ever get a date. 

I’m autistic so I doubt speed dating etc. Is the way forward because I can’t handle changes in my environment. 

I’m just so lonely at this point and it’s making me really upset. 

It’s less about a relationship and more just wanting to go on dates and get experience. I’ve accepted I’ll never have a girlfriend so just want to play the field and say I did it as a young man. 

I don’t like online dating. It only works if you’re in the top percentiles of attractiveness.  I don’t think I’ll ever have a relationship, I’m accepting it honestly. I’m not lying to myself, I have direct empirical experience of it and I know how this will end. 

It’s about the lack of companio",
goo325,I thought I found a girl. She ended up calling me a loser and blocking me.,ForeverAlone,201,22,0.96,https://reddit.com/r/ForeverAlone/comments/goo325/i_thought_i_found_a_girl_she_ended_up_calling_me/,2020-05-22,thickybitchy,"So I'm a really lonely guy. I don't leave my house I'm inside most of the time as such I do alot gaming on xbox. Talking to people on there. Essentially I met a girl she was really cool, I thought there was something there I was really thinking maybe this could go somewhere we had been talking for weeks over snapchat. So she admitted to me that she likes me I'm thinking holy shit this might actually be my first girlfriend naive I guess but ive never gotten to kiss a girl let alone have one admit to liking me. But today I get xbox to talk to her and she dms me calling me a loser and to fuck off. I'm like woah what did I do so I try dming her but she blocks me I try dming her on snapchat but she unfriend me. 

Ultimately it's pointless to wallow in sadness about it its just I thought we were going somewhere it felt so sudden no explanation or nothing just a leave me alone and a fuck off.",Vent
pnyz6j,I'm an overgrown child.,ForeverAlone,200,34,0.98,https://reddit.com/r/ForeverAlone/comments/pnyz6j/im_an_overgrown_child/,2021-09-14,EnormousPurpleGarden,"I'm an autistic 29-year-old male virgin who has never had a girlfriend. I am unqualified to participate in adulthood. I live with my parents in 2021, just as I did in 2011, just as I did in 2001.

I cannot foresee myself becoming self-sufficient. I see no realistic path to financial well-being. I can't hold down a full-time job because the daily grind exacerbates my pre-existing mental health problems. I tried to become a lawyer, which ended in failure when my \[now former\] employer made it clear that I didn't have impostor syndrome; I actually just sucked and didn't belong there.

I have less hope now than ever before. Career-wise, I don't know what to do with my life. Romance-wise, I've given up. I haven't asked anyone out in almost six years because I haven't had an opportunity, by which I mean I haven't met a single person in the last six years whom I could ask out. Everyone I've met in the past six years to whom I've been attracted has either been in a relationship already or has",
l9vlmj,I Really Wish I Wasn't 27,ForeverAlone,199,55,0.96,https://reddit.com/r/ForeverAlone/comments/l9vlmj/i_really_wish_i_wasnt_27/,2021-02-01,TrentonConnector,"I turned 27 a couple weeks ago. This isn't funny anymore--I'm gonna be 30 before I know it. Never had a girlfriend, or kissed, or anything. A few dates via apps that don't go anywhere. It makes my heart ache knowing that I'll never have the high-school/college puppy love experience that is so often romanticized in pop culture, or that few women my age have the patience to date a dude with no experience. And that's the other thing--I'm getting wrinkles, and my hair's receding and going white. I'm soon gonna be past my peak attractiveness. Every year, my birthday is getting scarier, and it's harder to tell myself ""this is gonna be my year!"" and believe it. It's getting to the point where depictions of love interests getting together in fiction is bumming me out instead of making me happy because I find myself wondering how on earth I'll ever be able to have an experience like the characters in movies. Why can't I just stay the same age 'til I find someone who loves me?

.

I know some of",Vent
ci1opb,I have no romantic experience at 26 and I feel like I don't belong in casual social situations.,ForeverAlone,193,51,0.98,https://reddit.com/r/ForeverAlone/comments/ci1opb/i_have_no_romantic_experience_at_26_and_i_feel/,2019-07-26,HcetIsTechBackwards,"I don't even know where to begin. I guess I want to put things into perspective first.

I am 26 year old guy in a large rural city (around 130K pop.). I have a full-time job I enjoy but don't get paid well at. I own a old trailer house and it's not in the best condition, but it's my house. I own my own car and am getting close to paying it off. I have no debt.

I have never had a girlfriend. Never held hands with a woman, never kissed, never even had a woman smile at me (outside of waitresses/cashiers). All my life I was always told by my mother that ""someone will come along"". I didn't really care when she said that, but I guess I believed it it up until last month.

I had an epiphany. I got tired of being a homebody. I started working out in my house, doing at least 40 miles a week on a treadmill and doing crunches/squats every night. I stated eating better. I want to say I dress better, but I have no fashion sense, so I didn't really make any improvements tbh. I read *How to Make Fri",Vent
wiwoa1,I'm a 26m and my 17m cousin found a girlfrield. I am now undeniably the laughing stock of the whole family,ForeverAlone,193,19,0.97,https://reddit.com/r/ForeverAlone/comments/wiwoa1/im_a_26m_and_my_17m_cousin_found_a_girlfrield_i/,2022-08-08,MrSigma1,"So to put some context on this: I have two other cousins, one that's in his late 30s, married with a kid, and the other one is 2 years older than me, already married and with kids too.

For the last few years, I've pictured in my mind with dread that the moment would inevitably come that this younger cousin would get a girlfriend before I did.

I'm not saying I blame or envy him or anything, or even that I want to have a girlfriend, get married or have kids right now.

It's just soul crushing and really downright humiliating that compared to someone 9 years younger, I have never been able to be in a relationship with anyone, let alone manage to hold a girl's interest for longer than a single date. It just magnified the fact and made it impossible for me to deny that I'm such a failure. I stopped even trying.",Vent
1s4e80b,Being touch starved is worse than being a virgin,ForeverAlone,191,38,0.96,https://reddit.com/r/ForeverAlone/comments/1s4e80b/being_touch_starved_is_worse_than_being_a_virgin/,2026-03-26,Achooo2,"I'm a virgin guy and I want to get a girlfriend and have sex just as much as every dude. However the lack of sex isn't what bothers me the most. I crave physical connection, I want to be hugged by a woman, I want us to cuddle together in bed and watch movies. 

I can deal with being horny by jacking off. However there is no way I can deal with being touch starved. I thought of buying a sex doll just so I can hug it when I'm feeling down. I wished I could meet a woman willing to cuddle with me. I hate how cuddling is reserved for couples.",Discussion
1ciu8or,Never tell anyone you feel lonely or you’re FA,ForeverAlone,190,14,0.96,https://reddit.com/r/ForeverAlone/comments/1ciu8or/never_tell_anyone_you_feel_lonely_or_youre_fa/,2024-05-02,Single_Pizza4867,"It’s literally social suicide. Prepare to 1. not have your feelings taken seriously, and 2. never be taken seriously in general again.

An awkward moment in conversation? Hey, did you know (you) hasn’t had a girlfriend? Ha ha hah ha.

Even long term friends. Playful banter in conversation? Oh, aren’t you the guy who gets no bitches? Ha ha ha. It’s so fucking funny. And I can’t even argue against it.

Literally just lie. Always lie. Boss asked if I got anything going on over the weekend(bullshit conversation to begin with), I say no. He says, “you got a girlfriend?” No, I just got out of a relationship. If I were honest I can guarantee I’d start getting mistreated at work 

Nobody will ever feel sympathy. The only option is to lie.",
kl29ax,I(M21) don't know if anyone can relate but I'm afraid of being physically clingy if i get in a relationship with someone.,ForeverAlone,190,15,0.98,https://reddit.com/r/ForeverAlone/comments/kl29ax/im21_dont_know_if_anyone_can_relate_but_im_afraid/,2020-12-27,my_throw_awayyy,"So I have never dated before but i am making changes to make my self more appealing to women. I have always longed for any type of physical touch and quality time (my two love languages) with a girl . This can be hugs, eating lunch together, the small random touches i may get every now and then, ECT. When i get a girlfriend, i know i would naturally want be physically clingy with her simply because i have never had a girlfriend before. Can anyone else relate?",
165mrrl,I (30M) turned my life around and it didn't matter,ForeverAlone,189,99,0.95,https://reddit.com/r/ForeverAlone/comments/165mrrl/i_30m_turned_my_life_around_and_it_didnt_matter/,2023-08-30,avalon239,"Been FA romantically my whole life, I thought that if I improved some things about myself that could change. I was morbidly obese, broke, suffering from addiction, and had no fashion sense at 25. Turned around all 4 of those by the time I was 28. Completely gave up substances, lost a ton of weight by fixing my diet, bought nice fitting clothes that were my style, and got better paying jobs. 

I have never been able to get a second date. It turns out that despite all of my self-improvement and advice from actively dating/married friends, both men and women, that I'm repulsive regardless. It must mean at least one of two things. 1: my personality makes women run for the hills, 2: I am irreparably unattractive, or 3: both of these must be true. 

At this point, having given up, I've regressed with my weight. It's not as bad as 25 but it's still worse than where I was even just 1 year ago. I feel awful and guilty about my appearance and now all of those clothes I got do not fit me, compoun",
vngo1w,"Can you live a happy, social life if you are ugly?",ForeverAlone,183,108,0.94,https://reddit.com/r/ForeverAlone/comments/vngo1w/can_you_live_a_happy_social_life_if_you_are_ugly/,2022-06-29,helppls901,"For context im 17M. Recently i had to take a photo with a professional camera for my ID. When i saw how the photos turned out i almost started crying. I told the girl working there that im happy with how the photos look even though i couldnt even look at them and went home. When i came home i quicky rushed to my room to cry. I cried for like 15 minutes and then laid in silence for about half an hour. I don't think that looks are the only thing that matter in relationships etc.. but i think that i now understand why no one has ever been interested in me and why people are not really friendly to me, even weirded out sometimes. I see all my friends with girls, classmates hugging random girls for fun even if they arent interested in eachother. I was just bullied for my looks my whole life, and i didnt even notice until today that im genuinely ugly. Looking at myself in the mirror i felt at least average, i avoided selfies because i would always just say ""my camera is bad thats why i look u",Vent
1pzwb3j,My dad asked if I'm really okay alone,ForeverAlone,181,48,0.97,https://reddit.com/r/ForeverAlone/comments/1pzwb3j/my_dad_asked_if_im_really_okay_alone/,2025-12-30,Hahaimalwayslikethis,"And I almost cried. We had family dinner at my parents' house for Christmas. Lots of people. Everyone with their partner (dating, engaged, or married). My older sister got her first boyfriend this year so I'm officially the only one alone. My sister got to introduce her boyfriend to our family, and also be introduced to his family this Christmas. 

My dad asked me if was okay being alone, and growing old without someone by my side. My dad is really worried about me now because even he can see that I can't find a partner. I don't know if he's trying to encourage me or what but it just made me feel like a failure and like I'm disappointing him. My mom doesn't say anything because she knows it's a sore subject but both my parents are really worried about me. Why does it seem like it's so easy for everyone else to date and find love?",Vent
9r8j46,I broke down at work today,ForeverAlone,181,67,0.86,https://reddit.com/r/ForeverAlone/comments/9r8j46/i_broke_down_at_work_today/,2018-10-25,cjh93,"I broke down and started crying at work. The safety officer took me into his office and we started talking about the whole mess. I usually keep my shit under wraps at work but today I just couldn’t. The conversation ended with him telling me to dress better and work on making myself more interesting to men (I’m a woman). 

He’s a very sweet old guy and I know his advice was coming from a good place, but I’m so tired of being told that I need to make myself better before anyone will even look my way. He kept saying “you’re so young!” “You’ve got time!” “Don’t concentrate on this and it’ll just happen!” All the while telling me that his daughter is in her 40s and never had someone so not everyone gets to be in a relationship “but there’s nothing wrong with that!” 

I honestly feel like I’m being punished. I was raised as a Christian but it’s hard to have faith in God when I believe He’s punishing me. For what I don’t know. Some days I really want to kill myself.",
1shbtp0,I..i did it. 37 and just got my first date with a woman...,ForeverAlone,180,27,0.96,https://reddit.com/r/ForeverAlone/comments/1shbtp0/ii_did_it_37_and_just_got_my_first_date_with_a/,2026-04-10,OneEyeOdyn,"I've never even held hands. I have no friends live with my dad. I have no idea how i did it. No woman has ever shown attraction. I just struck up a chat with her at work. We had a lot on common. We'd go see a movie friday and hang out get lunch. She gave me her number too.

I'm sweating bullets here. Will she ghost me? I have no friends never even had any either. I dont know why she'd even want too.",Advice Wanted
1pj6rq9,25M and never had a GF. It's torture.,ForeverAlone,179,39,0.97,https://reddit.com/r/ForeverAlone/comments/1pj6rq9/25m_and_never_had_a_gf_its_torture/,2025-12-10,PurifyingElemental,"Guess I'll ""love myself"" and ""pursue my hobbies"" until I die. Jfl.",Vent
1skyctz,"Do you have times, where you actually enjoy being FA?",ForeverAlone,179,36,0.99,https://reddit.com/r/ForeverAlone/comments/1skyctz/do_you_have_times_where_you_actually_enjoy_being/,2026-04-14,TX-2109,"I've (24M) been on vacation the last two weeks and spent most of my time painting my new Warhammer models.

And you know what? This was one of the rare occasions, where I actually enjoyed being FA. (Which really surprised me, because I am generally really love starved (virgin, never kissed, want girlfriend/love, etc.)).

Disclaimer: Nothing overall changed of course. I am still love starved.

Because I was really focused on my model painitng. The last two weeks pretty much looked like this: I wake up, do my morning workout, breakfast, paint, lunch break, paint, dinner break, paint and sleep.

And I really enjoyed being so completely fixated on it (in combination of being proud of how they turned out) and this wouldn't be possible if I was distracted by the obligations of a relationship.

Do you also have such moments sometimes?",Discussion
ush4d5,Is it really my fault for being so socially inept with women and having 0 confidence to approach them?,ForeverAlone,178,26,0.96,https://reddit.com/r/ForeverAlone/comments/ush4d5/is_it_really_my_fault_for_being_so_socially_inept/,2022-05-18,iammr_lunatic,"I've had a bad childhood. My dad, especially, has always been emotionally distant with me. Me and him just don't have that father-son relationship, it's non-existent. He beat me over the smallest of things, even in my adolesence. I can never think of him saying me any kind of positive thing to me ever. Mocked me for my looks, and almost everything that he could get his eyes on. 

This had a severe impact on my confidence. I have resultantly never viewed myself as good. Hypothetically speaking, even if i became good looking all of a sudden now, i don' think i'd still have any confidence to approach women. 

And yet, when i tell my friends that it's practically impossible for me to approach women, they always blame me for being not confident (they don't know my relationship with my father). I've seen all of them come from such supportive families, they don't know how easy it's for them",
10gu80y,How are you supposed to meet girls anyway?,ForeverAlone,176,62,0.95,https://reddit.com/r/ForeverAlone/comments/10gu80y/how_are_you_supposed_to_meet_girls_anyway/,2023-01-20,snotmyfault,"As a guy in my late 20s I ask myself this often. I work six days a week, have no friends and no social life. I can’t even imagine a scenario in which I get a girlfriend.

Tinder and other hook up apps are a waste of time. I’m not attractive enough for them, and they’re not meant for people like us.

Online dating is just another form of social media, these companies just want traffic and engagement. Your romantic success would hurt their business model.
  
Meetups and clubs
 People always say this, but I don’t see it as a realistic option. I feel like there won’t be young women there and they don’t want to be hit on in that environment anyways.
  
Irl 
This seems equally difficult, strangers don’t want to be hit on by random people. I also don’t have the charisma to cold approach women anyways. What am I supposed to do pretend I’m the main character in a movie and go sit alone at a bar? I’m sure chicks will be lining up to talk to me! 

I didn’t go to college and I don’t have any frien",
1m31y9o,I'm now a 40 year old Foreveralone Virgin...,ForeverAlone,174,49,0.97,https://reddit.com/r/ForeverAlone/comments/1m31y9o/im_now_a_40_year_old_foreveralone_virgin/,2025-07-18,Popular-Ad3288,"(40m) And honestly life ain't bad.

It's time though to give up on the dream of having a family and find a new dream that is more realistically obtainable.

I could go into details of my failings and regrets or what lessons I've learned, but I'll leave it to the comments... happy to chat and answer questions.",Discussion
1t273ng,Every girl seems to have a boyfriend.,ForeverAlone,173,47,0.96,https://reddit.com/r/ForeverAlone/comments/1t273ng/every_girl_seems_to_have_a_boyfriend/,2026-05-03,carlacz,"I don't go out much or talk to people. The few times I do talk to anyone is when they are in my vicinity aka waiting for the bus or in line somewhere. Girls unprompted will bring up that they have a boyfriend even if the topic is unrelated. It has happened so much that sometimes I think they are lying and are just saying it so I won't ask for their number or save themselves from rejecting me. Have you all noticed something similar 

BTW I am a guy",Discussion
151dek1,Girl that rejected me actually spoke to me,ForeverAlone,172,45,0.95,https://reddit.com/r/ForeverAlone/comments/151dek1/girl_that_rejected_me_actually_spoke_to_me/,2023-07-16,Dday141,"I (M33) have been frequently going to the gym for well over a year now. I go almost every day, same time in the very early morning. It's very nice having this routine as the main people there are much older folk and some people my age. I've probably spoken to about a small handful of people, saying good morning and whatnot. But going every day means that people know my face, so even though I've never spoken to half the people there, I pretty much know that they know what I look like and know my routine. I always go, do my sets, mind my business with my headphones in, and go home to get ready for work. The gym has kind of become an outlet for me and I very much enjoy it.

Sometime last year I noticed this new girl that was coming to the gym regularly. She always came in with baggy clothes, messy hair, glasses, just looking very normal. She had a lil tummy and was short also but I figured she was at least in her late twenties? For some reason I've found her to be the most cutest girl I'v",Vent
1opg5qh,Found this on YT and I thought I share it with you.,ForeverAlone,172,55,0.89,https://reddit.com/r/ForeverAlone/comments/1opg5qh/found_this_on_yt_and_i_thought_i_share_it_with_you/,2025-11-05,TX-2109,"As a 24M kissless virgin, with depression and no self-confidence and -esteem, it gave me a small spark of hope. Even if just a small one.",Success Story
1s790im,A conclusion I’ve reached now I’m in my 30s,ForeverAlone,172,28,0.99,https://reddit.com/r/ForeverAlone/comments/1s790im/a_conclusion_ive_reached_now_im_in_my_30s/,2026-03-29,420ball-sniffer69,"I’m a below average man in my 30s. I have a PhD, a good job and I like to look after myself through volunteering and therapy.  

I’ve never been on a date, never had a girlfriend and never even felt the affectionate touch of a woman in a romantic context. My friends have all surpassed me, some have even married and settled with children only to remove themselves from my life once they got their white picket fence ending.

I don’t want this to feel like a sob story but after thinking for quite a while about my own situation my only conclusion is that for one reason or another and despite craving it, we sometimes just never meet the mark.

You can blame online dating, you can blame Johnny six pack and you can blame your own perceived shortfalls but at that end of the day it just boils down to pure fate. Am I angry about it? Sure! Am I insecure? Absolutely! The only thing I can take away from this is the comfort that it’s not my fault. A woman doesn’t owe me her company or companionship a",Vent
1soe0sq,Turning 36m this year virgin,ForeverAlone,172,36,0.98,https://reddit.com/r/ForeverAlone/comments/1soe0sq/turning_36m_this_year_virgin/,2026-04-17,SlowHornet29,"HBO recommended 40 year old virgin to me and I felt like it was a personal attack lol. Maybe I’ll be a 40 year old virgin, who knows. I hear it’s quite rare.

35m with no GF. I spend a lot of time in the basement of my own house, I live alone, work a lot. Never worked remote.",Vent
1anyqrh,Relationships improve every aspect of your life exponentially and instantly,ForeverAlone,170,36,0.95,https://reddit.com/r/ForeverAlone/comments/1anyqrh/relationships_improve_every_aspect_of_your_life/,2024-02-11,vaeporwave,"I have witnessed it with my own eyes. In the two or so months since my friend got a girlfriend he has become completely unrecognizable. Before getting a girlfriend, he was like me, always mentally and physically exhausted, sulking, unmotivated, and generally aimless toward his life. Now, he is a changed man. He is happier, healthier (and visibly so), and is doing better in his coursework. He is full of life in away I never thought he could be and has clear plans and a direction for his future.

I asked him the best part about having a girlfriend and this was his response, paraphrased of course: ""I don't have to care about being judged anymore. Now, I can walk, dress, and behave however I want and I don't care what people think because I know there is a girl who loves me—and that makes everything okay. Also, life becomes so much better when you know there is always someone you can fall back on who knows you inside and out.""",Vent
irqdua,"Stop trying to take me to a strip club, guys!",ForeverAlone,170,26,0.95,https://reddit.com/r/ForeverAlone/comments/irqdua/stop_trying_to_take_me_to_a_strip_club_guys/,2020-09-13,uwillnotgotospace,"My brother and stepfather always try to take me to a strip club or a bar for my birthday or while we're on a vacation. I refuse.

It's loud, smoky, nasty, and insulting.

Going to a place where the women are paid to strip and dance really isn't going to help me. Don't get me wrong, I'd really like the chance to be close to women but this isn't the way to go about it. I'm shy, I'm scared of crowds, and this is Year 1 of the Pandemic Era. I didn't want it before and I damn sure don't want it now.

I'm so anxious around women, and I'm disgusted with myself for it.

There's also that going to a strip club feels... wrong to me somehow. I'm not very religious or anything, but bleh. Sure I'm single, have been for more years and way more awkward birthday presents than I'd like to admit.

If there's a woman stripping in front of me, I want it to be because she's into me, and not because she's into the money I throw at her or whatever. I want some damn actual intimacy in my life! I want a girlfr",Vent
14v9ln0,I have an imaginary boyfriend,ForeverAlone,168,61,0.91,https://reddit.com/r/ForeverAlone/comments/14v9ln0/i_have_an_imaginary_boyfriend/,2023-07-09,throwaway19399192,"This sounds very stupid and I know I have mental illness. Please don’t make fun of me, it has become a coping mechanism for me. What caused this to happen? I have been rejected by the very few men I have asked out and I have given up on trying to find love. I am very ugly woman who struggles with social anxiety so I am too scared to try any sort of dating app or approach men in real life. I know I’d make a terrible girlfriend too. I am a recluse who hides away in my bedroom all day and I know this will be my life for until I die. Anyways my solution in my mind was to create ‘the perfect boyfriend’. In my mind, he is tall and handsome, and way too good for me if this was real life. I know he’s not real but I really wish he was. I maladaptive daydream, just sitting in my bed, having him take me on dates and treat me well. I listen to music about love and happiness that help with the immersion. I wish he was real, I wish everything that I spend hours daydreaming would actually happen but",Vent
banafr,Don't you wish you can just delete the instincts from your mind that make you want a partner?,ForeverAlone,168,13,0.98,https://reddit.com/r/ForeverAlone/comments/banafr/dont_you_wish_you_can_just_delete_the_instincts/,2019-04-08,GamerSupreme,"What I'm referring to is that gene in our body that makes us want a romantic relationship with another person. We are naturally designed to desire procreation to pass on our genes. The big problem is when you are trying to be happy being alone, but there is always that thought that keeps popping up in your mind, ""Wouldn't it be nice to have a partner to cuddle and spend time with?""

NO. I don't want a partner because I know that no one is ever going to fall in love with me. I'm too introverted and awkward to have a girlfriend. When I see a guy who has a wonderful girlfriend, I'm like, ""You lucky son of a bitch."" I don't want to think that, but I can't help but get jealous. I just simply can't be happy being single all the time. I just get those images of being with a girlfriend in the back of my mind that brings my mood all the way down. 

I've tried asking out many women with different personalities and social groups, but they either straight up reject me or they say maybe then make a",
mubteo,Does reading r/Dating make anyone else feel hopeless?,ForeverAlone,167,34,0.97,https://reddit.com/r/ForeverAlone/comments/mubteo/does_reading_rdating_make_anyone_else_feel/,2021-04-19,shades_3,"I dunno some of the stuff on there crushes any hope I have. The one I was reading today, about kissing, and how it is apparently normal to kiss around the 2nd-3rd date, and not unusual for sex maybe a handful of dates after, makes me realize how little chance I actually have.

I mean as someone who has never kissed to begin with, as a guy I am likely supposed to initiate it, and even if I do (which honestly is probably the easiest part), the inexperience will instantly kill anything.

Not like it's something you can bring up either and have it be too attractive at my age (25), and according to them, failure to do so would make the girl think you are no interested in them... so lose lose I guess",
g5wd2j,It's NOT okay to give up in your 20s : a lame cautionary tale from a 40M KHV.,ForeverAlone,165,72,0.91,https://reddit.com/r/ForeverAlone/comments/g5wd2j/its_not_okay_to_give_up_in_your_20s_a_lame/,2020-04-22,captaindestucto,"It is in fact a terrible idea for most people...even up until 35.

And I'd add to that, anyone influencing another into giving up when they  otherwise might not  is causing real harm to that individual.

Even if one is going to end up FA for life, living with as few regrets as  possible would seem like the best way to reach a point of acceptance.   Feeling  despair at already having missed out on so much,  fear at  having your low self-worth confirmed over and over again with rejection after rejection, it's all  understandable, but giving up early to avoid pain just means more pain later on.

I'm in an empty house at the moment in the middle of a pandemic with plenty of time to reflect: *If  only I'd done what I could have, when I could have; gone to the gym,  changed my style, tried to work on my social skills, dealt with the self-hatred head on, thrown myself into every social situation available.* Yea, in my case some of that generic advice might have helped, but at a certain age do",
10up2br,"Dating a dream girl, after 26 years of ForeverAlone life",ForeverAlone,162,105,0.81,https://reddit.com/r/ForeverAlone/comments/10up2br/dating_a_dream_girl_after_26_years_of/,2023-02-05,maybeall9,"I entered December 2022 as a 26 year old virgin who never romantically held hands, hugged or kissed a girl. Over 8 weeks, my life turned around. If someone told me how lucky I'd get, with what a dream of a woman, I would've laughed to their face and bitterly responded such stories only happen in fairytales, or romcom anime. But my story of being ForeverAlone no longer is completely true, I'll offered proof to people asking on other subreddits.

\*

I didn't really have a social life since high school. Massive social anxiety, diagnosed by multiple psychologists. I lived in quiet despair, with medication merely numbing the pain, as many of you do. Longing for a relationship, but unable to pursue one. And also doubtful I could even connect to a girlfriend, as I developed typical ""nerd"" interests - architecture, poetry, visual arts and classical music - while feeling alienated from the interests of my peers. My phone contacts were limited to family &amp; colleagues. The only people to noti",Success Story
1su0pm5,Dating Is More Difficult the Older You Get,ForeverAlone,161,38,0.95,https://reddit.com/r/ForeverAlone/comments/1su0pm5/dating_is_more_difficult_the_older_you_get/,2026-04-24,sleezysalesrep,"30m virgin, I’ve gotten a ton of first dates off the apps, never made it to a second cuz apparently my autism gives women the “ick”.  But I notice as the years go by the fewer and fewer dates I get.  I remember in my early 20s getting 10+ first dates one year.  Now I’m lucky if I get one or two per year.

And I haven’t gotten uglier by any means.  In fact I went from 6’2 190lbs to 6’2 165lbs and still have all my hair.

Also another thing is the dating pool has gotten worse, I notice way more women my age on the apps who have let themselves go by gaining a ton of weight.  There are also so many more single mothers now.  Nothing wrong with that but I’m not about to be a step dad.

You could say, “why don’t you go after younger women?”  Like no, contrary to what red pillers believe, girls in their early 20s are not into older guys unless they have a ton of money and are super attractive.

In fact I’d argue the smv of males decreases more severely than that of women the older you get.

Be",Vent
1o51457,The pain and loneliness I feel every day is tremendous and I am losing my ability to cope fast.,ForeverAlone,159,22,0.99,https://reddit.com/r/ForeverAlone/comments/1o51457/the_pain_and_loneliness_i_feel_every_day_is/,2025-10-12,mbron163,"I am (31m) in tremendous emotinal pain constantly. I am lonely, isolated, and lacking relationships. Everything in life feels hopeless. It is so bad that seeing an attractive woman ruins my entire day. A brutal reminder that I will and forever will be alone. I wish I could be cured of all sexual feelings. I truly do, life would be easier. My attraction to people is the primary cause of pain and suffering in my life. I know for a fact it is abnormal to contemplate suicide after seeing a beautiful woman but, here I am. It is all hopeless.",Vent
1rgnpyl,"It sucks to know that I'm not an important person to anybody. Especially after seeing everyone else having a girlfriend, wife or whatsoever.",ForeverAlone,158,7,0.98,https://reddit.com/r/ForeverAlone/comments/1rgnpyl/it_sucks_to_know_that_im_not_an_important_person/,2026-02-28,CompletePurification,"I'm literally just an NPC who's living on for no such reason.

Not sure why I'm trying so hard to get a nice job if I'm gonna be like this for the rest of my life.

Might be the weather. I need some sunlight to get rid of this negativity.",Vent
1nycfmp,Even my dad said it's hard to find relationships these days LMAO,ForeverAlone,157,15,0.98,https://reddit.com/r/ForeverAlone/comments/1nycfmp/even_my_dad_said_its_hard_to_find_relationships/,2025-10-05,EarNearby5005,"My dad divorced my mom six months ago, so I go to his house on the weekends to visit her. This afternoon, we went fishing and chatted about random things until I asked him how his single life was going. He said he's fine most of the time, but the relationship part is practically impossible. He also said that women's standards these days, even for casual relationships, are sky-high, and he finally understood why I'd never gotten a girlfriend, lol. He always told me all I needed was to be confident and have money, and women would come to him. He thought it was as easy these days as it was back then, lmao.",Vent
16z7wtv,It's national boyfriend day and It sucks seeing all of the girls post pictures of their boyfrineds while im still single looking for a relationship.,ForeverAlone,155,28,0.89,https://reddit.com/r/ForeverAlone/comments/16z7wtv/its_national_boyfriend_day_and_it_sucks_seeing/,2023-10-04,Its__Garbox,I (M24) tend to be sensitive when people start posting pictures of their significant other. It's hard to scroll through countless girls post pictures of their boyfriends while I on the other hand is still looking for a relationship and struggle to get a 2nd date.,
7yyxuk,Maybe a glimmer of hope.,ForeverAlone,153,9,0.95,https://reddit.com/r/ForeverAlone/comments/7yyxuk/maybe_a_glimmer_of_hope/,2018-02-20,thewilloftheuniverse,"I'm 34, never had a girlfriend. The last 2 years I have been living basically all alone in a housing program my state provides for the seriously mentally ill, which I qualified for because I was suicidal and about to be homeless 2 years ago, having completely broken down. 

Well, a few weeks ago, an old friend invited me to move into his house with him and his wife, and her two brothers, because I let him stay with me for a while many years ago, (while I was still at least functional on a socioeconomic level), and he wanted to return the favor. 

So I have moved in, and living around people (and their dogs) has practically eliminated my depression. I feel good about finding a job again, and becoming at least a functional human being again. 

I'm not saying I have hope again yet of ever finding a woman. It's not as if being a basic functioning member of society is a guarantee, or even a real prerequisite, for getting a relationship with a woman, but it certainly helps. 

Wish me luck, b",
1pmwqpb,I'm 48 yr old male and it doesn't get any easier,ForeverAlone,153,26,0.96,https://reddit.com/r/ForeverAlone/comments/1pmwqpb/im_48_yr_old_male_and_it_doesnt_get_any_easier/,2025-12-15,Creative310,"I used to fantasize about having a girlfriend when I was younger. I used to go online over 20 years ago and I went on a lot of dates, but couldn't find anyone interested. I hooked up a few times in my 20s, and by 30 it dried up completely. Now I'm like a ghost; women ignore me like I don't exist. I even try talking to them, and sometimes they pretend that they can't hear me. I'm 6 ft tall and slender to average build, and I'm not ugly. I literally have never had a girlfriend. It's funny how women give the advice 'stop trying you'll meet someone without even trying.' They have no idea!!! I still dream about having a girlfriend",Discussion
160xyre,Even kids half my age experience what I will never have.,ForeverAlone,143,46,0.94,https://reddit.com/r/ForeverAlone/comments/160xyre/even_kids_half_my_age_experience_what_i_will/,2023-08-25,Alexanderrr965,"I am 26 years old (and 4 months) and still KHHV. I never had a girlfriend and I never had in reality a girl interested in me. I don't know what it's like to be hugged romantically, to be kissed or even the most basic thing of holding hands with a girl. 

I live near a park. And daily I see couples going to the park. Today saw a couple of 2 kids (they weren't older than 12 y/o) holding hands and really attracted to each other. They were so beautiful together, but I felt immediately a huge feeling of emptiness, of sadness because I know I will never experience love.

I am such a pathetic ugly mentally ill loser. No wonder no girl ever saw something in me.",
b4i3bn,I feel bad for my Dad,ForeverAlone,143,13,0.98,https://reddit.com/r/ForeverAlone/comments/b4i3bn/i_feel_bad_for_my_dad/,2019-03-23,Gates-Of-Delirium,"I'm his only child (I do have a half-sister though), and he did his best to raise me. But somehow I turned out to be a failed man. When I was younger whenever he would question me on if I had a girlfriend, I'd always stay quiet or say ""I'm not saying anything"". My Dad always goes on about ""when I have kids"", ""when I have a girlfriend"". His dream of grandchildren will never happen, at least all my cousins will carry on the family name. I want to commit suicide, but I can't bring myself to do it because my Dad is a good man who doesn't deserve to bury his son.",
ndomu7,Does anyone else here feel like giving up on being a man?,ForeverAlone,142,33,0.96,https://reddit.com/r/ForeverAlone/comments/ndomu7/does_anyone_else_here_feel_like_giving_up_on/,2021-05-16,jaguarcosworthr1,"I just can't keep up with the expectations. As a man, I was supposed to be everything that I'm not: tall, strong, overconfident, a risk taker, assertive, energetic. You know, manly men.

Even if you discount every single mental aspect because toxic masculinity or whatever the fuck, I look in the mirror and all I see is a feminine silhouette. I'm weak, I'm small, I'm fragile, I'm undeveloped. My face still the same as when I was 9yo, I just didn't matured at all and guess what? The whole point of the man is to mature and look old. Most of the masculine physical traits come from this idea of becoming an adult. 

It's not about wanting to become a man, it's about being trapped in this middle ground where I have every single feminine trait possible but I still have a cock between my legs. The feeling of not matching any of the biological genders requirements is absolutely excruciating, I truly feel subhuman when I'm around normal people. I feel like I should give up my gender role and cons",
1labl9m,I feel like I have more chance becoming the next Pope than ever getting a girlfriend,ForeverAlone,141,20,0.99,https://reddit.com/r/ForeverAlone/comments/1labl9m/i_feel_like_i_have_more_chance_becoming_the_next/,2025-06-13,__Polarix__,I'm not even Catholic,Vent
1o3mgsc,"Does anyone else feel like they were just born without the ""pursue women"" switch in their brain?",ForeverAlone,141,29,0.97,https://reddit.com/r/ForeverAlone/comments/1o3mgsc/does_anyone_else_feel_like_they_were_just_born/,2025-10-11,tfwnolife33,"You know how it's the man's job to approach women and ask them out and all that? Most men just naturally do that even if they aren't explicitly told that's how things work. Me? I went through all of grade school and early college thinking that I just had to wait for a girl to approach me and ask me out in order to get a girlfriend. I literally had to be told online by other people that's not how it works. I knew I had social anxiety, but it never even occurred to me that I was the one who was supposed to be initiating everything. Now at this point it's become too ingrained into my brain to sit and wait and I don't feel like putting in the effort to override that. So all I can really do is accept the fact and move on.",Discussion
1p27601,“People are attracted to different things bro”,ForeverAlone,141,42,0.97,https://reddit.com/r/ForeverAlone/comments/1p27601/people_are_attracted_to_different_things_bro/,2025-11-20,Boogabog,"Yet the advice is to always mold yourself into a “confident outgoing extroverted” man with a fit build lmao. Or have a fuckton of money.

As a quiet loner it’s over for me(34m, still virgin)
The amount of effort it’d take to change myself to fit that mold would take nearly a decade. If you deviate at all from that specific personality type and physical build and don’t have the face to make up for it, you’re cooked.",Vent
1s1orjq,Throwing in the towel on finding a woman. I am done.,ForeverAlone,140,30,0.92,https://reddit.com/r/ForeverAlone/comments/1s1orjq/throwing_in_the_towel_on_finding_a_woman_i_am_done/,2026-03-23,[deleted],"32m. Been single my whole life despite trying. These past few days I made some posts talking about the struggle of finding women that are interested in talking to me or going out. So, in the inbox I received a few messages from what I thought were women that could have been interested. Well, one just tried to scam me. The other has no interest in answering me and if she does it is like every 5 hours and uninterested as I ask all the questions, and the rest ghosted me. In the real world the disinterest and hostility women express to me is no different.  Women in this modern age are not attracted to me and do not want me to bother them. Anytime I feel maybe there could be something the rug is pulled from underneath. Scams, lies, ghosting and just me asking all of the questions. Why bother? The sad part is I know there are good men like me out there that just do not care anymore.I feel hollow inside. Cannot wait for the day I am truly numb to it. Fuck life and this world.",Vent
1o92pl6,"Go to a Book Club, Bro! That’ll Fix Your Loneliness!",ForeverAlone,136,38,0.96,https://reddit.com/r/ForeverAlone/comments/1o92pl6/go_to_a_book_club_bro_thatll_fix_your_loneliness/,2025-10-17,[deleted],"I hate seeing people give that same recycled advice on Reddit over and over even as a guy, I’ve always known exactly what happens in those situations.

Every time a dude posts about trying to meet people or make friends it’s the same copy paste responses *“Go to a board game night! Take a dance class! Join a book club!”* Like are you serious? Not everyone enjoys that stuff. And when you say you’re not into those super specific, usually women oriented hobbies, suddenly people act like you “don’t actually want to socialize.” No I just don’t like doing things I don’t enjoy. I’ve tried dancing, didn’t like it. I don’t like board games. I like hiking, but every group I find is full of 50 year old women. What am I supposed to do with that?

And yeah, sure hobby events *can* be good places to meet people, but only if you actually care about whats going on. When you’re genuinely interested, you relax, you have fun, and connections happen naturally. But if you’re just showing up because you’re",Vent
1luo32f,"""Male banter"" is just power dynamics under disguise",ForeverAlone,136,36,0.89,https://reddit.com/r/ForeverAlone/comments/1luo32f/male_banter_is_just_power_dynamics_under_disguise/,2025-07-08,Pristine_Newt_639,"One of the reasons I don't have friends is I'm really tired of this whole bullshit about putting you down and mocking you being just ""jokes between friends"". Every time someone tries to make a so called joke about you, it's just a power check. ""I've humiliated you in front of the group with a wide smile on my face, what are you going to do about that ?"" That's all there is to it. Talk about something serious ? Get mocked. Talk about something personal ? Get mocked. Talk about something important ? Get mocked. And if you don't say shit because you think all of this is stupid, then your place in the group -in society- is established, and you become a running laughing stock under pretense that it's simply jokes and it's not all that serious. But it is.

 I'm not a mop, I'm just not overly talkative, boasting and overall not a dumbfuck enough to shine socially as a male, or what society considers a male ; some kind of moronic caveman that beats his chest louder than others to establish dom",Discussion
1akav8q,Why haven't you had a girlfriend?,ForeverAlone,132,100,0.96,https://reddit.com/r/ForeverAlone/comments/1akav8q/why_havent_you_had_a_girlfriend/,2024-02-06,hotpotato128,"This is the most complex question anyone can ask me. The question is very complex because there are a lot of factors involved. I don't have any valid reason for it. That's why I don't like it when people ask me. 

I'm a 33M, virgin, and never had a girlfriend. I started therapy last year. My psychologist diagnosed me with dysthymic disorder (mild depression). I don't think that is the correct diagnosis though. 

&amp;#x200B;",Vent
n29xyb,Online Dating Is A Very Emotionally Draining Experience.,ForeverAlone,130,27,0.96,https://reddit.com/r/ForeverAlone/comments/n29xyb/online_dating_is_a_very_emotionally_draining/,2021-05-01,QuirkySquirtle,"For those of you who have never tried online dating before, let me tell you what it's like for many men.

Online dating can be a very emotionally draining and soul crushing experience for many men if you are not mentally strong enough to handle it. You will be ghosted, left on read, rejected, and flaked on time and time again. As a man, you'll send out messages to 100 different women and only around 5 of them will respond back with the small possibility that one of them leads to a date. It's not too uncommon for many men to be on an online dating site for MONTHS and get absolutely nowhere.  In addition, maybe you hear from your other friends, about how they signed up for Tinder and met the ""girl of their dreams"" after a couple of weeks of using the app, while you can barely even get a date so of course you feel terrible. You start to question yourself and believe that there's something terribly wrong with you and that you're not attractive enough. Your self-esteem and self-confidence t",
1qvaa3f,Scared AF 30M Virgin,ForeverAlone,130,37,0.99,https://reddit.com/r/ForeverAlone/comments/1qvaa3f/scared_af_30m_virgin/,2026-02-04,sleezysalesrep,"Idk what to do.  Ever since I turned 30 I’ve been freaking out.  Like the pain just keeps getting worse.  I want my youth back.  Plz take me back to when i was 18.  I just need another chance.

Whatever’s next is nothing good.  I’m not suicidal but it sure feels like I’m circling the drain.  Don’t see how it’s feasible to go on 50 more years.",Discussion
a0o2py,I'm completely panicking,ForeverAlone,129,21,0.93,https://reddit.com/r/ForeverAlone/comments/a0o2py/im_completely_panicking/,2018-11-26,LB767,"I'm a 24yo male virgin, never had a girlfriend, no kiss, no handholding, nothing. Found this sub a while ago and been lurking here ever since, it truly feels like a home.

Now here's the catch, I decided to have a go at Tinder (out of curiosity and pure boredom) and turns out I actually matched... That in itself is already shocking, but now we've been chatting a bit and the person wants to meet me. 

I'm completely lost on what to do, for the first few messages I was convinced it was a bot or a scam! I've never experienced this so I'm utterly inept at handling the situation. I'm scared shitless, my loner instincts kicked back in hard and I said I needed a bit more time. Just trying to imagine meeting with someone new seems so alien to me, I just stalled.

I honestly don't know what to do now. This is what I've been dreaming of all my life, but my mind can't go ahead with it. We're still talking, but I don't know how long that will last.

Sorry for the ramblings, I just had to vent.",
1ptjuhh,My parents are finally accepting of it,ForeverAlone,128,23,0.96,https://reddit.com/r/ForeverAlone/comments/1ptjuhh/my_parents_are_finally_accepting_of_it/,2025-12-23,Godz_Lavo,"Almost four years of my parents trying to come to terms with me being FA. Four years of them not understanding that I’m unlovable. They got close sometimes, but always remained in the delusion that I was just simply unlucky. 

But today my mom finally said something to me at a Christmas event with my family. My younger brother and his girlfriend were there, talking about moving in together and getting married. My mom told me afterwards that I could never have what they do. She told me that I would never be like my brother, that I do not have the “physicalities” for a relationship. 

It hit me like a ton of bricks, but it also made me happy. I would’ve never expected my mom to say something like that. But it seems I have finally broken through to them, and they understand now. 

This is my Christmas gift I guess.",Vent
170ii44,Does anyone else feel like there's no point in even trying because of just how much competition there is?,ForeverAlone,127,57,0.93,https://reddit.com/r/ForeverAlone/comments/170ii44/does_anyone_else_feel_like_theres_no_point_in/,2023-10-05,jizzyjazz2,"So I'm generally a lone wolf personality (no friends, no significant other) and that's something I'm mostly pretty comfortable with being, and I try my best to avoid the intrusive prospect of me possibly dating in the near future as much as possible; but sometimes the intrusive thoughts win and I start pondering and weighing my choices.

Lately I've been wondering how the hell you're meant to get by in society as a man looking for a woman. Pretty much every single woman I've met who I had some form of attraction towards turned out to already be in a relationship, or planning to enter one, with one or more guys who have way more to offer than I do.

I'm not too broken up about it seeing as I don't really even consider myself ready for a relationship in the first place at this moment, but when I think about it into the long term, I don't know how you're meant to account for this. People always talk about patience/kindness/being yourself when it comes to dating, but no one ever touches on",Advice Wanted
1qschml,My parents raised 3 FA adults,ForeverAlone,125,30,0.98,https://reddit.com/r/ForeverAlone/comments/1qschml/my_parents_raised_3_fa_adults/,2026-01-31,pockets2tight,"There's me - late 30s, my brother - mid 30s, and my sister - early 30s.  All of us FA.  My sister is almost certainly on the spectrum, at the very least has extreme anxiety.  We're all anxious actually.  My brother not so much, but for me in present severe issues even in my childhood.  My sister also has a speech disorder that was improperly addressed by my parents that refused in-school speech services when she was a child in lieu of a private provider that clearly didn't do enough.  

My brother is almost certainly gay.  Other family members have talked about this to me as well as some of his peers that I was connected to years and years ago.  Now, he joined a religious order so while technically he's not on the market, I am almost certain that he did this as a way of being able to skirt around the idea of dating men.  He's always been very Catholic, as are my parents.  If they ever found out he was gay, I have no idea what they'd do.  They don't even suspect it - I know because I me",Vent
723gls,Anyone slowly watch their childhood friends progress but you didn't at all.,ForeverAlone,125,42,0.99,https://reddit.com/r/ForeverAlone/comments/723gls/anyone_slowly_watch_their_childhood_friends/,2017-09-24,yoey720,"From when they started hanging out with girls, to first kiss, to first girlfriend, to first serious girlfriend, to loosing their virginity and so on..  Meanwhile, I've never had any of those things happen to me and I barely talk to women at all, and sit at home alone and deal with my depression.  I feel like an old person watching children grow up saying ""They grow up so fast.""",
1pr26ro,Everyone else is already paired,ForeverAlone,123,16,0.93,https://reddit.com/r/ForeverAlone/comments/1pr26ro/everyone_else_is_already_paired/,2025-12-20,FullShiftMindLab,"I am a 22M FA in college and have never had a relationship before. You know the annoying clichés from normies: “You’re young, you still have time. Take care of your looks and hygiene and try to socialize with no expectations, then one day you’ll find someone,” blah blah blah. I wanted to give it a try. I said okay, maybe they’re right. Maybe it’s because I don’t put in as much effort as normies do. So I spent my last semester and this semester socializing as much as I could. I joined several clubs and attended activities, only to have my FA status thrown in my face again and again.

I wasn’t rushing to get into a relationship with anyone, just observing and trying to see if I had any chances. Every girl I talked to (even when I wasn’t flirting and was just being friendly) either already had a boyfriend or had a crush. Even the first-years, like when the hell did you get into a relationship? You just started college.

And even if they are technically available, they still end up acting",Vent
1o0tdfq,Where all my unemployed mothafuckers at?  Who else spends their day getting rejected from jobs and dating?,ForeverAlone,121,28,0.98,https://reddit.com/r/ForeverAlone/comments/1o0tdfq/where_all_my_unemployed_mothafuckers_at_who_else/,2025-10-07,pockets2tight,"Got let go from my position last June because of completely bullshit reasons (I know a lot of people say that.  Lack of socializing was the main reason they gave because they couldn't bad mouth my performance).  Since them I've been hitting those job boards up daily.  Nothing to do all day.  Just rejection after rejection.  God damn each day is brutal.  

Not like I was a good dating prospect in the first place, but now as a guy with no job in my 30s?  Lmao it's never been more over for me.

Who else is getting that double acid IV drip from being unemployed and FA?",Discussion
1lb3zac,"I made the gruelling mistake of trying to approach a girl at the gym, and it went horribly.",ForeverAlone,119,56,0.94,https://reddit.com/r/ForeverAlone/comments/1lb3zac/i_made_the_gruelling_mistake_of_trying_to/,2025-06-14,wizardstone66,"Sorry in advance if there are any formatting issues, I'm not used to posting long texts on reddit.

I 22m, earlier this week, made the awful decision to try approaching a woman at the gym. The day started off normal: I got up, showered, got ready, and went to the gym. While I was doing some ab exercises, I noticed a girl I see often had started working out nearby. 

She's a regular, I have seen her many times, and we have exchanged eye contact on occasion, and I thought she was cute. Over time, I guess I developed a bit of a crush.

After some back and forth in my head, I decided to approach her while she was resting. And honestly, calling what happened next a ""fuck up"" would be putting it lightly.

I started off by asking her how her workout was going. She took out her headphones, and I repeated myself. She replied with a confused, ""fineee"". At that moment, I'm awful at reading people, but I felt the vibe was off, so I asked if I was bothering her. She said no, and me, being the awkwa",Vent
1r6mfm0,I lied about having a girlfriend and still got insulted.,ForeverAlone,118,35,0.93,https://reddit.com/r/ForeverAlone/comments/1r6mfm0/i_lied_about_having_a_girlfriend_and_still_got/,2026-02-16,Uselesshuman56,"I was working on valentines day and a co worker caught me of guard and asked me if I have gf and if I gifted her something I said yes and I said I've been dating her since 2024. Then she said ""I honestly never thought you'd have a girlfriend because you're so quiet"" tf is that supposed to mean? What an unessarry comment.

I know its not because I'm quiet no one says that about tall and handsome quiet guys she was probably surprised because I'm not tall and I'm ugly. What was the point of that comment honestly? I feel bad now but I know if I said i never had girlfriend she and other co worker would probably lose respect or talk bad about me I heard stories in this sub about telling people the truth so I lie to not have that happen. Thats why I dont tell my buisness at work even if its a lie. 

TLTR: lied about having a girlfriend to co worker and she was surprised as if its strange for me to have a girlfriend.",Vent
1q5a83h,"If I ever get a girlfriend, what do I even do with her?",ForeverAlone,117,44,0.94,https://reddit.com/r/ForeverAlone/comments/1q5a83h/if_i_ever_get_a_girlfriend_what_do_i_even_do_with/,2026-01-06,CompletePurification,"Bro I haven't even been on a single date in my 25+ years of life.

I don't know what to do after I get a match with someone on a dating app.",Discussion
1rhjx8o,"""I'm tall, rich and attractive but I still can't find a girlfriend""🤡",ForeverAlone,115,23,0.88,https://reddit.com/r/ForeverAlone/comments/1rhjx8o/im_tall_rich_and_attractive_but_i_still_cant_find/,2026-03-01,CompletePurification,"I'm truely happy for you bro, cause I am not any one of those. I hope you find someone with those outstanding stats.

But if you were trying to troll us, congrats. It's working on me. I think I see these every week or something.",Vent
1jpr2bp,Girl i was interested in ended up dating a friend i presented to her once,ForeverAlone,115,38,0.93,https://reddit.com/r/ForeverAlone/comments/1jpr2bp/girl_i_was_interested_in_ended_up_dating_a_friend/,2025-04-02,FireEmblemFates2,"Long story short: met a cute girl at work, she's pretty chill and we share some interests, i take up a lot of confidence and ask her to go out and spend an afternoon at the park, we get along well spending time with her feels light and amazing the afternoon was wonderful i never felt at ease like that with someone before, she's up for another hang out. Plan to go out a few more times with her over the course of a month or two so we know each other well and i can make a relationship blossom, going out with her felt soooo good i could spend days talking with her about our passions and views on the world.

I Invited her to a movie i planned to see with another friend of mine, it goes well and she plays into the group dynamic. And then it all goes bad, weeks passes by and i see from my friend's story both of them outside, when i confront him as to why he didn't invite me as well he gives me fake excuses and turns out they did go together a few times without me.

I talked with her at lunch",Vent
1knmr79,28 yr old male. I feel like I've failed.,ForeverAlone,113,35,0.97,https://reddit.com/r/ForeverAlone/comments/1knmr79/28_yr_old_male_i_feel_like_ive_failed/,2025-05-15,ZOM_B_WHISPERER,"Now im not normally one to post but I guess its just been weighing me down way to the point Im struggling to keep moving. Im still a virgin, not for the lack of trying but the only game I've got is in vr apperently. And it doesnt get better with time because all im reminded of is hey I dont have a partner. 

And I have *tried*. Numerous dating apps, no likes. Several attempts to socialize, no success. Im even on Facebook dating to no avail of god sakes.

Id like to think im average when it comes to looks, but apperently, im ""too nice"", or ""like a brother"" or some shit when all im doing is being me. Like I dont know what else to do. The only thing I've got going for me is height and not even much.

All I want is to have a partner of my own, someone whom I will dote on, take care of, pamper, and all of the rest of the stuff. Someone I can smile when I enter the room. And im afraid I'll never get that, never have sex either. Just be a failure for the rest of my life. 

Anyways. I needed t",Vent
bu9ao4,My boss tried to help me out during a work meeting,ForeverAlone,109,17,0.99,https://reddit.com/r/ForeverAlone/comments/bu9ao4/my_boss_tried_to_help_me_out_during_a_work_meeting/,2019-05-29,BuildABaconBurger,"Work meeting, topic of family came up. I said I didn't have kids or a wife. Boss spoke up and said you never know. Then asked everyone in the meeting if they had a single daughter, niece or cousin. Everyone just awkwardly sat silent. It's the thought that counts lol. She's known me long enough to know I haven't spoken of a girlfriend or dates in the entire time I've worked there. Just another person to become sad thinking about this forever single guy lol",
1hyuzfb,I'm glad that my family finally gave up on me.,ForeverAlone,109,9,0.99,https://reddit.com/r/ForeverAlone/comments/1hyuzfb/im_glad_that_my_family_finally_gave_up_on_me/,2025-01-11,DeliciousMammal,"I'm going to be 30 years old this year and I'm still perpetually single, save for a couple of online ""relationships"" (one of which ghosted me for a better-looking man). 


Every time I'd visit my hometown for the holidays, my parents, aunts, uncles, and cousins always used to ask me when I'm getting a girlfriend. My mom used to brag to her sisters about how I'm going to pull such a beautiful babe some day. Each holiday visit, the questions came less and less often. And now, the questions have completely stopped. The expectations are gone and I'm officially a perpetually single old loser. It's probably a sore spot for my parents because they're ashamed that their son is such a genetic failure.


But for me, it's freeing. The pressure is finally off. The expectations they have for me are rock bottom, so in a way it's now impossible for me to disappoint anyone.

Sorry fam, it's not my fault I was born with Asperger's. I'm not my DNA, I'm just the useless vessel that it created.",Vent
1qmbe23,"Now in my 30s, I’m pretty sure I will never have a romantic encounter in my lifetime and I can’t accept it no matter how much I try to",ForeverAlone,109,19,0.97,https://reddit.com/r/ForeverAlone/comments/1qmbe23/now_in_my_30s_im_pretty_sure_i_will_never_have_a/,2026-01-25,Neggy5,"I am 31M, I have never had a kiss, hug or a date. all my sexual encounters have been escorts (escorts are fully legal in my country thankfully, just so expensive). my entire teenhood was spent alone sitting on the computer browsing message boards and playing video games. not to mention my gruelling porn addiction since then.

I hate how I see happy couples everywhere, probably a decade younger than I am and here I am thinking that such a thing happening to me is so impossible. impossible to the point where the equivalent will be people in poverty on less-than-minimum wage thinking about buying a Ferrari. The odds are so against me ever meeting the love of my life it really boils my blood. 

on the flip-side, I am an emerging artist with good-enough opportunities coming my way, have lots of social support and can say I am living comfortably in a good apartment. Do I have enough to say my life is currently in a good spot? absolutely! however, I just cannot find true happiness in my life",Vent
1jsyy1r,"Virgin 28M, never kissed or had a girlfriend",ForeverAlone,109,54,0.91,https://reddit.com/r/ForeverAlone/comments/1jsyy1r/virgin_28m_never_kissed_or_had_a_girlfriend/,2025-04-06,General_Event_4795,"I just don't understand it. I don't understand it. I wish things had turned out differently. But here I am at 28 years old. I just wish I knew what a kiss felt like. I just want to be able to be intimate with someone. I just want someone to love me. Why is that so hard to find? My dad tells me ""let her come to you, she'll come to you in time."" But he's been saying that for the past decade. That's all he does. He doesn't actually help me meet people. Whenever I explain how I feel to him, he just gets agitated and babbles on about how lonely he feels too, which doesn't make me feel any better. Literally nothing has happened romantically or even like finding a friend who is a woman, in my life at all. No one really seems to care, no one cares.

Nothing is happening and nothing is going to happen. I'm done pretending, I'm done hoping. The only thing I want is the answer why, and I don't know. I have no opportunities to meet people. From some small town in the US. I work from home full-time",Vent
1qro8pt,im not made for anyone,ForeverAlone,108,34,0.97,https://reddit.com/r/ForeverAlone/comments/1qro8pt/im_not_made_for_anyone/,2026-01-31,monoman12,"Im 28m. Kissless virigin. Never had a GF. I have no hope about myself. I dont look good, if i take care myself i could look average at best. My mental health is a mess as long as i remember. Im shy because i dont like how i look. I never have. Yesterday my mom asked me why i never had GF, she said she felt sad for me since im always alone. I told her i didnt choose to be in this state and im not happy with who i am. When ever she goes out with her friends, she always came back home sad. All of her friends sons either got married or living with their partners, having good careers etc.. And here is me, 28 year old man child who cant come out of his depression for years. One time while she was talking with her friend on the phone, i heard that she told them that she failed to raise me properly. I just cant do it. I feel like im not made for anybody. Im just cursed to be alone. I feel like natural selection doing its job on me. Im 99.9 i will die like this.",Vent
o49dqw,Being FA makes me at times want to die,ForeverAlone,106,35,0.95,https://reddit.com/r/ForeverAlone/comments/o49dqw/being_fa_makes_me_at_times_want_to_die/,2021-06-20,Bonaccorso_di_Novara,"Yeah, some people, usually married ones, tell me that being single forever has plenty of advantages... I can't really find any point where being unhappy FA is better than being in even average, non perfect, relationships.

Advice don't make any sense - all they say is that one should be fit/rich/funny/superman/ubermensch to get a gf while in real life I saw more fat jobless bullies in marriages than I wish to admit.

33 years passed... I don't believe crap that ""there's someone for everone"". I even knew a man who killed himself because of loneliness; he was nuclear scientist, goldsmith and painter at once, brother of my godmother. He never had a gf by his 50s as I learned from her.

More and more I think about doing it too, as I'm tired of this lonely life, living for myself just doesn't worth it. I hope this year I'll have enough courage to do it finally.

UPD: 30+ likes, wow. Didn't expect that. But I wish I know what to do.",
1nmafyq,People a lot younger than me already have been in a relationship. What do they know that I don't?,ForeverAlone,105,15,0.96,https://reddit.com/r/ForeverAlone/comments/1nmafyq/people_a_lot_younger_than_me_already_have_been_in/,2025-09-20,chusaychusay,"I'm 37M and I've never had a girlfriend. I see kids younger than 18 have more experience than me. They know how to talk to girls, have more swag, and it seems so effortless and natural. Its really embarrassing that a kid twice as young as me knows more about kissing and how to get girls.",Advice Wanted
1mmv8am,What is the goal of a life spent alone?,ForeverAlone,104,18,0.99,https://reddit.com/r/ForeverAlone/comments/1mmv8am/what_is_the_goal_of_a_life_spent_alone/,2025-08-10,Black_Coyote2,"For as long as I can remember I've dreamed of getting a girlfriend and having someone special to do things with. Going to the movies, out to eat, maybe travelling, playing video games, doing arts and crafts. Someone to sleep next to, someone to cuddle with, someone to dance with, someone to be silly with, someone to share my life with.

And then the reality is a dark lonely apartment and no one to talk to. Seeing couples everywhere and hearing about people's relationships. Growing up and watching everyone around you get into relationships.

I cannot describe the feeling in my chest that I get from this. The exclusion. Makes my life feel completely meaningless. Who am I doing this for? I find things very boring and meaningless if it's always just me. 

What is the endgame goal here? I don't care about money if it's just going to be like this forever. I don't care about a career or anything if it's just me. I'm not even alive. I could die right now and nothing would change. Nothing",Vent
1g1vzb2,"28M, Never Had a Girl Show Interest—Feeling Hopeless and Alone",ForeverAlone,103,24,0.97,https://reddit.com/r/ForeverAlone/comments/1g1vzb2/28m_never_had_a_girl_show_interestfeeling/,2024-10-12,BuzzerWeed,"Hey everyone,

I'm a 28-year-old guy, and I've never had a girl show any mutual interest in me. It's been weighing heavily on me lately, and I feel like I'm destined to be alone forever. I wanted to share my story here because I think some of you might understand what I'm going through.

I went to an online high school, so I missed out on all the typical high school experiences—no prom, no social events, no chance to make friends or meet people in person. Those years passed by in isolation, and I feel like I missed out on crucial social development that's affecting me even now.

These days, I spend most of my time playing video games. It's the one place where I feel confident and in control. I'm really good at them, but I know that hiding behind a screen has kept me cut off from the real world.

After I turned 21, I started working various jobs, mostly in fast food. Most of my coworkers were high school students. Occasionally, it seemed like some of them might have been interested in m",Discussion
1n6dptv,The bloodline ends with me,ForeverAlone,102,24,0.94,https://reddit.com/r/ForeverAlone/comments/1n6dptv/the_bloodline_ends_with_me/,2025-09-02,Jazzlike_Willow_1507,"I'm 20M and never had a girlfriend. I've been trying to get one since I was 16 and it's never worked so far. Every girl I've been interested in either has a boyfriend or isn't interested in me. I spent time and effort analysing myself and improving myself by wearing better clothes, asking for feedback, learning to talk to people, working out, etc. None of this has worked and at this point I'm just tired. I give up on this.",Vent
osidyr,52 and counting,ForeverAlone,102,15,0.96,https://reddit.com/r/ForeverAlone/comments/osidyr/52_and_counting/,2021-07-27,Vast-Wallaby-6664,"As per the title 😀

I was never given any 'instruction', if you will, growing up about relationships.   My dad raised me and my brother as a single parent and while he did a great job with us, he was *massively* over protective for one thing and also just wanted to be more of a friend rather than a parent.

Relationships or meeting girls/women was just never spoken about.

So when you're in that situation, with an overprotective parent, you tend to gravitate towards the other ""weirdoes"" at school so they're not going to be any help meeting someone or learning what you need to do either !.   I think in my entire time at school, I asked one girl out and she said no.   And that was that.   It kind of went in one ear and out of the other and didn't mean anything. 

There was another girl I was interested in, and I thought that if i gave her presents that she'd just up and go out with me.   I bet you can guess how that went ..

Moving in to adulthood, I think I kind of settled in to this ro",Vent
10iv8c3,"""Get a hobby""",ForeverAlone,102,106,0.88,https://reddit.com/r/ForeverAlone/comments/10iv8c3/get_a_hobby/,2023-01-22,SmoothForest,"1. Most hobby groups are male dominated. Go to a nerdy group like D&amp;D or Magic the Gathering - 99% of people there will be men. Go to a sporty group like boxing or football and 100% will be men because there are always seperate womens only groups that women go to and you can't go to as a man. Go to a seemingly neutral group like hiking or a pub quiz and it'll still be mostly men, except more like 70/30. Even if you go to something that sounds feminine like a dance class or a book club, there's still more men than women - 60/40 more like. Do I have to go pole dancing? 
2. Most of the women that attend these groups have boyfriends. Many of them even attend with their boyfriend.s 
3. Of the small percentage of women that make up the people who attend these groups, and are also single, most of them will be in their 30s or older. As a guy in his early 20's, most people who go to hobby groups aren't in my age range. It's just too bizarre and abnormal for someone like me in their early 20",
y5bup,Online Dating is the most depressing and soul-crushing experience I've experienced to date,ForeverAlone,102,48,0.93,https://reddit.com/r/ForeverAlone/comments/y5bup/online_dating_is_the_most_depressing_and/,2012-08-13,NO_INTERNET_DATES,"25 year old single man here. It's so incredibly depressing trying to interact with women on okcupid. None of my messages get replies, and none of my IMs get replied to either. It's brutal. Yu know that there are people out there reading your messages, but they just.... ignore you. It makes me feel like crawling into a hole somewhere and shooting myself in the head.

I understand that I'm not that attractive of a guy, so I'm not terribly picky with the women that I message. Still though, nothing. It's so infuriating and depressing to get continuously rejected by what has to have been over a hundred different women. I just don't know what to do, or how to feel anymore. It seems like no matter how hard I try most women will see me as a creepy ugly loser. Will things ever get better? Right now I feel like not a single woman in the world considers me attractive or desirable... is there really any reason to continue living when every attempt at communicating with other people is met with sil",
1nkfncg,30m handholdless virgin just held hands for the first time😎,ForeverAlone,102,17,0.92,https://reddit.com/r/ForeverAlone/comments/1nkfncg/30m_handholdless_virgin_just_held_hands_for_the/,2025-09-18,[deleted],"Just wanted to share a success story with my brothers. Background Im 30m never even held hands with a girl or hung out with one 1on1 before this😳met her on hinge when I commented on a joke of hers , we talked for about a week before we met cuz I was nervous about meeting someone irl, never been on a date before or even flirted with a girl😅

She was really nice in text and we had common interests and she would say good morning and good night to me every morning and night, literally the highlights of my day lol I have nothing else going on in my life, no friends or hobbies , shit part time job , live with parents.

We meet and it was kind of awkward at first, I had 2 shots in the parking lot cuz im an alcoholic and I told her and she just laughed and called me silly😳😂🗿we held hands during the movie like the whole time🥹🥹🥹her squeezing my hand felt better than me squeezing my dick😂😂😂after the movie we hugged really tight in the parking lot🥹we are texting now and hope to see her again, she",Success Story
1pe6m33,"If I somehow got a girlfriend, i genuinely wouldve no idea what to do",ForeverAlone,102,32,0.96,https://reddit.com/r/ForeverAlone/comments/1pe6m33/if_i_somehow_got_a_girlfriend_i_genuinely_wouldve/,2025-12-04,sadcringe-me,"I have no friends, my hobby now is playing games , modding games, draw sometimes and chat with ai having some random discussions. I dont know what I can share or provide that would I guess im not sure maybe keep her interested, im in college thats mostly online class. I dont play basketball anymore, im  dont have that much money. Beside playing games together which requires her to have a gaming pc if she don't have one. No cars, no money. Shit i dont even know  how to maintain it. Maybe go out? With little money i have, im not sure i can afford to even go somewhere too far. With the lack of  experience ,conversion would go dry so quick Man am i so boring. I also live with my parents.. Why would she even like me in the first place? Maybe because im good looking?? (Nah i know i look below average) Ah also dont take this post too seriously, I already accepted i wont get a girlfriend i just wanted to share what i was thinking moments ago.",Vent
1svidoy,"I just realized that if I'm not going to get a girlfriend or get married, and if I live into old age, it's likely that I'll die alone. Are you okay with that?",ForeverAlone,101,33,0.99,https://reddit.com/r/ForeverAlone/comments/1svidoy/i_just_realized_that_if_im_not_going_to_get_a/,2026-04-25,Typical_Cap895,"This could be how all of our lives end. All of us on here.

I won't have a wife or kids. I'll be an old man alone in my home. ☹️

What if I get dementia or Alzheimer's disease? What if my body becomes too frail to take care of myself like go to the washroom? Who will take care of me? 😰

My mom and dad will have passed away by then... 😕 I have one sibling, but they may have their own family and be too busy for me.

I'll stall retirement as long as possible, so at least I have my coworkers to give me company.

How do you feel about our potential future?",Discussion
1lciyhs,You ever notice how eager normies are to mention relationships and significant others?,ForeverAlone,100,17,0.94,https://reddit.com/r/ForeverAlone/comments/1lciyhs/you_ever_notice_how_eager_normies_are_to_mention/,2025-06-16,illuso07,"Any opportunity they get to sneak them into a conversation they take it. This friend at work brings up his girlfriend no matter what the topic is. I don’t know if it’s just me, but it just feels like a subtle way of flexing. How proud they are that someone out there chose them. It’s not even jealousy at this point. It’s more like this persistent reminder of what I’ve never had. You just have to sit there and nod along pretending you understand what they’re talking about while you’re dying inside.",Vent
