id,title,subreddit,score,num_comments,upvote_ratio,url,created_date,author,post_body,flair
cc6xsr,I (22m) am going on my first date EVER in the next 6 to 7 hours and I am nervous as FUCK. (UPDATE),dating_advice,16356,678,0.96,https://reddit.com/r/dating_advice/comments/cc6xsr/i_22m_am_going_on_my_first_date_ever_in_the_next/,2019-07-12,throwaway1374758596,"Original post: https://www.reddit.com/r/dating_advice/comments/cc01ey/i_22m_am_going_on_my_first_date_ever_in_the_next/?utm_source=share&amp;utm_medium=ios_app

Edit: Wow I didn’t expect to wake up to this! Thanks to all the kind strangers who gave this post a tip (gold/silver)! ;)  Reading you guys’ comments is making my day already 😊 I’m trying to get to everyone’s messages &amp; I’ll be answering a few questions before work. You’re all amazing &amp; I wish you all so much luck in the dating world! Yeah it’s a lot of pressure, &amp; yes it’s nerve wracking, but if a 22 yr old dude could pull through, with no experience, ALL of you can do it as well. I’m so glad this story could inspire a lot of you. Have a great day everyone! Get off Reddit &amp; text that special person already, I promise it doesn’t hurt to ask, &amp; a date is always 100% worth it 😉

UPDATE: Okay first of all I just wanna say thanks to everyone that commented! Believe it or not I read every single comment 😂 Secondl",
k489w6,No more Single Moms for me :(,dating_advice,12048,1085,0.93,https://reddit.com/r/dating_advice/comments/k489w6/no_more_single_moms_for_me/,2020-11-30,fompty1988,"Broke up with my girlfriend this morning. I’m 29, she’s 25 with a 7 year old son. Just couldn’t do it anymore. Had started dating since the beginning of the year and the kid was a burden every step of the way. His dad isn’t in the picture so all he has is his mom, I get it. But everything we did, and I mean everything, revolved around the kid. Date nights of just us two had to be planned a month ahead. Outings were pretty much always us three. We were intimate once, when we had ONE weekend outing while the kid stayed with grandma, and even in those 24 hours I remember the kid called his mom every three hours and had multiple tantrums.

The kid is adorable and I initially really liked him and honestly wanted to make it work. But as time went on I realized the kid was only lovable if everything was centered around him and his needs. The breaking point was our outing yesterday. The three of us went to a park (not much else to do) and had a lunch. The kid interrupted us every 5 minutes (li",
m6qp7n,Asked out waitress and she said yes🙌,dating_advice,8483,440,0.97,https://reddit.com/r/dating_advice/comments/m6qp7n/asked_out_waitress_and_she_said_yes/,2021-03-17,vovchik-z,"26M, got out of a relationship about a year ago and finally feeling ready to date somebody else.

For the past few months I’ve been going to this  small, family-run Korean restaurant close to my apartment. My friends and I would often go and eat dinner there. The owner is super friendly and the food is superb.

About 3 weeks ago, the owner’s niece (early 20s) started working there as a waitress. She is so gorgeous and I honestly was dumbstruck the first time I saw her. She could honestly model, idk why she was working in a restaurant.

Anyways, she seemed really shy and reserved so we didn’t make much small talk asides from taking our orders. 

Now I’ve been going there once or twice a week to eat, mostly by myself, sometimes with a friend or two. A few days ago it was just me, and I was the only person left in the restaurant.

She was closing up, and before I left I paid at the front and then asked her if she’d like to go to dinner with me sometime. She said yes and gave me her number",
hqca7e,"Even if you don't think you are attractive, that doesn't mean you aren't attractive in other people's eyes",dating_advice,5805,364,0.97,https://reddit.com/r/dating_advice/comments/hqca7e/even_if_you_dont_think_you_are_attractive_that/,2020-07-13,Boeing77W,"Sounds like pretty standard advice around here, but someone needs to hear this. I definitely did. Let me explain.

So my friend who works in the photo department at a store texted me (I'm 19M btw) today and told me a group of girls who said they were from my former high school (I graduated last year) came to the store to develop photos. So he asks them if they knew me, and apparently one of them said she thought I was hot.

You see, I never really thought of myself as an attractive person, at least not enough to be described as ""hot"". I've never been on a date, and I've been rejected multiple times, so I've always had this subconscious ""guess I'm just not attractive"" sort of thought.

But now I realize that there are more girls who are attracted to me than I think. If my friend hadn't told me about what happened I would've never known that someone actually fancied me. And there are probably others who find me attractive that I'll never even find out about. So to wrap it up, if you find",
izs2mb,A girl I met with from Tinder showed me her Tinder account and WHAT,dating_advice,5768,555,0.98,https://reddit.com/r/dating_advice/comments/izs2mb/a_girl_i_met_with_from_tinder_showed_me_her/,2020-09-25,LeftHovercraft,"i saw the other side

I (M 21) met with a girl (F 20) from Tinder recently and things went pretty well, it was actually the first time i met with someone from an online dating app so it was pretty cool.

Anyways, i was genuinely curious how Tinder was like for girls since I feel like the dynamic is so different for them than it is for guys. she happily showed me and she had like 5000 matches. it was insanity. she let me swipe on dudes for fun and she’d pretty much match w everyone. 

idk i guess overall it kinda just opened my eyes to how hectic it is for women on those apps. i’m not a male model by any means but i feel like i’m decently good looking dude, and i’m more than happy if i get like 2 matches a week with girls i think are cute. meanwhile for attractive women it’s just nonstop matches and attention.

also, SOOO many dudes first message to her was some sexual shit like “you down to be fwb?” like that’s their first message. being a good person on these apps i feel like already",
jvtjih,I’m[28M] going to ask a girl out that I think is way out of my league. [final update],dating_advice,4997,282,0.97,https://reddit.com/r/dating_advice/comments/jvtjih/im28m_going_to_ask_a_girl_out_that_i_think_is_way/,2020-11-17,imused2it,"So, I did it! I asked her on a date. 

If you have been following along, we made plans to hang out as a group last Friday. When the day came, our plans fell through. I waited a couple of days, and I sent her a text. I told her that I wished I could have seen her Friday and that I wanted to take her to dinner. 

She replied by saying that she is seeing someone(which wasn’t too unexpected. Several of you had told me that if she was as awesome as I was painting her to be she was more than likely already unavailable). However, she told me that she likes spending time with me and we’ve made plans to hangout as friends. So, it’s not a loss at all. 

On top of that, I really feel like I faced my seemingly insurmountable fear of rejection. My hands were shaking during and after I sent the text, and my nerves were a mess waiting for her response. But I did it. I feel like I grew a lot and the next time I’m interested in someone it will go more smoothly. 

Thank you all for the advice and things",
inzv4o,Men love it when women initiate the dating scene!,dating_advice,4364,575,0.95,https://reddit.com/r/dating_advice/comments/inzv4o/men_love_it_when_women_initiate_the_dating_scene/,2020-09-07,MediocreMrFoxx,"As a man who has been asked out by a woman before, it really means a lot. In many cultures, men are suppose to ask the woman out. But when a woman does it, it can have quite the affect on the man! 
The scary thing that everyone is afraid of, is rejection. It’s normal, but even when it occurs, it is extremely flattering. 
I’ve known many guy friends that are extremely overwhelmed with joy when a woman asks a man out. Just figured I’d put my 2¢ here :)


Edit1: spelling

Edit 2: like many folks, I did not think this would get as much attention, thank you for reading and thinking about this (even if you disagree!)

I have been reading many comments and not everyone tends to agree (for their own reasons). Unfortunately not all men like being asked out as they feel that it lies soon themselves to do it. I’m not saying I agree or disagree with that, but no matter who you are, in the dating realm, you should get to know a little bit about who you want to ask out so you can get a feel for what",
f1spwd,"It's better to be loved by 1 and disliked by 99, than to be ""kind of alright"" to all 100",dating_advice,3921,130,0.98,https://reddit.com/r/dating_advice/comments/f1spwd/its_better_to_be_loved_by_1_and_disliked_by_99/,2020-02-10,sad_panda91,"I noticed a pattern with most of my friends that are frustrated with online dating and don't get (m)any matches (and I remember it from the time that I started online dating and had similarly bad ""results""):

Their profiles are very ""agreeable"". Their profile pics are tame and the kind of stuff you could show to your mother-in-law. Their profile texts are very dime a dozen ""funny stuff from the internet + I like to hang with friends and going outside"". Their icebreakers once they get matches are really tame too, ""oh, you like sports, what kind of sports do you do"". Even if they joke around, it is all very PG. If they have some kind of hobby that might not be every girls cup of tea, they rather leave that out.

And I get it. If you don't get many opportunities, you go the secure path to not scare the few people off that give you ANY kind of attention.

So I asked one of the guys that showed me his profile(\~26m, overweight, shy): ""Aren't you deep into board games, heavy metal and you do",
g00795,Anyone else think Tinder is depressing?,dating_advice,3262,611,0.97,https://reddit.com/r/dating_advice/comments/g00795/anyone_else_think_tinder_is_depressing/,2020-04-12,FreeImportance8,"I’m just going off personal experience. I’m a 22M who lives in the UK and I’ve been guilty of downloading and deleting the app more times than I care to think over the last 2-3 years. I’d go a couple of months without having it, feel bad about being single then get the app and generally end up feeling worse for using it. I never tend to get many matches or likes, I’d say I’ve never gotten more than 25 likes &amp; 5 matches at any one time, and usually it’s smaller than that. Conversations are usually very dry and lead to nowhere, I’ve been ghosted a ridiculous number of times. Met one girl off it who I went on several dates with but she ended up finishing with me as well (via being stood up and then ghosted) so unfortunately I re-downloaded tinder and am seeing again why I don’t like it. I hate being in a position where I don’t know many girls personally, so often feel restricted to using dating apps that I don’t like and feel embarrassed to download. FYI I’d consider myself a half-dec",
fu7gpm,Why do men always see me as the “side girl” or the back up?,dating_advice,2934,614,0.95,https://reddit.com/r/dating_advice/comments/fu7gpm/why_do_men_always_see_me_as_the_side_girl_or_the/,2020-04-03,sunkissed135,"I’m a 33 year old independent female. I have a great job, I think I’m decent looking, people say I’m friendly and trusting, etc. However, when it comes to dating, I’m always #2 and I don’t know why. 

Yesterday, I had a married coworker (33m) text me. I know he’s had a crush on me since before he got married. I’ll catch him staring, he’ll come up to my desk to ask dumb questions, flirt, etc. He always tries to get things to progress further. He even lied/hid his engagement from me for 6 months! I know he has no intention of leaving his wife because we’ve been working together since before he married her and he wouldn’t have gone through with marrying her if he truly wanted something with me. So I feel like he wants to make me just the OW. 

Then, my ex (32m) from high school messaged me out of nowhere on Facebook and tried to get me to have phone sex with him. He’s married with two kids!!

These are two recent examples, but why does this keep happening? Does anyone have any advice? I’m",
wdmfdl,Dating as a man is so expensive,dating_advice,2844,368,0.87,https://reddit.com/r/dating_advice/comments/wdmfdl/dating_as_a_man_is_so_expensive/,2022-08-01,aruapost,"Just got into the dating world for the first time (I've been in relationships but never been in a ""dating lifestyle."")

Fuck its expensive.

I've got 3 dates this week (I know, humble brag, but that's not the point). It makes me realize how low investment it is for the girls. I'm not blaming women at all, I realize this is just how it works and none of us got to decide how society is set up. But seriously, I've got to pick the place and *pay.* These girls just get to show up for free and decide if they like me.

If none of these girls work out, or if they just realize they don't like me, it's like oh well at least they had a good time. For me its like fuck I just spent $300 on people I'm never going to see again.

Anyone got some advice on low-cost dates that are fun but a little cheaper for a first date? I was thinking of like rock climbing or something.",
uyr0h1,Is it ok to become boyfriend and girlfriend after a week or two?,dating_advice,2616,287,0.98,https://reddit.com/r/dating_advice/comments/uyr0h1/is_it_ok_to_become_boyfriend_and_girlfriend_after/,2022-05-27,BigCoggleFish,"I met a girl on tinder about two weeks ago. I asked her out as soon as I possibly could. We spent about 8 hours together on the first night. By the second date she had met one of my good friends. Third date I met her parents by happenstance and we opened up to each other about past relationships. Fourth date she met my parents and now she’s my date to my brother wedding on Sunday. 

At no point during this process did I ever feel forced to do something or even slightly uncomfortable. We have a ton in common. We started giving each other music recommendations as we both sing and play guitar but have super different tastes in music. 

Tonight I was dropping her off at her car and I just kinda felt like I wanted to call her my girlfriend and so I asked her and she said yes. 

It feels right to me. She hasn’t shown a single red flag. Her family is super nice. She gets along fantastically with my family. Talks about me all the time to her coworkers and family and I do the same. 

I’ve been",
hjwhtc,I (M23) treat my dates like I do my friends... and unsurprisingly that leads me to being friendzoned. How do I even begin to change this?,dating_advice,2476,289,0.98,https://reddit.com/r/dating_advice/comments/hjwhtc/i_m23_treat_my_dates_like_i_do_my_friends_and/,2020-07-02,GhostDivision123,"Very recently I went out on a second date with a girl. Most of our plans were ruined by the awful weather, but we did eat at a nice restaurant and walked around in a shopping mall. At the end she said she's had fun, but feels like I'm more a friend than a potential partner to her. And I'm not even surprised. I've never dated, flirted, or been in a relationship with anyone, so I only know how to treat people as my friends, even if I'd want something else. Next person I go out with, I want to at least fail a little less spectacularly with them. 


But where do I even begin? I'm very shy with new people, so I always feel really awkward on dates, and feel like I can't really be interesting when I can't even keep my thoughts straight. I really struggle initiating anything. Most I've ever accomplished is hugging at the beginning and the end of the date and even that makes me nearly have a panic attack.


EDIT: Wow, there's so much here that I can't read it all as it comes in. I'm gonna take",
p4i9gl,What is the big deal with hating on unattractive people who talk about their struggles?,dating_advice,2070,573,0.94,https://reddit.com/r/dating_advice/comments/p4i9gl/what_is_the_big_deal_with_hating_on_unattractive/,2021-08-14,IvoRiot,"I've read about 3 or 4 posts now where either unattractive people (mainly the fellas) have complained about people mistreating them and rejecting them with obvious disgust, and most people have responded with the following supposed axiom ""you probably had a shit personality"" or ""you must not be interesting"". 

Now as a guy who's not all that unattractive, I havent had many issues with women rejecting me, especially disrespectfully. But after taking some time to really understand the issues genuinely unattractive people go through, it's really sad that most people on here really decide to attack the character of any person who talks about their struggles with dating because of their looks. 

If anything please explain when you all make those assumptions of poor character. I'm interested to hear your answers. We may agree, we may not.

P.S. to all of those with struggles, please try taking into consideration the advice on the comment thread. It's good stuff that hopefully you can all use",
o79c3q,"I got rejected, and it felt good.",dating_advice,1995,126,0.98,https://reddit.com/r/dating_advice/comments/o79c3q/i_got_rejected_and_it_felt_good/,2021-06-24,Deadpool27,"I’m (26m) terrible at asking out women I’m attracted to. I have a borderline paralyzing fear of making them uncomfortable or ruining the existing relationship (I don’t typically ask out strangers) so I just never ask them out. But I was out with some friends, met a girl who I thought really vibed with me, and after a couple days texted her, asking if she wanted to grab dinner. She said no, and honestly I don’t even really care. I’m so genuinely proud of myself for even making the effort, and while it would have been nice to go on a date, I’m currently content in the knowledge that I can actually muster up the courage if I really want to. It takes a huge weight off my mind, and I genuinely feel more confident.",
dzpb20,I [23M] have never been in a relationship or had sex and don't know where to start.,dating_advice,1734,272,0.99,https://reddit.com/r/dating_advice/comments/dzpb20/i_23m_have_never_been_in_a_relationship_or_had/,2019-11-21,23goingon13,"I've just been reading a bunch of horrible articles about how to date in your 20s (including one gem about ""fucking some tinder sloot"" so you get some practice, yeah... no.) so I thought I'd post here in hopes of some better advice that's more relevant to my situation.

There are a lot of ideas floating around in my head and I don't really know if I'll be able to convey them all properly, but I'll try.

I'm a 23 year old guy, I have started a career, I drive a car, I live on my own, I try to educate myself whenever I have time, I exercise regularly and have good social interactions at work. I think my life is going pretty well for the most part except in one aspect. I'm an incredibly lonely virgin that has never been in a relationship before. The only date I've been on (tinder date when I was 18 at university) she made an excuse to leave early and I've had no success online dating since. I'm now too embarrassed to tell people I meet that I'm a virgin, even my family members don't know.",
1r02r5x,I accidentally saw my date's Hinge notification count.,dating_advice,1704,908,0.92,https://reddit.com/r/dating_advice/comments/1r02r5x/i_accidentally_saw_my_dates_hinge_notification/,2026-02-09,Paulfradk,"I (28m), went out with a woman last night. We had been chatting for only a couple of days, but it felt like we were a good match.

I came with the idea that we could go to a boardgame cafe and we did.

After we sit down by our table, we find a boardgame she is familiar with, but she had to look up the rules (cause it had been a while she last played it and apparently, the rulebook wasnt in the box). 

As she takes her phone out and unlocks it, I notice at first she was on her Hinge app, which i thought made sense as she had been writing to me just before she arrived. But then she closes it and a notice a big, red mark on the app icon.

She sat on the opposite side, but regardless, i could still recognize the numbers were upside down.

15? 51? 150+?

We sat there for 3 hours and enjoyed the game, while talking and drinking, but obviously, i could not stop thinking about what i saw.

Let me be clear, that its not my business if she chats with others while she is chatting with me.

But wh",
wj7jv6,Woman I'm dating doesn't seem to know much and I'm having a hard time connecting her,dating_advice,1691,406,0.95,https://reddit.com/r/dating_advice/comments/wj7jv6/woman_im_dating_doesnt_seem_to_know_much_and_im/,2022-08-08,Jdoobyy,"I (29M) met a woman (she is 32) off of a dating app several months ago. She is kind, down to earth, polite, humble and all these traits made me feel attracted to her. From the very beginning, she seemed very innocent and clueless, closed. The more time I spend with her, the more realize I am unable to connect with her on any topic. However, I am trying to spend a bit more time trying to understand her because she’s a nice person, but I am starting to feel like I should give up and move on.

We are both from different countries and during the initial dates, we had plenty to talk about, but it was mostly me asking her questions about her culture and sharing stories from mine. She mainly likes to talk about her work and when I say work, it’s just “My co-worker went to holiday; my co-worker said that they did this; my co-worker’s kid got sick”. A lot goes on in her life when it comes to work because she changes jobs every few months. I noticed a pattern - she joins a company, tells me how",
m3gynb,My best friend told me he loves me!,dating_advice,1563,333,0.83,https://reddit.com/r/dating_advice/comments/m3gynb/my_best_friend_told_me_he_loves_me/,2021-03-12,theliloutkast,"I (f/28), have had a helpless crush on my best friend (m/29) for years. The timing has never been right for us. When I ended things with my last bf, my best friend was very supportive. We talk and message one another throughout the day, all day, everyday. We started making excuses to see each other. I started staying at his house for periods of time. He knows how I feel about him, but he's always tells me he's happy doing his own thing.
This past week, he's been extra sweet, calling me cute little names, showering me in compliments, he even kissed me a few times (kissing is for relationships for him).
Last night, we're kissing, and he hold me face and tells me he loves me! I could have died!!!! I was/still am so convinced that this is not real life!!!
He told me he's very happy to be with me and spend time with me. And he feels so much better having said it to me.

Again, I know this will probably be silly to a lot of people, but I'm so happy to have the best guy I've ever met!! And I",
1o38g38,To men mid-20s+ who have never had a relationship: it won't 'just happen',dating_advice,1546,582,0.97,https://reddit.com/r/dating_advice/comments/1o38g38/to_men_mid20s_who_have_never_had_a_relationship/,2025-10-10,paradoxoclock,"I'm a 29 year old guy who has never had a serious relationship. I've only had one 2-month relationship (when I was 22) and a situationship for a few weeks when I was 26. Other than that, some sporadic dates over the years. 

The big thing it took me way too long to realise is that a relationship does not 'just happen'. I used to think I'd end up with a girlfriend 'naturally', without having to put in much effort. I've since realised that belief is completely wrong. As a guy, if you don't consistently meet new girls (whether through going out or using apps), initiate conversations with girls you find attractive, and ask girls out on dates, the odds you will get a girlfriend are very low.

You cannot afford to be passive as a guy and 'just go about your life' and expect to get a girlfriend 'naturally'. If that worked, I would have been in a serious relationship a long time ago. Dating is like anything else in life - career, fitness, friendships - your results more or less correlate to yo",
kt06h1,Dating feels like emotional overload and I don't know how to deal.,dating_advice,1526,161,0.98,https://reddit.com/r/dating_advice/comments/kt06h1/dating_feels_like_emotional_overload_and_i_dont/,2021-01-08,dramaminefield,"30 year old male here, and I've never asked a girl out on a date. At this point in my life most of my friends are married, many are starting to have kids, and I want the family life too - but I just can't get myself to approach a girl or even put up an online profile. I feel like the whole process of dating is just this rollercoaster of emotions both good and bad, it's all very overwhelming and scary for me. Does anyone have advice on how to deal with the stress?

Just to clarify: I've been on dates before, and had girlfriends in the past, but I was never the one who initiated it.

Edit: Didn't expect so many replies! Thank you everyone, I think I'll take it slow and make it a daily habit. I really do want a family one day, so need to start somewhere even if it's scary.",
nnn0n7,Girl (25) I am dating just told me (25M) that she is asexual,dating_advice,1509,338,0.97,https://reddit.com/r/dating_advice/comments/nnn0n7/girl_25_i_am_dating_just_told_me_25m_that_she_is/,2021-05-29,charlesborneoat,"So I have been sort of unofficially dating this girl for about a year now, and over that time I've really grown to like her a lot. I genuinely think we work very well together, and she's told me that she thinks the same. 

A few days ago we were discussing whether we would go well together officially, and she confided in me that she is asexual, and that she doesn't think a relationship would work because of that. I am not asexual, but I have absolutely no sexual or relationship experience and I am still a virgin. While I would like to experience sexual intimacy at some point in my life, I've never really believed it was in the cards for me anyway. 

So in the end, I suppose I'm left with the decision of entering a relationship that might not work for me or just staying alone, which certainly doesn't sound appealing anymore. I don't want either her or myself to feel like I would be settling, even though I admit I kind of would be. I guess I just really don't know what to do.",
cl2krc,I'm not sure if this is appropriate to post here. I'm hopelessly in love with a friend of mine and need some advice.,dating_advice,1378,341,0.96,https://reddit.com/r/dating_advice/comments/cl2krc/im_not_sure_if_this_is_appropriate_to_post_here/,2019-08-02,OrickJagstone,"Okay I'm a guy, 29. Shes a coworker and good friend, 26. 

So we hit it off as soon as she started working at this place. I was there first and kinda trained her. We used to work together alot last year. Shes literally the only person I work with that I keep in constant contact with. Even durring the off season. She dated another coworker of ours and it really upset me. We didn't talk for a while. Manily because I felt like she was really leading me on, but was kinda lying to me as she acted like we had a shared distaste for relationships while at the same time texting another fella we work with. Once they had a major upset and broke up she was kinda the laughing stock of the whole company. I felt bad for her and patched things up. We have been thick as thieves since.

She has another boyfriend now, hes a really great dude. I honestly think that. I adore them together but at the same time I have really strong feelings for her. The whole reason I'm posting this is because one of our thi",
cvm9w7,My first date.,dating_advice,1303,258,0.97,https://reddit.com/r/dating_advice/comments/cvm9w7/my_first_date/,2019-08-26,TheOkaysian,"Hi everyone. I rarely post, but this one is gonna be a long one, check the tldr if you prefer.

So, context: 3 weeks ago, on a friday afternoon, I (25/M) am hanging out with a friend in a park, when I notice these two girls sitting down not too far. I actually notice one of the two in particular. I can tell even from the distance (roughly 20m, maybe?) that she's beautiful. More than that, she's glowing and radiating. I tell my friend about it, and she tells me ""well, what are you waiting for? Go talk to her.""

Just so you understand,  I only had 2 relationships in my life, one being in high school, the other long distance, neither lasting more than 4 months, the last one being three years ago. Haven't been actively trying to date since, as I was more focused on just, well, myself. Got a good job, started working out more, getting into piano again, simply trying to find myself (and I think I managed to do that now). Despite that, it would happen from time to time that while I'd be hangi",
wtb4np,Dating less attractive people doesn't mean they'll treat you better,dating_advice,1239,216,0.93,https://reddit.com/r/dating_advice/comments/wtb4np/dating_less_attractive_people_doesnt_mean_theyll/,2022-08-20,TheGooch35,"A lot of men always tell women to just lower their standards and date someone less attractive. The theory behind this is very attractive men have the ability to treat women badly since they have so many options.

And a less attractive man will treat you better since his options are scarce.

I'm a male, and I decided to give this a try. I started to date women who are traditionally unattractive. Without a better way to word this, I went on quite a few dates with fugly women hoping to connect on personality, and I figured the worst that can happen is I'll get dating experience.

Some of these women were more ugly on the inside than they were on the outside. A lot of them treated me worse than super hot women did. A ton of ghosting, being stood up, being called names and so on. One woman acted like she was God's gift to the world and never paid for a single thing despite going out 4 times. She never said thank you either.

Another woman responded with ""lol"" when I asked her out on another",
cnqoin,"Dating a single mom (22/F), need advice please. (29/m)",dating_advice,1230,252,0.95,https://reddit.com/r/dating_advice/comments/cnqoin/dating_a_single_mom_22f_need_advice_please_29m/,2019-08-08,DatingandConfused198,"I recently began dating a beautiful single mother, and honestly, I was nervous about her being a mom at first. I haven't ""dated dated"" in a long while. But I managed to get a first date kiss (after I broke the kiss, she kissed me again), and we have gone on a second date (hiking, and dinner). We already have plans for a third date, and possibly further (she made a reference to a bigger date that we'll do further down the line.). She texts me while she's at work when she's on her breaks, and there's always some sort of teasing going on; I can definitely feel chemistry between us.

I guess I'm just trying to figure out what to do next? I don't want to move too fast and freak her out, or too slow and lose her interest. I really like this woman, and I don't want to lose her based on something dumb that I might be able to avoid.

&amp;#x200B;

Edit: So, apparently, she has somewhat answered my question. She asked if I could come over to her apartment after our next outing, so we can cook su",
a4aid5,Talked to my beautiful colleague I have a crush on and feeling good about it.,dating_advice,1131,107,0.97,https://reddit.com/r/dating_advice/comments/a4aid5/talked_to_my_beautiful_colleague_i_have_a_crush/,2018-12-08,swedishjizz,"This is my first post ever on this community. I (M28) have returned to the ""dating game"" after five years of relationship. The break-up was last March. Just want to share some thoughts and ask for advice. Sorry for my rant in advance..

I have never been a user of Tinder, but I have always been curious so I decided to give it a try. After four months of disappointments I realised it isn't the right thing for me. I have had a descrete success in getting matches, but only 1% went beyond that, like getting a message back or even meeting in person. Therefore I took the executive decision to remove it and go old school. Our parents and grandparents found dates without dating apps, so why shouldn't I be able to do it as well?

Then something happened earlier this week. Here's the story.

I am at my company's Christmas party, chatting with some friends when I see this beautiful girl (also a colleague). Now, I have been with my company for more than 4 years, but I started seeing her only a cou",
1lcr7b5,"To young men: Applying pressure is a myth, just move on",dating_advice,1098,222,0.95,https://reddit.com/r/dating_advice/comments/1lcr7b5/to_young_men_applying_pressure_is_a_myth_just/,2025-06-16,GWPtheTrilogy1,"All of us have heard about ""applying pressure"" when dating and I just want to share that it's a myth. If a woman is into you and you're putting in effort with her, you don't have to apply any pressure, she'll just gravitate towards you. If she is not into you there is not enough pressure in the world to make her want you. 

Applying pressure is something people who want to use you say, they want to get as much out of you as they can and they use the bait that if you just try harder that this will magically make them see your worth and want you. It won't. It never will. People who don't want you will never value you and will never want you no matter how much you want them. Focus your attention elsewhere. 

And remember as I said, when you as a man are putting in sufficient effort and she is into you. That's what's important, don't forget that piece, do your part men and you'll be better off.",
ck8ods,"I (32M) am really tired of only being the ""best friend"" or ""big brother"" to every woman I know. How do I break out of that and become more?",dating_advice,1083,452,0.97,https://reddit.com/r/dating_advice/comments/ck8ods/i_32m_am_really_tired_of_only_being_the_best/,2019-07-31,InitialShare,"I've had a problem for a good while now that hopefully some of you can help with.

I feel like I am a pretty attractive guy and also am a lot of fun to be around.  I like to cut up and have fun, and think I am pretty charismatic.  But I'm also chronically single.  I'm okay being on my own, but seeing all of my single friends pair up with me being the lone man out is starting to get a little isolating and lonely.

A lot of my girl friends have given me what I think is good advice when I've asked about this.  Just about all of them say that I am too good of a friend or too much of a big brother type to everyone for any woman to think anything else about me.  I don't mind that at all and I value the hell out of my lady friends, but I really would like to be closer with someone and not just have to exist in that definition like that that they give me.

It's also frustrating.  I know I have to make a move if I want more, but I had a bad experience recently.  I thought a friend of a friend w",
1qilaak,Ex GF texted me (31M)after 8yrs no contact,dating_advice,1035,430,0.97,https://reddit.com/r/dating_advice/comments/1qilaak/ex_gf_texted_me_31mafter_8yrs_no_contact/,2026-01-21,DonVinku,"Hey guys just wanted to get some advice on a situation I didn’t think I’d ever deal with in my own life. I had an ex gf who was my very first proper relationship. She was a friend who became a gf and we were both early 20s at the time. We dated for about a year before her insecurities and my insecurities really hurt us. She broke up with me without ever trying to fight for the relationship and afterwards it was most the pain I had ever experienced , both for the loss of friendship and romantic relationship. Today I got a text from her and I almost didn’t recognize it since I don’t have her number saved anymore and pretty much erased her from my socials and old photos. I dont know if I should respond or just delete it and move on as usual. I’m pretty numb to it after this many yrs but I also feel conflicted on responding at least something. I’ll post below what she texted without my name.

“ Hi (My Name),

Hoping this gets to you. I’m not sure if you still have my number.

I’m writing t",
1seya03,The dog park meta is real and I think more people need to hear this,dating_advice,1025,153,0.96,https://reddit.com/r/dating_advice/comments/1seya03/the_dog_park_meta_is_real_and_i_think_more_people/,2026-04-07,Alert-Seaweed-3862,"Some context first. I'm 25M and was with my fiancée for 6 years, 4 dating and 2 engaged. She ended things a few months ago and I had genuinely never been single as an adult so I had no idea what I was doing when I decided to start putting myself out there.

I downloaded the apps like everyone does. Went on two dates from them. First one was basically a catfish situation and the second one actually went well but she wanted something serious and I just wasn't there yet. So that ended.

Felt like I was doing something wrong. Then I figured it out on accident.

I have a dog and there's a dog park in DFW that has a bar in it so you can grab a drink while your dog runs around. I started going regularly and realized pretty fast that pet people are so easy to talk to. You always have something to say. Just ask about their dog. The breed, the name, how old. That's seriously it.

In the past 4 weeks I've taken out three different girls I met there. Every time it happened the same way. I'd see th",
1ssmfy0,The Bar is So Low,dating_advice,1024,1137,0.78,https://reddit.com/r/dating_advice/comments/1ssmfy0/the_bar_is_so_low/,2026-04-22,ExplorerEuphoric9852,"“The Bar is So Low” is something all single men have been hearing in recent years - and honestly I find it gaslighting.

Would love to know what “low” means?

As a guy 29M, I feel like I’m putting in the effort planning all the dates, making an effort when texting, and generally have my life together (career, health, hobbies etc.) - but when I actually try to plan a date I get ghosted.

I was chatting with a girl friend of mine who told me she gets 20 likes every single day on Hinge, I’m lucky if I get 20 matches every 3 months…

Of course there are lousy men out there, but really feels like women are lying to us and themselves about how low the bar is - for men it’s never felt higher. Of course women will be more selective, but is their abundance of choice killing the dating scene?

Would love to know thoughts of other men/women.",
1lzdrup,Just say it,dating_advice,1005,167,0.97,https://reddit.com/r/dating_advice/comments/1lzdrup/just_say_it/,2025-07-14,psaiymia,"I had a disappointing date the other day, by the end of it I knew I didn’t feel attraction to him. He texts me a day later asking if he could see me again. I said this:

Hey sorry work and then a personal emergency floored my whole yesterday. 
I did want to say that i had a great time with you the other day! Unfortunately I don’t see anything romantic moving forward, theres a difference in lifestyles for me that I know wouldn’t work out in the end. I wish you the best of luck moving forward.

He gave it a thumbs up reaction and didn’t respond. 

To everyone wondering if they should ghost or not ghost:
Just say it. Just send the text being honest about how you feel- don’t ghost someone that took time out of their schedule to get to know you. Some people deserve that much at least. 

Editing to clarify: his response or lack thereof- i LOVE it. He accepted and respected my rejection of a second date without argument, complaint, or attempts to persuade me to change my mind. 
That RARELY ha",
kyfn2s,"I did it, guys, I did it!",dating_advice,908,148,0.97,https://reddit.com/r/dating_advice/comments/kyfn2s/i_did_it_guys_i_did_it/,2021-01-16,szilaspart,"I just want to share my happiness with you...

I'm 23M, never had a serious relationship before. My crushes never liked me back, I never had any success in dating until now.

I started meeting a cute girl two months ago thanks to a common friend, she's my girlfriend since yesterday! I can't believe it...

Guys, be confident, sincere and patient, it's worth waiting!

Edit: I've been reading this sub for 1-2 years but I just realized how supportive this community is, thank you for your comments and awards!",
1ilhe2m,"I genuinely understand women’s perspective on being bought dinner now, and it’s not because of “what’s fair.”",dating_advice,880,313,0.8,https://reddit.com/r/dating_advice/comments/1ilhe2m/i_genuinely_understand_womens_perspective_on/,2025-02-09,0hreallyn0w,"For a lot of my twenties &amp; dating life up until recently, I didn’t understand why as a man it was my obligation to pay for the first date. I understand women do generally have it harder than men in so many ways, and I would do it, but it always felt like I was fulfilling an obligation to a stranger that would never be afforded to me.

This is what actually changed that perspective for me:

When my last girlfriend and I started dating it was before my birthday last year, and she insisted on taking me out to dinner at a nice restaurant, which I felt awkward about it. We’d just started dating and it felt like a lot to have someone pay for all that so early on. And I’m someone who doesn’t accept gifts from people generally because I feel like I’m imposing &amp; don’t want to unnecessarily burden someone, but ultimately I agreed. 

We had a really nice dinner, had some fun cocktails, and she got me a nice, thoughtful present. I almost cried. I genuinely felt cared for and taken care of",
9maf4q,"I’m not desperate for sex, I’m desperate for a connection",dating_advice,849,311,0.95,https://reddit.com/r/dating_advice/comments/9maf4q/im_not_desperate_for_sex_im_desperate_for_a/,2018-10-08,guymcguy2323,"I’m a guy here, I know I know - girls can smell desperation a mile away right? I have been trying so so so hard to break this way of thinking and just can’t. I’ve never had a long term relationship. I’m no where near a virgin either. But I just can’t seem to find a girl I want and am so sad about it. I’ve rationalized it in so many ways and told myself all the cliche “you’ll find the one someday” “god has a plan for you” 

I want a girl, a cute girl, a fun, outgoing girl. Nice voice, laughs at everything. Positive, optimistic, energetic, enthusiastic, affectionate, doesn’t give up on me; someone to travel with, adventurous, willing to try new things, I can have sex with and not be bored of them 

I just hate being so lonely. I know you have to love yourself before loving someone else right? And relationships won’t make you happy? Well I still feel the same way I can’t help but feel lonely and life is passing me by and I don’t know what to do. Every. Single. Time. I get hurt I tell myse",
1nba47d,Date had a panic attack and I am really struggling with what happened,dating_advice,842,139,0.95,https://reddit.com/r/dating_advice/comments/1nba47d/date_had_a_panic_attack_and_i_am_really/,2025-09-08,Border-Worried,"I (28M) went on a date with a woman (32) that just moved to my city. The first date went absolutely phenomenal, we spent 3 hours at a restaurant and planned a second date during the first date. She had ubered there, but she asked me to drive her home (like 8 minutes away) and she kissed me right before she got out of the car. It was the best first date that I had ever been on.

For the second date I asked if she was okay with me picking her up and also doing it a little early before the movie so that we could drive by the two dinner options for after the movie. She just moved here and I thought it was a good idea.

It was going well. While driving we were talking just like the first date and then she started to get quieter. I was talking about restaurants in the neighborhood, and all of a sudden she says she wants to go home after 15 minutes in a really concerning tone. I of course say yes and begin to change course to drive her home. She completely shuts down, and I begin to apologize",
86myby,"Started carrying myself as if women ALREADY find me attractive, as opposed to carrying myself like I'm invisible to them.... Makes all the difference!!",dating_advice,802,100,0.97,https://reddit.com/r/dating_advice/comments/86myby/started_carrying_myself_as_if_women_already_find/,2018-03-23,IlluminationRock,"27/M here.

I've asked advice here plenty of times, figured it's high time I come back and offer a little encouragement!

Growing up, I was never a ladies-man. Never felt attractive to women, felt generally invisible, in fact. Didn't have many girlfriends. As I got older, I started having some real success with women, but it was still pretty low-frequency and my ""game"" was pretty weak.

Recently, I've been experimenting with a few things. Started with ""getting better at eye-contact"", which led me into ""smile *when* eye-contact is made""... That has been good to work on, but made basically no difference in my interactions with women.

I watched a couple YouTube videos offering some basic advice on attraction (I don't recommend watching too many of these video, btw... I'll tell you why later). One of the videos brought up something that I think we all already know, the law of Supply and Demand, and how it applies to dating.

Basically, it's that if a woman perceives that a man is liked by",
1fh6le4,Women Only: I'm so confused! ,dating_advice,724,170,0.93,https://reddit.com/r/dating_advice/comments/1fh6le4/women_only_im_so_confused/,2024-09-15,TradeReady4137,"So I'm looking for input from any women on here as to why one of you would do this. I don't think there's a single man who understands women enough to solve this mystery.

Background info: I (31M) have only been with one woman. Me and my ex dated from the age of 13 to 21 (joined the Army at 17), got engaged when I came home on leave from the Army at 21 and we were engaged until 26 when my active duty contract was over and we could get married and start a family like we had planned now that I wasnt being deployed anymore. Instead I came home to her pregnant with my best friends kid. I promised myself that day that nothing like that was ever going to happen to me again, and decided not to date again. It's been a little over 5 years now and over the past year it has started to get a lot lonelier than the first two years were. I tried online dating about 2 months ago, made an account on Tinder, Boo, Bumble, and a few others. I figured larger the audience the higher the chance I had at find",
x4m0fk,How do you attract women as a low energy guy? 29M,dating_advice,647,421,0.9,https://reddit.com/r/dating_advice/comments/x4m0fk/how_do_you_attract_women_as_a_low_energy_guy_29m/,2022-09-03,Snow-Wraith,"I'm not the life of the party, far from it. I don't even go to parties because I can't stand them. But that seems to be the only way to attract women. To be loud, obnoxious, constantly making jokes that somehow all land. I have no idea how to do that, and don't have the personality for it anyway. It just seems exhausting, fake, and unsuccessful.

I'm an introvert, I'm quiet, I hate going to loud places where I can't hear what someone says to me. Libraries, parks, and even museums are way more interesting. I know, that makes me boring, but that's who I am.

So is it doable? If so, how? Because from where I am it feels like I'll be alone forever and a relationship is just a fairy tale fantasy that will never happen.",
1d7hvad, I (29M) had a very bad experience on Bumble BFF last night that made me empathize with women a lot more,dating_advice,638,195,0.89,https://reddit.com/r/dating_advice/comments/1d7hvad/i_29m_had_a_very_bad_experience_on_bumble_bff/,2024-06-03,Lemondrop1995,"I had a really bad experience on Bumble BFF last night that I posted about it in the Bumble subreddit and a women's subreddit and thought I'd post here since I think more men really need to be aware of the struggles women face. It really made me feel and empathize with women a lot more.

I downloaded Bumble BFF as a way to make more friends and expand my social circle. I matched with this guy (34M) who seemed alright and pretty cool and had similar interests. He seemed normal in the chat, so we agreed to grab drinks at a local bar.

However, I did not know that he was gay, even though that does not really matter to me or anything (I'm straight btw). But, during the entire time, he kept going on and on about how I'm so handsome and cute and would repeatedly bring it up and was very handsy and touchy and kept touching my hands a lot that I ended up putting my hands far away and in my jacket pockets. It also felt like he was not even listening to anything I was even saying and didn't real",
p8g1wt,Guys: relationship DON’T come when you least expect it,dating_advice,626,342,0.77,https://reddit.com/r/dating_advice/comments/p8g1wt/guys_relationship_dont_come_when_you_least_expect/,2021-08-20,whyruasking,"And I’m specifically talking to guys. Ofc girls can give their own opinion too.

Guys, don’t listen to people that say “love comes when you least expect it” or things like that. If you quit this mindset as soon as possible, you’ll start in the right way.

They’re not completely wrong sentences… but they’re just true for girls. 

Guys can’t sit there and wait. 

Ofc there are exceptions: extremely good looking guys ( models, basically) will surely be approached, or very courageous girls will surely approach guys they like… but these are all extremely small percentages.

As a shy ( and not good looking ) guy [M18] myself, i had to accept that we guys are supposed to approach ( and basically start everything ) basically always. And I guess i’ll stay single for my whole life, considering i’m not confident enough to approach girls. Cause i don’t feel enough myself, i think i may sound weird, or creepy, and so on.

Guys… just approach girls when you feel you can do that. I’m not saying appro",
1p84dyi,Dating is dying,dating_advice,535,706,0.84,https://reddit.com/r/dating_advice/comments/1p84dyi/dating_is_dying/,2025-11-27,JoeyD215,"It’s honestly not even worth the money and effort to date anymore. I’m 33M and I can remember 12-15 years ago dating was much more enjoyable even off the dating apps at the time. Now it’s just a chore. I don’t enjoy myself at all, even when I find a date which has become harder and harder. I read that so many men aren’t getting married or even starting family’s and it’s easy to see why. Society has totally turned its back especially on men of all age , race , creed etc. I’m sure I’m not doing everything right but it’s kind of hard when you’re the only one trying. 
Rant over - the fatigue is real.",
14pkxwh,Is it normal for average looking guy to get zero likes or matches,dating_advice,530,560,0.93,https://reddit.com/r/dating_advice/comments/14pkxwh/is_it_normal_for_average_looking_guy_to_get_zero/,2023-07-03,TrevorLahey93,"EDIT MUCH LATER*
I ended meeting a wonderful women on Bumble. It just took a lot of time and swiping to finally match and talk with someone that led to a date where we were actually compatible.

If you are a struggling guy like I was, please be patient, don’t stop swiping, and don’t get discouraged. All it takes is one person that you get past all the BS with. 

I also spent a a lot of time improving myself both physically and mentally which really helped. I had to keep updating my pictures as I lost weight and looked better. Just another thing to keep in mind! 

Good luck fellows*

I (30M) work out and take care of my body. I’m not ugly, I have a thoughtful bio, good prompts, and pictures of me doing fun activities. I have an awesome software development job shown on my profile and make good money. No kids and I own a home.

I do have a picture of my two cats, it might be a turn off but a girl would need to know that I care deeply about my cats. 

I’m getting zero likes on Hinge and n",
1nv3msb,Do guys really pull back from their girlfriend when life gets heavy?,dating_advice,516,208,0.95,https://reddit.com/r/dating_advice/comments/1nv3msb/do_guys_really_pull_back_from_their_girlfriend/,2025-10-01,Icy-Construction1043,"I’m 22 and he’s 25. We recently broke up because he said he can’t do a relationship anymore. He told me, “If you still want me, that is up to you, but you need to know one thing, that I got nothing, nothing to offer.”

Of course I begged him to stay, but it seems like he made up his mind and I have to respect that. He said he’s at his limit. I know he’s struggling financially and with his master degree, and I get that life can be stressful. I even told him I’d support him and stay with him no matter what, and he literally said, “Where will your support bring me?”

So is it normal for guys to pull back from their girlfriend when things get tough? Or is it just that he doesn’t love me?


Update: He reached out to me after 2 weeks. But when I asked him why he texted me, he said, “I’m afraid that’s just my mind playing,” and, “I don’t want to entertain it much, because it’ll lead to you know what.”

When I asked what that even meant, he just said, “I’m not sure.”

Like?? What does that eve",
gy59sc,"Not asking for advice, but giving it. Be independant and you will make a stronger relationship.",dating_advice,515,56,0.98,https://reddit.com/r/dating_advice/comments/gy59sc/not_asking_for_advice_but_giving_it_be/,2020-06-07,acehole818,"I realized that I had never thought about ""me"" because I was always part of a ""we"" - that is, I was always in a relationship. The collective ""we"" should always be first. You should put the needs of the relationship first, always.

The problem most people have is that they get lost in their SO's needs, and not the collective needs of the relationship. You should always ask yourself ""Is that what's best for US?"" not ""Is this what's best for HIM/HER/ME""

I was 23 when I realized I had never thought selfishly. I was constantly in one relationship or another since i was 15. I was a serial monogamist, going from one LTR to another.

So I made a pact with myself to be single for one year. The first attempt, I made it three months. Second attempt, I made it 8 months. Third attempt, I made it a year.

It was actually super difficult for me because I had always been in a relationship and always had to think about what was going to happen to the relationship if I did anything.

The realization th",
e39iuw,IT'S WORTH THE NERVES!,dating_advice,496,27,0.98,https://reddit.com/r/dating_advice/comments/e39iuw/its_worth_the_nerves/,2019-11-29,shyguynumber240,"Had a couple posts on here about starting dating. Was super nervous in the beginning. Afraid to say something wrong. Afraid to creep someone out. Afraid to try. I Found someone with the same interests. After seeing her more and more we would always talk for long periods of time. Summoned the courage to finally ask her out and to my surprise she said yes. After a number of dates, enjoying each others company I asked if she wanted to make us official today and she said yes! Just like for the first time in my life [M28] I can call a woman I care about my girlfriend.

For so long I was told there is someone out there for everyone and you have to put yourself out there. I've lived such a introverted, timid, low self esteem life for so long I think I finally got sick of it and tried to do something about it. 

6 months ago If you asked if I could see myself in a relationship in the future I would have said no, I dont think I deserve one or today don't think I'm worth anyone's time. I am afra",
1olwmzx,My friend said I'm too ugly and poor to date...,dating_advice,494,267,0.96,https://reddit.com/r/dating_advice/comments/1olwmzx/my_friend_said_im_too_ugly_and_poor_to_date/,2025-11-01,RemoveAdventurous991,"I (24M) was talking with a friend the other day about dating, and he straight up told me that ""I’m too ugly and poor to date."" 

I laughed it off at the time, but honestly, I've been thinking a lot about it. I don’t think I’m hideous, but I’ve always struggled with self-esteem, and hearing that from someone I thought was my friend really hurt. I’m not rich by any means, just trying to build my career and get by, but I didn’t think that made me unworthy of being loved.

Do most people actually think like that? That you have to be good-looking and well-off before you deserve to date? How do I stop letting those words mess with my head?",
1b7nhk3,I (19m) lost my virginity to a prostitute because I felt bad about being a virgin but now I feel worse feel so fucking sick and ashamed by it.,dating_advice,491,346,0.8,https://reddit.com/r/dating_advice/comments/1b7nhk3/i_19m_lost_my_virginity_to_a_prostitute_because_i/,2024-03-06,_Ghost_Mantis_,"I went to this asian massage parlor and had sex with this hooker i didnt even find attractive. She literally wasnt cute or anything.I actually cried afterwards. I did it because I was lonely and never dated meanwhile all my friends and classmates have dated, kissed, or had sex, and no, a lot of them arent lying.

And yeah I know many peoples first times are ""bad"" but please dont bring that up. Mine was just outright fucking pathetic and disgusting. Many guys at least do it with a girlfriend, a friend, or a cute girl they met at a party, or college or something.I cant stand living with my decision.

Part of me doesnt even ever wanna date or have sex again.

if I ever get a girlfriend or any future partners, I will have to either tell them how my first time went or lie to their face about it. I fucking despise the woman who took my virginity. I know it wasnt her fault. I despise myself even more.

EDIT: I wanna make something clear. This is NOT a fucking karma farming or ""kink""story.and",
1pyw0dz,Are single women avoiding social clubs due to the amount of single guys?,dating_advice,452,339,0.93,https://reddit.com/r/dating_advice/comments/1pyw0dz/are_single_women_avoiding_social_clubs_due_to_the/,2025-12-29,BisonBull,"I was reading a thread where someone gave the typical advice, ""Join a hobby, volunteer"" etc.

Another person replied: ""Most women (myself included) actively avoid clubs because they are always full of dudes using them to find a girlfriend.""

Is this really becoming a common phenomenon? I should also mention I'm 23M so technically part of Gen Z. Dating apps suck but I'm starting to wonder if it's really becoming the only option??",
8tjdm6,"Awful sex experience, nice guy? Should I give him a chance? (Micropenis, hygiene issues, confidence issues)",dating_advice,450,236,0.93,https://reddit.com/r/dating_advice/comments/8tjdm6/awful_sex_experience_nice_guy_should_i_give_him_a/,2018-06-24,wild-cheeseburgers,"I (F/26) have only had one partner before this. It was a pretty long term relationship. I've been dating this new guy (28/m) and he's super awkward (in an endearing cute way), nice, and good looking. Few dates in we start to get busy and he wants to put it off and suggests meeting up another date, highly implied we'd have sex then. He confesses to me that he has [POIS](https://www.reddit.com/r/IAmA/comments/rge55/i_am_a_guy_with_a_rare_sexual_illness_its_so/) and can only have sex at very specific times that wouldn't affect his work/life. I'm surprised and ask a lot of questions, but this isn't really a deal breaker for me because the way he talks about it seems like once a week to once every 2 weeks, and after that new relationship energy, that's usually where my sex drive is with my birth control.

I noticed at this time he smelt a bit of B.O., but perhaps he just had a long day at work?

He's running late at work on the day we're to meetup and I tell him it's fine and just to keep m",
13f4hmr,Date didn’t tell me about his eight year old kid!!,dating_advice,449,375,0.85,https://reddit.com/r/dating_advice/comments/13f4hmr/date_didnt_tell_me_about_his_eight_year_old_kid/,2023-05-11,RightBehindYouw,"So went on a second date with a guy I met on a dating app. He never mentioned a child before and I feel like I have been lied to. Isn’t this something important to write on your profile or at least mention on the first date!?
I was more quiet after he told me and showed me pictures of his son in the restaurant. Do I have to be okay with this? I don’t hate children and I want some in the future but I don’t date guys with kids because I don’t want to be a stepmom of some sort. Am I a terrible person if I block him just because he has a kid?

Update: thank you all for your replies 🙏🏻 I really appreciate it. I get now why he might hid the fact that he had a child, but I still think, he could‘ve mentioned it in his profile with a single „dad“! Didn’t need to be specific. If I would‘ve known, I would’ve never met with him. Even if people in the comments say: „quit whining it was just the second date“… I still feel lied to and my time is wasted. 
Some single parents in the comments wrote that",
728f5h,"Ever wonder why guys can't ""just be friends"" after getting turned down? Here why ladies!",dating_advice,432,225,0.89,https://reddit.com/r/dating_advice/comments/728f5h/ever_wonder_why_guys_cant_just_be_friends_after/,2017-09-24,The_Guyzer1,"Ahhh, so your guy friend that you kinda figured had a crush on you finally put it all on the table and told you how he really feels about you. You tell him ""while I think you're an amazing guy I just don't see you that way, but I hope we can still be friends right?"" He most likely feels absolutely crushed but despite that he put on a fake smile and agreed to remain 'just friends'. A few days go by and you hears less and less from him. Days turn into weeks and then weeks turn into months. It leaves you wondering why your supposed friend just removed you from his life and doesn't seem to want a thing to do with you? A lot of mature, and more experienced women will instantly understand why a guy would do this to a 'friend' but most younger girls and women (teen and 20's) won't understand at all where a guy who does this is coming from. So as a guy, let me explain our side of the story:
The very first thing you need to understand is that a guy who likes you and ask you out Is NO LONGER a f",
iohjvk,[Success story] I just came home from the best first date of my life,dating_advice,429,17,0.99,https://reddit.com/r/dating_advice/comments/iohjvk/success_story_i_just_came_home_from_the_best/,2020-09-07,thebaronvonbullshit,"My (24M) life hasn't been the best for the past three or so years. Struggling with anxiety and mild depression, family life not being the best, moving with the family out of Brooklyn halfway across the world to be closer to extended family and being without the friends I grew up with. Things only started getting better the past month and a half when I got accepted into a really good university to finish my degree.

Quarantine gave me a chance to work on myself, so I started working out to be able to cut myself down from 170 to 145 lbs, shaved my head, grew a beard, and got back on Hinge.

I've used the app before with some success but nothing promising. I wasn't intending to use it for too long as I'll be heading back to school in October. I figured I'd have a million chances to meet someone when I get back in the dating sphere.

So on Hinge, for those who don't know gives users the option to like pictures as well as prompts the person has written. One girl caught my eye and I liked on",
juau4h,My Rant on Terrible Dating Advice &amp; Other Aspects of Modern Dating (28M's Perspective),dating_advice,424,90,0.9,https://reddit.com/r/dating_advice/comments/juau4h/my_rant_on_terrible_dating_advice_other_aspects/,2020-11-14,Adadum,"There's alot of terrible dating advice and dating rules that gets thrown out there and read countless posts here on how modern dating sucks and I believe one of the reasons why modern dating sucks is because of some of the currently established rules and dating advice given.

***Notice: This is entirely my opinion, I don't claim any of it as total truth, and this is just a summary analysis from my personal experience and from the experience of others that I have read from this subreddit.***

1. ***""Women are human/people"" =*** First of all, this isn't advice, it's a statement... Women are people and are human? No shit Sherlock but saying this to a guy, who is having trouble getting dates or relationships, isn't going to make him magically understand women and become Casanova. Alot of guys who have trouble with women are because they're not good with women or people in general or might have poor self image and confidence issues. Telling them something as generic as ""women are people"" do",
ngvjbg,[M/27] Virgin. How do i start anything?,dating_advice,412,309,0.97,https://reddit.com/r/dating_advice/comments/ngvjbg/m27_virgin_how_do_i_start_anything/,2021-05-20,dpanther93,"I honestly believe people always look at me like “meh”, but i had a different reddit acc and posted selfies on r/amiugly. People there told me i’m not ugly and should work on my confidence. Lately i’m getting to it, but i’m almost 28 now and never had sex. Last time i kissed a girl was with 19.

I don’t have family, friends or colleagues.

I used tinder and bumble for over two months here in Lisbon without a single match. Literally!

How do i start going out alone and where to meet people? It’s hard to go out alone. I tried to find friends on the internet and maybe connect in real life but never happened anything.

How to talk to women? How do i know if a woman looks at me like i could approach her or if she looks disguised at me?

Also since i’m virgin idk if i should tell a woman before it comes to the act or if i should just try and pretend that i know?

I am very confident with my genital, but unconfident in every other thing about my life.

Serious advices needed please.",
1mixd4b,To the brother who kept giving his GF 2k a month for years,dating_advice,407,51,0.91,https://reddit.com/r/dating_advice/comments/1mixd4b/to_the_brother_who_kept_giving_his_gf_2k_a_month/,2025-08-06,Itchy_Discussion5417,"I recently came across this post by a brother who  talked about giving his gf 2k a month for years for the sake of investing in their future together. He provided very detailed reasons as to why he chose to do so (which essentially boiled down to 1, him having empathy for his girlfriend not being financially stable 2, him wanting to quell her fears about him leaving her , 3, him wanting to build a solid future with her ). His reasons are very honourable but now he has reached a tough spot. Brother take my advice if you want to, i'm just a stranger on the internet who wants you to win. You love this girl, you have invested in her and your future together, but now the time has come for her to settle down with you but she is hesitant despite all the sacrifices you have put in. To be fair she is has the right to do so, she Is a human being with emotions and free will. You invested in her of your free will as well, that was your choice. You made a comment that made me scared for you, you sa",
157bgwx,Am I (26m) wrong for not wanting to date single mothers?,dating_advice,405,596,0.87,https://reddit.com/r/dating_advice/comments/157bgwx/am_i_26m_wrong_for_not_wanting_to_date_single/,2023-07-23,NEK0SAM,"I’m trying to get back in to the dating scene after many years being out of it. I’ve always had bad luck with women and it seems to be continuing. Anyways.

Most of the women I see on dating apps around my age seem to have children. I don’t really want to date single mothers because-



 1) I don’t want a child I don’t know to see me as their “dad” soon after starting dating 


2) if I do date a single mother, get attached to the child and end up breaking up with the mother for some reason, it’s gonna hurt worse


3) my family would be against it and instantly hate the woman


4) added stress of raising a child without a proper income, especially someone else’s (I’m a uni student)


However it seems most women who are single also have kids anyways in this day and age. I’ve always had a fantasy of having a family and raising my own children, but I’m starting to doubt it’s gonna happen at this point but that’s okay, but I’m not exactly fond of the idea of raising someone else’s. 

I migh",
rcxsgv,Is becoming a 'sugar daddy' a one-way road? Will it be difficult to date vanilla in the future?,dating_advice,379,357,0.9,https://reddit.com/r/dating_advice/comments/rcxsgv/is_becoming_a_sugar_daddy_a_oneway_road_will_it/,2021-12-10,YesManGL,"I'm a 29M who lives in a major city in the US. I've recently had a lot of issues in my dating life - specifically with attracting women. Definitely not an uncommon issue on this sub (or in general), but I think I'm in a less common position insomuch that I do a lot of things 'right'.

I graduated from a top university and grad school, have a great job, volunteer, in fantastic shape, good style, have one or two hobbies I'm really passionate about etc. It's very difficult to succeed in my industry without having a decent amount of emotional intelligence, and I have a good circle of male and female friends, so I don't think my social skills are the problem. I was also in a relationship for 1.5 years in college that went pretty well, and primarily ended because we moved to different cities post-graduation - so I don't think I'm entirely clueless with women. However, the past few years have primarily given me very little interest from women organically despite my best efforts, and terrible",
1orx96j,Is it overkill to bring home made cookies to a first date?,dating_advice,377,333,0.94,https://reddit.com/r/dating_advice/comments/1orx96j/is_it_overkill_to_bring_home_made_cookies_to_a/,2025-11-08,TheSkyTurnedGreen,"So, I have a date with a guy I met on tinder tomorrow. We talked about the food we like and he mentioned he loves cookies and a certain red bull. I wanna bring him that red bull and make him cookies but my friend said I'm doing way too much for a first date. 
Is it too much or can I do it? :') 



EDIT: Thank you guys for all the advice, I've decided I will bring the cookies. if he doesn't like them I totally understand, I handle rejection quite well, but I know it'll be for the best because If he's weirded out by that gesture it wouldn't work in the long term anyways. 

One of my biggest love languages is gift giving and acts of service so if it were to work out long term nothing would change (since a lot of people called it manipulative and love bombing , I do that kind of stuff for EVERYONE in my life I care about ) 


Also to the ppl calling me a pick me.... if we get into dating territory I would like him to pick me yes, that's like the whole point of dating  🥲",
khlocb,Just learnt that I [M21] am not very attractive.,dating_advice,362,292,0.94,https://reddit.com/r/dating_advice/comments/khlocb/just_learnt_that_i_m21_am_not_very_attractive/,2020-12-21,throwawyay17282,"So I tried tinder for like the umpteenth time, and not to my surprise I didn’t match with a lot of people. Roughly 4, 0 responses. I know a guy who I haven’t spoke to in a bit, but remember him showing me his Tinder once and it had 99+ likes on it. I’ve never really considered myself a proper model but damn I never thought I couldn’t find myself anyone. I’ve been single for 5 years now and don’t really have much hope of finding someone, especially during a global pandemic. I always suffered with anxiety so approaching someone when out in a club or whatever was never really my strong point. Sorry  if this isn’t the right place but just needed somewhere to vent. Feel hopeless.",
1qxjurx,"I left a risky note for my library crush, But a friend told me I came off as ""insecure and creepy."" How do I handle the first message to fix this?",dating_advice,351,92,0.97,https://reddit.com/r/dating_advice/comments/1qxjurx/i_left_a_risky_note_for_my_library_crush_but_a/,2026-02-06,dappdeer,"I (27M) have been crushing on a girl in my university library (Germany). I am a med student, she [25?] is a teacher trainee. 
I really don't know much about her and we have just saying hello on the hallways or when crossing pathways.
I am flying for vacation tomorrow, so I knew I wouldn't see her again. I panicked, wrote a messy note on sticky notes, dropped it on her desk, and left because I was nervous.

The Note translated to English 

https://imgur.com/a/fvCTR1t

""Hey, 

I am actually gone starting tomorrow... heading straight on vacation after my exam. Since we probably won't run into each other again: Good luck with studying and your liscancing exam!

 If you feel like staying in contact: [Number/Insta]. 

Best, .""

The Situation:

I showed the note to a friend, and he roasted me. He said the handwriting is terrible and the phrase ""if you feel like staying in contact"" makes me look insecure and gives her an ""escape hatch."" He said it gives off ""awkward teenage boy"" vibes.

Howeve",
1rsk4u6,She slept with someone before we were exclusive,dating_advice,348,415,0.77,https://reddit.com/r/dating_advice/comments/1rsk4u6/she_slept_with_someone_before_we_were_exclusive/,2026-03-13,Anxious_Watercress86,"I (29M) met a girl (25) a little over a month ago and she’s my girlfriend now. Things between us are honestly great — we get along really well, there’s strong chemistry, similar interests, and overall the vibe feels really natural and positive.

Recently she told me that she slept with someone else between our first and second date. At the time we obviously weren’t exclusive yet, so logically I know she didn’t do anything wrong. I was also still talking to other people back then. The only reason I didn’t sleep with anyone myself was because I happened to be on holiday.

The thing is, even though I know logically that she didn’t do anything wrong and we didn’t have any commitment yet, I still feel a bit hurt when I think about it. My first reaction when she told me was basically “oh… that kind of sucks.” Not anger, just a bit of a sting.

What’s confusing me is that if the situation were reversed, I would have done the same thing she did. Even though I was on a holiday I have scheduled",
1ixbtci,Dating has made me more heartless.,dating_advice,339,211,0.88,https://reddit.com/r/dating_advice/comments/1ixbtci/dating_has_made_me_more_heartless/,2025-02-24,Straight_Bet_8245,"Hey guys I’m just keeping it real. I don’t care anymore. I 23 M feel like dating has made me a lot more heartless. It seems like the more I care about romantic relationships the worse they get. I’m no longer interested in being vulnerable because it overall has a net negative impact on the relationship. This is my experience as a Man. I know i’m gonna piss a lot of people off but Men shouldn't show their emotions or be vulnerable. We have to be strong because no one cares about us. But yeah, dating has turned me more savage. I'm fully detached whenever I go on a date. I’m ready to walk away at any minute. I don't care if I'm single anymore. 


Edit: Guys I think you we have a misunderstanding. I'm not giving up on dating. In fact, I'm doubling down because idgaf anymore about the result. Yes I may feel more heartless but I'm still gonna date.
So should you.",
1sl9c3p,"If you are good looking as a guy, you might just have it hard enough as well.",dating_advice,329,329,0.87,https://reddit.com/r/dating_advice/comments/1sl9c3p/if_you_are_good_looking_as_a_guy_you_might_just/,2026-04-14,Annual_Word5240,"I know this is going to sound like the ultimate humblebrag, and I’m fully prepared to get roasted in the comments, but hear me out.

I’ve noticed a really frustrating pattern, and I'm genuinely curious if anyone else has experienced this. When you are a conventionally attractive guy, people tend to make a lot of instant assumptions about your character. The biggest ones? That you’re a player, you're arrogant, or you’re completely emotionally unavailable.

Because of this, women often have their guard all the way up from the very first interaction. They expect you to cheat, ghost them, or they assume you’re already juggling ten other girls. It makes it incredibly difficult to build any baseline of trust, because you are constantly trying to prove a negative.

On top of that, the connections you do make often feel incredibly shallow. Sure, getting matches on apps might be easier, but it feels like you're just being objectified. When you try to show actual vulnerability, share your insecu",
1qhf7vm,"35M, never had a girlfriend, good career, but dating feels like a locked door",dating_advice,325,162,0.98,https://reddit.com/r/dating_advice/comments/1qhf7vm/35m_never_had_a_girlfriend_good_career_but_dating/,2026-01-19,Worldly-Net-165,"I’m 35, introverted, financially very comfortable, in good shape, living alone, with a solid career. On the surface, everything is in place. Except this one part. I’ve never had a girlfriend. Never been in a relationship. No real dating experience at all. I’m not awkward in everyday life. I work with people, I socialize when I have to, I function. But attraction flips a switch in my head. I overthink, hesitate, assume I’m a bother, wait too long, and nothing ever happens. Almost all my close friends are married or in long-term relationships now. I’m happy for them, but it also makes the contrast impossible to ignore. It feels like I missed some basic life module everyone else completed. At this point it’s not even mainly about sex or having someone. It’s about being 35 with a blank page where experience should be. That starts to mess with your confidence in a deeper way.

If anyone here was a late starter or had a serious mental block around dating, what actually moved the needle for y",
1mebs1r,"Never dated before, should I admit that?",dating_advice,322,39,0.94,https://reddit.com/r/dating_advice/comments/1mebs1r/never_dated_before_should_i_admit_that/,2025-07-31,ServantofMenoth,"I [M32] have never dated, been kissed or had sex before. My best friend has encouraged me to try a dating app, in this case Boo, and try to meet someone. Should I admit that I'm a virgin who's never been in a relationship if I actually do meet someone? I feel like it's a massive red flag that will turn people away, but if I lie about it they'll likely assume I have experience and that could cause issues.

Tbh I do want to try this and I'd like to find out if a woman could actually be attracted to me/love me romantically. But I worry that it's too late for me now.",
171k3lj,"Dating someone with a wandering eye, is this a deal breaker?",dating_advice,313,202,0.91,https://reddit.com/r/dating_advice/comments/171k3lj/dating_someone_with_a_wandering_eye_is_this_a/,2023-10-06,Melimelo3220,"I’ve been seeing this guy who I met 5 weeks ago and one of the things I like about him at the beginning was how he only had eyes for me, yesterday he asked me out and we just ended up at his place, playing chess and talking, we went for a walk after that and I noticed he checked out every girl who walked in front us, no a simple stare, but turning head and all that, he almost dislocated his neck in the process…
I’m not a controlling type, but I’ve dated other guys who never done this, I have a big brother too, which never showed this behavior in front of his girlfriend, so I don’t think it’s acceptable to say it’s “ human behavior” 
When I am with someone, whether I find them good looking or not I alway put all my attention in them and never stare at other men on the street….

my friend says this is normal in guys, yeah, it’s ok to look at an attractive woman in front of you for a couple of seconds but not every pretty girl walking by… I find this so disappointing and disrespectful..",
w2bot7,I recently started dating a virgin who has never had a gf. Advice?,dating_advice,309,122,0.96,https://reddit.com/r/dating_advice/comments/w2bot7/i_recently_started_dating_a_virgin_who_has_never/,2022-07-18,isanyoneoutthere791,"The guy(23M) I’ve (25 F) been dating admitted to me last night that he’s a virgin, if I’m okay with that, and asked me to be his girlfriend. I said yes to all. He’s never had a girlfriend before. He was an awful kisser but I was able to fix that and he’s much better now. Very receptive to my input. We were set up by mutual friends and apparently he’s never had much luck with dating. He’s really cute and tall, just super nerdy, but I like that. I am much more experienced, and have a more sultry + vixen look (I’ve been contacted by porn reps more times than I can count and I am all natural lol). We’re definitely an interesting pair, but I like him and think he’s worth giving a shot to. Completely different from anyone I’ve ever dated, but it’s really refreshing. 

I’ve always initiated everything but he’s never tried to grope me anywhere and we’ve only made out and cuddled. I’ve never felt so respected and he never gawks at me. He still seems really nervous, but I know I’ll want to get t",
1k9e3r9,"a dude confessed to my girl, i dont know what my reaction to this should be and what i should be telling her",dating_advice,296,228,0.95,https://reddit.com/r/dating_advice/comments/1k9e3r9/a_dude_confessed_to_my_girl_i_dont_know_what_my/,2025-04-27,Swablu9114,"We are college students and have been in a relationship for about 14 months now. about 6 months ago, my girlfriend made a new friend and they grew pretty close decently fast. they used to hang out a lot together, and do multiple projects together etc etc. I figured out the dude had a crush on her, but i trusted my girl 100% i brought this up to her in the past twice or thrice, but more or less she sort of disregarded it usually and gave her own reasons for it which sort of made sense, but to me things were clear that the dude was down bad.

yesterday my girl tells me that the dude told her that he wants to have some serious talk with her, which she feels may be aomerthing emotional. today she tells me the details of it and tells me that the dude basically confessed to her. he said he wanted to move on from her, considering she had a boyfriend, and he tried his best in silence, but he couldnt so he is confessing this is that its easier for him to move on. my girl tells me, she just list",
1mx3vri,Some honest feedback for women's dating profiles from a guy's perspective,dating_advice,290,100,0.9,https://reddit.com/r/dating_advice/comments/1mx3vri/some_honest_feedback_for_womens_dating_profiles/,2025-08-22,Downtown-Process-767,"I see tons of advice for men's profiles, but rarely the reverse, so here's what actually catches my attention as a guy who takes time to look through profiles properly.

**Skip the heavy filters on most photos** One or two filtered pics are fine, but when 5 out of 6 photos have major filters, I genuinely can't tell what you look like. A lot of guys actually prefer natural photos over heavily edited ones.

**Include some full body shots** This isn't about being shallow - it's about honest representation. If all your photos are face-only, it comes across like you're hiding something. Own whatever body type you have because there are guys who will be genuinely attracted to it.

**Make it obvious which person you are** Group photos are great to show you have friends, but don't make me play detective to figure out who you are. Lead with a clear solo shot.

**Actually write something in your bio** So many women complain about guys sending boring openers, then have completely blank bios. Give",
14t1wwu,I can't get a single date. Why is so hard even after figuring out everything in life?,dating_advice,280,394,0.91,https://reddit.com/r/dating_advice/comments/14t1wwu/i_cant_get_a_single_date_why_is_so_hard_even/,2023-07-07,elon_fusk,"People here talk about casually dating multiple people all the time. How the hell is it happening so easily for everyone? 

I'm 24M and never had any woman interested in me. Never kissed a girl in life. Why is it impossible for me to get a single date. Where do I meet women who are willing to go out on a date. No matches on apps, not many female connections through friends as I'm new to the city, no women interested in me at bars/clubs even when drunk. No luck in meetups/social events.

I'm not socially awkward, I never have issues making male friends. I earn good money, have a stable career, stable life, network of smart people, workplace is mostly males. I have everything in life I ever wanted except a girlfriend.

What the hell do I do? I'm dying to get some love.

EDIT: I know the title sounds a bit arrogant but that's not what I meant. I haven't achieved everything but I have achieved things that I had imagined or at least on a path to. Seems like there's a lot of work to do on my",
ingqjz,Just because you don't have someone doesn't mean you are ugly.,dating_advice,269,76,0.96,https://reddit.com/r/dating_advice/comments/ingqjz/just_because_you_dont_have_someone_doesnt_mean/,2020-09-06,grant5512,So I've(25m)never had a girlfriend. Ive kissed someone right after I turned 21. She blocked me from her life right away. Ive always thought I was ugly. Fast forward to a week ago. Two guys at work who are gay showed what I looked like in high school and they said I was supper hot. That whole time I thought I was ugly because I was friendzoned.,
1oi5s9l,I swear dating in 2025 is not for the weak😕,dating_advice,266,186,0.83,https://reddit.com/r/dating_advice/comments/1oi5s9l/i_swear_dating_in_2025_is_not_for_the_weak/,2025-10-28,smoove_97,"I (28M) met this girl on a dating app. We matched, got into it and in 5 days, we had planned our 1st date. It went cool tho she showed up a lil bit late despite her living opposite to the cafe we met at. 
Basically, we started talking on a Sunday and our 1st date was on Thursday night. So, I asked her whether she minded going for a 2nd date on Saturday since it was my birthday. 
She showed up, all was cool until she told me that she had a roommate who had gotten into a fight with her bf so they were kicked out and she was looking for a place to stay at. 

It all sounded true atm plus I had no reasons to doubt her so i offered to help. I told her to search for a place around town and on Sunday, she hit me up talking about how she had found a place. I met her, we went and paid rent fee and that was it. Btw, we stayed there and we had sex that night. 

Long story short, she called me to pay her a visit the next day and I was all in cause I knew what was up. Went there, had sex again on th",
19742rr,"Seeing my ex for the first time in 14 years, and a lot has changed.",dating_advice,251,54,0.91,https://reddit.com/r/dating_advice/comments/19742rr/seeing_my_ex_for_the_first_time_in_14_years_and_a/,2024-01-15,Slight_Day_8888,"My ex (m 35) and I (f 35) were together 4 years, it ended in 2010. We had a lot of highs and lows in our relationship. The first three years things were really great. We had a fun relationship, we did a lot of things together, traveled a lot, and just overall had a playful relationship. During the last year, he lost his employment, and there is a lot of family drama between his family and me. It was centered around me becoming very close with his brother’s girlfriend. They eventually broke up and his parents were very displeased that I continued to have a friendship with her despite her withholding their grand baby. I also had a surgery that put me down for several months, we stopped courting each other, and things just went sour. I was also very emotionally immature as I was very young in my early 20s. I did not handle the breakup well. Eventually, we sat down to talk about what went wrong and he told me, that I was degrading when I was angry and that when I insulted him I did not mak",
7x4dmp,"Girls, can I just cut the bullshit and ask you out on a date? (21M)",dating_advice,249,130,0.95,https://reddit.com/r/dating_advice/comments/7x4dmp/girls_can_i_just_cut_the_bullshit_and_ask_you_out/,2018-02-12,apassionate_douche,"Hi, I'm in college. I've been single for a year now and it's not that fun. My intentions are to find a girlfriend; I'm not interested in casual hookups. I've got a question for the girls here. 

Let's say a guy you don't know approaches you, talks to you for a bit, and then asks you out on a date. (Let's also assume you're at least mildly interested) Would you rather he just asks for your number and the two of you text back and forth, then make plans to ""hang out"", then eventually progress into something serious? Does the fact that some dude asked you out on an actual date scare the shit out of you and make you want to say no? OR would you appreciate it if someone skipped all of that, told you that he'd like to take you out on a date cause you're just too damn pretty? 

Here's my experience...

I asked a girl out on a date. She said no, and I moved on because that's how life works. Great! End of Story, close the curtains. Two months later, I start talking to another girl. I started lik",
87gdkz,I [M45] regret never dating/marrying so badly,dating_advice,247,76,0.96,https://reddit.com/r/dating_advice/comments/87gdkz/i_m45_regret_never_datingmarrying_so_badly/,2018-03-27,billkinney,"Yes I'm an old guy... 45 to be exact. I've never kissed a woman, or been on a date, and I'm a virgin. I feel like such a loser at this point in my life. It's not because I didn't like women; I was just shy and timid. And no women ever paid attention to me. Every year I thought this is going to be the year; then years turned into decades. I never thought I'd never marry. I always wanted to be a dad. Now even if I did marry, I couldn't have children. Believe me, I would never get a woman to marry me, let alone one 10+ years younger than I am. I guess it's just been bothering me a lot lately since my brother just became a grandfather. Each day I get lonelier and I know one day I'm just going to die completely alone. Nobody will even care, except for my brother if he's still living then. I just really regret not ever having a family or wife or girlfriend. Don't even have a single memory like, oh that one girl and I did that, many years ago. Nope, I don't even have a memory. It just makes m",
1gqx111,Fiancé gets lap dance from naked stripper ,dating_advice,224,268,0.82,https://reddit.com/r/dating_advice/comments/1gqx111/fiancé_gets_lap_dance_from_naked_stripper/,2024-11-14,Dazzling_Fox9777,"While overseas on a family holiday my single brother and fiancé went out at about 8pm for a few beers. I text and called as I woke up multiple times and they still weren’t home they ended up coming back at 4am. I found out that my fiancé paid for 3 lap dances for my brother and he paid for one for himself. He then exchanged instagram handles with the stripper and they followed each other. I also found texts on his phone trying to arrange a hooker but apparently this was for my brother which I do believe. Anyway I ended up finding the stripper on instagram and she said it was completely innocent and my brother was beside my finance while he had a lap dance she told me that I have a great man she also said he hardly touched her (he still obviously touched her which makes me sick!)
We have a one year old son which makes things hard because I know it’s easy get up and walk if we didn’t have him.

What’s your take on this. Would you leave. Am I overreacting for feeling like I want to leave",
u99c95,Why does it seem so unbearably difficult to get into a relationship these days?,dating_advice,217,120,0.94,https://reddit.com/r/dating_advice/comments/u99c95/why_does_it_seem_so_unbearably_difficult_to_get/,2022-04-22,Notalabel_4566,"I (26M) can't find a girlfriend despite being outgoing and meeting lots of new people.

I just don’t get it anymore. It’s bizarre that anywhere I go I constantly see guys with girlfriends/wives &amp; a lot of the time these women are attractive. But it just seems like no one even bothers to talk to one another anymore unless they know them already. Online dating is a huge disaster unless you have an amazing job or top tier looks. So what is it that women are even looking for these days? Why is it so difficult yet I always constantly see people together.

. If it’s so difficult how do so many people find it so easy? I’ve heard of people getting out of relationships than finding another in like 3 weeks time. I just don’t get it at all.",
1kk2awe,Getting a girlfriend is impossible,dating_advice,217,425,0.84,https://reddit.com/r/dating_advice/comments/1kk2awe/getting_a_girlfriend_is_impossible/,2025-05-11,Aesenix,"I (20M) have been single for 3 years and would really appreciate companionship, however it feels so impossible to find a girlfriend.

Everywhere I go there seems to be couples everywhere. I'm not sure what I'm doing wrong. I'm currently studying at university, have hobbies i.e going to the gym, playing piano, speedtyping, building pcs/keyboards, working on personal projects, reading, collecting cologne, skincare etc. and I feel like I look decent, I'm extroverted and feel like I have good social energy and a good sense of humour, and I have goals and aspirations and I feel like I am very career and family oriented. I take good care of myself and because of all of these qualities I feel like I should at least somewhat stand out or at least be somewhat desirable but every girl that I ask out always rejects me and if I ask a girl for her number I get rejected.

I've tried online dating and I get ghosted. Even IRL whenever I talk to a girl on instagram it's the exact same pattern of taking",
1oe9zxi,"Women keep ending it after a 1-2 months or say ""they don't feel a spark""",dating_advice,207,569,0.74,https://reddit.com/r/dating_advice/comments/1oe9zxi/women_keep_ending_it_after_a_12_months_or_say/,2025-10-23,Think_Delivery_9443,"38/M. I have a stable career, above average looks, good conversationalist and good personality. Most recently I met a 40 year old woman at a speed dating. She was very shy. She is a nice person and sweet. I liked spending time with her. She never initiated text but I also think it's partly because she wasn't that into me. Last week she came over for dinner (her suggestion). She talked about another guy on the date which I checked her on (not cool esp. on a third date). I asked for another date on Monday night. This happened multiple times on the first and second date where she talked about her ex, but I let it go and listened. She took 2.5 days to respond giving the classic ""You're a nice guy. It was great getting to know you, but I don't feel a spark."" Why do you talk to a guy for a month, go on three dates and go over to his place twice (invited her over after bowling and dinner on 2nd date). if you ""dont feel a spark."" Makes 0 sense. Her comunication skills were not great. She state",
1pwn85i,"As a guy, should I just never expect to be pursued or actively shown affection?",dating_advice,206,204,0.94,https://reddit.com/r/dating_advice/comments/1pwn85i/as_a_guy_should_i_just_never_expect_to_be_pursued/,2025-12-27,ventingandcrying,"26M and fairly new to dating in my opinion, only really been doing it for the last 3 years.

I have no problem planning the first and even the second date if I feel like we get along, but all these relationships eventually just kind of fade out because if I wait for them to make the next move we never speak again. Even if they act like they like me, they still seem to be very passive participants in the relationship. Whenever I try to ask about this people always tell me it’s the man’s job to pursue the woman, but I can’t really be attracted to someone that doesn’t show they like me as well. Physical attraction is one thing but I need actual chemistry for me to want the relationship too, not just one sided affection.

I try to communicate this to my partners but it’s always met with anger or acknowledgment with no change afterwards. Am I doing something wrong? Am I genuinely expected to be the only one giving effort? Because if so then I’d rather just give up lol",
zwsdcg,5 things I have learned after almost 8 years as a single [33m].,dating_advice,191,65,0.91,https://reddit.com/r/dating_advice/comments/zwsdcg/5_things_i_have_learned_after_almost_8_years_as_a/,2022-12-27,YoungTomSoy,"Hello friends and family in r/dating_advice! Long post incoming.

&amp;#x200B;

I am a 33 yo man currently living in Utah, USA. I have been single and trying to meet a woman for a LTR for almost 8 years now. In March of 2015 I broke up with my ex over communication issues and a progressively more and more toxic/sexless relationship. I stayed in Los Angeles where I was living until August of that year before moving to Colorado to persue the ski bum lifestyle.

I was living in a ski town, which does not make dating easy. Most people are very transient, just there for the winter. In the town I lived in there was approx. 9 men to every 1 woman. I lived there through the worst of the pandemic and moved to Salt Lake City, UT in August of 2021.

While dating has gone easier here in SLC, I still have struggled to connect with anyone. I've found that either they are into me and I don't reciprocate, or vice versa. The last two women I have dated (for about a month each), were both dating other m",
1irpp9o,GF says I didn’t do enough for v day,dating_advice,188,248,0.82,https://reddit.com/r/dating_advice/comments/1irpp9o/gf_says_i_didnt_do_enough_for_v_day/,2025-02-17,Own_Inevitable4939,"M/23 F/22

This morning shortly after waking up my girlfriend said that I should go home early, she then said that there isn’t a nice way to say it but she feels like I didn’t get her anything on Valentine’s Day. 

Context: Valentine’s Day she made me a little gift box, with a handmade blanket, T-shirt and a few other small things. She also paid for breakfast too 

Going back to February 1st, we had a dinner date planned. This was the day where I asked her to be my valentine. I surprised her with a custom made sign that I made “will you be my valentine”, flowers, a little bear all with fake rose pedals and those light up electric candles surrounding it. This was followed by a dinner at a high end restaurant. (The bill was $250 for two of us)

Leading up to Valentine’s Day, I bought her nails ($80) and also paid for her to get her lashes filled ($80).

On Valentine’s Day, I got a dozen long stem red roses made in a custom wrap for her ($130) and a box of chocolate. This was followed by",
1qudj16,"Introverts who don’t like party or hookup culture , where did you meet your partner?",dating_advice,188,93,0.97,https://reddit.com/r/dating_advice/comments/1qudj16/introverts_who_dont_like_party_or_hookup_culture/,2026-02-03,EquivalentWitness165,"I’m 22M, pretty introverted, and not into party or hookup culture. I don’t drink much, don’t go to bars, and I value connection more than quick flings. I’ve never been in a relationship, which sometimes makes me feel behind, but I’m not bitter about it. I’m honestly trying to figure out where people like me tend to meet partners, or just where people meet in general. I’m also wondering whether dating apps are something I should actually be looking into, or if real-life paths tend to work better for low-key, relationship-oriented people. I’d really appreciate hearing what actually worked for you.",
1pni9cc,Dating Now Just Feels...Impossible [37M],dating_advice,185,173,0.91,https://reddit.com/r/dating_advice/comments/1pni9cc/dating_now_just_feelsimpossible_37m/,2025-12-15,nluz527,"For context: I’m 37, never married. I’ve had several serious relationships, lived with a couple girlfriends, and have plenty of dating experience. Yet somehow I’ve become that perennial single friend / cool uncle while everyone else is married with kids.

Historically, my breakups have been pretty evenly split between me dumping and being dumped, and I never noticed a clear pattern. But the **last three women I dated followed the exact same arc**, and it’s starting to mess with my head.

Every time it starts the same way:

* They’re *very* into me
* Tons of communication
* Shared values, lifestyles, and long-term goals
* Strong physical attraction
* Lots of compliments (funny, handsome, emotionally intelligent, great communicator, etc.)

Then, seemingly out of nowhere, the interest evaporates.

I know “loss of interest” is common in dating, but I genuinely don’t understand *why* it keeps happening *this* way. I’m not the type to flip-flop, if I like someone, it usually takes clear red",
1lyffcz,Failed “movie night” led to epiphany why I’ve avoided dating for 10 years,dating_advice,172,27,0.93,https://reddit.com/r/dating_advice/comments/1lyffcz/failed_movie_night_led_to_epiphany_why_ive/,2025-07-13,nutefunray,"I (M32) recently started dating for the first time since college. 

During college I had some very poor relationships. They mostly revolved around physical interaction. After them, whenever the thought of talking to a new woman or going on a date came up, I was always left with an unbearable queasy feeling. Consequentially I went out of my way to avoid dating and even sabotaged some very good matches just because I couldn’t face my feelings. I was scared to even broach the subject of sex so I just didn’t talk to girls.

Flash forward to the past year and I have been trying to meet people.

I recently saw a girl for a month, we checked all each other’s boxes. She invited me over to her place at night for a date so obviously the subject of intimacy came up. I came clean that I had not been with someone for over 10 years. It was the first time I had ever admitted this to anyone. 
She actually seemed to understand this! But that conversation lead into a deeper one on our emotional availabi",
tos0np,Is it completely normal to be happy being single?,dating_advice,172,79,0.9,https://reddit.com/r/dating_advice/comments/tos0np/is_it_completely_normal_to_be_happy_being_single/,2022-03-26,Ben5544477,"Pretend I'm a man or women who is happy being single from age 20 to 40.

Is that completely normal? Is there anything that's weird about that at all?",
or3m42,Honest Dating Advice for Men Part 2 (My second post ever!),dating_advice,169,21,0.9,https://reddit.com/r/dating_advice/comments/or3m42/honest_dating_advice_for_men_part_2_my_second/,2021-07-25,SnungusBungus,"Back by popular demand, I was awed by the level of response my first post got and honestly it was a little overwhelming and a little stressful to have over 500 people give me their opinion on something I wrote. The response was overwhelmingly positive and it made it to r/popular for awhile and I am really touched. If you are here from the original post I am humbled by your support and I hope I don't let you down with my follow-up! I'll link the original post at the bottom.

I promised to do a red flags and green flags post so that is what I will start with that.

I believe there is a bit of a misconception floating around that if you see a red flag during a date you should run for the hills. It is important to remember that we all have red flags and that is ok. Ideally we should have some green flags too and it is just important to watch for those. I was surprised when my brother read my first post and told me he had never even heard of green flags before. I think we have cultivated an",
1qkc5ci,What's the hardest thing about dating as a male,dating_advice,169,315,0.92,https://reddit.com/r/dating_advice/comments/1qkc5ci/whats_the_hardest_thing_about_dating_as_a_male/,2026-01-23,North_Aardvark2953,"hey everyone, im nociticing that a lot of men in my friend group struggle in their dating and the curiosity is killing me on why they are so horrible at dating. SO now im curious from a males pov, what is the hardest thing about dating?",
1ste6ie,Why do women call me “husband material” but never choose me? (25M),dating_advice,169,228,0.84,https://reddit.com/r/dating_advice/comments/1ste6ie/why_do_women_call_me_husband_material_but_never/,2026-04-23,MrRedFlag-10,"I keep getting compliments that I’m “husband material” but honestly now I don’t like it.

Since childhood, friends, ex-gf, classmates, and many women have said things like:

* Your wife will be lucky
* Guys like you are harder to find
* You will have a beautiful wife

Earlier it felt good, but now it doesn’t.

Now it feels like “husband material” means the last option women choose after everything else in life doesn’t work out. Like after all the chaos, toxic relationships, heartbreaks, bad boys, childish guys, exes, and drama then they choose the boring stable husband material guy.

What bothers me is: if I’m really that good, then why not choose me?

Why say “your wife will be lucky” instead of “I want to be your wife”?

Why say I’m rare, valuable, different but never actually want me?

That’s why it feels like hidden rejection or being kept as an option. Like “you’re good, but not for me.”

I don’t want to be the sensible option. I want to be the best option.

I want to be chosen, d",
1lwzqsq,Dating seems impossible as (introvert) man from gen Z,dating_advice,168,95,0.83,https://reddit.com/r/dating_advice/comments/1lwzqsq/dating_seems_impossible_as_introvert_man_from_gen/,2025-07-11,Hoppip94,"26 year old man here never had a relationship. Born in 1999 so part of the always criticised gen Z by other generations. And for dating I agree it seems absolutely impossible to date especially as an introverted man that doesn't like to go to bars, doesn't like alcohol and doesn't like partying every weekend till sunrise. 

It seems like many women have insane high standards. I am average looking, but I have a good payed job, a house, a car, a dog, not many friends but still a handfull of great friends, my family is great, I am financially independent, I can take care of my own life fine and still it is not enough for women. They still seems to want more and to me have unrealistic expectations. They seem to only want to top 20%. 

I talked to a friend who is also my age and single and he struggles with the same things. Many guys our age struggle with this and many are still single at this age which is pretty alarming to me. 

We talked about that we have no idea what people our age are",
1kmjyl6,Dating makes me feel lonely…,dating_advice,163,90,0.95,https://reddit.com/r/dating_advice/comments/1kmjyl6/dating_makes_me_feel_lonely/,2025-05-14,Past-Future-7055,"I (29M) have been single for several months now, and decided to put myself back out there dating. I’m outgoing and know how to have and hold conversations, but this new dating scene that I’ve stepped in makes me feel so lonely.

I’m constantly improving myself: exercising, working on certifications, cooking, taking myself on dates. But, for some reason whenever i find myself interested in a woman, it feels like a depressing roller coaster.

The cycle goes like this: I like a woman &gt; I ask her out &gt; I express that I like them and want to spend time with them &gt; they give me a blanket “i feel the same back” &gt; i start noticing that I’m showing all the interests[get left on read more than once, no questions asked to get to know me, etc] &gt; i detach in order to avoid an unrequited love situation or painful friend-zone

Is this what dating is supposed to look like for men? Am i supposed to fight for the interest of someone to no means to a resolution? 

I’m aware that this is ju",
lu4rl6,"""Just be yourself""",dating_advice,147,138,0.91,https://reddit.com/r/dating_advice/comments/lu4rl6/just_be_yourself/,2021-02-28,Anomalous439,"I'm sick of hearing this statement.  Everyone uses it like a go-to piece of golden advice that'll never let you down.  It's a fallacy, and my life is living proof.

You want me to be myself?  You want me to be a social incompetent with so much anxiety he's already having heart problems at the age of 20?  You want me to act like a lonely virgin who's so desperate his friends literally tell him to give up?  You want me to bring up stupid science fiction trivia and D&amp;D talk in every conversation?  You want me to show girls how terrified of them I am at the start of every conversation?  You think being this kind of person will HELP?

'Who I am' is what's made me single for my entire life.  'Who I am' is the actual problem.  In these cases, it's better to be someone completely different, that way you might finally have a chance.",
hkk1r8,"After 2 weeks of being on online dating apps with Hinge and Bumble as a [30M], I come to the realization that the catfishing is just too real. Ladies and gents, make it your new normal to VIDEO CHAT with them before even going out on a first date, it will save you so much time.",dating_advice,146,39,0.94,https://reddit.com/r/dating_advice/comments/hkk1r8/after_2_weeks_of_being_on_online_dating_apps_with/,2020-07-03,PetitBebeYoda,"I am new to this online dating thing. I am an extroverted person and I would meet potential dates by simply striking a convo randomly anywhere. This pandemic has made people really paranoid about even talking to anyone without thinking if they're gonna get infected in the back of their head. So I decided to go ahead and try online dating apps and try my luck there. 

Ok, I'm gonna specifically use Hinge as an example as I had the most matches and dates with it. I look at their profiles, it's honestly great, nice cute girl and funny captions, I'm thinking damn ok. They seem all interesting, I like, we match. We talk and it seems like it's going somewhere. We exchange numbers and decide to meet. I invite her to a drink at the park, I ask her what her favorite drink is and get a few cans.  I actually can't stop laughing while writing this, the girl looked nothing like her pics. She was also like 4'11 and her profile said 5'5 LOL The girl didn't even make one single eye contact when talkin",
xekfns,"People act like you cannot have dealbreakers when you are not conventionally attractive and are single for a while, what is the deal?",dating_advice,132,107,0.87,https://reddit.com/r/dating_advice/comments/xekfns/people_act_like_you_cannot_have_dealbreakers_when/,2022-09-15,HEMIfan17,"Hi.  40M here and first post as well.   Everyone has standards and dealbreakers, including myself.  I'm not a gym rat but I do have a rather average build.

I really just have Three: No cigarette smokers, no hardcore Trump supports / anti-vaxxers / pro-lifers (I'll count those as one) and no woman who is excessively overweight/obese.

As a certain primetime comedian would say, ""No one had a problem with it.... until the final one was mentioned.""

It seems like if you have been unable to find someone and not conventionally attractive, people get all flippant.... especially weight. 

I asked a close friend (who happens to be a woman) why people get all flippant on my dealbreakers.  She told me ""People will be fine with them until they hear you have been single for a long time, then they'll be 'he should not be turning down anyone at this point for any reason.... especially because of their weight if he isn't exactly Ryan Reynolds himself'.""

 So I asked her ""If you had a female friend th",
1psqh7d,I never seem to get in a relationship with women that I'm infatuated by or really really like.,dating_advice,118,88,0.95,https://reddit.com/r/dating_advice/comments/1psqh7d/i_never_seem_to_get_in_a_relationship_with_women/,2025-12-22,throwaway14372020,"Just came back from a second date and found out there won't be a third. I'm feeling dejected (lowkey cursed) because I really really liked her, even after only a few weeks of talking to her. I know it sounds crazy, but I'm already infatuated with her and if things were to work out, I would've given everything into the relationship. And when I really really like a girl, things never work out. Now I'm not some inexperienced weird guy who obsesses over a girl quickly; I'm 30M and have been dating since I was 16. I've been in 3.5 long term relationships and been on probably 50+ first dates over my lifetime. I am very average, but I think I do pretty well on the apps as well as the dates.

Out of the tens of women that I've dated/went-on-a-date with, there have only been 3 times in my life that I've been infatuated with them. Like literally in my brain, all the chemicals and butterflies are going off. I'm already like ""She's the one"" and planning my life with them, etc. With my ex-girlfrien",
1p4cv8h,I get an erection when I talk to attractive women,dating_advice,115,69,0.86,https://reddit.com/r/dating_advice/comments/1p4cv8h/i_get_an_erection_when_i_talk_to_attractive_women/,2025-11-23,wallflower765,"I'm almost 28M. Never had a girlfriend, but I'm not a virgin and have even kissed a few girls.

Still, I have this problem. Everytime I seemingly hit it off with a woman, even though sex isn't on my mind at all, I start to get hard and I get all nervous and my body language gets all closed off trying to hide it. She'll either end the conversation or walk away while my back is turned. I feel like a creep.

This only happens to women I'm attracted to. Talking to girl friends, nothing.

How do I make it stop?",
1lz72cw,What makes women fall for guys that are average or below average physically? Need advice.,dating_advice,106,289,0.82,https://reddit.com/r/dating_advice/comments/1lz72cw/what_makes_women_fall_for_guys_that_are_average/,2025-07-13,ReviewMe7164,"I (24M) have very very limited dating experience. I'm not particularly special physically, and I struggle with confidence because I cannot tell what women want and what they'd want with me.

Why would any girl, out of dozens of guys she encounters, like me in particular? I definitely have many positive personality traits, but I'm puzzled how they'd get her to feel *attracted* to me and later fall in love.

What is it that guy who is below average to average in terms of physical appearance - thin and short - has to do or be to have a good chance with women? In other words, why would they love me or crush on me?",
13b4qeh,I (M29) have stopped falling in love and lost the motivation for dating. But I don't want to die alone. Any advice?,dating_advice,103,37,0.93,https://reddit.com/r/dating_advice/comments/13b4qeh/i_m29_have_stopped_falling_in_love_and_lost_the/,2023-05-07,BlueViking1337,"I used to fall head over heals for girls in my teens. But for every encounter I have had in my dating life I feel less. Now I don't feel anything for anyone. Even if I know a girl is interested. 

I'm sure I'm able to love and be in a loving relationship, I just don't fall for girls anymore. 

I'm pretty happy and comfortable in my own company. I don't mind being single and not dating. I haven't been on a date for over a year (by choice). But I don't think I want to be single for the next 50 years. Seems a bit lonely and unforfilling. 

I feel like I shoud do something about my situation. Have anyone felt the same way that I do? Is it normal? Should I do anything about it?",
1l4603g,Found a photocopy of my driver's license,dating_advice,100,24,0.97,https://reddit.com/r/dating_advice/comments/1l4603g/found_a_photocopy_of_my_drivers_license/,2025-06-05,mozart357,"Recently I was socializing with a group of friends from a local singles group, and we were exchanging stories about dates and relationships gone wrong.  I shared something that happened to me ten years ago, and it got some mixed reactions.  I'm looking for general discussion.

It was around 2014, I was 38M, and started to date someone my age. We had good chemistry, and we were visiting each other's apartments regularly.  

A couple months in, I was at her place. I remember she was looking for something (I think she misplaced her glasses). She asked me to look in her bedroom while she checked around the living room. While I did so, I opened the drawer of her bedside table....and I found a photocopy of my driver's license, front and back.  I stared at it, wondering why she had it.  

I never said a word about it, but I did fold it up and put it in my pocket. Later I took time to change some passwords on various accounts and monitored my credit. Some time after that, we broke up for other",
7tj9nj,Getting a date in Utah as a guy is impossible.,dating_advice,100,54,0.91,https://reddit.com/r/dating_advice/comments/7tj9nj/getting_a_date_in_utah_as_a_guy_is_impossible/,2018-01-28,LizzardMcLizzardface,"Bloody hell. First off, since there’s a huge Mormon population here, everyone expects you to get married in three months of your first date together.
Secondly, it’s like every girl here expects every guy to be loaded with cash. Thirdly, the way Mormons portray how guys should look/be personality wise, impacts the dating scene here. Fourth, there are literally no single girls that even pay attention to me, and whenever I ask someone out who I’ve known for a while, they’re never single. Literally. Every single fucking time. And they bloody act like they’re into me.
I’m done with life. I’m tired of being lonely.",
