post_id,post_title,post_subreddit,post_score,post_url,comment_id,comment_author,comment_score,comment_body,comment_url,jtbd_theme
jshz7p,My secret to success,datingoverthirty,3503,https://reddit.com/r/datingoverthirty/comments/jshz7p/my_secret_to_success/,gbzajc0,2Dumb2Understand,490,"I did a 200 day stint that changed everything. For 200 days straight I:

Practiced a new instrument/
Practiced Spanish/
Drank a gallon of water/
Did yoga/
Exercised/
Meditated/
Had no sugar/
Had no alcohol/
Ate only whole foods /
And as funny as it may sound, practiced nunchucks 

By the end of it I felt like a brand new human!",https://reddit.com/r/datingoverthirty/comments/jshz7p/_/gbzajc0/,General / Other
jshz7p,My secret to success,datingoverthirty,3503,https://reddit.com/r/datingoverthirty/comments/jshz7p/my_secret_to_success/,gbzcul8,2Dumb2Understand,60,100% friend,https://reddit.com/r/datingoverthirty/comments/jshz7p/_/gbzcul8/,General / Other
jshz7p,My secret to success,datingoverthirty,3503,https://reddit.com/r/datingoverthirty/comments/jshz7p/my_secret_to_success/,gbzbzuz,2Dumb2Understand,57,So THAT’S where they went,https://reddit.com/r/datingoverthirty/comments/jshz7p/_/gbzbzuz/,General / Other
jshz7p,My secret to success,datingoverthirty,3503,https://reddit.com/r/datingoverthirty/comments/jshz7p/my_secret_to_success/,gbzgpk5,2Dumb2Understand,51,Isn’t this the fucking truth?! Ya know what I do with my free time? Whatever the fuck I want. It’s kinda hard to let go of that.,https://reddit.com/r/datingoverthirty/comments/jshz7p/_/gbzgpk5/,General / Other
jshz7p,My secret to success,datingoverthirty,3503,https://reddit.com/r/datingoverthirty/comments/jshz7p/my_secret_to_success/,gbzjfr3,2Dumb2Understand,44,"All of them. I’m currently doing it again, today is day 86. So just two more weeks and I’m half way there!!

It’s just a daily checklist, once I check all my boxes I can go to bed. It’s amazing the sense of accomplishment I get every day knowing I’ve successfully completed another 24 hour cycle.",https://reddit.com/r/datingoverthirty/comments/jshz7p/_/gbzjfr3/,General / Other
jshz7p,My secret to success,datingoverthirty,3503,https://reddit.com/r/datingoverthirty/comments/jshz7p/my_secret_to_success/,gbzbxju,2Dumb2Understand,39,10/10 would recommend,https://reddit.com/r/datingoverthirty/comments/jshz7p/_/gbzbxju/,General / Other
jshz7p,My secret to success,datingoverthirty,3503,https://reddit.com/r/datingoverthirty/comments/jshz7p/my_secret_to_success/,gbzbuty,2Dumb2Understand,28,"That’s fair. I’ve recently been more open to the idea of dating, but keep finding women that want a man to fix their life. While I wish them all the happiness, I’m not here to fix anybody’s life except my own.",https://reddit.com/r/datingoverthirty/comments/jshz7p/_/gbzbuty/,General / Other
jshz7p,My secret to success,datingoverthirty,3503,https://reddit.com/r/datingoverthirty/comments/jshz7p/my_secret_to_success/,gbza4oc,2Dumb2Understand,28,"That was certainly a difficult aspect to overcome, so I just tried to focus on other things. However, one of the things about becoming attractive was learning that there are women that are genuinely just looking for NSA fun. They don’t have time for the bullshit of dating, I don’t have time for the bullshit of dating, but we can help each other out 🤷‍♂️",https://reddit.com/r/datingoverthirty/comments/jshz7p/_/gbza4oc/,General / Other
jshz7p,My secret to success,datingoverthirty,3503,https://reddit.com/r/datingoverthirty/comments/jshz7p/my_secret_to_success/,gbztlw7,2Dumb2Understand,26,*nods in knowing agreement*,https://reddit.com/r/datingoverthirty/comments/jshz7p/_/gbztlw7/,General / Other
jshz7p,My secret to success,datingoverthirty,3503,https://reddit.com/r/datingoverthirty/comments/jshz7p/my_secret_to_success/,gbzcwd0,2Dumb2Understand,26,Start with the foam wrapped practice chucks!,https://reddit.com/r/datingoverthirty/comments/jshz7p/_/gbzcwd0/,General / Other
jshz7p,My secret to success,datingoverthirty,3503,https://reddit.com/r/datingoverthirty/comments/jshz7p/my_secret_to_success/,gbziqp4,2Dumb2Understand,24,"And to you as well lady! Excuse my language, but fuck yeah!",https://reddit.com/r/datingoverthirty/comments/jshz7p/_/gbziqp4/,General / Other
jshz7p,My secret to success,datingoverthirty,3503,https://reddit.com/r/datingoverthirty/comments/jshz7p/my_secret_to_success/,gbzfaud,2Dumb2Understand,22,"I still drink coffee every morning, but it’s a part of my quiet time before work. I still smoke cigarettes too, so every morning my dog and I go out to the yard. She enjoys her pinecone, I enjoy my smoke and cup of joe.",https://reddit.com/r/datingoverthirty/comments/jshz7p/_/gbzfaud/,General / Other
jshz7p,My secret to success,datingoverthirty,3503,https://reddit.com/r/datingoverthirty/comments/jshz7p/my_secret_to_success/,gbzdkbf,2Dumb2Understand,21,"Oh, I’m unbelievably disillusioned and find it ridiculously difficult to trust in women’s intentions. I’m not perfect, and this process was brutally ugly.

But the deeper answer was how suicidal it all made me. I was left with a choice. Get it over with and fucking kill myself, or figure out a way to want to continue living.",https://reddit.com/r/datingoverthirty/comments/jshz7p/_/gbzdkbf/,General / Other
jshz7p,My secret to success,datingoverthirty,3503,https://reddit.com/r/datingoverthirty/comments/jshz7p/my_secret_to_success/,gc03ufy,2Dumb2Understand,20,I’ll never call them anything else ever again.,https://reddit.com/r/datingoverthirty/comments/jshz7p/_/gc03ufy/,General / Other
jshz7p,My secret to success,datingoverthirty,3503,https://reddit.com/r/datingoverthirty/comments/jshz7p/my_secret_to_success/,gbzie5v,2Dumb2Understand,18,"I absolutely do want a partner, and I think I’ll find her eventually. However, I’m no longer in any rush. I’d like to think I’ll find that one rare human that did what I did and found her way to happiness while being alone. We’ll make the ultimate power couple!",https://reddit.com/r/datingoverthirty/comments/jshz7p/_/gbzie5v/,General / Other
jshz7p,My secret to success,datingoverthirty,3503,https://reddit.com/r/datingoverthirty/comments/jshz7p/my_secret_to_success/,gbze847,2Dumb2Understand,17,"Absolutely. And to be clear, I don’t judge these women at all. I just feel like it’s better for me to be single than to be in the wrong relationship.",https://reddit.com/r/datingoverthirty/comments/jshz7p/_/gbze847/,General / Other
jshz7p,My secret to success,datingoverthirty,3503,https://reddit.com/r/datingoverthirty/comments/jshz7p/my_secret_to_success/,gbzcqlx,2Dumb2Understand,16,"That’s the thing. I had no idea how motivating something so soul crushing could be. One day I thought I was going to spend my life with her, the next day I was trying to wrap my head around the idea of never hearing from her again. I wasn’t ready at all. But life is all about thinking of solutions instead of thinking of your problems (thanks Terry Goodkind, RIP)",https://reddit.com/r/datingoverthirty/comments/jshz7p/_/gbzcqlx/,Learning the mechanics of dating
jshz7p,My secret to success,datingoverthirty,3503,https://reddit.com/r/datingoverthirty/comments/jshz7p/my_secret_to_success/,gbzmf2f,2Dumb2Understand,12,"Ok, best comment yet, and same",https://reddit.com/r/datingoverthirty/comments/jshz7p/_/gbzmf2f/,General / Other
jshz7p,My secret to success,datingoverthirty,3503,https://reddit.com/r/datingoverthirty/comments/jshz7p/my_secret_to_success/,gbzcso1,2Dumb2Understand,11,No strings attached. Sex without a relationship.,https://reddit.com/r/datingoverthirty/comments/jshz7p/_/gbzcso1/,Coping with physical loneliness
jshz7p,My secret to success,datingoverthirty,3503,https://reddit.com/r/datingoverthirty/comments/jshz7p/my_secret_to_success/,gbzhk50,2Dumb2Understand,11,"This is another question I’ve already answers, but as it’s a ridiculously important part of the equation, I’ll answer it again. No shame, I was suicidal as fuck. So I had a choice, kill myself or make my life enjoyable 🤷‍♂️",https://reddit.com/r/datingoverthirty/comments/jshz7p/_/gbzhk50/,General / Other
jshz7p,My secret to success,datingoverthirty,3503,https://reddit.com/r/datingoverthirty/comments/jshz7p/my_secret_to_success/,gbzf3qg,2Dumb2Understand,11,"Her mom, who loves me to death (the feeling is mutual) reached out to me several months later.",https://reddit.com/r/datingoverthirty/comments/jshz7p/_/gbzf3qg/,Coping with physical loneliness
jshz7p,My secret to success,datingoverthirty,3503,https://reddit.com/r/datingoverthirty/comments/jshz7p/my_secret_to_success/,gbzchic,2Dumb2Understand,10,EXACTLY!!,https://reddit.com/r/datingoverthirty/comments/jshz7p/_/gbzchic/,General / Other
jshz7p,My secret to success,datingoverthirty,3503,https://reddit.com/r/datingoverthirty/comments/jshz7p/my_secret_to_success/,gbzki9d,2Dumb2Understand,9,"I'll let you in on another secret of mine.  FUCK ONLINE DATING!!  I'm sorry, but I have no time to deal with all of the BS that comes from OLD.",https://reddit.com/r/datingoverthirty/comments/jshz7p/_/gbzki9d/,General / Other
jshz7p,My secret to success,datingoverthirty,3503,https://reddit.com/r/datingoverthirty/comments/jshz7p/my_secret_to_success/,gbzf0kk,2Dumb2Understand,7,"I just think it’s time to keep doing me. If love finds me, AWESOME!!! But it’s not on my scavenger hunt list of things I need to be looking for.",https://reddit.com/r/datingoverthirty/comments/jshz7p/_/gbzf0kk/,General / Other
jshz7p,My secret to success,datingoverthirty,3503,https://reddit.com/r/datingoverthirty/comments/jshz7p/my_secret_to_success/,gbzgfvj,2Dumb2Understand,6,100% agreed,https://reddit.com/r/datingoverthirty/comments/jshz7p/_/gbzgfvj/,General / Other
jshz7p,My secret to success,datingoverthirty,3503,https://reddit.com/r/datingoverthirty/comments/jshz7p/my_secret_to_success/,gbzl0p5,2Dumb2Understand,6,"Well reading that made the OP happy, so there!",https://reddit.com/r/datingoverthirty/comments/jshz7p/_/gbzl0p5/,General / Other
jshz7p,My secret to success,datingoverthirty,3503,https://reddit.com/r/datingoverthirty/comments/jshz7p/my_secret_to_success/,gc1wou2,2Dumb2Understand,5,"Yeah, I work 40+",https://reddit.com/r/datingoverthirty/comments/jshz7p/_/gc1wou2/,General / Other
jshz7p,My secret to success,datingoverthirty,3503,https://reddit.com/r/datingoverthirty/comments/jshz7p/my_secret_to_success/,gbzsfh4,2Dumb2Understand,5,I’m glad you read it (Reddit?),https://reddit.com/r/datingoverthirty/comments/jshz7p/_/gbzsfh4/,General / Other
1rb34ce,Took the stock advice and joined social activities to meet people. Here are my results.,datingoverthirty,1415,https://reddit.com/r/datingoverthirty/comments/1rb34ce/took_the_stock_advice_and_joined_social/,o6vg9yh,zystyl,6,It also helps to keep the people you meet when they see you are socially active with hobbies and friends.  Especially as a guy looking for women.,https://reddit.com/r/datingoverthirty/comments/1rb34ce/_/o6vg9yh/,General / Other
tjm9kz,What’s your unpopular dating opinion that would get you crucified by this sub?,datingoverthirty,1357,https://reddit.com/r/datingoverthirty/comments/tjm9kz/whats_your_unpopular_dating_opinion_that_would/,i1llgeh,gcfe12,95,Ditto lol self realization is great,https://reddit.com/r/datingoverthirty/comments/tjm9kz/_/i1llgeh/,General / Other
tjm9kz,What’s your unpopular dating opinion that would get you crucified by this sub?,datingoverthirty,1357,https://reddit.com/r/datingoverthirty/comments/tjm9kz/whats_your_unpopular_dating_opinion_that_would/,i1lmeak,gcfe12,95,I hate the way red flag is synonymous for an incompatibility on Reddit,https://reddit.com/r/datingoverthirty/comments/tjm9kz/_/i1lmeak/,General / Other
qft2ez,Update to the guy who asked me to go away/ stay overnight in a cabin in the mountains for the first date.,datingoverthirty,1199,https://reddit.com/r/datingoverthirty/comments/qft2ez/update_to_the_guy_who_asked_me_to_go_away_stay/,hi22orj,[deleted],321,I’m so damn glad you never went with him. Just big yikes…,https://reddit.com/r/datingoverthirty/comments/qft2ez/_/hi22orj/,General / Other
qft2ez,Update to the guy who asked me to go away/ stay overnight in a cabin in the mountains for the first date.,datingoverthirty,1199,https://reddit.com/r/datingoverthirty/comments/qft2ez/update_to_the_guy_who_asked_me_to_go_away_stay/,hi27th8,[deleted],151,"As an introvert, the thing that gets me is how do these people not fear that they will be stuck with some annoying/irritating/no chemistry person for a FULL day",https://reddit.com/r/datingoverthirty/comments/qft2ez/_/hi27th8/,General / Other
qft2ez,Update to the guy who asked me to go away/ stay overnight in a cabin in the mountains for the first date.,datingoverthirty,1199,https://reddit.com/r/datingoverthirty/comments/qft2ez/update_to_the_guy_who_asked_me_to_go_away_stay/,hi2mnxc,ThrowRA-pi,74,"Thank goodness you listened to your instincts. There is probably no cell phone reception in those kind of cabins.

As a male I **know** this kind of shit happens, and I know to not propose that kind of shit for a first date because it would make anyone feel uncomfortable.

My rules for first dates with people I've never met before:

\- Public place that the woman can get to on her own

\- No overnight stays

\- Ends at a reasonable hour so that she can get home safely on her own

Why? Because I want **her** to feel comfortable.",https://reddit.com/r/datingoverthirty/comments/qft2ez/_/hi2mnxc/,Learning the mechanics of dating
qft2ez,Update to the guy who asked me to go away/ stay overnight in a cabin in the mountains for the first date.,datingoverthirty,1199,https://reddit.com/r/datingoverthirty/comments/qft2ez/update_to_the_guy_who_asked_me_to_go_away_stay/,hi28p2g,[deleted],34,Yeah bizarre. Such a risk. I cant stand being with annoying family members for more than a few hours let alone a stranger.,https://reddit.com/r/datingoverthirty/comments/qft2ez/_/hi28p2g/,General / Other
qft2ez,Update to the guy who asked me to go away/ stay overnight in a cabin in the mountains for the first date.,datingoverthirty,1199,https://reddit.com/r/datingoverthirty/comments/qft2ez/update_to_the_guy_who_asked_me_to_go_away_stay/,hi29b6g,[deleted],29,Are you gonna hurt these girls?!,https://reddit.com/r/datingoverthirty/comments/qft2ez/_/hi29b6g/,General / Other
qft2ez,Update to the guy who asked me to go away/ stay overnight in a cabin in the mountains for the first date.,datingoverthirty,1199,https://reddit.com/r/datingoverthirty/comments/qft2ez/update_to_the_guy_who_asked_me_to_go_away_stay/,hi2cbbj,[deleted],26,"""because of the implication""",https://reddit.com/r/datingoverthirty/comments/qft2ez/_/hi2cbbj/,General / Other
qft2ez,Update to the guy who asked me to go away/ stay overnight in a cabin in the mountains for the first date.,datingoverthirty,1199,https://reddit.com/r/datingoverthirty/comments/qft2ez/update_to_the_guy_who_asked_me_to_go_away_stay/,hi3b1y3,[deleted],17,"Totally yikes. 

What is the bet he would have subtly coerced her into sex, at a minimum.",https://reddit.com/r/datingoverthirty/comments/qft2ez/_/hi3b1y3/,General / Other
qft2ez,Update to the guy who asked me to go away/ stay overnight in a cabin in the mountains for the first date.,datingoverthirty,1199,https://reddit.com/r/datingoverthirty/comments/qft2ez/update_to_the_guy_who_asked_me_to_go_away_stay/,hi2vv77,RaidingTheFridge,16,"Seriously, I shudder to think what that would be like to have to spend a full day with someone I had no chemistry with much less find them annoying/irritating/ or rude. 

Once I took my then girlfriend for a day trip out to the coast, she spent the night before getting blacked out drunk with her friends, the next day she was a raging B to me the whole way there. Worst day of my dating life by far.",https://reddit.com/r/datingoverthirty/comments/qft2ez/_/hi2vv77/,General / Other
qft2ez,Update to the guy who asked me to go away/ stay overnight in a cabin in the mountains for the first date.,datingoverthirty,1199,https://reddit.com/r/datingoverthirty/comments/qft2ez/update_to_the_guy_who_asked_me_to_go_away_stay/,hi396pm,[deleted],14,100% about the in group. Also if men tend to call other men out that seems to work better.,https://reddit.com/r/datingoverthirty/comments/qft2ez/_/hi396pm/,General / Other
qft2ez,Update to the guy who asked me to go away/ stay overnight in a cabin in the mountains for the first date.,datingoverthirty,1199,https://reddit.com/r/datingoverthirty/comments/qft2ez/update_to_the_guy_who_asked_me_to_go_away_stay/,hi393x2,[deleted],13,But sexual assualts and crimes are disproportionally commited by males.,https://reddit.com/r/datingoverthirty/comments/qft2ez/_/hi393x2/,General / Other
qft2ez,Update to the guy who asked me to go away/ stay overnight in a cabin in the mountains for the first date.,datingoverthirty,1199,https://reddit.com/r/datingoverthirty/comments/qft2ez/update_to_the_guy_who_asked_me_to_go_away_stay/,hi2p719,[deleted],12,"If anyone here is in Maryland, I implore you to check out the Maryland case search website before going out with someone you meet online.",https://reddit.com/r/datingoverthirty/comments/qft2ez/_/hi2p719/,General / Other
qft2ez,Update to the guy who asked me to go away/ stay overnight in a cabin in the mountains for the first date.,datingoverthirty,1199,https://reddit.com/r/datingoverthirty/comments/qft2ez/update_to_the_guy_who_asked_me_to_go_away_stay/,hi25ys2,[deleted],11,Ahhhh dodged a major bullet there!,https://reddit.com/r/datingoverthirty/comments/qft2ez/_/hi25ys2/,General / Other
qft2ez,Update to the guy who asked me to go away/ stay overnight in a cabin in the mountains for the first date.,datingoverthirty,1199,https://reddit.com/r/datingoverthirty/comments/qft2ez/update_to_the_guy_who_asked_me_to_go_away_stay/,hi2c4j5,releasethedogs,10,"Shit like this makes me feel like maybe I don’t identify as a man. I definitely am attracted to women and feel like I have a gender that’s not female, but if this is how men think (I think it’s disgusting) then maybe I’m not a man. It’s very confusing.",https://reddit.com/r/datingoverthirty/comments/qft2ez/_/hi2c4j5/,General / Other
qft2ez,Update to the guy who asked me to go away/ stay overnight in a cabin in the mountains for the first date.,datingoverthirty,1199,https://reddit.com/r/datingoverthirty/comments/qft2ez/update_to_the_guy_who_asked_me_to_go_away_stay/,hi27x4i,[deleted],9,Yikes that is scary,https://reddit.com/r/datingoverthirty/comments/qft2ez/_/hi27x4i/,General / Other
qft2ez,Update to the guy who asked me to go away/ stay overnight in a cabin in the mountains for the first date.,datingoverthirty,1199,https://reddit.com/r/datingoverthirty/comments/qft2ez/update_to_the_guy_who_asked_me_to_go_away_stay/,hi391eq,[deleted],9,Lol good point.,https://reddit.com/r/datingoverthirty/comments/qft2ez/_/hi391eq/,General / Other
qft2ez,Update to the guy who asked me to go away/ stay overnight in a cabin in the mountains for the first date.,datingoverthirty,1199,https://reddit.com/r/datingoverthirty/comments/qft2ez/update_to_the_guy_who_asked_me_to_go_away_stay/,hi3ng7g,[deleted],8,Well yes. But we can start to categorise or quantify etc when the statistics tell a different story. We can say the male population is more likely to sexually assault or commit crime compared to the female population. Not every male duh.,https://reddit.com/r/datingoverthirty/comments/qft2ez/_/hi3ng7g/,General / Other
qft2ez,Update to the guy who asked me to go away/ stay overnight in a cabin in the mountains for the first date.,datingoverthirty,1199,https://reddit.com/r/datingoverthirty/comments/qft2ez/update_to_the_guy_who_asked_me_to_go_away_stay/,hi41nbw,[deleted],6,"Probably someone who has an ideal in their head and has created a whole magical scenario in their imagination that they now want to try to pull off in real life.

Good grief.",https://reddit.com/r/datingoverthirty/comments/qft2ez/_/hi41nbw/,Finding where to meet women
qft2ez,Update to the guy who asked me to go away/ stay overnight in a cabin in the mountains for the first date.,datingoverthirty,1199,https://reddit.com/r/datingoverthirty/comments/qft2ez/update_to_the_guy_who_asked_me_to_go_away_stay/,hi398tp,[deleted],5,This! Glad Im not the only one who sees it lol,https://reddit.com/r/datingoverthirty/comments/qft2ez/_/hi398tp/,General / Other
qft2ez,Update to the guy who asked me to go away/ stay overnight in a cabin in the mountains for the first date.,datingoverthirty,1199,https://reddit.com/r/datingoverthirty/comments/qft2ez/update_to_the_guy_who_asked_me_to_go_away_stay/,hi2c9u6,[deleted],5,"I remember your original post, but  I didnt response.  


Yeah you did the right thing, really dodged a bullet. well done",https://reddit.com/r/datingoverthirty/comments/qft2ez/_/hi2c9u6/,General / Other
qft2ez,Update to the guy who asked me to go away/ stay overnight in a cabin in the mountains for the first date.,datingoverthirty,1199,https://reddit.com/r/datingoverthirty/comments/qft2ez/update_to_the_guy_who_asked_me_to_go_away_stay/,hi4er80,[deleted],4,"&gt;hey let's spend weekend together in a cabin in the woods the first time we meet

&gt;hey let me know if you're ever in my area so we can hang out

man serial killers are all over the map these days.",https://reddit.com/r/datingoverthirty/comments/qft2ez/_/hi4er80/,Fear of intimacy after abstinence
qft2ez,Update to the guy who asked me to go away/ stay overnight in a cabin in the mountains for the first date.,datingoverthirty,1199,https://reddit.com/r/datingoverthirty/comments/qft2ez/update_to_the_guy_who_asked_me_to_go_away_stay/,hi4jzow,[deleted],3,"Dear God, nobody, man or woman should be actively planning a first date overnight in a freaking mountain cabin. It's one thing to click with someone you met and mutually decide to hook up but this just sounds like a not very good serial killer trying to entice a victim.....",https://reddit.com/r/datingoverthirty/comments/qft2ez/_/hi4jzow/,Learning the mechanics of dating
qft2ez,Update to the guy who asked me to go away/ stay overnight in a cabin in the mountains for the first date.,datingoverthirty,1199,https://reddit.com/r/datingoverthirty/comments/qft2ez/update_to_the_guy_who_asked_me_to_go_away_stay/,hi56ta7,[deleted],3,"omg, kudos to your instincts. you dodged a heavy bullet there.",https://reddit.com/r/datingoverthirty/comments/qft2ez/_/hi56ta7/,General / Other
br3uns,Ghosted in the middle of a date: UPDATE,datingoverthirty,1197,https://reddit.com/r/datingoverthirty/comments/br3uns/ghosted_in_the_middle_of_a_date_update/,eo9v72e,kwatna,234,Right?! I have literally never been so turned off by another human being before and I once dated a guy who peed in a public park during our second date. The worst part is that I’m about to publish a book and I’m on the last few pages of my last round of edits and I had to tear myself away from my work to go hear him out. NEVER AGAIN lol. At least I got a funny story out of it.,https://reddit.com/r/datingoverthirty/comments/br3uns/_/eo9v72e/,Heartbreak and age
br3uns,Ghosted in the middle of a date: UPDATE,datingoverthirty,1197,https://reddit.com/r/datingoverthirty/comments/br3uns/ghosted_in_the_middle_of_a_date_update/,eo9xe75,kwatna,59,"He’s 33. For perspective, I’m 29 LOL",https://reddit.com/r/datingoverthirty/comments/br3uns/_/eo9xe75/,General / Other
br3uns,Ghosted in the middle of a date: UPDATE,datingoverthirty,1197,https://reddit.com/r/datingoverthirty/comments/br3uns/ghosted_in_the_middle_of_a_date_update/,eo9wcbm,kwatna,56,"Thanks! So excited😁 And definitely not a waste of time at all, now I have material for the next book!",https://reddit.com/r/datingoverthirty/comments/br3uns/_/eo9wcbm/,General / Other
br3uns,Ghosted in the middle of a date: UPDATE,datingoverthirty,1197,https://reddit.com/r/datingoverthirty/comments/br3uns/ghosted_in_the_middle_of_a_date_update/,eoa0eo8,kwatna,36,"BAHAHAHAHAHA I would ask him to get coffee and then propose. I still have my old wedding ring, so I could totally do it too, and it would
look legit. Now THAT would be funny 😂😂😂",https://reddit.com/r/datingoverthirty/comments/br3uns/_/eoa0eo8/,General / Other
br3uns,Ghosted in the middle of a date: UPDATE,datingoverthirty,1197,https://reddit.com/r/datingoverthirty/comments/br3uns/ghosted_in_the_middle_of_a_date_update/,eo9wtvc,kwatna,33,Only if the date is with someone you actually want to date😉,https://reddit.com/r/datingoverthirty/comments/br3uns/_/eo9wtvc/,General / Other
br3uns,Ghosted in the middle of a date: UPDATE,datingoverthirty,1197,https://reddit.com/r/datingoverthirty/comments/br3uns/ghosted_in_the_middle_of_a_date_update/,eo9xcl9,kwatna,33,"Very true, but also very much a 4th or 5th date activity. If I haven’t seen your genitals yet, I definitely do not want to see them in that context!",https://reddit.com/r/datingoverthirty/comments/br3uns/_/eo9xcl9/,General / Other
br3uns,Ghosted in the middle of a date: UPDATE,datingoverthirty,1197,https://reddit.com/r/datingoverthirty/comments/br3uns/ghosted_in_the_middle_of_a_date_update/,eo9w9n5,kwatna,26,"RIGHT?! I was thinking the exact same thing when he left, which is why I started laughing. Where are the “Friends” writers when you need them?!",https://reddit.com/r/datingoverthirty/comments/br3uns/_/eo9w9n5/,General / Other
br3uns,Ghosted in the middle of a date: UPDATE,datingoverthirty,1197,https://reddit.com/r/datingoverthirty/comments/br3uns/ghosted_in_the_middle_of_a_date_update/,eoadydr,kwatna,19,"I was married before, and my husband was severely verbally/emotionally abusive. I got out when the physical stuff started escalating and then spent years in trauma therapy battling an eating disorder. The upside to all of that is that now I am VERY VERY VERY sensitive and alert to red flags. Finally feeling safe and happy and free after everything I went through in my marriage is such a gift, and now that I'm ready to date again, I'm just not interested unless they can improve my solitude. In a weird way, the memories of my abusive relationship keep me safe now. 
That's why I turned off my OLD apps. I don't actively look for dates but if it happens it happens and I allow myself to be open to the experience. NOTHING is or has been or can be worse than my marriage.",https://reddit.com/r/datingoverthirty/comments/br3uns/_/eoadydr/,Learning the mechanics of dating
br3uns,Ghosted in the middle of a date: UPDATE,datingoverthirty,1197,https://reddit.com/r/datingoverthirty/comments/br3uns/ghosted_in_the_middle_of_a_date_update/,eo9z1bs,kwatna,18,"I am upping my minimum age requirement to 45+, as of an hour ago. I know that’s not a guarantee, but it helps?",https://reddit.com/r/datingoverthirty/comments/br3uns/_/eo9z1bs/,General / Other
br3uns,Ghosted in the middle of a date: UPDATE,datingoverthirty,1197,https://reddit.com/r/datingoverthirty/comments/br3uns/ghosted_in_the_middle_of_a_date_update/,eo9wl09,kwatna,17,"It’s honestly one of my favourite things that has ever happened to me. I called my best friend on the way home and we could barely talk because we were both laughing so hard. So much good material for a story, what a gift! 😂",https://reddit.com/r/datingoverthirty/comments/br3uns/_/eo9wl09/,General / Other
br3uns,Ghosted in the middle of a date: UPDATE,datingoverthirty,1197,https://reddit.com/r/datingoverthirty/comments/br3uns/ghosted_in_the_middle_of_a_date_update/,eo9ys85,kwatna,16,"I feel like as long as you didn’t do it in a trash can in broad daylight, you’re alright! As evidenced by the fact that you’re on Date #4, congrats!!! That is awesome😁",https://reddit.com/r/datingoverthirty/comments/br3uns/_/eo9ys85/,General / Other
br3uns,Ghosted in the middle of a date: UPDATE,datingoverthirty,1197,https://reddit.com/r/datingoverthirty/comments/br3uns/ghosted_in_the_middle_of_a_date_update/,eo9wmwt,kwatna,16,"😂😂😂  watch out, Toronto!",https://reddit.com/r/datingoverthirty/comments/br3uns/_/eo9wmwt/,General / Other
br3uns,Ghosted in the middle of a date: UPDATE,datingoverthirty,1197,https://reddit.com/r/datingoverthirty/comments/br3uns/ghosted_in_the_middle_of_a_date_update/,eo9wfi9,kwatna,16,"Thanks! It was so funny, I just kept thinking: oh man. Imagine if we dated, I would have eaten him alive and spat out his bones, poor kid😂😂",https://reddit.com/r/datingoverthirty/comments/br3uns/_/eo9wfi9/,General / Other
br3uns,Ghosted in the middle of a date: UPDATE,datingoverthirty,1197,https://reddit.com/r/datingoverthirty/comments/br3uns/ghosted_in_the_middle_of_a_date_update/,eoa3wq6,kwatna,14,You’re the first person to point out the irony there...SO TRUE omg!! Like it’s okay for him to be honest but not me? What?!,https://reddit.com/r/datingoverthirty/comments/br3uns/_/eoa3wq6/,General / Other
br3uns,Ghosted in the middle of a date: UPDATE,datingoverthirty,1197,https://reddit.com/r/datingoverthirty/comments/br3uns/ghosted_in_the_middle_of_a_date_update/,eo9x4kg,kwatna,14,"Ahahaha you’re welcome! Glad I could make you laugh, I will also be giggling uncontrollably every now and then when it crosses my mind😂",https://reddit.com/r/datingoverthirty/comments/br3uns/_/eo9x4kg/,General / Other
br3uns,Ghosted in the middle of a date: UPDATE,datingoverthirty,1197,https://reddit.com/r/datingoverthirty/comments/br3uns/ghosted_in_the_middle_of_a_date_update/,eoa7i90,kwatna,13,"Me too, which is why I offered friendship because that must be terrible, and support is good. But like..friendship with a LOT of boundaries because self-care",https://reddit.com/r/datingoverthirty/comments/br3uns/_/eoa7i90/,General / Other
br3uns,Ghosted in the middle of a date: UPDATE,datingoverthirty,1197,https://reddit.com/r/datingoverthirty/comments/br3uns/ghosted_in_the_middle_of_a_date_update/,eoa90xf,kwatna,11,"Nope, but I should have!! Next time, if I can get a full sentence in before he takes off 😂",https://reddit.com/r/datingoverthirty/comments/br3uns/_/eoa90xf/,General / Other
br3uns,Ghosted in the middle of a date: UPDATE,datingoverthirty,1197,https://reddit.com/r/datingoverthirty/comments/br3uns/ghosted_in_the_middle_of_a_date_update/,eoaee3t,kwatna,7,"Thank you, it is absolutely the rock bottom of human experience, in my opinion...being hurt by the person who's supposed to love you. But on the other side...when you finally do get out, every moment of freedom and peace and quiet is SUCH a BLESSING and it's hard for things to keep you down anymore, because survivors are strong, and we can do ANYTHING :)",https://reddit.com/r/datingoverthirty/comments/br3uns/_/eoaee3t/,General / Other
br3uns,Ghosted in the middle of a date: UPDATE,datingoverthirty,1197,https://reddit.com/r/datingoverthirty/comments/br3uns/ghosted_in_the_middle_of_a_date_update/,eoabwnc,kwatna,7,"Right?! I do not understand why we get slapped with the ""crazy"" label so often, I have never not once walked out on someone like that.",https://reddit.com/r/datingoverthirty/comments/br3uns/_/eoabwnc/,Destigmatizing the experience
br3uns,Ghosted in the middle of a date: UPDATE,datingoverthirty,1197,https://reddit.com/r/datingoverthirty/comments/br3uns/ghosted_in_the_middle_of_a_date_update/,eoa1n22,kwatna,6,"Oh yeah, definitely about him. There’s nothing wrong about being upfront about your dating preferences and if someone has a hard time with those kinds of conversations...they probably shouldn’t be dating.",https://reddit.com/r/datingoverthirty/comments/br3uns/_/eoa1n22/,General / Other
br3uns,Ghosted in the middle of a date: UPDATE,datingoverthirty,1197,https://reddit.com/r/datingoverthirty/comments/br3uns/ghosted_in_the_middle_of_a_date_update/,eoa6f1q,kwatna,5,"Me too, convent? I hear the food is good, lots of wine and carbs 😉",https://reddit.com/r/datingoverthirty/comments/br3uns/_/eoa6f1q/,General / Other
br3uns,Ghosted in the middle of a date: UPDATE,datingoverthirty,1197,https://reddit.com/r/datingoverthirty/comments/br3uns/ghosted_in_the_middle_of_a_date_update/,eoa3zic,kwatna,5,Someone please upvote this commenter!!!!!👆🏻,https://reddit.com/r/datingoverthirty/comments/br3uns/_/eoa3zic/,General / Other
br3uns,Ghosted in the middle of a date: UPDATE,datingoverthirty,1197,https://reddit.com/r/datingoverthirty/comments/br3uns/ghosted_in_the_middle_of_a_date_update/,eo9z2bh,kwatna,5,That is absolutely the only way to describe this 😂,https://reddit.com/r/datingoverthirty/comments/br3uns/_/eo9z2bh/,General / Other
br3uns,Ghosted in the middle of a date: UPDATE,datingoverthirty,1197,https://reddit.com/r/datingoverthirty/comments/br3uns/ghosted_in_the_middle_of_a_date_update/,eoa28ct,kwatna,5,"Ahhh I’m sorry that’s so shitty 😔 I’ve been there too with guys I’ve dated who should not have been dating at all. All you can do is set your boundaries firmly and then let them deal and hope they find their way. Sending love to you, that’s a shitty thing to go through!❤️❤️",https://reddit.com/r/datingoverthirty/comments/br3uns/_/eoa28ct/,General / Other
br3uns,Ghosted in the middle of a date: UPDATE,datingoverthirty,1197,https://reddit.com/r/datingoverthirty/comments/br3uns/ghosted_in_the_middle_of_a_date_update/,eoa9e71,kwatna,5,"Same here!! I don't get it. I once dated a guy casually and fell madly in love with him. 10 months in I had the ""step up or quit"" talk and he acted like I was trying to chain him to the bowels of a slave galley. All I was asking for was exclusivity, I even told him I'm not interested in marriage any time soon if ever, because I've been there done that, I just needed the label to feel safe. The kicker with that one was neither of us were even seeing other people in the first place. I was literally just asking him to put a name to what we were ALREADY doing. That's why I can let stuff like this roll off me so easily now...nothing has ever or will ever hurt as much as that did.",https://reddit.com/r/datingoverthirty/comments/br3uns/_/eoa9e71/,Destigmatizing the experience
br3uns,Ghosted in the middle of a date: UPDATE,datingoverthirty,1197,https://reddit.com/r/datingoverthirty/comments/br3uns/ghosted_in_the_middle_of_a_date_update/,eoa0j9s,kwatna,5,He is...plus 19 more years on top of that😳,https://reddit.com/r/datingoverthirty/comments/br3uns/_/eoa0j9s/,General / Other
br3uns,Ghosted in the middle of a date: UPDATE,datingoverthirty,1197,https://reddit.com/r/datingoverthirty/comments/br3uns/ghosted_in_the_middle_of_a_date_update/,eoa6kpu,kwatna,4,"Here’s the kicker, I didn’t even meet him on an app, deleted mine years ago and refuse to re-download. I met him in real life, he literally ran across a busy street to strike up a conversation with me.",https://reddit.com/r/datingoverthirty/comments/br3uns/_/eoa6kpu/,Finding where to meet women
br3uns,Ghosted in the middle of a date: UPDATE,datingoverthirty,1197,https://reddit.com/r/datingoverthirty/comments/br3uns/ghosted_in_the_middle_of_a_date_update/,eoabbts,kwatna,4,"Whyyyyyy why why why do they do this?! The social media stalking. This is the most confusing behaviour I have EVER encountered, if you don't care then don't care! I would never waste time creeping someone I didn't care about and had only met once.",https://reddit.com/r/datingoverthirty/comments/br3uns/_/eoabbts/,Dealing with comparison pain
br3uns,Ghosted in the middle of a date: UPDATE,datingoverthirty,1197,https://reddit.com/r/datingoverthirty/comments/br3uns/ghosted_in_the_middle_of_a_date_update/,eob4s5w,kwatna,4,"AAAAHHHHH YESSSSSS I should have!!! 🤦🏼‍♀️ can you please chaperone my dates for me, going forward?! Lol",https://reddit.com/r/datingoverthirty/comments/br3uns/_/eob4s5w/,General / Other
br3uns,Ghosted in the middle of a date: UPDATE,datingoverthirty,1197,https://reddit.com/r/datingoverthirty/comments/br3uns/ghosted_in_the_middle_of_a_date_update/,eo9ztku,kwatna,4,Exactly! I’m so grateful he removed himself so easily. I want to hug the universe and pay it forward and do a good deed!!,https://reddit.com/r/datingoverthirty/comments/br3uns/_/eo9ztku/,Coping with physical loneliness
1hv22dn,[UPDATE] Reach out to guy who rejected me?,datingoverthirty,1171,https://reddit.com/r/datingoverthirty/comments/1hv22dn/update_reach_out_to_guy_who_rejected_me/,m5px78l,chroma_sparkles,95,"Yes, a thousand times this! If someone wants to come back, they will! No amount of begging will change someone's mind if they don't want to do it. And thank you!",https://reddit.com/r/datingoverthirty/comments/1hv22dn/_/m5px78l/,General / Other
1hv22dn,[UPDATE] Reach out to guy who rejected me?,datingoverthirty,1171,https://reddit.com/r/datingoverthirty/comments/1hv22dn/update_reach_out_to_guy_who_rejected_me/,m5pydri,chroma_sparkles,20,"Yes! I kept the door cracked in case my now fiance wanted to come back, and he did! But, I also was very willing to accept it if he didn't. Just kind of letting things happen kept me from reaching out and potentially begging him to reconsider and embarrassing myself.

All in all, just make sure if he comes back, it's with good intentions and don't be afraid to break things off yourself if he comes back and tries to mess about!",https://reddit.com/r/datingoverthirty/comments/1hv22dn/_/m5pydri/,Processing the shame of being late
1hv22dn,[UPDATE] Reach out to guy who rejected me?,datingoverthirty,1171,https://reddit.com/r/datingoverthirty/comments/1hv22dn/update_reach_out_to_guy_who_rejected_me/,m5r2cnc,chroma_sparkles,17,Absolutely this!,https://reddit.com/r/datingoverthirty/comments/1hv22dn/_/m5r2cnc/,General / Other
1hv22dn,[UPDATE] Reach out to guy who rejected me?,datingoverthirty,1171,https://reddit.com/r/datingoverthirty/comments/1hv22dn/update_reach_out_to_guy_who_rejected_me/,m5r1v28,chroma_sparkles,13,"I agree, and I think that was a major component in his decision to come back, especially now that I know him and his personality very well. And thank you!",https://reddit.com/r/datingoverthirty/comments/1hv22dn/_/m5r1v28/,General / Other
1hv22dn,[UPDATE] Reach out to guy who rejected me?,datingoverthirty,1171,https://reddit.com/r/datingoverthirty/comments/1hv22dn/update_reach_out_to_guy_who_rejected_me/,m5q7iu1,chroma_sparkles,9,I agree with everything you said here,https://reddit.com/r/datingoverthirty/comments/1hv22dn/_/m5q7iu1/,General / Other
1hv22dn,[UPDATE] Reach out to guy who rejected me?,datingoverthirty,1171,https://reddit.com/r/datingoverthirty/comments/1hv22dn/update_reach_out_to_guy_who_rejected_me/,m5pzfmj,chroma_sparkles,9,Your last paragraph is spot on! And thank you!,https://reddit.com/r/datingoverthirty/comments/1hv22dn/_/m5pzfmj/,General / Other
1hv22dn,[UPDATE] Reach out to guy who rejected me?,datingoverthirty,1171,https://reddit.com/r/datingoverthirty/comments/1hv22dn/update_reach_out_to_guy_who_rejected_me/,m5pxhl7,chroma_sparkles,8,"I don't think I was his second choice, but I'm anticipating getting some comments like that, so I figured I'd say something about it ahead of time lol. And thank you!",https://reddit.com/r/datingoverthirty/comments/1hv22dn/_/m5pxhl7/,General / Other
1hv22dn,[UPDATE] Reach out to guy who rejected me?,datingoverthirty,1171,https://reddit.com/r/datingoverthirty/comments/1hv22dn/update_reach_out_to_guy_who_rejected_me/,m5r29zb,chroma_sparkles,7,I agree with everything you said here,https://reddit.com/r/datingoverthirty/comments/1hv22dn/_/m5r29zb/,General / Other
1hv22dn,[UPDATE] Reach out to guy who rejected me?,datingoverthirty,1171,https://reddit.com/r/datingoverthirty/comments/1hv22dn/update_reach_out_to_guy_who_rejected_me/,m5ra1re,chroma_sparkles,6,How exactly is it reckless?,https://reddit.com/r/datingoverthirty/comments/1hv22dn/_/m5ra1re/,General / Other
1hv22dn,[UPDATE] Reach out to guy who rejected me?,datingoverthirty,1171,https://reddit.com/r/datingoverthirty/comments/1hv22dn/update_reach_out_to_guy_who_rejected_me/,m5qqbw9,chroma_sparkles,5,"I agree with this too, which is why while I was really bummed, I couldn't be upset with him for doing it. He had every right to cut things off for any reason, as did I. We'd only known each other for month, and there was no commitment.",https://reddit.com/r/datingoverthirty/comments/1hv22dn/_/m5qqbw9/,General / Other
1hv22dn,[UPDATE] Reach out to guy who rejected me?,datingoverthirty,1171,https://reddit.com/r/datingoverthirty/comments/1hv22dn/update_reach_out_to_guy_who_rejected_me/,m5wf4tl,chroma_sparkles,4,"I agree, I see it all the time and cringe because sometimes people aren't given a fair chance. I understand it's usually because people are trying to protect themselves from being hurt, but getting hurt and being vulnerable is all part of the dating process! And thank you!",https://reddit.com/r/datingoverthirty/comments/1hv22dn/_/m5wf4tl/,General / Other
1hv22dn,[UPDATE] Reach out to guy who rejected me?,datingoverthirty,1171,https://reddit.com/r/datingoverthirty/comments/1hv22dn/update_reach_out_to_guy_who_rejected_me/,m5wagt3,chroma_sparkles,3,"Yep! If I'd let my ego get in the way, I could have potentially blocked the biggest blessing I've ever received! Thank you! :)",https://reddit.com/r/datingoverthirty/comments/1hv22dn/_/m5wagt3/,General / Other
hc8usc,Anybody else in relationships for their entire 20s and now single for all of their 30s? 🙃,datingoverthirty,910,https://reddit.com/r/datingoverthirty/comments/hc8usc/anybody_else_in_relationships_for_their_entire/,fvdqr1y,[deleted],28,"31M (almost 32!) I met my ex wife at 19, married at 22 and divorced at 27. I can't tell if I started too young or just made terrible choices but sometimes it feels like I missed my exit lol",https://reddit.com/r/datingoverthirty/comments/hc8usc/_/fvdqr1y/,Starting over after loss
hc8usc,Anybody else in relationships for their entire 20s and now single for all of their 30s? 🙃,datingoverthirty,910,https://reddit.com/r/datingoverthirty/comments/hc8usc/anybody_else_in_relationships_for_their_entire/,fvdmz3j,emmamariec,13,"Ah, it's cool to know there are others like me 😊Thank you! I will definitely endeavour to 💜",https://reddit.com/r/datingoverthirty/comments/hc8usc/_/fvdmz3j/,General / Other
hc8usc,Anybody else in relationships for their entire 20s and now single for all of their 30s? 🙃,datingoverthirty,910,https://reddit.com/r/datingoverthirty/comments/hc8usc/anybody_else_in_relationships_for_their_entire/,fvft1p7,Saloxsis,4,"I was with my wife (I'm a widower) from 99 to 2017. At the end things where not great for us. If she hadn't suddenly passed (blood clot) I was looking at a messy divorce (not that I wish her death over it). In the years since I have got my life on track to back in order and mended the rift between me and my kid (13 now). But dating hasn't happened, I have tried a few apps but I haven't ever gotten any type of meaningful message or usually non scam messages. So it's a mixed bag for me some positive some negative.",https://reddit.com/r/datingoverthirty/comments/hc8usc/_/fvft1p7/,Starting over after loss
f0rfu9,"There's a difference between ""living with kids"" and ""raising kids"". Choose the partner that makes you a better parent.",datingoverthirty,879,https://reddit.com/r/datingoverthirty/comments/f0rfu9/theres_a_difference_between_living_with_kids_and/,fgx4jy9,Aloy_is_my_copilot,48,Thank you! I hope you find exactly what you are looking for. Dating with kids is incredibly hard and I know exactly how lucky I am.,https://reddit.com/r/datingoverthirty/comments/f0rfu9/_/fgx4jy9/,General / Other
f0rfu9,"There's a difference between ""living with kids"" and ""raising kids"". Choose the partner that makes you a better parent.",datingoverthirty,879,https://reddit.com/r/datingoverthirty/comments/f0rfu9/theres_a_difference_between_living_with_kids_and/,fgxhiwa,Aloy_is_my_copilot,43,"My fiancé fought me so hard on this. Even last week, we had a disagreement about me refusing to let my fiancé pay for my son's therapy and he was like ""how many times do we have to keep having the same argument? These are our kids. I'm going to help.""  

Last year we argued because the kids were calling him dad unprompted and it freaked me out. I immediately put a stop to it, which hurt my fiancé's feelings, and confused everyone for a bit. 

I  was acting out of fear. The last person I counted on to help me raise these kids violated my trust and abandoned them for some time (he is more involved now and we split custody).  I didn't trust my ability to pick a good partner. I didn't want another man getting close to my kids and just bailing again. I was trying to protect my babies and myself",https://reddit.com/r/datingoverthirty/comments/f0rfu9/_/fgxhiwa/,General / Other
f0rfu9,"There's a difference between ""living with kids"" and ""raising kids"". Choose the partner that makes you a better parent.",datingoverthirty,879,https://reddit.com/r/datingoverthirty/comments/f0rfu9/theres_a_difference_between_living_with_kids_and/,fgz0mge,Aloy_is_my_copilot,12,Don't give up hope. Your partner is out there somewhere.,https://reddit.com/r/datingoverthirty/comments/f0rfu9/_/fgz0mge/,General / Other
f0rfu9,"There's a difference between ""living with kids"" and ""raising kids"". Choose the partner that makes you a better parent.",datingoverthirty,879,https://reddit.com/r/datingoverthirty/comments/f0rfu9/theres_a_difference_between_living_with_kids_and/,fgyh0xv,justasapling,11,"This is so heartwarming.

I'm a single dad with two young kids and I often wonder what kind of future I'll be able to build for my little family.",https://reddit.com/r/datingoverthirty/comments/f0rfu9/_/fgyh0xv/,General / Other
f0rfu9,"There's a difference between ""living with kids"" and ""raising kids"". Choose the partner that makes you a better parent.",datingoverthirty,879,https://reddit.com/r/datingoverthirty/comments/f0rfu9/theres_a_difference_between_living_with_kids_and/,fgz1a2p,Aloy_is_my_copilot,9,That was my goal (to give others hope).  I honestly never thought I'd reach this point. I hadn't seen many successful stories of single parents and new partners so I thought I'd share mine.,https://reddit.com/r/datingoverthirty/comments/f0rfu9/_/fgz1a2p/,General / Other
f0rfu9,"There's a difference between ""living with kids"" and ""raising kids"". Choose the partner that makes you a better parent.",datingoverthirty,879,https://reddit.com/r/datingoverthirty/comments/f0rfu9/theres_a_difference_between_living_with_kids_and/,fgxqbwj,Aloy_is_my_copilot,9,"Haha I  was typing this in the dark while my fiancé was asleep. I had some misplaced commas in there. 

I met my fiancé at a karaoke bar. 

My labor started at my then boyfriend's house. 

Your story of my labor is much cooler and I will be telling it to people from now on.",https://reddit.com/r/datingoverthirty/comments/f0rfu9/_/fgxqbwj/,General / Other
f0rfu9,"There's a difference between ""living with kids"" and ""raising kids"". Choose the partner that makes you a better parent.",datingoverthirty,879,https://reddit.com/r/datingoverthirty/comments/f0rfu9/theres_a_difference_between_living_with_kids_and/,fgz27dx,Aloy_is_my_copilot,7,"I'm so proud of you for taking back your life. Single parenthood is hard as heck, so I love hearing stories from parents who are excelling.",https://reddit.com/r/datingoverthirty/comments/f0rfu9/_/fgz27dx/,General / Other
f0rfu9,"There's a difference between ""living with kids"" and ""raising kids"". Choose the partner that makes you a better parent.",datingoverthirty,879,https://reddit.com/r/datingoverthirty/comments/f0rfu9/theres_a_difference_between_living_with_kids_and/,fgz07x7,Aloy_is_my_copilot,6,Thank you!  I had no idea that this would be the outcome but I'm very happy,https://reddit.com/r/datingoverthirty/comments/f0rfu9/_/fgz07x7/,General / Other
f0rfu9,"There's a difference between ""living with kids"" and ""raising kids"". Choose the partner that makes you a better parent.",datingoverthirty,879,https://reddit.com/r/datingoverthirty/comments/f0rfu9/theres_a_difference_between_living_with_kids_and/,fgyjtxb,Aloy_is_my_copilot,5,"I told him that I'm ok with having another child, as long as we do it within the next three years. After that, I'm done.",https://reddit.com/r/datingoverthirty/comments/f0rfu9/_/fgyjtxb/,General / Other
f0rfu9,"There's a difference between ""living with kids"" and ""raising kids"". Choose the partner that makes you a better parent.",datingoverthirty,879,https://reddit.com/r/datingoverthirty/comments/f0rfu9/theres_a_difference_between_living_with_kids_and/,fgz1jz2,Aloy_is_my_copilot,4,Yes! We need more stories like this. I'm so glad you and your partner found each other. I wish you many more years of happiness and love.,https://reddit.com/r/datingoverthirty/comments/f0rfu9/_/fgz1jz2/,General / Other
f0rfu9,"There's a difference between ""living with kids"" and ""raising kids"". Choose the partner that makes you a better parent.",datingoverthirty,879,https://reddit.com/r/datingoverthirty/comments/f0rfu9/theres_a_difference_between_living_with_kids_and/,fh2i8xc,Aloy_is_my_copilot,3,"I'm so sorry that your ex husband is such an idiot. I honestly didn't think I'd be able to find a partner that would be interested in being involved. That's one of the reasons why I tried to keep the kids out of his way for so long.  Before this relationship, I would have accepted a partner who did the bare minimum when it came to the kids. I'm so glad I didn't make that mistake. Now don't get me wrong, my fiancé didn't magically become the world's best bonus dad. I had to introduce him to parenting slowly, give him the space to decide what and how involved he wanted to be, fight my urge to jump in immediately when he made small parenting mistakes, and teach him A LOT of things.  And I had to learn how to give up control.  But good partners do exist and I'm so glad I found mine.",https://reddit.com/r/datingoverthirty/comments/f0rfu9/_/fh2i8xc/,General / Other
aqyv16,"She sent ME FLOWERS. As a guy, this just blew me away and now I'm over here grinning like a fucking idiot. Let's discuss.",datingoverthirty,867,https://reddit.com/r/datingoverthirty/comments/aqyv16/she_sent_me_flowers_as_a_guy_this_just_blew_me/,egjoku7,josh_writes,61,That's so dumb. When will guys realize that all that macho bullshit isn't macho at all. You know what is macho? Being comfortable enough about yourself to not give a shit about being macho.,https://reddit.com/r/datingoverthirty/comments/aqyv16/_/egjoku7/,General / Other
aqyv16,"She sent ME FLOWERS. As a guy, this just blew me away and now I'm over here grinning like a fucking idiot. Let's discuss.",datingoverthirty,867,https://reddit.com/r/datingoverthirty/comments/aqyv16/she_sent_me_flowers_as_a_guy_this_just_blew_me/,egjj2dq,josh_writes,56,Awesome I will. Thanks.,https://reddit.com/r/datingoverthirty/comments/aqyv16/_/egjj2dq/,General / Other
aqyv16,"She sent ME FLOWERS. As a guy, this just blew me away and now I'm over here grinning like a fucking idiot. Let's discuss.",datingoverthirty,867,https://reddit.com/r/datingoverthirty/comments/aqyv16/she_sent_me_flowers_as_a_guy_this_just_blew_me/,egjn5ih,josh_writes,44,"lol. Why would he make fun of you?! that's so sweet. 

What does ""get it"" mean exactly. I'm SUPPPPER dumb. 

It's like that song, If you wanna call me baby... JUST GO AHEAD NOW. Show me you love me I don't care how.",https://reddit.com/r/datingoverthirty/comments/aqyv16/_/egjn5ih/,General / Other
aqyv16,"She sent ME FLOWERS. As a guy, this just blew me away and now I'm over here grinning like a fucking idiot. Let's discuss.",datingoverthirty,867,https://reddit.com/r/datingoverthirty/comments/aqyv16/she_sent_me_flowers_as_a_guy_this_just_blew_me/,egjm0hh,josh_writes,30,"maybe I'm just weird, but it legitimately made my day/week.",https://reddit.com/r/datingoverthirty/comments/aqyv16/_/egjm0hh/,General / Other
aqyv16,"She sent ME FLOWERS. As a guy, this just blew me away and now I'm over here grinning like a fucking idiot. Let's discuss.",datingoverthirty,867,https://reddit.com/r/datingoverthirty/comments/aqyv16/she_sent_me_flowers_as_a_guy_this_just_blew_me/,egjmvi8,josh_writes,22,Agree. She keeps this up she's gonna end up as wife #2. lol,https://reddit.com/r/datingoverthirty/comments/aqyv16/_/egjmvi8/,General / Other
aqyv16,"She sent ME FLOWERS. As a guy, this just blew me away and now I'm over here grinning like a fucking idiot. Let's discuss.",datingoverthirty,867,https://reddit.com/r/datingoverthirty/comments/aqyv16/she_sent_me_flowers_as_a_guy_this_just_blew_me/,egjlz3w,josh_writes,21,Nah she doesn't play soccer.,https://reddit.com/r/datingoverthirty/comments/aqyv16/_/egjlz3w/,General / Other
aqyv16,"She sent ME FLOWERS. As a guy, this just blew me away and now I'm over here grinning like a fucking idiot. Let's discuss.",datingoverthirty,867,https://reddit.com/r/datingoverthirty/comments/aqyv16/she_sent_me_flowers_as_a_guy_this_just_blew_me/,egkf6vv,josh_writes,10,"I’m sorry this happened. :( 

Insecurity is a real bitch.",https://reddit.com/r/datingoverthirty/comments/aqyv16/_/egkf6vv/,General / Other
aqyv16,"She sent ME FLOWERS. As a guy, this just blew me away and now I'm over here grinning like a fucking idiot. Let's discuss.",datingoverthirty,867,https://reddit.com/r/datingoverthirty/comments/aqyv16/she_sent_me_flowers_as_a_guy_this_just_blew_me/,egkf765,josh_writes,9,Agree.,https://reddit.com/r/datingoverthirty/comments/aqyv16/_/egkf765/,General / Other
aqyv16,"She sent ME FLOWERS. As a guy, this just blew me away and now I'm over here grinning like a fucking idiot. Let's discuss.",datingoverthirty,867,https://reddit.com/r/datingoverthirty/comments/aqyv16/she_sent_me_flowers_as_a_guy_this_just_blew_me/,egjp5uc,josh_writes,9,"Stillllllll a bit early for that. She keeps it up though I mean, she's looking at being the future ms. writes.",https://reddit.com/r/datingoverthirty/comments/aqyv16/_/egjp5uc/,General / Other
aqyv16,"She sent ME FLOWERS. As a guy, this just blew me away and now I'm over here grinning like a fucking idiot. Let's discuss.",datingoverthirty,867,https://reddit.com/r/datingoverthirty/comments/aqyv16/she_sent_me_flowers_as_a_guy_this_just_blew_me/,egkf8mz,josh_writes,8,"Hey man. I love pink. Not sure why. It’s just a nice color. 

You do you!",https://reddit.com/r/datingoverthirty/comments/aqyv16/_/egkf8mz/,General / Other
aqyv16,"She sent ME FLOWERS. As a guy, this just blew me away and now I'm over here grinning like a fucking idiot. Let's discuss.",datingoverthirty,867,https://reddit.com/r/datingoverthirty/comments/aqyv16/she_sent_me_flowers_as_a_guy_this_just_blew_me/,egkbedj,derFsivaD,7,"I'm a guy. Purple is my favorite color. (so what, I'm weird, I know) Had someone done something like this for me, I'd be blown away too.

Good on you for making an effort for your boyfriend. Does t seem like many women would do that. Or at least, not usually.",https://reddit.com/r/datingoverthirty/comments/aqyv16/_/egkbedj/,General / Other
aqyv16,"She sent ME FLOWERS. As a guy, this just blew me away and now I'm over here grinning like a fucking idiot. Let's discuss.",datingoverthirty,867,https://reddit.com/r/datingoverthirty/comments/aqyv16/she_sent_me_flowers_as_a_guy_this_just_blew_me/,egjp3m7,josh_writes,7,"Yes!, and I think that song even references blowjobs. lol",https://reddit.com/r/datingoverthirty/comments/aqyv16/_/egjp3m7/,General / Other
aqyv16,"She sent ME FLOWERS. As a guy, this just blew me away and now I'm over here grinning like a fucking idiot. Let's discuss.",datingoverthirty,867,https://reddit.com/r/datingoverthirty/comments/aqyv16/she_sent_me_flowers_as_a_guy_this_just_blew_me/,egkg7fb,josh_writes,7,This is amazing.,https://reddit.com/r/datingoverthirty/comments/aqyv16/_/egkg7fb/,General / Other
aqyv16,"She sent ME FLOWERS. As a guy, this just blew me away and now I'm over here grinning like a fucking idiot. Let's discuss.",datingoverthirty,867,https://reddit.com/r/datingoverthirty/comments/aqyv16/she_sent_me_flowers_as_a_guy_this_just_blew_me/,egk891g,[deleted],6,"I'm a dude and I would appreciate the gesture but would not care for flowers as a gift at all, just my 2 cents.",https://reddit.com/r/datingoverthirty/comments/aqyv16/_/egk891g/,General / Other
aqyv16,"She sent ME FLOWERS. As a guy, this just blew me away and now I'm over here grinning like a fucking idiot. Let's discuss.",datingoverthirty,867,https://reddit.com/r/datingoverthirty/comments/aqyv16/she_sent_me_flowers_as_a_guy_this_just_blew_me/,egl0e2k,josh_writes,6,"I'm all about contingencies. It's what women find most attractive. 

Yeah girl, i got a spare tire and the tools to change it.....",https://reddit.com/r/datingoverthirty/comments/aqyv16/_/egl0e2k/,General / Other
aqyv16,"She sent ME FLOWERS. As a guy, this just blew me away and now I'm over here grinning like a fucking idiot. Let's discuss.",datingoverthirty,867,https://reddit.com/r/datingoverthirty/comments/aqyv16/she_sent_me_flowers_as_a_guy_this_just_blew_me/,egl28zf,josh_writes,6,"You like that. Well guess what. 

I have a savings account.",https://reddit.com/r/datingoverthirty/comments/aqyv16/_/egl28zf/,General / Other
aqyv16,"She sent ME FLOWERS. As a guy, this just blew me away and now I'm over here grinning like a fucking idiot. Let's discuss.",datingoverthirty,867,https://reddit.com/r/datingoverthirty/comments/aqyv16/she_sent_me_flowers_as_a_guy_this_just_blew_me/,egjmzmq,josh_writes,6,"Oh I've received some great ones. I was more referring to ""the Holiday blowjob"" where they're not doing it because they love you and want you, but because they feel obligated. Naw'm sayin?

Also, thanks :-)",https://reddit.com/r/datingoverthirty/comments/aqyv16/_/egjmzmq/,General / Other
aqyv16,"She sent ME FLOWERS. As a guy, this just blew me away and now I'm over here grinning like a fucking idiot. Let's discuss.",datingoverthirty,867,https://reddit.com/r/datingoverthirty/comments/aqyv16/she_sent_me_flowers_as_a_guy_this_just_blew_me/,egkxcig,josh_writes,5,Hey you're in my age bracket. if this doesn't work out hit me up lol,https://reddit.com/r/datingoverthirty/comments/aqyv16/_/egkxcig/,General / Other
aqyv16,"She sent ME FLOWERS. As a guy, this just blew me away and now I'm over here grinning like a fucking idiot. Let's discuss.",datingoverthirty,867,https://reddit.com/r/datingoverthirty/comments/aqyv16/she_sent_me_flowers_as_a_guy_this_just_blew_me/,egjtez5,josh_writes,5,You are one of a kind.,https://reddit.com/r/datingoverthirty/comments/aqyv16/_/egjtez5/,General / Other
aqyv16,"She sent ME FLOWERS. As a guy, this just blew me away and now I'm over here grinning like a fucking idiot. Let's discuss.",datingoverthirty,867,https://reddit.com/r/datingoverthirty/comments/aqyv16/she_sent_me_flowers_as_a_guy_this_just_blew_me/,eglwy98,josh_writes,4,You know it girl.,https://reddit.com/r/datingoverthirty/comments/aqyv16/_/eglwy98/,General / Other
aqyv16,"She sent ME FLOWERS. As a guy, this just blew me away and now I'm over here grinning like a fucking idiot. Let's discuss.",datingoverthirty,867,https://reddit.com/r/datingoverthirty/comments/aqyv16/she_sent_me_flowers_as_a_guy_this_just_blew_me/,egkfi21,josh_writes,3,Me too! It was seriously great.,https://reddit.com/r/datingoverthirty/comments/aqyv16/_/egkfi21/,General / Other
aqyv16,"She sent ME FLOWERS. As a guy, this just blew me away and now I'm over here grinning like a fucking idiot. Let's discuss.",datingoverthirty,867,https://reddit.com/r/datingoverthirty/comments/aqyv16/she_sent_me_flowers_as_a_guy_this_just_blew_me/,egkgzdr,josh_writes,3,Haha. Glad you enjoyed it. For real. A lot of stuff is very downer-y.,https://reddit.com/r/datingoverthirty/comments/aqyv16/_/egkgzdr/,General / Other
aqyv16,"She sent ME FLOWERS. As a guy, this just blew me away and now I'm over here grinning like a fucking idiot. Let's discuss.",datingoverthirty,867,https://reddit.com/r/datingoverthirty/comments/aqyv16/she_sent_me_flowers_as_a_guy_this_just_blew_me/,egkh0gz,josh_writes,3,Come back. We’ll miss you.,https://reddit.com/r/datingoverthirty/comments/aqyv16/_/egkh0gz/,General / Other
aqyv16,"She sent ME FLOWERS. As a guy, this just blew me away and now I'm over here grinning like a fucking idiot. Let's discuss.",datingoverthirty,867,https://reddit.com/r/datingoverthirty/comments/aqyv16/she_sent_me_flowers_as_a_guy_this_just_blew_me/,egkh39i,josh_writes,3,Oh get me any gift. Feminine or not.,https://reddit.com/r/datingoverthirty/comments/aqyv16/_/egkh39i/,General / Other
ns0cbb,Anyone else feel like dating is a chore? (32m),datingoverthirty,840,https://reddit.com/r/datingoverthirty/comments/ns0cbb/anyone_else_feel_like_dating_is_a_chore_32m/,h0jzypd,[deleted],155,"When I felt like this it meant I needed to not date and be by myself. Dating can feel like a chore but there should be some interest in it to get to whatever end goal. It can help to be more judicious. Don’t swipe and go on as many dates. 

Also, with girl 1, be clear and direct. Don’t blow her off so she gets the hint. Tell her you are moving on and stop engaging. It’ll help to feel less exhausting when you’re not dragging people along.",https://reddit.com/r/datingoverthirty/comments/ns0cbb/_/h0jzypd/,Dating app fatigue
ns0cbb,Anyone else feel like dating is a chore? (32m),datingoverthirty,840,https://reddit.com/r/datingoverthirty/comments/ns0cbb/anyone_else_feel_like_dating_is_a_chore_32m/,h0k0zdx,[deleted],26,"Thanks! Very true. For awhile I was working a weekend job at a gym and casually met this one girl over the course of about a year and we slowly started hanging out snd it felt very natural. I would have dated her but just wasn’t ready for a long term commitment with her and I ended up moving, and now she’s taken, but we’re friends. I guess I’m looking for something natural to just happen like that but I find “dating” definitely a chore",https://reddit.com/r/datingoverthirty/comments/ns0cbb/_/h0k0zdx/,General / Other
ns0cbb,Anyone else feel like dating is a chore? (32m),datingoverthirty,840,https://reddit.com/r/datingoverthirty/comments/ns0cbb/anyone_else_feel_like_dating_is_a_chore_32m/,h0l18vv,[deleted],13,Because people are shallow and have a hard time expressing their feelings kindly and confidently. It’s frustrating to say the least. I’m sorry on behalf of men ☹️,https://reddit.com/r/datingoverthirty/comments/ns0cbb/_/h0l18vv/,General / Other
ns0cbb,Anyone else feel like dating is a chore? (32m),datingoverthirty,840,https://reddit.com/r/datingoverthirty/comments/ns0cbb/anyone_else_feel_like_dating_is_a_chore_32m/,h0kmxam,[deleted],12,"Same. I’ve been single for the longest time in my life since I started dating and I’ve made so much progress with myself. I’ve also realized my life is already so busy and full that I actually haven’t even thought about dating or romantic relationships very much. It’s just not a priority right now. I’m open to it if it happens naturally, but honestly, it’s just not worth dealing with OLD apps, going to meetups, or going through multiple dates. I just want to enjoy my life and see what happens.",https://reddit.com/r/datingoverthirty/comments/ns0cbb/_/h0kmxam/,General / Other
ns0cbb,Anyone else feel like dating is a chore? (32m),datingoverthirty,840,https://reddit.com/r/datingoverthirty/comments/ns0cbb/anyone_else_feel_like_dating_is_a_chore_32m/,h0ko5e1,[deleted],10,"I have felt this way on and off for years and I realized that my standards have just gone up over time through learning lessons with past people and also enjoying my own company more. The last time I had feelings for someone, it was clear as day and none of it was forced. So I’m waiting for myself to get excited about someone again, and OLD feels too forced to be organic. I just plan on making new friends and meeting new people the next few years and not pressuring myself to make something happen anymore. Maybe that’s where you’re at? There is nothing wrong with staying single. It’s so stigmatized but it’s actually been some of the happiest years of my life, not having to worry about anyone but myself is really nice.",https://reddit.com/r/datingoverthirty/comments/ns0cbb/_/h0ko5e1/,Destigmatizing the experience
ns0cbb,Anyone else feel like dating is a chore? (32m),datingoverthirty,840,https://reddit.com/r/datingoverthirty/comments/ns0cbb/anyone_else_feel_like_dating_is_a_chore_32m/,h0kwr68,[deleted],8,"Don't go out with the woman you are not attracted to.

It will end badly for you and it will make her feel like crap.

I've done it twice it never ends well.",https://reddit.com/r/datingoverthirty/comments/ns0cbb/_/h0kwr68/,General / Other
ns0cbb,Anyone else feel like dating is a chore? (32m),datingoverthirty,840,https://reddit.com/r/datingoverthirty/comments/ns0cbb/anyone_else_feel_like_dating_is_a_chore_32m/,h0lexwv,[deleted],7,"Same. New city as well. I've done a meet up here and there, but new social interaction is a total energy drain. The dates I went on were all huge wastes of resources. 

Work -&gt; Run -&gt; Home is great.",https://reddit.com/r/datingoverthirty/comments/ns0cbb/_/h0lexwv/,Coping with physical loneliness
ns0cbb,Anyone else feel like dating is a chore? (32m),datingoverthirty,840,https://reddit.com/r/datingoverthirty/comments/ns0cbb/anyone_else_feel_like_dating_is_a_chore_32m/,h0kwatf,[deleted],7,Honestly OP - it sounds like you are just not ready to date. Suggest you take time just for you and do the things you like. Put dating on the horizon for now.,https://reddit.com/r/datingoverthirty/comments/ns0cbb/_/h0kwatf/,General / Other
ns0cbb,Anyone else feel like dating is a chore? (32m),datingoverthirty,840,https://reddit.com/r/datingoverthirty/comments/ns0cbb/anyone_else_feel_like_dating_is_a_chore_32m/,h0l6tkf,[deleted],6,"Strangely enough, I've had people tell me that dating can be 'fun' and to not take it too seriously, but I still haven't seen where the 'fun' comes in.  What's 'fun' about being ghosted, stood up, ignored, rejected, etc. all the time?  Dating is a pain in the ass, and doesn't seem to have much benefit at all",https://reddit.com/r/datingoverthirty/comments/ns0cbb/_/h0l6tkf/,Understanding rejection
ns0cbb,Anyone else feel like dating is a chore? (32m),datingoverthirty,840,https://reddit.com/r/datingoverthirty/comments/ns0cbb/anyone_else_feel_like_dating_is_a_chore_32m/,h0k5g25,sharkpunt,5,"I too have experienced similar feelings. (39m) I had been in a 6 year relationship and things ended, I immediately dated someone after and it was not good. I kept thinking about my ex and eventually broke things off and used two years to myself. Recently got on OLD, and at first it’s exciting getting matches and exchanging numbers. But like you I started to feel like I didn’t want to do it and wanted that time to myself after having it for the past two years. I even thought my ex and whether I still love her. I thought I was the only one. You are not alone my friend",https://reddit.com/r/datingoverthirty/comments/ns0cbb/_/h0k5g25/,General / Other
ns0cbb,Anyone else feel like dating is a chore? (32m),datingoverthirty,840,https://reddit.com/r/datingoverthirty/comments/ns0cbb/anyone_else_feel_like_dating_is_a_chore_32m/,h0kmesc,[deleted],5,Maybe you're not emotionally ready to date at this point? It's ok to enjoy your time alone for as long as you want. Once you're ready you won't feel spending your with someone as a chore :),https://reddit.com/r/datingoverthirty/comments/ns0cbb/_/h0kmesc/,General / Other
ns0cbb,Anyone else feel like dating is a chore? (32m),datingoverthirty,840,https://reddit.com/r/datingoverthirty/comments/ns0cbb/anyone_else_feel_like_dating_is_a_chore_32m/,h0kzr9b,[deleted],4,"I’m dating a lot. It gets physical real quick, and I feel dirty and sad, even if I don’t initiate the sexual contact. 

I guess the void thing is real. But it hurts more than it helps to fill it.",https://reddit.com/r/datingoverthirty/comments/ns0cbb/_/h0kzr9b/,General / Other
ns0cbb,Anyone else feel like dating is a chore? (32m),datingoverthirty,840,https://reddit.com/r/datingoverthirty/comments/ns0cbb/anyone_else_feel_like_dating_is_a_chore_32m/,h0klrxf,[deleted],3,"Just got out of a 5 year relationship.. and this is what scares me about dating again. So much effort, time and energy for nothing. That’s why I’m just gonna be by myself for awhile and not chase anyone or even put myself out there",https://reddit.com/r/datingoverthirty/comments/ns0cbb/_/h0klrxf/,General / Other
ns0cbb,Anyone else feel like dating is a chore? (32m),datingoverthirty,840,https://reddit.com/r/datingoverthirty/comments/ns0cbb/anyone_else_feel_like_dating_is_a_chore_32m/,h0n1228,[deleted],3,"I feel this. I'm theoretically interested in talking to anyone, but then I end up talking to way too many people who don't excite me and it wears me out on the whole process. Sometimes I can't help myself from showing a lot of interest in them by asking tons of questions because that's The Polite Conversation Skills talking, but then they end up more interested in me while I'm just meh. 

I've felt connected to people, but it often doesn't end up being mutual. Or they'll be into it for a while, and then decide they were never into it after all. I went on two dates/hangouts with a friend from my gym over the course of 6 months and I thought we were both feeling it so I said something, but he said he didn't feel the same. 

Now talking to a bunch of new people and meeting them for coffee as ",https://reddit.com/r/datingoverthirty/comments/ns0cbb/_/h0n1228/,General / Other
f59rvn,"Went to lunch solo, got huge (and much needed) ego boost.",datingoverthirty,834,https://reddit.com/r/datingoverthirty/comments/f59rvn/went_to_lunch_solo_got_huge_and_much_needed_ego/,fhz1v03,FinderOfE,3,"If you’re feeling confident, this definitely works. That’s how I got my exwife’s number. 😅",https://reddit.com/r/datingoverthirty/comments/f59rvn/_/fhz1v03/,Starting over after loss
f59rvn,"Went to lunch solo, got huge (and much needed) ego boost.",datingoverthirty,834,https://reddit.com/r/datingoverthirty/comments/f59rvn/went_to_lunch_solo_got_huge_and_much_needed_ego/,fhzdus9,itszulutime,2,"Obviously I am going to have to post an update to this when I have one!  She mentioned her kids were off school this Friday (as are mine), but I am still going to go at lunch time just in case!  I have a haircut appointment in 2 weeks (with my usual person, but I think she will be there as well), so we will see how it goes.  I have to figure out how to be cool about either getting her number, or giving her mine.  The girl that cuts my hair has been like a therapist to me for the last several years, so it’s like I have someone on the inside to help me navigate the situation.",https://reddit.com/r/datingoverthirty/comments/f59rvn/_/fhzdus9/,General / Other
k6l7la,Update: would you date me after this?,datingoverthirty,801,https://reddit.com/r/datingoverthirty/comments/k6l7la/update_would_you_date_me_after_this/,gelu2ac,TestGood,32,"It was supposed to be a light-hearted round off because that’s what one of the top comments were on my last post , but maybe I missed the beat",https://reddit.com/r/datingoverthirty/comments/k6l7la/_/gelu2ac/,General / Other
k6l7la,Update: would you date me after this?,datingoverthirty,801,https://reddit.com/r/datingoverthirty/comments/k6l7la/update_would_you_date_me_after_this/,gem2hfw,TestGood,23,I love this! I hope we will eventually laugh about it too. Thanks for sharing,https://reddit.com/r/datingoverthirty/comments/k6l7la/_/gem2hfw/,General / Other
k6l7la,Update: would you date me after this?,datingoverthirty,801,https://reddit.com/r/datingoverthirty/comments/k6l7la/update_would_you_date_me_after_this/,gelu6r9,TestGood,12,"It was a joke , but I realise now that it sounds serious haha",https://reddit.com/r/datingoverthirty/comments/k6l7la/_/gelu6r9/,General / Other
k6l7la,Update: would you date me after this?,datingoverthirty,801,https://reddit.com/r/datingoverthirty/comments/k6l7la/update_would_you_date_me_after_this/,gem6r0z,crystal-meathead,4,"reading this brought me so much joy. I (34M) have definitely been on both sides of the situation you described in your previous post, and I can say that, as a guy, seeing a woman getting a little ill from a night of drinking, knowing this is an innocent mistake that everyone can make, is perfectly fine as long as it isn't accompanied by some very offputting behavior.

still, if the connection was there, I'd want to follow that up, and it sounds like he made a good effort. I think he could have probably sourced your number from a friend (just guessing), but I totally understand why he might choose not to do that, if he felt like you were ghosting him. the instagram friend request approach seems innocuous enough. I'd definitely be bummed if I had that fleeting encounter go nowhere for a mont",https://reddit.com/r/datingoverthirty/comments/k6l7la/_/gem6r0z/,Getting over approach anxiety
k6l7la,Update: would you date me after this?,datingoverthirty,801,https://reddit.com/r/datingoverthirty/comments/k6l7la/update_would_you_date_me_after_this/,gem2kmq,TestGood,2,I hope so too,https://reddit.com/r/datingoverthirty/comments/k6l7la/_/gem2kmq/,General / Other
k6l7la,Update: would you date me after this?,datingoverthirty,801,https://reddit.com/r/datingoverthirty/comments/k6l7la/update_would_you_date_me_after_this/,gen77o7,TestGood,1,This made me laugh,https://reddit.com/r/datingoverthirty/comments/k6l7la/_/gen77o7/,General / Other
k6l7la,Update: would you date me after this?,datingoverthirty,801,https://reddit.com/r/datingoverthirty/comments/k6l7la/update_would_you_date_me_after_this/,gem2v6e,TestGood,1,:),https://reddit.com/r/datingoverthirty/comments/k6l7la/_/gem2v6e/,General / Other
ghmw72,Completely blindsided by my (now ex) girlfriend hooking up with her ex husband yesterday and ending our relationship with zero indication things weren’t going well.,datingoverthirty,794,https://reddit.com/r/datingoverthirty/comments/ghmw72/completely_blindsided_by_my_now_ex_girlfriend/,fqa5v5p,jakemg,208,"Absolutely. Cheating is a deal breaker for me, as in I will never forgive it. And if someone hurts me like this, they won’t ever get a chance to do it again.",https://reddit.com/r/datingoverthirty/comments/ghmw72/_/fqa5v5p/,General / Other
ghmw72,Completely blindsided by my (now ex) girlfriend hooking up with her ex husband yesterday and ending our relationship with zero indication things weren’t going well.,datingoverthirty,794,https://reddit.com/r/datingoverthirty/comments/ghmw72/completely_blindsided_by_my_now_ex_girlfriend/,fq9le0i,jakemg,167,"She is divorced. She was separated for a year and the divorce was finalized in January. 

This was just a completely baffling action. There was zero indication that things were going anything but wonderfully.",https://reddit.com/r/datingoverthirty/comments/ghmw72/_/fq9le0i/,Starting over after loss
ghmw72,Completely blindsided by my (now ex) girlfriend hooking up with her ex husband yesterday and ending our relationship with zero indication things weren’t going well.,datingoverthirty,794,https://reddit.com/r/datingoverthirty/comments/ghmw72/completely_blindsided_by_my_now_ex_girlfriend/,fqa26op,jakemg,142,Sounds like advice I will be following. Thanks.,https://reddit.com/r/datingoverthirty/comments/ghmw72/_/fqa26op/,General / Other
ghmw72,Completely blindsided by my (now ex) girlfriend hooking up with her ex husband yesterday and ending our relationship with zero indication things weren’t going well.,datingoverthirty,794,https://reddit.com/r/datingoverthirty/comments/ghmw72/completely_blindsided_by_my_now_ex_girlfriend/,fqaqut3,muntal,67,"This is COVID &amp; emotion &amp; ex &amp; she has children with him &amp; he went after her hard ( find out if he has/had girlfriend, I suspect no )

It will last a week to a month.

She will come back.

Ignore.",https://reddit.com/r/datingoverthirty/comments/ghmw72/_/fqaqut3/,General / Other
ghmw72,Completely blindsided by my (now ex) girlfriend hooking up with her ex husband yesterday and ending our relationship with zero indication things weren’t going well.,datingoverthirty,794,https://reddit.com/r/datingoverthirty/comments/ghmw72/completely_blindsided_by_my_now_ex_girlfriend/,fqaht2r,jakemg,67,"Dunno that I’ve done anything to be proud of other than not beg her to stay with me. I have more self respect than that. But I’m crushed and so baffled that I posted on Reddit so there’s that. But I’ve been getting some great comments and support here, which I appreciate.",https://reddit.com/r/datingoverthirty/comments/ghmw72/_/fqaht2r/,General / Other
ghmw72,Completely blindsided by my (now ex) girlfriend hooking up with her ex husband yesterday and ending our relationship with zero indication things weren’t going well.,datingoverthirty,794,https://reddit.com/r/datingoverthirty/comments/ghmw72/completely_blindsided_by_my_now_ex_girlfriend/,fqa99ma,jakemg,61,"It’s already too late for her. I know she will again realize this guy is a piece of shit, but cheating is a no-go for me. Ever. I will not forgive it. It’s a choice you made that you knew would hurt and you did it anyway. So that’s a “no” from me dog.",https://reddit.com/r/datingoverthirty/comments/ghmw72/_/fqa99ma/,Heartbreak and age
ghmw72,Completely blindsided by my (now ex) girlfriend hooking up with her ex husband yesterday and ending our relationship with zero indication things weren’t going well.,datingoverthirty,794,https://reddit.com/r/datingoverthirty/comments/ghmw72/completely_blindsided_by_my_now_ex_girlfriend/,fq9q3v0,jakemg,58,"&gt;...you became collateral damage to her drama.

Well-put. I think I need to get myself to the point of realizing that what we had wasn’t actually as special as I thought and that I was just part of this period of her life figuring things out. 

Weird, but your comment gives me this strange sense of calmness. Thank you.",https://reddit.com/r/datingoverthirty/comments/ghmw72/_/fq9q3v0/,General / Other
ghmw72,Completely blindsided by my (now ex) girlfriend hooking up with her ex husband yesterday and ending our relationship with zero indication things weren’t going well.,datingoverthirty,794,https://reddit.com/r/datingoverthirty/comments/ghmw72/completely_blindsided_by_my_now_ex_girlfriend/,fqaor2w,jakemg,43,Sure. But life is about choices. This is a choice she made. It closed the door to me forever. I’m just kind of mourning that because this is one of few things I will never forgive.,https://reddit.com/r/datingoverthirty/comments/ghmw72/_/fqaor2w/,General / Other
ghmw72,Completely blindsided by my (now ex) girlfriend hooking up with her ex husband yesterday and ending our relationship with zero indication things weren’t going well.,datingoverthirty,794,https://reddit.com/r/datingoverthirty/comments/ghmw72/completely_blindsided_by_my_now_ex_girlfriend/,fq9xhua,jakemg,37,"&gt;	You were open and receptive to love and you were good to her. You’re a good person and you’ll find the right one. You just be kind to yourself right now and allow yourself to feel your feelings.

Well-said and great advice. It’s hard to force my brain to focus on that right now but I know it’s true. Part of what’s so hard is that I didn’t expect this. At all. No real signs. Just dead stop out of nowhere.",https://reddit.com/r/datingoverthirty/comments/ghmw72/_/fq9xhua/,General / Other
ghmw72,Completely blindsided by my (now ex) girlfriend hooking up with her ex husband yesterday and ending our relationship with zero indication things weren’t going well.,datingoverthirty,794,https://reddit.com/r/datingoverthirty/comments/ghmw72/completely_blindsided_by_my_now_ex_girlfriend/,fqbcsfi,jakemg,27,"Oh my god I’m so sorry. Really puts this into perspective for me. 

And I will not give in. I need to love myself more than that, you know?",https://reddit.com/r/datingoverthirty/comments/ghmw72/_/fqbcsfi/,General / Other
ghmw72,Completely blindsided by my (now ex) girlfriend hooking up with her ex husband yesterday and ending our relationship with zero indication things weren’t going well.,datingoverthirty,794,https://reddit.com/r/datingoverthirty/comments/ghmw72/completely_blindsided_by_my_now_ex_girlfriend/,fqangdc,jakemg,27,Thank you so much. Yeah I have a hard line with cheating and will never lower my self worth to allow that in my life. I can do better than that.,https://reddit.com/r/datingoverthirty/comments/ghmw72/_/fqangdc/,Building self-worth
ghmw72,Completely blindsided by my (now ex) girlfriend hooking up with her ex husband yesterday and ending our relationship with zero indication things weren’t going well.,datingoverthirty,794,https://reddit.com/r/datingoverthirty/comments/ghmw72/completely_blindsided_by_my_now_ex_girlfriend/,fq9r9g8,jakemg,24,"Oh for sure. Like I know for a fact I’ll be okay. But this just happened yesterday so I’m in that beginning stage where I’m confused and hurt and just want life to have an undo button. 

Thanks for your comments. I know I’m just some words on a screen, but I’m a real guy who is just crushed and your words of support are helpful.",https://reddit.com/r/datingoverthirty/comments/ghmw72/_/fq9r9g8/,General / Other
ghmw72,Completely blindsided by my (now ex) girlfriend hooking up with her ex husband yesterday and ending our relationship with zero indication things weren’t going well.,datingoverthirty,794,https://reddit.com/r/datingoverthirty/comments/ghmw72/completely_blindsided_by_my_now_ex_girlfriend/,fq9m5nt,jakemg,18,"Thanks. I wouldn’t have in a million years expected her to a) cheat or b) send me a text to break up and then totally ignore me. 

I’m confused and heartbroken. I’ll get over it, but god does it hurt right now.",https://reddit.com/r/datingoverthirty/comments/ghmw72/_/fq9m5nt/,General / Other
ghmw72,Completely blindsided by my (now ex) girlfriend hooking up with her ex husband yesterday and ending our relationship with zero indication things weren’t going well.,datingoverthirty,794,https://reddit.com/r/datingoverthirty/comments/ghmw72/completely_blindsided_by_my_now_ex_girlfriend/,fq9v48h,jakemg,13,"Thanks for saying it still hits you sometimes. I am optimistic that I’ll get through this, but the wound is fresh. I just don’t get it. I thought I knew her. 

Maybe that’s what I was. Maybe I was the guy on the side to give her fun while she worked through her relationship with her ex. It’s just so odd to hear “I love you” one day and “I slept with my ex” the next. I keep trying to imagine how she could make that choice and I’m coming up blank other than she’s a terrible person and hid that part of herself from me.",https://reddit.com/r/datingoverthirty/comments/ghmw72/_/fq9v48h/,General / Other
ghmw72,Completely blindsided by my (now ex) girlfriend hooking up with her ex husband yesterday and ending our relationship with zero indication things weren’t going well.,datingoverthirty,794,https://reddit.com/r/datingoverthirty/comments/ghmw72/completely_blindsided_by_my_now_ex_girlfriend/,fqaiovr,jakemg,11,"I’d say for me, it’ll be a loooong period of soul searching. And then being careful and guarded with the next person. I turn 40 in a couple of weeks, and I need to make peace with just being alone for a long time and working on me some more. 

Definitely a learning experience. I don’t think we fell for each other too quickly. I think what we had was genuine and deep, and she made a really poor choice that results in her losing any chance with me ever. And I’m a great guy. So her loss.",https://reddit.com/r/datingoverthirty/comments/ghmw72/_/fqaiovr/,General / Other
ghmw72,Completely blindsided by my (now ex) girlfriend hooking up with her ex husband yesterday and ending our relationship with zero indication things weren’t going well.,datingoverthirty,794,https://reddit.com/r/datingoverthirty/comments/ghmw72/completely_blindsided_by_my_now_ex_girlfriend/,fqapkds,jakemg,10,Yup someone else said I’m “collateral damage” of Thais shitty marriage. It’s sucks to be reduced to that but it seems accurate.,https://reddit.com/r/datingoverthirty/comments/ghmw72/_/fqapkds/,General / Other
ghmw72,Completely blindsided by my (now ex) girlfriend hooking up with her ex husband yesterday and ending our relationship with zero indication things weren’t going well.,datingoverthirty,794,https://reddit.com/r/datingoverthirty/comments/ghmw72/completely_blindsided_by_my_now_ex_girlfriend/,fqaesvs,jakemg,10,This is an amazing comment and wonderful advice. Thank you. Learning experience. I’m just in the “fresh wound” stage so it’s hard to have that long view. But taking her off the pedestal is great advice. That’s why I’m so crushed.  I had her built up so much.,https://reddit.com/r/datingoverthirty/comments/ghmw72/_/fqaesvs/,General / Other
ghmw72,Completely blindsided by my (now ex) girlfriend hooking up with her ex husband yesterday and ending our relationship with zero indication things weren’t going well.,datingoverthirty,794,https://reddit.com/r/datingoverthirty/comments/ghmw72/completely_blindsided_by_my_now_ex_girlfriend/,fqanoto,jakemg,8,Oh I understand that it’s a blanket statement. Clearly this one wasn’t ready. I thought she was. I need to just figure out how to determine that. It seemed like she was past him. Clearly I misread that.,https://reddit.com/r/datingoverthirty/comments/ghmw72/_/fqanoto/,General / Other
ghmw72,Completely blindsided by my (now ex) girlfriend hooking up with her ex husband yesterday and ending our relationship with zero indication things weren’t going well.,datingoverthirty,794,https://reddit.com/r/datingoverthirty/comments/ghmw72/completely_blindsided_by_my_now_ex_girlfriend/,fqa24ol,jakemg,8,"Very true. I guess I am not looking behind the fact that she hurt me and then did it via text. Honestly all I can do is picture her cheating on me and it sucks. She didn’t respect me enough to consider my feelings before she slept with him leas than 24 hours after being with me. 

I guess I’m not at the stage of giving her any form of appreciation for how she broke up with me after cheating. It’s a little too fresh a wound for me to really appreciate that yet. But I do appreciate your kind words and I’m sure in time I’ll appreciate being told at all.",https://reddit.com/r/datingoverthirty/comments/ghmw72/_/fqa24ol/,Starting over after loss
ghmw72,Completely blindsided by my (now ex) girlfriend hooking up with her ex husband yesterday and ending our relationship with zero indication things weren’t going well.,datingoverthirty,794,https://reddit.com/r/datingoverthirty/comments/ghmw72/completely_blindsided_by_my_now_ex_girlfriend/,fq9wygt,jakemg,7,"And thanks for this! These kinds of comments are what I need.

For context, she left her ex. He cheated. When she described him, he wasn’t supportive of her career, played video games 30 hours a week, and was just not a great husband in general. She mentioned him here and there (mostly negative), but over the past few weeks she did mention that he’s being extra nice to her and he would try to get back together. But when I asked if she’d entertain it, she laughed and said hell no. I guess she was wrong.",https://reddit.com/r/datingoverthirty/comments/ghmw72/_/fq9wygt/,General / Other
ghmw72,Completely blindsided by my (now ex) girlfriend hooking up with her ex husband yesterday and ending our relationship with zero indication things weren’t going well.,datingoverthirty,794,https://reddit.com/r/datingoverthirty/comments/ghmw72/completely_blindsided_by_my_now_ex_girlfriend/,fqaehfx,jakemg,7,"Thanks for the kind words. It seems many of the sentiments here are, “she will come back; don’t do it.” I got similar advice when my wife of 15 years left me. I didn’t believe it, but then she tried coming back. So I’ll expect it. Thanks again. Your words mean a lot to me as I try to get through this.",https://reddit.com/r/datingoverthirty/comments/ghmw72/_/fqaehfx/,General / Other
ghmw72,Completely blindsided by my (now ex) girlfriend hooking up with her ex husband yesterday and ending our relationship with zero indication things weren’t going well.,datingoverthirty,794,https://reddit.com/r/datingoverthirty/comments/ghmw72/completely_blindsided_by_my_now_ex_girlfriend/,fqamoto,Im_not_a_teacher,6,"&gt;his time and again here, and I'm not blaming you at all, just a life lesson for everyone, do NOT date the first year after divorce and do NOT date anyone who's been divorced in the past year.  Notice, I did NOT say separated.   I said divorce

This was totally me. I dated within my first year because I was trying to feel normal again. Admittedly, I would have gone back to my ex-wife in a heart beat. It took me a while to come to terms with the fact that what I was doing wasn't fair to the people I was dating, and also that I'm just not healthy yet.",https://reddit.com/r/datingoverthirty/comments/ghmw72/_/fqamoto/,Starting over after loss
ghmw72,Completely blindsided by my (now ex) girlfriend hooking up with her ex husband yesterday and ending our relationship with zero indication things weren’t going well.,datingoverthirty,794,https://reddit.com/r/datingoverthirty/comments/ghmw72/completely_blindsided_by_my_now_ex_girlfriend/,fqaixiv,jakemg,6,"One thing I learned about her is that she’s impulsive. It was a mixed bag of good and bad, but this is an impulsive decision that she didn’t think through. It just sucks to be on the receiving end of that.",https://reddit.com/r/datingoverthirty/comments/ghmw72/_/fqaixiv/,General / Other
ghmw72,Completely blindsided by my (now ex) girlfriend hooking up with her ex husband yesterday and ending our relationship with zero indication things weren’t going well.,datingoverthirty,794,https://reddit.com/r/datingoverthirty/comments/ghmw72/completely_blindsided_by_my_now_ex_girlfriend/,fqa06yf,jakemg,6,Oh for sure. Cheating is **the** dealbreaker for me. Doesn’t change that it hurts and is just so out of nowhere. Oh well.,https://reddit.com/r/datingoverthirty/comments/ghmw72/_/fqa06yf/,General / Other
ghmw72,Completely blindsided by my (now ex) girlfriend hooking up with her ex husband yesterday and ending our relationship with zero indication things weren’t going well.,datingoverthirty,794,https://reddit.com/r/datingoverthirty/comments/ghmw72/completely_blindsided_by_my_now_ex_girlfriend/,fq9ytgt,jakemg,5,"Thanks for this. Yep. Just in the feeling crushed stage but I know I need to move on. I’m not the first person to be dumped out of nowhere and I won’t be the last. 

Time to really just focus on me and my kids for a while.",https://reddit.com/r/datingoverthirty/comments/ghmw72/_/fq9ytgt/,General / Other
ghmw72,Completely blindsided by my (now ex) girlfriend hooking up with her ex husband yesterday and ending our relationship with zero indication things weren’t going well.,datingoverthirty,794,https://reddit.com/r/datingoverthirty/comments/ghmw72/completely_blindsided_by_my_now_ex_girlfriend/,fqaheaz,jakemg,5,"Thanks for this. But yeah, the thing is my ex wife did this to me and all my other dating since her had been guarded. And with this woman, we just clicked immediately. And I felt safe and put my whole heart out there and this happened. I feel like it’s going to be really hard for me to give anyone full access to me anymore after this. I got burned twice.",https://reddit.com/r/datingoverthirty/comments/ghmw72/_/fqaheaz/,Starting over after loss
dihr7j,"Does anyone else feel the longer you've been single, the harder it is to find someone to love?",datingoverthirty,766,https://reddit.com/r/datingoverthirty/comments/dihr7j/does_anyone_else_feel_the_longer_youve_been/,f3w27hg,LordTieWin,142,"Do you like Phil Collins? I've been a big Genesis fan ever since the release of their 1980 album, Duke. Before that, I really didn't understand any of their work. Too artsy, too intellectual. It was on Duke where Phil Collins' presence became more apparent.",https://reddit.com/r/datingoverthirty/comments/dihr7j/_/f3w27hg/,General / Other
dihr7j,"Does anyone else feel the longer you've been single, the harder it is to find someone to love?",datingoverthirty,766,https://reddit.com/r/datingoverthirty/comments/dihr7j/does_anyone_else_feel_the_longer_youve_been/,f3wfwny,[deleted],54,"The longer I have things my way, the more I like it. 

I briefly shared my living space with an ex (only a few months!) and I became so annoyed with him that I cherished truly having my bed and my room to myself . 

I wonder if I’ll actually be happy moving in with someone I really love. I like to think I can be a good, agreeable, helpful girlfriend and housemate someday. Who knows 😑",https://reddit.com/r/datingoverthirty/comments/dihr7j/_/f3wfwny/,General / Other
dihr7j,"Does anyone else feel the longer you've been single, the harder it is to find someone to love?",datingoverthirty,766,https://reddit.com/r/datingoverthirty/comments/dihr7j/does_anyone_else_feel_the_longer_youve_been/,f3w3u1d,LordTieWin,28,Lol glad someone got it,https://reddit.com/r/datingoverthirty/comments/dihr7j/_/f3w3u1d/,General / Other
dihr7j,"Does anyone else feel the longer you've been single, the harder it is to find someone to love?",datingoverthirty,766,https://reddit.com/r/datingoverthirty/comments/dihr7j/does_anyone_else_feel_the_longer_youve_been/,f3w9kvq,LordTieWin,28,"Eh I wouldn't say abrasive. Loud, swears, jokes around alot, passionate about politics and music/movies. 

Douchey stuff example is drunk hookups.

I could always be a douchebag and not know it though.",https://reddit.com/r/datingoverthirty/comments/dihr7j/_/f3w9kvq/,General / Other
dihr7j,"Does anyone else feel the longer you've been single, the harder it is to find someone to love?",datingoverthirty,766,https://reddit.com/r/datingoverthirty/comments/dihr7j/does_anyone_else_feel_the_longer_youve_been/,f3w5rj4,LordTieWin,14,Thanks pal,https://reddit.com/r/datingoverthirty/comments/dihr7j/_/f3w5rj4/,General / Other
dihr7j,"Does anyone else feel the longer you've been single, the harder it is to find someone to love?",datingoverthirty,766,https://reddit.com/r/datingoverthirty/comments/dihr7j/does_anyone_else_feel_the_longer_youve_been/,f3wbs3c,LordTieWin,13,"I never lie. It's just not my style anymore and I usually end up regretting it. I feel that sex is much better when you have an emotional connection with the other person. The drunk hookups feel like I'm moving away from that. But ya know, loneliness makes you do dumb stuff.",https://reddit.com/r/datingoverthirty/comments/dihr7j/_/f3wbs3c/,General / Other
dihr7j,"Does anyone else feel the longer you've been single, the harder it is to find someone to love?",datingoverthirty,766,https://reddit.com/r/datingoverthirty/comments/dihr7j/does_anyone_else_feel_the_longer_youve_been/,f3w5s7x,[deleted],4,"33m.
I've been single for about 3 years as well. Only matches I get on the apps are gals 8-10 years younger than me. Has not been working out.",https://reddit.com/r/datingoverthirty/comments/dihr7j/_/f3w5s7x/,General / Other
1ch6yir,Datingoverthirty success: Me (33) and GF (33) of nearly 3 years are now engaged!,datingoverthirty,737,https://reddit.com/r/datingoverthirty/comments/1ch6yir/datingoverthirty_success_me_33_and_gf_33_of/,l23prvy,MyFavoriteArm,14,Thank you!,https://reddit.com/r/datingoverthirty/comments/1ch6yir/_/l23prvy/,General / Other
1ch6yir,Datingoverthirty success: Me (33) and GF (33) of nearly 3 years are now engaged!,datingoverthirty,737,https://reddit.com/r/datingoverthirty/comments/1ch6yir/datingoverthirty_success_me_33_and_gf_33_of/,l23sika,MyFavoriteArm,8,"Thank you! All I know is it will be in the Phila area. It will be outdoors, and will not be a religious ceremony. I do not wish to burst into flames on the day of",https://reddit.com/r/datingoverthirty/comments/1ch6yir/_/l23sika/,General / Other
1ch6yir,Datingoverthirty success: Me (33) and GF (33) of nearly 3 years are now engaged!,datingoverthirty,737,https://reddit.com/r/datingoverthirty/comments/1ch6yir/datingoverthirty_success_me_33_and_gf_33_of/,l23px9v,MyFavoriteArm,6,Thank you for your kind words. Sorry you haven't gotten a reply yet. Imma keep fingers crossed for ya!,https://reddit.com/r/datingoverthirty/comments/1ch6yir/_/l23px9v/,General / Other
1ch6yir,Datingoverthirty success: Me (33) and GF (33) of nearly 3 years are now engaged!,datingoverthirty,737,https://reddit.com/r/datingoverthirty/comments/1ch6yir/datingoverthirty_success_me_33_and_gf_33_of/,l23psul,MyFavoriteArm,5,Thank you!,https://reddit.com/r/datingoverthirty/comments/1ch6yir/_/l23psul/,General / Other
1ch6yir,Datingoverthirty success: Me (33) and GF (33) of nearly 3 years are now engaged!,datingoverthirty,737,https://reddit.com/r/datingoverthirty/comments/1ch6yir/datingoverthirty_success_me_33_and_gf_33_of/,l23pyeu,MyFavoriteArm,3,Thank you!,https://reddit.com/r/datingoverthirty/comments/1ch6yir/_/l23pyeu/,General / Other
1ch6yir,Datingoverthirty success: Me (33) and GF (33) of nearly 3 years are now engaged!,datingoverthirty,737,https://reddit.com/r/datingoverthirty/comments/1ch6yir/datingoverthirty_success_me_33_and_gf_33_of/,l23q0iu,MyFavoriteArm,3,Thank you!,https://reddit.com/r/datingoverthirty/comments/1ch6yir/_/l23q0iu/,General / Other
klo6aw,Guy waited until after 4th date to tell me he has a kid. Is this a red flag or is this more common than I think?,datingoverthirty,736,https://reddit.com/r/datingoverthirty/comments/klo6aw/guy_waited_until_after_4th_date_to_tell_me_he_has/,ghaac12,panka24,17,"As a single dad myself, this is very strange. I make it known early on that I have a son because I don't want to waste my date's time or mine if that's not something they want. Protecting his son would be waiting to introduce you to him, not hiding his existence.",https://reddit.com/r/datingoverthirty/comments/klo6aw/_/ghaac12/,General / Other
klo6aw,Guy waited until after 4th date to tell me he has a kid. Is this a red flag or is this more common than I think?,datingoverthirty,736,https://reddit.com/r/datingoverthirty/comments/klo6aw/guy_waited_until_after_4th_date_to_tell_me_he_has/,ghadd74,[deleted],15,"As a guy, I would see it as a massive red flag had the situation been reversed. Having a kid is right up there with ""I'm trans"" when it comes to keeping potential partners informed.",https://reddit.com/r/datingoverthirty/comments/klo6aw/_/ghadd74/,General / Other
klo6aw,Guy waited until after 4th date to tell me he has a kid. Is this a red flag or is this more common than I think?,datingoverthirty,736,https://reddit.com/r/datingoverthirty/comments/klo6aw/guy_waited_until_after_4th_date_to_tell_me_he_has/,ghbcx3q,itsmetheaaron,13,"I couldn’t agree more. My ex wife and I actually have it written into our divorce decree that no one can meet our kid until at a minimum eight months, and that we can meet the new SO before our kid does, so that we we at know who our kid will spend time with. Neither of us have introduced someone yet. You’re doing the right thing!! Nice work",https://reddit.com/r/datingoverthirty/comments/klo6aw/_/ghbcx3q/,Starting over after loss
klo6aw,Guy waited until after 4th date to tell me he has a kid. Is this a red flag or is this more common than I think?,datingoverthirty,736,https://reddit.com/r/datingoverthirty/comments/klo6aw/guy_waited_until_after_4th_date_to_tell_me_he_has/,ghaa29l,Rona11212020,12,"&gt; He claimed he didnt say anything at first because he is ""very protective of his son"" and ""wanted to wait until he felt things might progress and that he could trust me""

Considering you met him online, I'm skeptical of this statement. I suspect this is not the ENTIRE reason he didn't mention it at all, I suspect a larger part of the reason was he wanted to be as attractive as possible to potential matches online and possibly thought having a kid would be a dealbreaker for many and would result in fewer matches. He likely thought once he ""had you hooked"" he could ease you into the kid thing.

I hope I'm wrong, but I just can't imagine how failing to mention that you have a child up front has anything to do with ""trust"". As a guy myself (obviously), I know how difficult it is to get a m",https://reddit.com/r/datingoverthirty/comments/klo6aw/_/ghaa29l/,General / Other
ts3vga,Is a person with few friends who does a lot of stuff on his own a red flag to you?,datingoverthirty,725,https://reddit.com/r/datingoverthirty/comments/ts3vga/is_a_person_with_few_friends_who_does_a_lot_of/,i2pkbev,[deleted],131,"Lol, I've got 3 friends to be precise and on average I see one of them every 2 weeks or so. So the time between seeing each of them is actually around 6 weeks then.",https://reddit.com/r/datingoverthirty/comments/ts3vga/_/i2pkbev/,General / Other
ts3vga,Is a person with few friends who does a lot of stuff on his own a red flag to you?,datingoverthirty,725,https://reddit.com/r/datingoverthirty/comments/ts3vga/is_a_person_with_few_friends_who_does_a_lot_of/,i2pdfeh,[deleted],111,"I think that's pretty normal for over-30's! 

I have a bunch of friends but they are all married and/or have children so it's rare we get to see each other! 

It would be more concerning if you had none and didn't do any activities on your own!",https://reddit.com/r/datingoverthirty/comments/ts3vga/_/i2pdfeh/,General / Other
ts3vga,Is a person with few friends who does a lot of stuff on his own a red flag to you?,datingoverthirty,725,https://reddit.com/r/datingoverthirty/comments/ts3vga/is_a_person_with_few_friends_who_does_a_lot_of/,i2pctie,[deleted],97,"same age, wondering the same thing. i rarely have company no matter what i do especially if it's hiking. interestingly, some people can't believe i go on 1-2 week long road trip alone and just can't fathom not going with anyone else. must be nice for them to have that kind of abundance when it comes to friends.",https://reddit.com/r/datingoverthirty/comments/ts3vga/_/i2pctie/,General / Other
ts3vga,Is a person with few friends who does a lot of stuff on his own a red flag to you?,datingoverthirty,725,https://reddit.com/r/datingoverthirty/comments/ts3vga/is_a_person_with_few_friends_who_does_a_lot_of/,i2pn7sw,[deleted],89,"Christ, I feel blessed now. Some other people I know, like my sister or colleagues seem to have way more people around them. I guess it could still be worse then...",https://reddit.com/r/datingoverthirty/comments/ts3vga/_/i2pn7sw/,General / Other
ts3vga,Is a person with few friends who does a lot of stuff on his own a red flag to you?,datingoverthirty,725,https://reddit.com/r/datingoverthirty/comments/ts3vga/is_a_person_with_few_friends_who_does_a_lot_of/,i2paogd,[deleted],79,"Reading these comments brings me comfort lol. I’ve also been doing things alone a lot more lately. I’ve been enjoying it since I just got out of a 12 year relationship, but I’m glad to learn it’s not seen as a red flag haha",https://reddit.com/r/datingoverthirty/comments/ts3vga/_/i2paogd/,General / Other
ts3vga,Is a person with few friends who does a lot of stuff on his own a red flag to you?,datingoverthirty,725,https://reddit.com/r/datingoverthirty/comments/ts3vga/is_a_person_with_few_friends_who_does_a_lot_of/,i2prtcy,[deleted],24,"For real. I see mine every few months, IF that. I do most things on my own as well and I’m a woman. OP is a wizard",https://reddit.com/r/datingoverthirty/comments/ts3vga/_/i2prtcy/,General / Other
ts3vga,Is a person with few friends who does a lot of stuff on his own a red flag to you?,datingoverthirty,725,https://reddit.com/r/datingoverthirty/comments/ts3vga/is_a_person_with_few_friends_who_does_a_lot_of/,i2q4wkd,[deleted],23,"It could always be worse. You could travel for work and have no friends and have No family, making work your only social distraction aside from going out to the restaurant bar by yourself.",https://reddit.com/r/datingoverthirty/comments/ts3vga/_/i2q4wkd/,General / Other
ts3vga,Is a person with few friends who does a lot of stuff on his own a red flag to you?,datingoverthirty,725,https://reddit.com/r/datingoverthirty/comments/ts3vga/is_a_person_with_few_friends_who_does_a_lot_of/,i2pclzo,[deleted],11,Most of us tend to have a smaller social circle as we get older anyways. You sound well adjusted: hang out with your friends when you both have time; have your own healthy and interesting hobbies and you do your own thing. Nothing red flag about that at all.,https://reddit.com/r/datingoverthirty/comments/ts3vga/_/i2pclzo/,General / Other
ts3vga,Is a person with few friends who does a lot of stuff on his own a red flag to you?,datingoverthirty,725,https://reddit.com/r/datingoverthirty/comments/ts3vga/is_a_person_with_few_friends_who_does_a_lot_of/,i2q5j02,[deleted],10,"Agree dude. When anyone is going through this it feels like its only happening to you! Lol
Glad to hear that its more common than what my brain tells me. Lol",https://reddit.com/r/datingoverthirty/comments/ts3vga/_/i2q5j02/,General / Other
ts3vga,Is a person with few friends who does a lot of stuff on his own a red flag to you?,datingoverthirty,725,https://reddit.com/r/datingoverthirty/comments/ts3vga/is_a_person_with_few_friends_who_does_a_lot_of/,i2pfpou,[deleted],7,"I'm the same way but only because I have trouble fitting in in my home town I recently moved back to. When I lived in Texas I made lots of friends and we hung out all the time.

If someone finds you enjoying life by yourself a red flag THAT is a red flag.",https://reddit.com/r/datingoverthirty/comments/ts3vga/_/i2pfpou/,General / Other
ts3vga,Is a person with few friends who does a lot of stuff on his own a red flag to you?,datingoverthirty,725,https://reddit.com/r/datingoverthirty/comments/ts3vga/is_a_person_with_few_friends_who_does_a_lot_of/,i2pbke2,[deleted],7,"Nope, not a red flag.",https://reddit.com/r/datingoverthirty/comments/ts3vga/_/i2pbke2/,General / Other
ts3vga,Is a person with few friends who does a lot of stuff on his own a red flag to you?,datingoverthirty,725,https://reddit.com/r/datingoverthirty/comments/ts3vga/is_a_person_with_few_friends_who_does_a_lot_of/,i2pfzq1,[deleted],5,I think the term red flag is overused. Everyone has a different personality and different social situations. Red flags are reserved for actions and behaviors that are revealed once you get to know someone.,https://reddit.com/r/datingoverthirty/comments/ts3vga/_/i2pfzq1/,General / Other
ts3vga,Is a person with few friends who does a lot of stuff on his own a red flag to you?,datingoverthirty,725,https://reddit.com/r/datingoverthirty/comments/ts3vga/is_a_person_with_few_friends_who_does_a_lot_of/,i2q6o5o,[deleted],4,"Aww sometimes all you need is a little perspective but it’s TRUE, that’s a miracle!",https://reddit.com/r/datingoverthirty/comments/ts3vga/_/i2q6o5o/,General / Other
ts3vga,Is a person with few friends who does a lot of stuff on his own a red flag to you?,datingoverthirty,725,https://reddit.com/r/datingoverthirty/comments/ts3vga/is_a_person_with_few_friends_who_does_a_lot_of/,i2pcsoq,[deleted],3,"It really depends. 
I would have to get to know you better to see if you don’t want more friends and do stuff with people because you are avoidant of intimacy, or if life circumstances forced you into it.

As it is the second case for you, I wouldn’t mind.",https://reddit.com/r/datingoverthirty/comments/ts3vga/_/i2pcsoq/,General / Other
crc291,"Caught being creepy, dating is an extreme sport",datingoverthirty,722,https://reddit.com/r/datingoverthirty/comments/crc291/caught_being_creepy_dating_is_an_extreme_sport/,ex3scpm,agemininquiry,101,lolllllll big OOOFFF. I accidentally fucking tagged myself in someones picture on FB once.,https://reddit.com/r/datingoverthirty/comments/crc291/_/ex3scpm/,General / Other
crc291,"Caught being creepy, dating is an extreme sport",datingoverthirty,722,https://reddit.com/r/datingoverthirty/comments/crc291/caught_being_creepy_dating_is_an_extreme_sport/,ex3n5hy,agemininquiry,29,Ahahahahah awe fak i've been there before too. I have to be careful because sometimes I'll stalk someone too hard and then when they tell me something i have to act as if I didn't already know they went skydiving in Guatemala in 2017 and had a rough landing that scared him more than the jump...,https://reddit.com/r/datingoverthirty/comments/crc291/_/ex3n5hy/,General / Other
crc291,"Caught being creepy, dating is an extreme sport",datingoverthirty,722,https://reddit.com/r/datingoverthirty/comments/crc291/caught_being_creepy_dating_is_an_extreme_sport/,ex3t9nz,agemininquiry,22,Wait WUT,https://reddit.com/r/datingoverthirty/comments/crc291/_/ex3t9nz/,General / Other
crc291,"Caught being creepy, dating is an extreme sport",datingoverthirty,722,https://reddit.com/r/datingoverthirty/comments/crc291/caught_being_creepy_dating_is_an_extreme_sport/,ex3rst5,agemininquiry,10,Initially i was a a bit taken back because i think she's absolutely gorge but i got over it quickly. I know he finds me attractive and that's all that matters,https://reddit.com/r/datingoverthirty/comments/crc291/_/ex3rst5/,General / Other
crc291,"Caught being creepy, dating is an extreme sport",datingoverthirty,722,https://reddit.com/r/datingoverthirty/comments/crc291/caught_being_creepy_dating_is_an_extreme_sport/,ex4a2iv,[deleted],8,"As a guy,  I wouldn't be surprised at all.  You're absolutely mad if you don't do at least a quick Google search on some random person you're trying to get romantic with. Getting caught is kind of embarrassing,  but you could probably laugh it off and use it as a starting point for learning more about each other's history.",https://reddit.com/r/datingoverthirty/comments/crc291/_/ex4a2iv/,Processing the shame of being late
ipkn5q,"UPDATE: I'm a 5'3"" 35M living in LA. I've only been trying OLD for a month, but every conversation seems to stop once my height comes into question. Feeling like a perceived 6 in a city full of 10's is tough :/",datingoverthirty,717,https://reddit.com/r/datingoverthirty/comments/ipkn5q/update_im_a_53_35m_living_in_la_ive_only_been/,g4l1nb4,[deleted],39,"There certainly seems to be a charm to Nola that just makes people friendly. Especially when you're coming from a place like NYC where people are just plain cold and rude. 

If you're currently WFH like a lot of people, maybe try working remotely down from Nola or similar southern city for a bit, could be fun! Either way, I'm hoping the best for you and your dating life in the future!",https://reddit.com/r/datingoverthirty/comments/ipkn5q/_/g4l1nb4/,General / Other
ipkn5q,"UPDATE: I'm a 5'3"" 35M living in LA. I've only been trying OLD for a month, but every conversation seems to stop once my height comes into question. Feeling like a perceived 6 in a city full of 10's is tough :/",datingoverthirty,717,https://reddit.com/r/datingoverthirty/comments/ipkn5q/update_im_a_53_35m_living_in_la_ive_only_been/,g4ky4ih,[deleted],22,Thinner and more self obsessed,https://reddit.com/r/datingoverthirty/comments/ipkn5q/_/g4ky4ih/,General / Other
ipkn5q,"UPDATE: I'm a 5'3"" 35M living in LA. I've only been trying OLD for a month, but every conversation seems to stop once my height comes into question. Feeling like a perceived 6 in a city full of 10's is tough :/",datingoverthirty,717,https://reddit.com/r/datingoverthirty/comments/ipkn5q/update_im_a_53_35m_living_in_la_ive_only_been/,g4lis81,[deleted],16,That’s how I felt when I visited NYC by myself. I met so many interesting characters. It was like a quirky Wes Anderson film.,https://reddit.com/r/datingoverthirty/comments/ipkn5q/_/g4lis81/,General / Other
ipkn5q,"UPDATE: I'm a 5'3"" 35M living in LA. I've only been trying OLD for a month, but every conversation seems to stop once my height comes into question. Feeling like a perceived 6 in a city full of 10's is tough :/",datingoverthirty,717,https://reddit.com/r/datingoverthirty/comments/ipkn5q/update_im_a_53_35m_living_in_la_ive_only_been/,g4kxiuu,[deleted],9,"I think I'll stay in LA for a while, I actually do love it here! I've got great friends, I do very well for myself, enough to live right by the beach, have a great work/life balance, and I'm absolutely in love with the music scene here (when it comes back, anyway). It would be nice if the dating scene here were a little more open, but it's not ancillary to my enjoyment of living here :) appreciate the advice though, hopefully if you ever come back to visit it doesn't seem as artificial the next time around!",https://reddit.com/r/datingoverthirty/comments/ipkn5q/_/g4kxiuu/,General / Other
ipkn5q,"UPDATE: I'm a 5'3"" 35M living in LA. I've only been trying OLD for a month, but every conversation seems to stop once my height comes into question. Feeling like a perceived 6 in a city full of 10's is tough :/",datingoverthirty,717,https://reddit.com/r/datingoverthirty/comments/ipkn5q/update_im_a_53_35m_living_in_la_ive_only_been/,g4ky7f6,[deleted],8,"I do remember you posting that advice (and it was Dallas that I lived in). I definitely see your point in southern women dating shorter men, but I still like it here in LA :) thanks though!",https://reddit.com/r/datingoverthirty/comments/ipkn5q/_/g4ky7f6/,General / Other
ipkn5q,"UPDATE: I'm a 5'3"" 35M living in LA. I've only been trying OLD for a month, but every conversation seems to stop once my height comes into question. Feeling like a perceived 6 in a city full of 10's is tough :/",datingoverthirty,717,https://reddit.com/r/datingoverthirty/comments/ipkn5q/update_im_a_53_35m_living_in_la_ive_only_been/,g4lquhq,[deleted],7,"I'm OP and not the person you originally replied to, but I just so happen to live in the South Bay (Redondo Beach to be exact), and I will gladly admit that everyone here is very attractive :) in a way, I'm kind of glad our area flies under the radar, very much unlike everyone on the west side. Venice and Santa Monica in particular seem to get the most media portrayal, and therefore have a reputation. And to be fair, oftentimes their real life reputation seems to be earned too.",https://reddit.com/r/datingoverthirty/comments/ipkn5q/_/g4lquhq/,General / Other
ipkn5q,"UPDATE: I'm a 5'3"" 35M living in LA. I've only been trying OLD for a month, but every conversation seems to stop once my height comes into question. Feeling like a perceived 6 in a city full of 10's is tough :/",datingoverthirty,717,https://reddit.com/r/datingoverthirty/comments/ipkn5q/update_im_a_53_35m_living_in_la_ive_only_been/,g4l26to,[deleted],6,"Thank you for reminding me of one of the big reasons it's hard to leave LA. The diversity of food that's available!!! It might not always be the ""best in the world"", but the fact that I can choose between good thai, or ethiopian, or mexican, or lebanese, all within blocks of each other, is really a blessing!",https://reddit.com/r/datingoverthirty/comments/ipkn5q/_/g4l26to/,General / Other
ipkn5q,"UPDATE: I'm a 5'3"" 35M living in LA. I've only been trying OLD for a month, but every conversation seems to stop once my height comes into question. Feeling like a perceived 6 in a city full of 10's is tough :/",datingoverthirty,717,https://reddit.com/r/datingoverthirty/comments/ipkn5q/update_im_a_53_35m_living_in_la_ive_only_been/,g4l2i0s,[deleted],5,"You’re better than me, I told him to take a picture in front of Ferrari and see how that worked for him.  😂🤣",https://reddit.com/r/datingoverthirty/comments/ipkn5q/_/g4l2i0s/,General / Other
ipkn5q,"UPDATE: I'm a 5'3"" 35M living in LA. I've only been trying OLD for a month, but every conversation seems to stop once my height comes into question. Feeling like a perceived 6 in a city full of 10's is tough :/",datingoverthirty,717,https://reddit.com/r/datingoverthirty/comments/ipkn5q/update_im_a_53_35m_living_in_la_ive_only_been/,g4l0p83,[deleted],5,"I had mentioned in my original post that I actually moved to Dallas for a time as well, and am also asian. Tinder or Bumble wasn't really a thing yet at the time, but I surprisingly didn't have much of an issue talking to women there either. Guess I'll just chalk it up to the high standards of being in a big city. Appreciate the feedback!",https://reddit.com/r/datingoverthirty/comments/ipkn5q/_/g4l0p83/,Finding where to meet women
ipkn5q,"UPDATE: I'm a 5'3"" 35M living in LA. I've only been trying OLD for a month, but every conversation seems to stop once my height comes into question. Feeling like a perceived 6 in a city full of 10's is tough :/",datingoverthirty,717,https://reddit.com/r/datingoverthirty/comments/ipkn5q/update_im_a_53_35m_living_in_la_ive_only_been/,g4kt3yi,[deleted],5,"Leave LA. I was born and raised there and in the 80s-90s it was great. Now it’s a cesspool of superficiality. [Tool - Aenima](https://youtu.be/rHcmnowjfrQ)

Your living standard will go way up, too, because of the cost of living. So, win-win.",https://reddit.com/r/datingoverthirty/comments/ipkn5q/_/g4kt3yi/,General / Other
ipkn5q,"UPDATE: I'm a 5'3"" 35M living in LA. I've only been trying OLD for a month, but every conversation seems to stop once my height comes into question. Feeling like a perceived 6 in a city full of 10's is tough :/",datingoverthirty,717,https://reddit.com/r/datingoverthirty/comments/ipkn5q/update_im_a_53_35m_living_in_la_ive_only_been/,g4kz9mz,[deleted],5,"The Mexican food alone...yeah, I like CalMex, and I am biased.",https://reddit.com/r/datingoverthirty/comments/ipkn5q/_/g4kz9mz/,General / Other
ipkn5q,"UPDATE: I'm a 5'3"" 35M living in LA. I've only been trying OLD for a month, but every conversation seems to stop once my height comes into question. Feeling like a perceived 6 in a city full of 10's is tough :/",datingoverthirty,717,https://reddit.com/r/datingoverthirty/comments/ipkn5q/update_im_a_53_35m_living_in_la_ive_only_been/,g4m10sz,[deleted],5,"See, plenty of us out there appreciate all of you short kings.",https://reddit.com/r/datingoverthirty/comments/ipkn5q/_/g4m10sz/,General / Other
ipkn5q,"UPDATE: I'm a 5'3"" 35M living in LA. I've only been trying OLD for a month, but every conversation seems to stop once my height comes into question. Feeling like a perceived 6 in a city full of 10's is tough :/",datingoverthirty,717,https://reddit.com/r/datingoverthirty/comments/ipkn5q/update_im_a_53_35m_living_in_la_ive_only_been/,g4kyd01,[deleted],5,Baywatch is definitely NOT a good measurement of LA to go by haha! We definitely come in all sizes over here,https://reddit.com/r/datingoverthirty/comments/ipkn5q/_/g4kyd01/,General / Other
ipkn5q,"UPDATE: I'm a 5'3"" 35M living in LA. I've only been trying OLD for a month, but every conversation seems to stop once my height comes into question. Feeling like a perceived 6 in a city full of 10's is tough :/",datingoverthirty,717,https://reddit.com/r/datingoverthirty/comments/ipkn5q/update_im_a_53_35m_living_in_la_ive_only_been/,g4l4x3a,[deleted],4,"I actually go to Vegas all the time! Aside from the typical summer pool parties (of which there were none this year), my parents are retired and now reside in the Silverado Ranch area.

I've made a few friends in Vegas, and actually do keep in touch with one woman there (she waffles back and forth because she has a baby daddy she keeps going back to), but it's not a bad suggestion to check out the dating scene there :)",https://reddit.com/r/datingoverthirty/comments/ipkn5q/_/g4l4x3a/,Coping with physical loneliness
ipkn5q,"UPDATE: I'm a 5'3"" 35M living in LA. I've only been trying OLD for a month, but every conversation seems to stop once my height comes into question. Feeling like a perceived 6 in a city full of 10's is tough :/",datingoverthirty,717,https://reddit.com/r/datingoverthirty/comments/ipkn5q/update_im_a_53_35m_living_in_la_ive_only_been/,g4mw6tg,[deleted],3,I think they are saying that it isn’t like natural attractiveness just taking care of themselves that differs. There’s a difference between an average person taking care of themselves and not sure but you can still see they are averaged even if more attractive cus fit. Whereas sometimes you can just tell someone is gorgeous even if they aren’t in tip top shape for example. Most people aren’t that hot and have to workout and eat healthy to look decent.,https://reddit.com/r/datingoverthirty/comments/ipkn5q/_/g4mw6tg/,General / Other
ipkn5q,"UPDATE: I'm a 5'3"" 35M living in LA. I've only been trying OLD for a month, but every conversation seems to stop once my height comes into question. Feeling like a perceived 6 in a city full of 10's is tough :/",datingoverthirty,717,https://reddit.com/r/datingoverthirty/comments/ipkn5q/update_im_a_53_35m_living_in_la_ive_only_been/,g4p6900,John885362,3,"That is the south! Southern charm is a thing..... As long as you avoid Miami, lol.

I'm a 36M that moved down from NYC years ago to Florida, I love it here. Still love NYC and visit once or twice a year, but not going to move back. 

Tampa is the place for a New Yorker. Friendly people, 300+ days of sunshine, good food, focus on the arts and outdoor activities. Come on down, it's cheap too!

Yeah....you get a little crazy down here, but that's what happens when you have a retired CIA agent from Virginia living on your left, and a retired strip club owner from Las Vegas living on your right...but I love it! No boring neighborhood BBQs here!",https://reddit.com/r/datingoverthirty/comments/ipkn5q/_/g4p6900/,General / Other
ipkn5q,"UPDATE: I'm a 5'3"" 35M living in LA. I've only been trying OLD for a month, but every conversation seems to stop once my height comes into question. Feeling like a perceived 6 in a city full of 10's is tough :/",datingoverthirty,717,https://reddit.com/r/datingoverthirty/comments/ipkn5q/update_im_a_53_35m_living_in_la_ive_only_been/,g4l44xv,[deleted],3,"I'm so glad this trip helped boost your ego! I've never lived in LA, but I've had BEAUTIFUL friends who have who had difficult times dating there. It's a whole different world. You seem like a really awesome, positive person and I'm confident you'll find someone who appreciates all of you, including your height.",https://reddit.com/r/datingoverthirty/comments/ipkn5q/_/g4l44xv/,General / Other
m0wc92,Cautionary Tale: Don’t Let Strangers Know Where You Live,datingoverthirty,706,https://reddit.com/r/datingoverthirty/comments/m0wc92/cautionary_tale_dont_let_strangers_know_where_you/,gqbq8sj,antisocialoctopus,21,"There's been tons of other great advice that I can't even add to. I'll say that all these ""chemistry was off the charts"" people really make me nervous. It seems, even in my dating as a guy experience, that people who are super charismatic just know how to play people to get what they want. If you don't give them what they want, they just move on immediately, leaving you feeling like you did something wrong. Of course not everyone is like that, but a nice slow burn date is the sweet spot, to me.",https://reddit.com/r/datingoverthirty/comments/m0wc92/_/gqbq8sj/,General / Other
m0wc92,Cautionary Tale: Don’t Let Strangers Know Where You Live,datingoverthirty,706,https://reddit.com/r/datingoverthirty/comments/m0wc92/cautionary_tale_dont_let_strangers_know_where_you/,gqegeqy,[deleted],1,"I second the advice about the baseball bats and I had a sweet old lady I used to know (I'm a stylist) tell me to keep wasp spray handy. 
It shoots very, very far away and I guarantee it will stop someone dead in their tracks if you spray it in their face. You can purchase it for cheap and it can give you enough time to swat their knees and get away!
I'm sorry you are going through this. I was in a similar situation once. Try not to blame yourself.",https://reddit.com/r/datingoverthirty/comments/m0wc92/_/gqegeqy/,General / Other
kgwpq2,Exclusivity,datingoverthirty,699,https://reddit.com/r/datingoverthirty/comments/kgwpq2/exclusivity/,ggi7jlw,jesterbuzzo,160,"One reason I sometimes project the ""take it or leave it"" attitude as a guy is because many women are turned off by overenthusiasm. Or at the very least, ""I could take it or leave it"" translates to ""I'm confident enough in my own worth to not be too worried about whether you accept me.""

I should emphasize that I don't enjoy playing these games, and I acknowledge they're far less likely to be successful the older / more mature people get. But I've found I have to modify my behavior if I want to get more dates.",https://reddit.com/r/datingoverthirty/comments/kgwpq2/_/ggi7jlw/,General / Other
kgwpq2,Exclusivity,datingoverthirty,699,https://reddit.com/r/datingoverthirty/comments/kgwpq2/exclusivity/,ggicetb,[deleted],33,"Guy here , I don't get where anyone gets the energy for this . Its like quantity is the name of the game , someone ""better"" is always around the corner . It works for some ...just not sure for how long",https://reddit.com/r/datingoverthirty/comments/kgwpq2/_/ggicetb/,General / Other
kgwpq2,Exclusivity,datingoverthirty,699,https://reddit.com/r/datingoverthirty/comments/kgwpq2/exclusivity/,ggilsyd,rodicus,18,"It makes sense to cast a wide net, but I (M36) couldn't date someone for that long and not be exclusive.  If I've been on several dates with someone and am sleeping with them I wouldn't want them to still be seeing other people.  Someone unwilling to do so would be a red flag, and I'd stop seeing that person.",https://reddit.com/r/datingoverthirty/comments/kgwpq2/_/ggilsyd/,General / Other
kgwpq2,Exclusivity,datingoverthirty,699,https://reddit.com/r/datingoverthirty/comments/kgwpq2/exclusivity/,ggi95n2,YourQueen2Bee,14,"I’m not willing to be exclusive with anyone without a commitment (boyfriend/girlfriend situation), I am not going to play the single but acting like I am in a relationship game and closing myself off to other dating opportunities because that person is insecure about what might happen with the next person. If they don’t want you dating other people or they want you to be exclusive then they would offer up a commitment. 

Now of course, you are not looking for a commitment on date 1 and you are taking the time to get to know one another for awhile because the purpose of dating should be about getting to know one another, having fun and seeing if there is any compatibility beyond friendship but why take yourself off the market and close off other opportunities for someone you are just gettin",https://reddit.com/r/datingoverthirty/comments/kgwpq2/_/ggi95n2/,General / Other
kgwpq2,Exclusivity,datingoverthirty,699,https://reddit.com/r/datingoverthirty/comments/kgwpq2/exclusivity/,ggjbab1,horse_apple,9,"You have a great point speaking on a long term basis.  I agree being single forever would really stink.  I'm most especially nervous because I dont have much family aside from my parents and wont be having any living children so when I'm old I'm on my own unless I find the right person.

But being comfortable with who you are and okay with being single can be transformative on a deep level.  For me it has helped me prioritize my needs and wants for my life both non-romantically and romantically.  I guess for context I should mention I was a chronic girlfriend for years.  I got with my exhusband at 18 and when we divorced after 10 years of marriage (I was then 32) I couldnt stand being single.  I felt like I was useless if I wasnt wanted and put a huge amount of pressure on myself to find s",https://reddit.com/r/datingoverthirty/comments/kgwpq2/_/ggjbab1/,Coping with physical loneliness
t19ohw,I’m not weird. But I just don’t have any real friends. 32M,datingoverthirty,690,https://reddit.com/r/datingoverthirty/comments/t19ohw/im_not_weird_but_i_just_dont_have_any_real/,hyeyajt,cnblure,27,Thanks for the reassurance!,https://reddit.com/r/datingoverthirty/comments/t19ohw/_/hyeyajt/,General / Other
mn3o55,Texting can be a reflection of social compatibility,datingoverthirty,681,https://reddit.com/r/datingoverthirty/comments/mn3o55/texting_can_be_a_reflection_of_social/,gtvlo86,NYCThrowawayNSFW,55,Then tell him that. If he's truly being transparent then it should be fine.,https://reddit.com/r/datingoverthirty/comments/mn3o55/_/gtvlo86/,General / Other
mn3o55,Texting can be a reflection of social compatibility,datingoverthirty,681,https://reddit.com/r/datingoverthirty/comments/mn3o55/texting_can_be_a_reflection_of_social/,gtvmx8p,NYCThrowawayNSFW,29,"&gt;When it's easy, it just works and I don't have to think about it at all.

Bingo, this is exactly it.",https://reddit.com/r/datingoverthirty/comments/mn3o55/_/gtvmx8p/,General / Other
mn3o55,Texting can be a reflection of social compatibility,datingoverthirty,681,https://reddit.com/r/datingoverthirty/comments/mn3o55/texting_can_be_a_reflection_of_social/,gtvqzpx,NYCThrowawayNSFW,24,"This is what I mean in terms of incompatibility. Even if you eventually go on a date, I can guarantee you it won't be a good fit.

When it works, it's just easy, there's no hesitation or back-and-forth nonsense. Neither of you is wondering if the other one is interested. There's none of that, it's just easy and fun.

I've been through what you described (many times), and I would bail. You can try one date if you wish, but I've done that so much that I've learned my lesson now.",https://reddit.com/r/datingoverthirty/comments/mn3o55/_/gtvqzpx/,General / Other
mn3o55,Texting can be a reflection of social compatibility,datingoverthirty,681,https://reddit.com/r/datingoverthirty/comments/mn3o55/texting_can_be_a_reflection_of_social/,gtvyvmt,NYCThrowawayNSFW,19,"Yikes, that's a bad sign for the future, I would bail.",https://reddit.com/r/datingoverthirty/comments/mn3o55/_/gtvyvmt/,General / Other
mn3o55,Texting can be a reflection of social compatibility,datingoverthirty,681,https://reddit.com/r/datingoverthirty/comments/mn3o55/texting_can_be_a_reflection_of_social/,gtvuf87,NYCThrowawayNSFW,15,"I mean, as a guy, that’s a sign of him not knowing what he likes, or losing interest. 

If a guy wants to date someone, he will let them know in a very obvious way.

I wouldn’t hold out hope to be honest..",https://reddit.com/r/datingoverthirty/comments/mn3o55/_/gtvuf87/,General / Other
mn3o55,Texting can be a reflection of social compatibility,datingoverthirty,681,https://reddit.com/r/datingoverthirty/comments/mn3o55/texting_can_be_a_reflection_of_social/,gtvp8jd,NYCThrowawayNSFW,12,"Yes, of course.  My point is just that if the texting is not fun and easy, it’s unlikely that the in-person conversation will be.",https://reddit.com/r/datingoverthirty/comments/mn3o55/_/gtvp8jd/,Learning the mechanics of dating
mn3o55,Texting can be a reflection of social compatibility,datingoverthirty,681,https://reddit.com/r/datingoverthirty/comments/mn3o55/texting_can_be_a_reflection_of_social/,gtvlkd4,NYCThrowawayNSFW,8,"I think it just matters if you're on the same ""texting frequency"", whether that's a lot or a little.",https://reddit.com/r/datingoverthirty/comments/mn3o55/_/gtvlkd4/,Learning the mechanics of dating
mn3o55,Texting can be a reflection of social compatibility,datingoverthirty,681,https://reddit.com/r/datingoverthirty/comments/mn3o55/texting_can_be_a_reflection_of_social/,gtw7nlc,NYCThrowawayNSFW,6,Exactly!,https://reddit.com/r/datingoverthirty/comments/mn3o55/_/gtw7nlc/,General / Other
mn3o55,Texting can be a reflection of social compatibility,datingoverthirty,681,https://reddit.com/r/datingoverthirty/comments/mn3o55/texting_can_be_a_reflection_of_social/,gtvonr9,NYCThrowawayNSFW,6,"Agreed, this only happens with people that are in to you as much as you are in to them.",https://reddit.com/r/datingoverthirty/comments/mn3o55/_/gtvonr9/,General / Other
mn3o55,Texting can be a reflection of social compatibility,datingoverthirty,681,https://reddit.com/r/datingoverthirty/comments/mn3o55/texting_can_be_a_reflection_of_social/,gtw4xmh,NYCThrowawayNSFW,6,"&gt;I no longer entertain guys that just simply don't know basic social etiquette with strangers and don't know how to reciprocate conversation, which has helped save some time.

Yes, this too, don't waste time if you already know the outcome. My point is similar, if the texting rapport is bad, the real-life rapport will usually be bad, and vice-versa.",https://reddit.com/r/datingoverthirty/comments/mn3o55/_/gtw4xmh/,Learning the mechanics of dating
mn3o55,Texting can be a reflection of social compatibility,datingoverthirty,681,https://reddit.com/r/datingoverthirty/comments/mn3o55/texting_can_be_a_reflection_of_social/,gtw0g88,NYCThrowawayNSFW,5,"&gt; it’s not easy to find that person and it is tiring of looking for that right one to show up 

I understand, it depends where you are in your life and what you want. I am looking for a relationship, so I'm not willing to settle for just sex, something casual, etc.",https://reddit.com/r/datingoverthirty/comments/mn3o55/_/gtw0g88/,General / Other
n37jd7,"Is everyone really about to have a ""slutty summer""...?",datingoverthirty,671,https://reddit.com/r/datingoverthirty/comments/n37jd7/is_everyone_really_about_to_have_a_slutty_summer/,gwo89p0,bogusdeathwav,63,lol love that. Sane and Sensible Summer '21,https://reddit.com/r/datingoverthirty/comments/n37jd7/_/gwo89p0/,General / Other
n37jd7,"Is everyone really about to have a ""slutty summer""...?",datingoverthirty,671,https://reddit.com/r/datingoverthirty/comments/n37jd7/is_everyone_really_about_to_have_a_slutty_summer/,gwo8dsc,bogusdeathwav,15,"so interesting, can you link me? Really curious",https://reddit.com/r/datingoverthirty/comments/n37jd7/_/gwo8dsc/,General / Other
d986ia,Everyone is on someone else’s hook,datingoverthirty,667,https://reddit.com/r/datingoverthirty/comments/d986ia/everyone_is_on_someone_elses_hook/,f1fbb0l,[deleted],188,There are a shit ton of Toyota Corollas though.,https://reddit.com/r/datingoverthirty/comments/d986ia/_/f1fbb0l/,General / Other
d986ia,Everyone is on someone else’s hook,datingoverthirty,667,https://reddit.com/r/datingoverthirty/comments/d986ia/everyone_is_on_someone_elses_hook/,f1fi7wi,[deleted],54,*S@llyxSu3 always wondered why she only ever attracted network administrators*,https://reddit.com/r/datingoverthirty/comments/d986ia/_/f1fi7wi/,General / Other
d986ia,Everyone is on someone else’s hook,datingoverthirty,667,https://reddit.com/r/datingoverthirty/comments/d986ia/everyone_is_on_someone_elses_hook/,f1foxrv,[deleted],25,"Honestly it took a lot of work, a lot of self discovery, therapy, there are still things in my past that hurt and I have insecurities, but I’m not stuck on anyone from my past.  Like I am fully capable of loving someone new with just as much passion and presence as any of my ex’s.",https://reddit.com/r/datingoverthirty/comments/d986ia/_/f1foxrv/,General / Other
d986ia,Everyone is on someone else’s hook,datingoverthirty,667,https://reddit.com/r/datingoverthirty/comments/d986ia/everyone_is_on_someone_elses_hook/,f1fd4ag,endlessincoherence,23,"As a male, I feel like my love came from idealism. It's not that I'm on someone else's hook. Just that I can't feel on that idealistic level anymore because of experience.",https://reddit.com/r/datingoverthirty/comments/d986ia/_/f1fd4ag/,General / Other
d986ia,Everyone is on someone else’s hook,datingoverthirty,667,https://reddit.com/r/datingoverthirty/comments/d986ia/everyone_is_on_someone_elses_hook/,f1flfj4,[deleted],15,I fucked confirmation bias. She's lousy in bed too.,https://reddit.com/r/datingoverthirty/comments/d986ia/_/f1flfj4/,General / Other
d986ia,Everyone is on someone else’s hook,datingoverthirty,667,https://reddit.com/r/datingoverthirty/comments/d986ia/everyone_is_on_someone_elses_hook/,f1flvhd,[deleted],13,Its easier to be in fantasy relationship that exists only in your head with X or friend vs the day to day of actually tending to a partner.,https://reddit.com/r/datingoverthirty/comments/d986ia/_/f1flvhd/,General / Other
d986ia,Everyone is on someone else’s hook,datingoverthirty,667,https://reddit.com/r/datingoverthirty/comments/d986ia/everyone_is_on_someone_elses_hook/,f1g1eq7,[deleted],11,"Once again not asking for a blank slate, I still love and care for my ex, but that love has shifted and when I wasn’t ready for a relationship I didn’t go around leading people on. I worked on myself until the weight of my ex was no longer a point of contention in my heart.",https://reddit.com/r/datingoverthirty/comments/d986ia/_/f1g1eq7/,General / Other
d986ia,Everyone is on someone else’s hook,datingoverthirty,667,https://reddit.com/r/datingoverthirty/comments/d986ia/everyone_is_on_someone_elses_hook/,f1fos4g,[deleted],9,"I’m a real person not an idea and that is what frustrates me, the idea of never letting go of a fantasy for the reality.",https://reddit.com/r/datingoverthirty/comments/d986ia/_/f1fos4g/,General / Other
d986ia,Everyone is on someone else’s hook,datingoverthirty,667,https://reddit.com/r/datingoverthirty/comments/d986ia/everyone_is_on_someone_elses_hook/,f1ftdi6,[deleted],8,"I think it also depends on a person's definition of ""hung up""

If a person was in your life for a very long time and/or had a very large impact on it, why is it such a bad thing that, heaven forbid, you would still look back on them fondly or still allow them to be a small part of your heart? You can't just tell someone they should forget about someone that was so important and move on, that's not how human emotions work.\*

\*Now, the caveat: On the other hand, however, I would say ""hung up"" means that you are still so broken up/fixated on that person that it damages your ability to form new and meaningful connections/relationships with other people. That, to me, is still being ""hung up.""

But maybe I'm crazy, I don't know.",https://reddit.com/r/datingoverthirty/comments/d986ia/_/f1ftdi6/,General / Other
d986ia,Everyone is on someone else’s hook,datingoverthirty,667,https://reddit.com/r/datingoverthirty/comments/d986ia/everyone_is_on_someone_elses_hook/,f1g1w59,[deleted],8,L'enfer sont les autres &lt;3,https://reddit.com/r/datingoverthirty/comments/d986ia/_/f1g1w59/,General / Other
d986ia,Everyone is on someone else’s hook,datingoverthirty,667,https://reddit.com/r/datingoverthirty/comments/d986ia/everyone_is_on_someone_elses_hook/,f1fpnw3,[deleted],8,"I still love and care for my ex, he is one of my closest friends, I am not asking for complete emotional attachment. I’m asking for someone to choose to love me as much or more than their ex. The love I have for my ex has shifted with a lot of hard work and personal growth. If the opportunity arose (and it has) I wouldn’t take him back. Our relationship could easily be idealized, he was an amazing boyfriend, but I’ve completely moved on from him. I don’t compare new partners to him. I don’t sit there and wish that new partners were him. I don’t love him romantically.  The person I was interested in literally lead me on for 4 months telling me that he wanted what I wanted only to come out and say that was not actually true, he was hung up on someone else, and that fucking sucks. He’s not wo",https://reddit.com/r/datingoverthirty/comments/d986ia/_/f1fpnw3/,General / Other
d986ia,Everyone is on someone else’s hook,datingoverthirty,667,https://reddit.com/r/datingoverthirty/comments/d986ia/everyone_is_on_someone_elses_hook/,f1fc1pl,[deleted],7,Yeah I as making a joke.  Sorry if that didn't come through the text.,https://reddit.com/r/datingoverthirty/comments/d986ia/_/f1fc1pl/,General / Other
d986ia,Everyone is on someone else’s hook,datingoverthirty,667,https://reddit.com/r/datingoverthirty/comments/d986ia/everyone_is_on_someone_elses_hook/,f1hrm5y,[deleted],7,"My ex and I were together for 15 years.  I still look back on that relationship fondly.  We raised two dogs together.  We were so intertwined in each others lives, friends, families, everything.  I still care about her, think she's a good person, want her to be happy.  People grow apart sometimes and that is okay.  We broke up 3 years ago, but she still crosses my mind pretty much every day.  It's not like I can just erase a decade and a half of memories.  And even if I could, why would I want to?

My new girlfriend is a ""burn all bridges"" type after breakups.

We were at a street festival a few months ago and I mentioned in passing, ""My ex girlfriend used to work at that paint store right there.""  And her reaction was as if I had said ""I'm still in love with my ex girlfriend and hope she ",https://reddit.com/r/datingoverthirty/comments/d986ia/_/f1hrm5y/,Starting over after loss
d986ia,Everyone is on someone else’s hook,datingoverthirty,667,https://reddit.com/r/datingoverthirty/comments/d986ia/everyone_is_on_someone_elses_hook/,f1fvldg,[deleted],6,"Yeah I just wanted to make it clear as some of the other comments kind of seemed to be insinuating the first part was a major issue.

Like with the guy in OP's example. If it was just a matter of casual conversation where a person admits, ""yeah sure, I guess I'm still fond of that person I used to be with a long time ago."" (where if they hadn't asked they would never have been able to tell because the person treated them with all the same love/kindness) it would be one thing, but the password part is what, in my opinion, tips it over from being harmless to possibly weird/hung up.

Also, this is the internet. I never assume everyone is on the same page or thinks along the same lines.",https://reddit.com/r/datingoverthirty/comments/d986ia/_/f1fvldg/,General / Other
d986ia,Everyone is on someone else’s hook,datingoverthirty,667,https://reddit.com/r/datingoverthirty/comments/d986ia/everyone_is_on_someone_elses_hook/,f1fjo4u,[deleted],6,"Eh, I had my last serious ex’s name as a phone password for years. My fingers knew the pattern and I’m shit at passwords. I only changed it because my phone became the Spotify device for my friendship group and other people kept commenting that it was weird. So I changed it to something equally emotionally bizarre, because it was easy to remember. And, I am absolutely still fond of my ex- he’s a good person and I love that our friendship is stable. My current partner doesn’t mind at all, he’s also friends with his ex. But, we both completely choose each other every day.

But to your broad point- definitely possible to have a lack of emotional space for someone. But, also possible to have a range of complex emotions which ebb and flow, and don’t result in being on someone’s hook. This perso",https://reddit.com/r/datingoverthirty/comments/d986ia/_/f1fjo4u/,General / Other
d986ia,Everyone is on someone else’s hook,datingoverthirty,667,https://reddit.com/r/datingoverthirty/comments/d986ia/everyone_is_on_someone_elses_hook/,f1fiicg,[deleted],5,"This is why I fear dating and love in general. I’m just gonna stick it out and wait. I’m still young, in my 20s. 

I fear people settling for me. I’m not accepting that. At all. So I’ll either meet someone along the way or actually try dating later on. This fucking sucks.",https://reddit.com/r/datingoverthirty/comments/d986ia/_/f1fiicg/,General / Other
d986ia,Everyone is on someone else’s hook,datingoverthirty,667,https://reddit.com/r/datingoverthirty/comments/d986ia/everyone_is_on_someone_elses_hook/,f1gajm5,[deleted],4,"You are mentally healthy. An equally mentally healthy partner would be lucky to have you. Hold out for it, and learn to be okay with perhaps not finding it, and filling your life with other things that feed your soul. 

This is what I am focusing on myself. I’m tired of picking up people who don’t do themselves the justice of properly emotionally working through a heartbreak, and then treating me poorly as a result of their failure to self-reflect and do the mental work. I would rather be alone, in all sincerity.",https://reddit.com/r/datingoverthirty/comments/d986ia/_/f1gajm5/,Heartbreak and age
d986ia,Everyone is on someone else’s hook,datingoverthirty,667,https://reddit.com/r/datingoverthirty/comments/d986ia/everyone_is_on_someone_elses_hook/,f1fjfig,[deleted],3,"[""Men often never fully recover — they simply move on.""](https://www.nbcnews.com/better/health/why-men-may-make-take-longer-get-over-their-exes-ncna799791)

While women can typically hit the eject button and find a new partner within a few months, it often takes men years, sometimes decades, to ever really move on.",https://reddit.com/r/datingoverthirty/comments/d986ia/_/f1fjfig/,General / Other
kb6a8o,Why does being chronically single equate being defective or some kind of red flag?,datingoverthirty,657,https://reddit.com/r/datingoverthirty/comments/kb6a8o/why_does_being_chronically_single_equate_being/,gfev0il,OpenMeaning8,56,"Yeah, as a matter of fact I *have* been working towards a Ph.D.and that goal caused me to travel and move, leading up to where I am now.",https://reddit.com/r/datingoverthirty/comments/kb6a8o/_/gfev0il/,General / Other
kb6a8o,Why does being chronically single equate being defective or some kind of red flag?,datingoverthirty,657,https://reddit.com/r/datingoverthirty/comments/kb6a8o/why_does_being_chronically_single_equate_being/,gfex6on,OpenMeaning8,26,"I typically do, and that usually redirects people's assumptions from ""whoa what's wrong with this dude?"" to ""Oh, he's got a lot going on"".",https://reddit.com/r/datingoverthirty/comments/kb6a8o/_/gfex6on/,General / Other
kb6a8o,Why does being chronically single equate being defective or some kind of red flag?,datingoverthirty,657,https://reddit.com/r/datingoverthirty/comments/kb6a8o/why_does_being_chronically_single_equate_being/,gfgajtc,OpenMeaning8,17,I really don't like approaching relationships like approaching a job. I believe that a genuinely good relationship shouldn't feel like a job.,https://reddit.com/r/datingoverthirty/comments/kb6a8o/_/gfgajtc/,Getting over approach anxiety
kb6a8o,Why does being chronically single equate being defective or some kind of red flag?,datingoverthirty,657,https://reddit.com/r/datingoverthirty/comments/kb6a8o/why_does_being_chronically_single_equate_being/,gff0m3m,OpenMeaning8,12,"Yeah, that's how it is honestly. I met some contenders but right as the ship was sailing, so to speak. I guess the problem is that it's *perceived* as a negative no matter how I frame it. No girlfriend = weird?",https://reddit.com/r/datingoverthirty/comments/kb6a8o/_/gff0m3m/,General / Other
kb6a8o,Why does being chronically single equate being defective or some kind of red flag?,datingoverthirty,657,https://reddit.com/r/datingoverthirty/comments/kb6a8o/why_does_being_chronically_single_equate_being/,gfgc14i,OpenMeaning8,11,"But within the ""working toward my degree"" framework I've moved 5 times within 6 years. I lived abroad for a year too. I met great people along the way but did not believe that it was a smart idea to cultivate a relationship when I knew I'd be moving permanently in 2 months.",https://reddit.com/r/datingoverthirty/comments/kb6a8o/_/gfgc14i/,General / Other
kb6a8o,Why does being chronically single equate being defective or some kind of red flag?,datingoverthirty,657,https://reddit.com/r/datingoverthirty/comments/kb6a8o/why_does_being_chronically_single_equate_being/,gfeuh9l,OpenMeaning8,11,"I don't feel like shit about it and never said I present it like it's a tragedy, because it's not a tragedy as far as I see it. In fact I present that information neutrally because I know how to talk about it.",https://reddit.com/r/datingoverthirty/comments/kb6a8o/_/gfeuh9l/,General / Other
kb6a8o,Why does being chronically single equate being defective or some kind of red flag?,datingoverthirty,657,https://reddit.com/r/datingoverthirty/comments/kb6a8o/why_does_being_chronically_single_equate_being/,gfeya7s,OpenMeaning8,11,"I work with people who tell me how they ""can't possibly live"" without their SO. Or serial monogamists who break up and 3 weeks later have another SO -- not a first date, but a whole new relationship. How people do that, I have no clue.",https://reddit.com/r/datingoverthirty/comments/kb6a8o/_/gfeya7s/,Learning the mechanics of dating
kb6a8o,Why does being chronically single equate being defective or some kind of red flag?,datingoverthirty,657,https://reddit.com/r/datingoverthirty/comments/kb6a8o/why_does_being_chronically_single_equate_being/,gfewcfb,OpenMeaning8,6,"I think it's primarily because I live in an area of the US where monogamy is more or less a ""goal"" among people. It's a relatively conservative area where people value relationships, marriage, etc. So I come along and tell people something they've never heard of, so it's confusing maybe?",https://reddit.com/r/datingoverthirty/comments/kb6a8o/_/gfewcfb/,Building self-worth
kb6a8o,Why does being chronically single equate being defective or some kind of red flag?,datingoverthirty,657,https://reddit.com/r/datingoverthirty/comments/kb6a8o/why_does_being_chronically_single_equate_being/,gfgeowk,OpenMeaning8,6,"I don't think it's a big deal at all, actually. Language aside, it's not something I stay up at night worrying about. ""Damning confession"" is a bit extreme, but whatever.",https://reddit.com/r/datingoverthirty/comments/kb6a8o/_/gfgeowk/,General / Other
kb6a8o,Why does being chronically single equate being defective or some kind of red flag?,datingoverthirty,657,https://reddit.com/r/datingoverthirty/comments/kb6a8o/why_does_being_chronically_single_equate_being/,gfgaa7d,OpenMeaning8,5,"Right. The people who find my lack of relationships off-putting is because they're the ones that perceive it that way. The right person wouldn't really even care. Personally, I think what matters most is the person sitting in front of you at the present moment. If you really like the person, then you would want to work with or through the issues if they present themselves.",https://reddit.com/r/datingoverthirty/comments/kb6a8o/_/gfgaa7d/,General / Other
pmzv25,Guy I was dating got engaged to his ex,datingoverthirty,639,https://reddit.com/r/datingoverthirty/comments/pmzv25/guy_i_was_dating_got_engaged_to_his_ex/,hcm2p08,Oopsies12345678,102,"I was fully aware that this was a dangerous recipe as it was happening, but I fooled myself into thinking maybe it could still work out. Partly because it felt good at the time. Lesson learned.",https://reddit.com/r/datingoverthirty/comments/pmzv25/_/hcm2p08/,General / Other
pmzv25,Guy I was dating got engaged to his ex,datingoverthirty,639,https://reddit.com/r/datingoverthirty/comments/pmzv25/guy_i_was_dating_got_engaged_to_his_ex/,hcmnjg4,Oopsies12345678,15,"I don't know. All of his friends knew they were broken up. They're somewhat of very very minor public figures and the common knowledge was that they were broken up. He had stopped following her on social media. I think they legit were ""broken up"" but maybe still talking. He told me, that when she found out about me, she couldn't handle it. And now here we are.",https://reddit.com/r/datingoverthirty/comments/pmzv25/_/hcmnjg4/,Dealing with comparison pain
pmzv25,Guy I was dating got engaged to his ex,datingoverthirty,639,https://reddit.com/r/datingoverthirty/comments/pmzv25/guy_i_was_dating_got_engaged_to_his_ex/,hcnmjty,anonymous_opinions,10,"Honestly from OP's comments the woman knew he had been dating OP and she was livid or upset. So in this case I'm pretty sure the ex girlfriend now engaged wife to be probably just thinks she won him back. She's also likely been exposed to the same mess of a man and accepted a ring on her finger from him based on a short trip together after months of estrangement.

I would personally leave it alone and be glad it ain't me.",https://reddit.com/r/datingoverthirty/comments/pmzv25/_/hcnmjty/,General / Other
pmzv25,Guy I was dating got engaged to his ex,datingoverthirty,639,https://reddit.com/r/datingoverthirty/comments/pmzv25/guy_i_was_dating_got_engaged_to_his_ex/,hclute2,Brilliant_Nothing,10,"As a guy, you are not friends with your ex, except if you are incredibly soft or still dtf. Either they did not really break up or his ex just could not do better and came back. You… should move on.",https://reddit.com/r/datingoverthirty/comments/pmzv25/_/hclute2/,General / Other
pmzv25,Guy I was dating got engaged to his ex,datingoverthirty,639,https://reddit.com/r/datingoverthirty/comments/pmzv25/guy_i_was_dating_got_engaged_to_his_ex/,hcnvhe1,Oopsies12345678,4,"The funny thing is, he told me two of his exes (including her) were crazy. Also a red flag that I called out to him, but decided to gloss over because I was enjoying myself.",https://reddit.com/r/datingoverthirty/comments/pmzv25/_/hcnvhe1/,General / Other
flati2,Update: Dating First: She was so much cuter in person,datingoverthirty,606,https://reddit.com/r/datingoverthirty/comments/flati2/update_dating_first_she_was_so_much_cuter_in/,fkxji3s,[deleted],36,Sounds like she reeeeeeeally likes you. Lol let yourself be open to her. Don't sabotage it with fear. Or go to therapy if you can't manage your emotions.,https://reddit.com/r/datingoverthirty/comments/flati2/_/fkxji3s/,General / Other
flati2,Update: Dating First: She was so much cuter in person,datingoverthirty,606,https://reddit.com/r/datingoverthirty/comments/flati2/update_dating_first_she_was_so_much_cuter_in/,fkxorj9,[deleted],20,"This is so freaking cute. Enjoy it, be yourself and be a good partner and don't worry about the future.",https://reddit.com/r/datingoverthirty/comments/flati2/_/fkxorj9/,General / Other
flati2,Update: Dating First: She was so much cuter in person,datingoverthirty,606,https://reddit.com/r/datingoverthirty/comments/flati2/update_dating_first_she_was_so_much_cuter_in/,fkxrym1,[deleted],6,Love your journey. Keep us updated. ❤️,https://reddit.com/r/datingoverthirty/comments/flati2/_/fkxrym1/,General / Other
flati2,Update: Dating First: She was so much cuter in person,datingoverthirty,606,https://reddit.com/r/datingoverthirty/comments/flati2/update_dating_first_she_was_so_much_cuter_in/,fkz6yo9,[deleted],5,This is such timely advice. We spent so much time on avoiding pain that we forget to be in the moment and make the most of it. Focus on today and tomorrow will take care of itself.,https://reddit.com/r/datingoverthirty/comments/flati2/_/fkz6yo9/,General / Other
flati2,Update: Dating First: She was so much cuter in person,datingoverthirty,606,https://reddit.com/r/datingoverthirty/comments/flati2/update_dating_first_she_was_so_much_cuter_in/,fkxuz15,[deleted],5,Love this.,https://reddit.com/r/datingoverthirty/comments/flati2/_/fkxuz15/,General / Other
flati2,Update: Dating First: She was so much cuter in person,datingoverthirty,606,https://reddit.com/r/datingoverthirty/comments/flati2/update_dating_first_she_was_so_much_cuter_in/,fkydyud,[deleted],5,"Don’t fear getting your heart crush man. Take the risk. It’s worth it.
Don’t move too fast but once you get there, let it all out. It’s the best feeling ever.
Thinks might end, everything ultimately ends, but you’ll be stronger and gained knowledge from the experience.. or you’ll be dead :P
Just look on the bright side of it, work through the hard times and be more optimistic. 
Also, it’s ok to let her know how you’re feeling.
Good luck my dude.",https://reddit.com/r/datingoverthirty/comments/flati2/_/fkydyud/,General / Other
flati2,Update: Dating First: She was so much cuter in person,datingoverthirty,606,https://reddit.com/r/datingoverthirty/comments/flati2/update_dating_first_she_was_so_much_cuter_in/,fkyczlw,[deleted],5,She literally does art. Like she has a degree in art therapy and does cool art collages. I’m really quite smitten.,https://reddit.com/r/datingoverthirty/comments/flati2/_/fkyczlw/,General / Other
flati2,Update: Dating First: She was so much cuter in person,datingoverthirty,606,https://reddit.com/r/datingoverthirty/comments/flati2/update_dating_first_she_was_so_much_cuter_in/,fkyd6g9,[deleted],5,Does she have a single sister? Asking for a me.,https://reddit.com/r/datingoverthirty/comments/flati2/_/fkyd6g9/,General / Other
t3eg2t,Ready for exclusivity but he’s not. Move on or wait it out?,datingoverthirty,601,https://reddit.com/r/datingoverthirty/comments/t3eg2t/ready_for_exclusivity_but_hes_not_move_on_or_wait/,hyrw4d0,karma-chips,386,"A 42yo never married, without kids, dating a woman so much younger than him…dude does not want to commit, he likes the perks of a relationship without the obligations that come with it. He knows he can’t play this game with women his age. Invest time on who is ready to invest time on you.",https://reddit.com/r/datingoverthirty/comments/t3eg2t/_/hyrw4d0/,General / Other
t3eg2t,Ready for exclusivity but he’s not. Move on or wait it out?,datingoverthirty,601,https://reddit.com/r/datingoverthirty/comments/t3eg2t/ready_for_exclusivity_but_hes_not_move_on_or_wait/,hyruakt,DrAuDBall,268,"My thoughts exactly. He even made a comment saying he’s getting older so he doesn’t know what he’s waiting for. It was unsettling and hurt my ego a bit. I have a successful career, I’m funny, and I’m not -too- ugly. You got a pretty good deal, bro. 😂",https://reddit.com/r/datingoverthirty/comments/t3eg2t/_/hyruakt/,General / Other
t3eg2t,Ready for exclusivity but he’s not. Move on or wait it out?,datingoverthirty,601,https://reddit.com/r/datingoverthirty/comments/t3eg2t/ready_for_exclusivity_but_hes_not_move_on_or_wait/,hyrv5jg,DrAuDBall,246,"I really appreciate this. It’s really hard for me to end connections with people, which usually puts me in a tough spot emotionally because I let them string along. I’m really proud of myself for how I handled it. Thank you!",https://reddit.com/r/datingoverthirty/comments/t3eg2t/_/hyrv5jg/,General / Other
t3eg2t,Ready for exclusivity but he’s not. Move on or wait it out?,datingoverthirty,601,https://reddit.com/r/datingoverthirty/comments/t3eg2t/ready_for_exclusivity_but_hes_not_move_on_or_wait/,hyrzvf1,DrAuDBall,127,Yup. Definitely think the “with you” bit was silent. Haha. I don’t take it personally. It’s his loss if he can’t see it. Oh well.,https://reddit.com/r/datingoverthirty/comments/t3eg2t/_/hyrzvf1/,General / Other
t3eg2t,Ready for exclusivity but he’s not. Move on or wait it out?,datingoverthirty,601,https://reddit.com/r/datingoverthirty/comments/t3eg2t/ready_for_exclusivity_but_hes_not_move_on_or_wait/,hyrwlu4,DrAuDBall,93,He told me it was after his last relationship he realized he wanted kids because she was a single mom. They were together for 6 months. Ended middle of last year. He was also ready to wife her up after only 6 months. That alone  makes me think his response was really “I don’t want exclusivity…. with you.”,https://reddit.com/r/datingoverthirty/comments/t3eg2t/_/hyrwlu4/,General / Other
t3eg2t,Ready for exclusivity but he’s not. Move on or wait it out?,datingoverthirty,601,https://reddit.com/r/datingoverthirty/comments/t3eg2t/ready_for_exclusivity_but_hes_not_move_on_or_wait/,hyrutsz,DrAuDBall,83,I think he was hoping to try to keep things status quo by offering friendships (read: FWB). Not gonna happen.,https://reddit.com/r/datingoverthirty/comments/t3eg2t/_/hyrutsz/,General / Other
t3eg2t,Ready for exclusivity but he’s not. Move on or wait it out?,datingoverthirty,601,https://reddit.com/r/datingoverthirty/comments/t3eg2t/ready_for_exclusivity_but_hes_not_move_on_or_wait/,hyrxfoj,DrAuDBall,50,Thanks. I’m really proud of myself. :),https://reddit.com/r/datingoverthirty/comments/t3eg2t/_/hyrxfoj/,General / Other
t3eg2t,Ready for exclusivity but he’s not. Move on or wait it out?,datingoverthirty,601,https://reddit.com/r/datingoverthirty/comments/t3eg2t/ready_for_exclusivity_but_hes_not_move_on_or_wait/,hyrxwbq,DrAuDBall,37,"He said she ended it because her life was chaotic and she couldn’t devote enough time to the relationship. I think it’s odd, too. He def has friends with kids that he’s mentioned.",https://reddit.com/r/datingoverthirty/comments/t3eg2t/_/hyrxwbq/,General / Other
t3eg2t,Ready for exclusivity but he’s not. Move on or wait it out?,datingoverthirty,601,https://reddit.com/r/datingoverthirty/comments/t3eg2t/ready_for_exclusivity_but_hes_not_move_on_or_wait/,hysi744,DrAuDBall,35,Right? It’s kind of a slap in the face thinking back on it. Lol.,https://reddit.com/r/datingoverthirty/comments/t3eg2t/_/hysi744/,General / Other
t3eg2t,Ready for exclusivity but he’s not. Move on or wait it out?,datingoverthirty,601,https://reddit.com/r/datingoverthirty/comments/t3eg2t/ready_for_exclusivity_but_hes_not_move_on_or_wait/,hyrvxek,DrAuDBall,24,"Yup! His loss. I used to put up with this kinda indifference a lot, but I’m really proud of myself for choosing the hard but best route with this one.",https://reddit.com/r/datingoverthirty/comments/t3eg2t/_/hyrvxek/,General / Other
t3eg2t,Ready for exclusivity but he’s not. Move on or wait it out?,datingoverthirty,601,https://reddit.com/r/datingoverthirty/comments/t3eg2t/ready_for_exclusivity_but_hes_not_move_on_or_wait/,hytalas,DrAuDBall,16,He did say he had some conversations with other women but had not seen anyone in person. Didn’t strike me as someone who would lie about but who knows!,https://reddit.com/r/datingoverthirty/comments/t3eg2t/_/hytalas/,General / Other
t3eg2t,Ready for exclusivity but he’s not. Move on or wait it out?,datingoverthirty,601,https://reddit.com/r/datingoverthirty/comments/t3eg2t/ready_for_exclusivity_but_hes_not_move_on_or_wait/,hyrxjxj,DrAuDBall,15,Said he cried because he was starting to have feelings for me too. I’m thinking it’s because I didn’t leave the door open for FWB by remaining friends lol,https://reddit.com/r/datingoverthirty/comments/t3eg2t/_/hyrxjxj/,General / Other
t3eg2t,Ready for exclusivity but he’s not. Move on or wait it out?,datingoverthirty,601,https://reddit.com/r/datingoverthirty/comments/t3eg2t/ready_for_exclusivity_but_hes_not_move_on_or_wait/,hyrugju,DrAuDBall,14,Thanks for the feedback! This is helpful.,https://reddit.com/r/datingoverthirty/comments/t3eg2t/_/hyrugju/,General / Other
t3eg2t,Ready for exclusivity but he’s not. Move on or wait it out?,datingoverthirty,601,https://reddit.com/r/datingoverthirty/comments/t3eg2t/ready_for_exclusivity_but_hes_not_move_on_or_wait/,hys868r,Dismal_Celery_325,13,"I just spent a year with someone who was lukewarm with me after being best friends for 4.5 years. He agreed to exclusivity early on, but couldn't call me his girlfriend until 11 months in. I ended it because he basically disappeared after telling me he wanted to really give us a go (13 months in and hadn't even gone on one date... my own fault for staying). 

Anyway, moral of the story is that you made the right decision.",https://reddit.com/r/datingoverthirty/comments/t3eg2t/_/hys868r/,General / Other
yzcnw8,"Update to ""I just can't get past the first/second date stage"" - Wanted to say thanks!",datingoverthirty,595,https://reddit.com/r/datingoverthirty/comments/yzcnw8/update_to_i_just_cant_get_past_the_firstsecond/,iwzsffh,The_Infinite_Azure,55,Yeah also the idea that it's perfectly okay to express yourself honestly at the cost of some people just not liking you and who you are is something I'm coming to terms with now.,https://reddit.com/r/datingoverthirty/comments/yzcnw8/_/iwzsffh/,General / Other
yzcnw8,"Update to ""I just can't get past the first/second date stage"" - Wanted to say thanks!",datingoverthirty,595,https://reddit.com/r/datingoverthirty/comments/yzcnw8/update_to_i_just_cant_get_past_the_firstsecond/,ix02y28,The_Infinite_Azure,28,"Thank you, I've been thinking about that too and I already stopped seeing other people even without any thoughts of having an exclusivity talk. I just don't see much of a reason to give a bunch of other women a shot now when, even if they end up being interesting, they would probably just enter my life as second choices. I'd rather engage other women when I can give them my full attention.",https://reddit.com/r/datingoverthirty/comments/yzcnw8/_/ix02y28/,General / Other
yzcnw8,"Update to ""I just can't get past the first/second date stage"" - Wanted to say thanks!",datingoverthirty,595,https://reddit.com/r/datingoverthirty/comments/yzcnw8/update_to_i_just_cant_get_past_the_firstsecond/,ix0g78g,The_Infinite_Azure,12,"Well Mark Manson had a list of potential signs that a woman is interested in and attracted to you which included stuff like

* prolonged, unbroken eye-contact
* excessive smiling
* leaning into you instead of away from you on touch
* asking to be alone with you
* paying attention to you over other people around you, like friends

For me, especially when it comes to texting on apps I also looked for signs like her responding in a timely manner, showing an interest in who you are and what you have to say, writing more than the bare minimum etc.

Acting on that I'm understanding as initiating whatever step is going to bring you to the next ""level"" and then gouging the reaction. If you're still texting it would be asking them out on a date. If you're already on a date it would be initiating li",https://reddit.com/r/datingoverthirty/comments/yzcnw8/_/ix0g78g/,Getting over approach anxiety
yzcnw8,"Update to ""I just can't get past the first/second date stage"" - Wanted to say thanks!",datingoverthirty,595,https://reddit.com/r/datingoverthirty/comments/yzcnw8/update_to_i_just_cant_get_past_the_firstsecond/,ix1fx86,The_Infinite_Azure,10,Why did you get the idea that I'm looking for exclusivity after four dates? I would not hold it against her if she's still seeing other people (I legitimately don't know if she does). I just decided for myself I don't want to spend the energy on orchestrating more dates with other people myself.,https://reddit.com/r/datingoverthirty/comments/yzcnw8/_/ix1fx86/,General / Other
yzcnw8,"Update to ""I just can't get past the first/second date stage"" - Wanted to say thanks!",datingoverthirty,595,https://reddit.com/r/datingoverthirty/comments/yzcnw8/update_to_i_just_cant_get_past_the_firstsecond/,iwzr7iw,The_Infinite_Azure,5,"I was wondering if this is more an American idea, since this board is predominantly American. But yeah even on okay-ish dates I feel like I would've insulted the other person if I only stayed an hour.",https://reddit.com/r/datingoverthirty/comments/yzcnw8/_/iwzr7iw/,General / Other
yzcnw8,"Update to ""I just can't get past the first/second date stage"" - Wanted to say thanks!",datingoverthirty,595,https://reddit.com/r/datingoverthirty/comments/yzcnw8/update_to_i_just_cant_get_past_the_firstsecond/,ix1gjzc,The_Infinite_Azure,5,I will heed the warning but I fully admit the balance between investing too much and too little is very hard to find.,https://reddit.com/r/datingoverthirty/comments/yzcnw8/_/ix1gjzc/,Fear of intimacy after abstinence
yzcnw8,"Update to ""I just can't get past the first/second date stage"" - Wanted to say thanks!",datingoverthirty,595,https://reddit.com/r/datingoverthirty/comments/yzcnw8/update_to_i_just_cant_get_past_the_firstsecond/,ix0gda4,The_Infinite_Azure,4,"Oh yeah, I'm sure I'll be back before long",https://reddit.com/r/datingoverthirty/comments/yzcnw8/_/ix0gda4/,General / Other
yzcnw8,"Update to ""I just can't get past the first/second date stage"" - Wanted to say thanks!",datingoverthirty,595,https://reddit.com/r/datingoverthirty/comments/yzcnw8/update_to_i_just_cant_get_past_the_firstsecond/,iwzwibj,The_Infinite_Azure,3,"Not full on making out, no french kissing or whatever. But more than what I'd call ""a couple pecks""? I'm not sure about the correct wording here.

On date 3 we went for dinner and then took a looong walk. It was around where I live and we were kinda supposed to get back to my place after but it went on for so long that she said she's really tired and wanted to take the train back home.",https://reddit.com/r/datingoverthirty/comments/yzcnw8/_/iwzwibj/,General / Other
yzcnw8,"Update to ""I just can't get past the first/second date stage"" - Wanted to say thanks!",datingoverthirty,595,https://reddit.com/r/datingoverthirty/comments/yzcnw8/update_to_i_just_cant_get_past_the_firstsecond/,iwzxixe,The_Infinite_Azure,3,Less than on the third and mainly when we said goodbye which made me think uh-oh it's not going well.,https://reddit.com/r/datingoverthirty/comments/yzcnw8/_/iwzxixe/,General / Other
mmwep6,Is it okay if I (29M) start accepting a woman's offer to split the tab on a first date?,datingoverthirty,562,https://reddit.com/r/datingoverthirty/comments/mmwep6/is_it_okay_if_i_29m_start_accepting_a_womans/,gtulm77,scheffc,16,"I (32M) almost always split the bill on dates. I want to date people who are financially independent and I think the notion of the man paying for the date is horribly outdated. Plus, then there's no ""expectations"" either way. If it's someone I'm seeing regularly, then it's nice to trade off instead of always splitting.",https://reddit.com/r/datingoverthirty/comments/mmwep6/_/gtulm77/,General / Other
mmwep6,Is it okay if I (29M) start accepting a woman's offer to split the tab on a first date?,datingoverthirty,562,https://reddit.com/r/datingoverthirty/comments/mmwep6/is_it_okay_if_i_29m_start_accepting_a_womans/,gtvayts,lizardbrain0_0,14,"Yea this is a weird post. Why doesn’t he just stick to drinks or take turns paying? He doesn’t have to pay for it all if he doesn’t want to, and doesn’t have to keep dating women who expect him to.",https://reddit.com/r/datingoverthirty/comments/mmwep6/_/gtvayts/,General / Other
o721sb,"Well, no guts no glory, I asked out my (M39) mechanic (F35?)",datingoverthirty,546,https://reddit.com/r/datingoverthirty/comments/o721sb/well_no_guts_no_glory_i_asked_out_my_m39_mechanic/,h2wnjg5,WeedInTheKoolaid,588,"She texted me back, she's in a relationship.

She was flattered by my offer, which makes my day.  At least I know my approach seems to be OK and I can reasonably make a pass at an absolute bombshell of a woman.

Moving on.  Maybe it's time for OLD.  Just seems like I'll be a fish out of water if I go that route, but maybe it's time to expand my horizons.",https://reddit.com/r/datingoverthirty/comments/o721sb/_/h2wnjg5/,Getting over approach anxiety
o721sb,"Well, no guts no glory, I asked out my (M39) mechanic (F35?)",datingoverthirty,546,https://reddit.com/r/datingoverthirty/comments/o721sb/well_no_guts_no_glory_i_asked_out_my_m39_mechanic/,h2wpq1w,WeedInTheKoolaid,115,Her hands were filthy.  Didn't bother me in the least.,https://reddit.com/r/datingoverthirty/comments/o721sb/_/h2wpq1w/,General / Other
o721sb,"Well, no guts no glory, I asked out my (M39) mechanic (F35?)",datingoverthirty,546,https://reddit.com/r/datingoverthirty/comments/o721sb/well_no_guts_no_glory_i_asked_out_my_m39_mechanic/,h2wdtpk,WeedInTheKoolaid,17,"Haha you bet.  Although I wouldn't be sabotaging my brakes.  ""Tee hee, I must've run out of washer fluid again, can you take a look at that please?""

You gave me a good laugh, thanks for this.",https://reddit.com/r/datingoverthirty/comments/o721sb/_/h2wdtpk/,General / Other
o721sb,"Well, no guts no glory, I asked out my (M39) mechanic (F35?)",datingoverthirty,546,https://reddit.com/r/datingoverthirty/comments/o721sb/well_no_guts_no_glory_i_asked_out_my_m39_mechanic/,h2xnaic,[deleted],15,"""I'm a dude, he's a dude, she's a dude, we're all dudes, HEY!""",https://reddit.com/r/datingoverthirty/comments/o721sb/_/h2xnaic/,General / Other
o721sb,"Well, no guts no glory, I asked out my (M39) mechanic (F35?)",datingoverthirty,546,https://reddit.com/r/datingoverthirty/comments/o721sb/well_no_guts_no_glory_i_asked_out_my_m39_mechanic/,h2woe1q,WeedInTheKoolaid,14,"Thanks.  She did, and is in a relationship.  Oh well!",https://reddit.com/r/datingoverthirty/comments/o721sb/_/h2woe1q/,General / Other
o721sb,"Well, no guts no glory, I asked out my (M39) mechanic (F35?)",datingoverthirty,546,https://reddit.com/r/datingoverthirty/comments/o721sb/well_no_guts_no_glory_i_asked_out_my_m39_mechanic/,h2xu231,WeedInTheKoolaid,6,"Hinge eh? Would you consider that one of the not-so-trashy dating apps?

Trying to avoid hookup culture.  Yuck.",https://reddit.com/r/datingoverthirty/comments/o721sb/_/h2xu231/,Finding where to meet women
o721sb,"Well, no guts no glory, I asked out my (M39) mechanic (F35?)",datingoverthirty,546,https://reddit.com/r/datingoverthirty/comments/o721sb/well_no_guts_no_glory_i_asked_out_my_m39_mechanic/,h2wcfo5,WeedInTheKoolaid,6,"Ya I know eh, LOL.  Got premium brakes.  Now on third set of pads and rotors in the back, last set were free.",https://reddit.com/r/datingoverthirty/comments/o721sb/_/h2wcfo5/,General / Other
o721sb,"Well, no guts no glory, I asked out my (M39) mechanic (F35?)",datingoverthirty,546,https://reddit.com/r/datingoverthirty/comments/o721sb/well_no_guts_no_glory_i_asked_out_my_m39_mechanic/,h2wq6rb,WeedInTheKoolaid,6,"Thanks for the feedback.  I think you're bang-on in terms of her personality.  Small clarification:  I was in limbo waiting her to text me to see if she was interested or not.  After she did so she made it clear she wasn't interested, and I've moved on.",https://reddit.com/r/datingoverthirty/comments/o721sb/_/h2wq6rb/,General / Other
o721sb,"Well, no guts no glory, I asked out my (M39) mechanic (F35?)",datingoverthirty,546,https://reddit.com/r/datingoverthirty/comments/o721sb/well_no_guts_no_glory_i_asked_out_my_m39_mechanic/,h2ycioz,WeedInTheKoolaid,3,"I definitely prefer women with no makeup.  I'm talking plain-jane looking women.  If I find an attractive physical trait in a woman who doesn't wear makeup or dress in overly revealing clothes, I find it very attractive because it says something about their personality/ non-physical traits too.  They respect their bodies and don't use it to get attention, even though they know they could.  

Dressed up like a bar star? No thanks.

Look good in jeans and t-shirt while trimming cedar hedges?  Herro

We guys are a funny bunch",https://reddit.com/r/datingoverthirty/comments/o721sb/_/h2ycioz/,General / Other
o721sb,"Well, no guts no glory, I asked out my (M39) mechanic (F35?)",datingoverthirty,546,https://reddit.com/r/datingoverthirty/comments/o721sb/well_no_guts_no_glory_i_asked_out_my_m39_mechanic/,h2yfj3e,WeedInTheKoolaid,3,"tickety-boo = rawr, as a loose definition ;)",https://reddit.com/r/datingoverthirty/comments/o721sb/_/h2yfj3e/,General / Other
o721sb,"Well, no guts no glory, I asked out my (M39) mechanic (F35?)",datingoverthirty,546,https://reddit.com/r/datingoverthirty/comments/o721sb/well_no_guts_no_glory_i_asked_out_my_m39_mechanic/,h2yk2bu,WeedInTheKoolaid,3,"This is EXACTLY what we would do pre-OLD.  Both women and men.  ok maybe not the hitting on people at work part, that was a definite stretch for me and I wouldn't do it again.    

A simple tool women can use if they want to attract a man is eye contact.   A few glances and smiles works wonders, I know I would (at first) get excited to see a woman attracted to me, but also I'd be a lot more at ease because I know we are \_both\_ in a safe zone and I can talk to her.   Like we used to.",https://reddit.com/r/datingoverthirty/comments/o721sb/_/h2yk2bu/,General / Other
1li3nfp,How did you meet your partner in your 30’s ?,datingoverthirty,515,https://reddit.com/r/datingoverthirty/comments/1li3nfp/how_did_you_meet_your_partner_in_your_30s/,mz9eigx,hallowleg088,110,"I broke up with my girlfriend about 3 weeks before the Covid lockdown. While on lockdown I didn’t really care I was fine being single, working out and fishing everyday. About 3 months in my friend told me he saw a new dating site on the news, it was focused around people who have dogs or want to meet people with dogs. I told him it was an absolute dumb idea. I downloaded the app anyway, started chatting with a couple people but decided to meet one of them in early July 2020. Now the app said they were within a mile from me so I thought they were in the neighborhood next to me. We planned to cook dinner together and have our dogs play around but when the day came to meet up her address showed to be an hour away. I honestly thought saying “Sorry, the app lied and you’re over an hour away. Le",https://reddit.com/r/datingoverthirty/comments/1li3nfp/_/mz9eigx/,Starting over after loss
1li3nfp,How did you meet your partner in your 30’s ?,datingoverthirty,515,https://reddit.com/r/datingoverthirty/comments/1li3nfp/how_did_you_meet_your_partner_in_your_30s/,mz9wkfz,Plastic-Couple1811,44,"There is a social problem in the world. People want companionship but can't seem to get it but somehow it's phrased as a male loneliness issue. 


It is what it is I guess.


 Goodluck friend",https://reddit.com/r/datingoverthirty/comments/1li3nfp/_/mz9wkfz/,General / Other
1li3nfp,How did you meet your partner in your 30’s ?,datingoverthirty,515,https://reddit.com/r/datingoverthirty/comments/1li3nfp/how_did_you_meet_your_partner_in_your_30s/,mz988d1,NewHope13,18,I gotta join pickleball groups! I like it and have been slacking. Hopefully I can meet some of those cute girls you speak of! (39M here),https://reddit.com/r/datingoverthirty/comments/1li3nfp/_/mz988d1/,General / Other
1li3nfp,How did you meet your partner in your 30’s ?,datingoverthirty,515,https://reddit.com/r/datingoverthirty/comments/1li3nfp/how_did_you_meet_your_partner_in_your_30s/,mz9j66z,jordan20x1,9,32M - been on dating apps heavy and nothing. From my low population in the southwest to the bustling population of the DMV. I haven’t met anyone that has turned into a relationship much less sex.,https://reddit.com/r/datingoverthirty/comments/1li3nfp/_/mz9j66z/,Finding where to meet women
b7xi0n,One less guy on OLD,datingoverthirty,509,https://reddit.com/r/datingoverthirty/comments/b7xi0n/one_less_guy_on_old/,ejv7ydt,Honkaphone,11,"I'd love to move to a bigger city! Or at least near a decent sized city. I didn't ever have more than 3-5 matches before I ran out of profiles, so something like 40 per month sounds insane! Maybe after things get better, that'll be something to look forward to.",https://reddit.com/r/datingoverthirty/comments/b7xi0n/_/ejv7ydt/,General / Other
b7xi0n,One less guy on OLD,datingoverthirty,509,https://reddit.com/r/datingoverthirty/comments/b7xi0n/one_less_guy_on_old/,ejv8nly,Honkaphone,3,"That's something I definitely need to work on. I'm only assuming that I make them feel uncomfortable based on what I've read here as a second perspective. It's never been anything horrifying like lewd messages or raging against them, but more of not taking hints like when they drop contact and I keep trying to revive a conversation. Mainly it's just me getting attached way too much, too early on, coning off as desperate that I feel makes them uncomfortable.",https://reddit.com/r/datingoverthirty/comments/b7xi0n/_/ejv8nly/,Coping with physical loneliness
b7xi0n,One less guy on OLD,datingoverthirty,509,https://reddit.com/r/datingoverthirty/comments/b7xi0n/one_less_guy_on_old/,ejv7pwc,Honkaphone,3,"I agree. It's taken a long time to step back and ask myself ""would I even be content dating myself?"" Meeting women is going to definitely be on hold for a bit.",https://reddit.com/r/datingoverthirty/comments/b7xi0n/_/ejv7pwc/,General / Other
b7xi0n,One less guy on OLD,datingoverthirty,509,https://reddit.com/r/datingoverthirty/comments/b7xi0n/one_less_guy_on_old/,ejvkddi,[deleted],2,"I'm 39M and I went through the need self confidence phase in my early 30's after being over confident in my 20's. The fact that you are introspective and  self aware puts you ahead of a lot of men in American society. I wish you nothing but good fortune going forward. Enjoy each day, my friend. Life is short",https://reddit.com/r/datingoverthirty/comments/b7xi0n/_/ejvkddi/,Building self-worth
16noykz,Is anyone else dating with the intention of never getting married?,datingoverthirty,501,https://reddit.com/r/datingoverthirty/comments/16noykz/is_anyone_else_dating_with_the_intention_of_never/,k1g5jkp,BigOlTeddy,13,"Wow, no that’s not what I mean at all. I’m more than happy paying for things and providing to some extent for someone. What I’m not looking for is them taking half of my hard earned retirement and kids college savings when they decide they’re done with me. Obviously that’s me projecting my baggage, but why would I make the gamble that whoever I’m choosing to marry is going to feel the exact same way 10-20 years down the road? People change.",https://reddit.com/r/datingoverthirty/comments/16noykz/_/k1g5jkp/,General / Other
16noykz,Is anyone else dating with the intention of never getting married?,datingoverthirty,501,https://reddit.com/r/datingoverthirty/comments/16noykz/is_anyone_else_dating_with_the_intention_of_never/,k1he6bt,kargonekarGONE,8,"I understand! I’m too old for the boyfriend and girlfriend title, too, but I haven’t find the right term for what this encompasses: companion, committed partner, special person? I don’t know! I imagine said partner and I would define ourselves together, whatever that may be. 

That’s a great question! I could potentially see a commitment ceremony and potential use of the husband/wife terminology. But yes, I do not want/need the government’s blessing and would like to avoid commingling finances as I’m secure enough and have plans set aside for my kiddos’ future(retirement planning, 529s, savings, insurance etc). I admittedly do not have all the details ironed out - the first step is to find a guy on the same page as I! Ha!",https://reddit.com/r/datingoverthirty/comments/16noykz/_/k1he6bt/,Processing the shame of being late
16noykz,Is anyone else dating with the intention of never getting married?,datingoverthirty,501,https://reddit.com/r/datingoverthirty/comments/16noykz/is_anyone_else_dating_with_the_intention_of_never/,k1fqbyb,[deleted],8,"My ex-wife killed my illusion of marriage with her infidelity after near 20 years, so yeah.",https://reddit.com/r/datingoverthirty/comments/16noykz/_/k1fqbyb/,Starting over after loss
16noykz,Is anyone else dating with the intention of never getting married?,datingoverthirty,501,https://reddit.com/r/datingoverthirty/comments/16noykz/is_anyone_else_dating_with_the_intention_of_never/,k1gak8e,BigOlTeddy,7,Your unicorn is out there! Probably hanging out wherever mine is.,https://reddit.com/r/datingoverthirty/comments/16noykz/_/k1gak8e/,General / Other
16noykz,Is anyone else dating with the intention of never getting married?,datingoverthirty,501,https://reddit.com/r/datingoverthirty/comments/16noykz/is_anyone_else_dating_with_the_intention_of_never/,k1fsho7,BigOlTeddy,7,"I’m curious about why you would prefer to be financially entangled because you make good money? When I got married we were dirt poor so it was good idea to combine finances. Never once thought about a prenup or what would happen if it went south.

But at this stage of life I’ve found success, make great money, lots of savings, no debt, retirement figured out, kids college squared away, etc. There is absolutely no way I want my money tangled up with someone again. I want them to have their own money and their own success. But yes, if I did happen to get married again, it absolutely would be with a prenup.

EDIT: Since you’re an attorney, I’m curious about your thoughts on this divorce attorney’s idea of marriage. It’s a long watch but perfectly sums up what I’ve been thinking:

https://yout",https://reddit.com/r/datingoverthirty/comments/16noykz/_/k1fsho7/,Starting over after loss
16noykz,Is anyone else dating with the intention of never getting married?,datingoverthirty,501,https://reddit.com/r/datingoverthirty/comments/16noykz/is_anyone_else_dating_with_the_intention_of_never/,k1g55al,BigOlTeddy,6,"Based on my limited time back on the dating market, I would say it’s definitely not that common at this age range. Many people our age are still looking for their first marriage and kids.",https://reddit.com/r/datingoverthirty/comments/16noykz/_/k1g55al/,General / Other
16noykz,Is anyone else dating with the intention of never getting married?,datingoverthirty,501,https://reddit.com/r/datingoverthirty/comments/16noykz/is_anyone_else_dating_with_the_intention_of_never/,k1ha3e4,BigOlTeddy,6,"In general, I agree with what he says about marriage and relationships, although the weird comments he made about feminists suddenly not being feminists when they had to pay alimony were pretty misogynistic and weird.",https://reddit.com/r/datingoverthirty/comments/16noykz/_/k1ha3e4/,General / Other
pzztm0,( 35+ men and women ) How do you avoid not feeling like you've been cheated in life??,datingoverthirty,473,https://reddit.com/r/datingoverthirty/comments/pzztm0/35_men_and_women_how_do_you_avoid_not_feeling/,hf4zfiu,Outrageous-Fun7236,28,"I feel the same at times. Thankfully once it's out of my system I can focus on the good things in life like health, good friends, fun hobbies, etc. It's like the flu.... I ride it out for 48 hours until I feel better.

But yeah the rise in the swipe culture has made dating tough. It just is what it is... I don't say that out of needing sympathy or anything. But it be awesome to just run into someone while running or having drinks with friends and just hit it off.",https://reddit.com/r/datingoverthirty/comments/pzztm0/_/hf4zfiu/,Dating app fatigue
pzztm0,( 35+ men and women ) How do you avoid not feeling like you've been cheated in life??,datingoverthirty,473,https://reddit.com/r/datingoverthirty/comments/pzztm0/35_men_and_women_how_do_you_avoid_not_feeling/,hf4p7he,TheloniousMonk85,8,Bruh. 36 male here making good money and enjoying my life. Trip to Jamaica booked for Janaury. I do not feel cheated at all. I'm doing just fine being single.,https://reddit.com/r/datingoverthirty/comments/pzztm0/_/hf4p7he/,General / Other
nk6bk4,What does emotional availability look like?,datingoverthirty,462,https://reddit.com/r/datingoverthirty/comments/nk6bk4/what_does_emotional_availability_look_like/,gzbdvrk,Hodorious,73,"The oversharing part makes a great deal more sense in that lense. The most recent person this happened with said ""I'm sure you're going to kick me out for this but "" and they weren't huge deals. She had very low self esteem even though she's stunning too. I can see the looking for validation in a lot of the ones that came to the table with a lot of passion. 

Undersharing makes it harder to connect with someone and I'm generally less interested when someone keeps a lot of their cards close to hand. It's difficult to find a healthy medium!",https://reddit.com/r/datingoverthirty/comments/nk6bk4/_/gzbdvrk/,Coping with physical loneliness
nk6bk4,What does emotional availability look like?,datingoverthirty,462,https://reddit.com/r/datingoverthirty/comments/nk6bk4/what_does_emotional_availability_look_like/,gzbflmt,Hodorious,54,"I've noticed that a lot of men really don't open up to other men(such as their friends) about personal issues and tend to dump it a lot on women and treat them as therapists. I'm sorry that you've been an emotional landfill. 

&amp;#x200B;

I'm so happy that you found someone that things worked out naturally with!",https://reddit.com/r/datingoverthirty/comments/nk6bk4/_/gzbflmt/,General / Other
nk6bk4,What does emotional availability look like?,datingoverthirty,462,https://reddit.com/r/datingoverthirty/comments/nk6bk4/what_does_emotional_availability_look_like/,gzbem65,Hodorious,39,"That is very true. It's very jarring when someone confides a whole lot in you very early. I recently asked someone ""do you normally tell people about these things?"" Which they responded ""no, haha not at all I just feel safe with you"". Then they.. poof! You're right though, it's not a normal process. It's oddly something that has happened a LOT lately.",https://reddit.com/r/datingoverthirty/comments/nk6bk4/_/gzbem65/,General / Other
nk6bk4,What does emotional availability look like?,datingoverthirty,462,https://reddit.com/r/datingoverthirty/comments/nk6bk4/what_does_emotional_availability_look_like/,gzbe7tx,Hodorious,18,"You're a fellow dating therapist? I understand what you went through. I've had at least three people start crying tears in the middle of a first date because of their traumas. Weird. It's kind of refreshing when you meet someone who is honest about themselves, but, those seem to be the ones fading off lately.",https://reddit.com/r/datingoverthirty/comments/nk6bk4/_/gzbe7tx/,Learning the mechanics of dating
nk6bk4,What does emotional availability look like?,datingoverthirty,462,https://reddit.com/r/datingoverthirty/comments/nk6bk4/what_does_emotional_availability_look_like/,gzbsffk,Hodorious,16,I will say that boundaries are something I've struggled a lot with myself. Thank you for your thoughts on this!,https://reddit.com/r/datingoverthirty/comments/nk6bk4/_/gzbsffk/,General / Other
nk6bk4,What does emotional availability look like?,datingoverthirty,462,https://reddit.com/r/datingoverthirty/comments/nk6bk4/what_does_emotional_availability_look_like/,gzc9wq2,mccohen5,12,"This is beautifully said, and as someone (31M) who's still struggling himself to find what he's looking for, this hit real home for me. I would generally agree with you, and the one area I'd use different language is the focus on the first date. While you can't tell all these pieces until later on, you CAN tell if someone seeks intimacy. If someone seeks intimacy and closeness through what they say, share, and ask, you know that's the person you want, and the rest will unfold in time.

Thank you so much for sharing your thoughts",https://reddit.com/r/datingoverthirty/comments/nk6bk4/_/gzc9wq2/,Learning the mechanics of dating
nk6bk4,What does emotional availability look like?,datingoverthirty,462,https://reddit.com/r/datingoverthirty/comments/nk6bk4/what_does_emotional_availability_look_like/,gzbfsdu,Hodorious,12,"There's not a really concise way to describe it, but, basically if I feel like I met with someone for an hour or so and I know really nothing personal about them at all.",https://reddit.com/r/datingoverthirty/comments/nk6bk4/_/gzbfsdu/,General / Other
nk6bk4,What does emotional availability look like?,datingoverthirty,462,https://reddit.com/r/datingoverthirty/comments/nk6bk4/what_does_emotional_availability_look_like/,gzcn62s,Hodorious,12,That is an amazingly accurate insight. A lot of people have been through a lot cooped up in the pandemic and done a number on mental health.,https://reddit.com/r/datingoverthirty/comments/nk6bk4/_/gzcn62s/,General / Other
nk6bk4,What does emotional availability look like?,datingoverthirty,462,https://reddit.com/r/datingoverthirty/comments/nk6bk4/what_does_emotional_availability_look_like/,gzcofan,Hodorious,12,"It's kind of like a barometer test. If someone starts spewing about an ex within the first 10 minutes or so, clearly their ex is one of the biggest things on their mind. I get you on that. I've actually interrupted some dates to say ""Is it ok with you if we don't talk about your ex?"" to no avail ;\_;",https://reddit.com/r/datingoverthirty/comments/nk6bk4/_/gzcofan/,General / Other
nk6bk4,What does emotional availability look like?,datingoverthirty,462,https://reddit.com/r/datingoverthirty/comments/nk6bk4/what_does_emotional_availability_look_like/,gzbedc9,Hodorious,12,"Red flag hunting! Yes it's kind of the ""oh, so, this is why you're single.."" experience you get meeting some people. It is exhausting but there's a lot of good experiences along the way, or friends that you can make if things don't work out well! Thank you! You too!",https://reddit.com/r/datingoverthirty/comments/nk6bk4/_/gzbedc9/,General / Other
nk6bk4,What does emotional availability look like?,datingoverthirty,462,https://reddit.com/r/datingoverthirty/comments/nk6bk4/what_does_emotional_availability_look_like/,gzbsmkd,Hodorious,12,"Hahahah I would love to start a support circle on this. Thank you for your pointers. Numbers 2 and 3 are something that come up a lot. Number 3 especially. I've met a good number of dates who talk at length about their ex, even if I try to steer the conversation away from it.",https://reddit.com/r/datingoverthirty/comments/nk6bk4/_/gzbsmkd/,General / Other
nk6bk4,What does emotional availability look like?,datingoverthirty,462,https://reddit.com/r/datingoverthirty/comments/nk6bk4/what_does_emotional_availability_look_like/,gzbisfo,Hodorious,11,I also look forward to that too. Progress is coming in slow bits.,https://reddit.com/r/datingoverthirty/comments/nk6bk4/_/gzbisfo/,General / Other
nk6bk4,What does emotional availability look like?,datingoverthirty,462,https://reddit.com/r/datingoverthirty/comments/nk6bk4/what_does_emotional_availability_look_like/,gzco9xe,Hodorious,9,"I'm proud of you for admitting your behaviors there and recognizing you need therapy. It can jade some the people on the receiving end of that, I can attest to that.",https://reddit.com/r/datingoverthirty/comments/nk6bk4/_/gzco9xe/,General / Other
nk6bk4,What does emotional availability look like?,datingoverthirty,462,https://reddit.com/r/datingoverthirty/comments/nk6bk4/what_does_emotional_availability_look_like/,gzc5x0r,Hodorious,9,"I've gotten better about it! It's still difficult sometimes but I do feel so much better when I say no to something, like people wanting to bring their kids on a first date 😅",https://reddit.com/r/datingoverthirty/comments/nk6bk4/_/gzc5x0r/,Learning the mechanics of dating
nk6bk4,What does emotional availability look like?,datingoverthirty,462,https://reddit.com/r/datingoverthirty/comments/nk6bk4/what_does_emotional_availability_look_like/,gzbffck,Hodorious,8,"Thank you for giving your experiences on that. I also appreciate you letting people know if you're not feeling things, not always easy, but a good thing to do!",https://reddit.com/r/datingoverthirty/comments/nk6bk4/_/gzbffck/,General / Other
nk6bk4,What does emotional availability look like?,datingoverthirty,462,https://reddit.com/r/datingoverthirty/comments/nk6bk4/what_does_emotional_availability_look_like/,gzdytoi,Hodorious,7,"That could well be the case that people are trying to keep up appearances. I'm not a person to usually ""wait a bit"" to follow up. I'll usually say something along the lines of ""Hey I had a great time, are you interested in meeting up again sometime?"" it usually dispels that feeling of trying to play coy for me, but, maybe it's not the same for everyone.   


Lots of people are ""playing the field"". I think that is to be expected that there's always a chance someone else is higher up in line for you. Most dates I go on the women say they're overwhelmed by the sheer amount of matches they get on dating apps. Could be that for sure.",https://reddit.com/r/datingoverthirty/comments/nk6bk4/_/gzdytoi/,Finding where to meet women
nk6bk4,What does emotional availability look like?,datingoverthirty,462,https://reddit.com/r/datingoverthirty/comments/nk6bk4/what_does_emotional_availability_look_like/,gzbrkea,Hodorious,7,"I guess that's where communication comes in pretty big for me. If someone communicates that they're shy before a date, I know to not misinterpret some behaviors as disinterest (though this can backfire if they are indeed, not interested). 

What are some of the things that make you bolt, or makes you feel things are getting too intense for you?",https://reddit.com/r/datingoverthirty/comments/nk6bk4/_/gzbrkea/,General / Other
nk6bk4,What does emotional availability look like?,datingoverthirty,462,https://reddit.com/r/datingoverthirty/comments/nk6bk4/what_does_emotional_availability_look_like/,gzbupm6,Hodorious,7,"I can see that I can see us together in the future thing as being a bit off putting if it's early on. If I genuinely click with someone, I'm usually pretty up front about wanting to spend more time with them. I can see that backfiring in some cases if people are a bit skittish like yourself! Assumptions about relationship status isn't a good thing in my book either, that's not something one person decides. 

Hey, the fact that you're saying and communicating that is huge though. That's giving the person a chance to adjust intensity before you bolt though, at least I hope. Thank you for sharing all that!",https://reddit.com/r/datingoverthirty/comments/nk6bk4/_/gzbupm6/,Coping with physical loneliness
nk6bk4,What does emotional availability look like?,datingoverthirty,462,https://reddit.com/r/datingoverthirty/comments/nk6bk4/what_does_emotional_availability_look_like/,gzbsakr,Hodorious,5,"Thank you for suggesting this book! I've learned a lot about attachment through therapy and more information is always welcome. I placed an order for it! Thank you also for the rationale in it with the ""smoking gun"" moments. Those are ideally what I'd like to notice.",https://reddit.com/r/datingoverthirty/comments/nk6bk4/_/gzbsakr/,General / Other
ceb1rk,“What’s the catch? There must be something wrong with you?”,datingoverthirty,459,https://reddit.com/r/datingoverthirty/comments/ceb1rk/whats_the_catch_there_must_be_something_wrong/,eu1pcsi,DaffodilYellow,20,"He’s actually the same age as me. He’s had a couple of long term relationships and has three children.

“From, the fruitloop xoxo” really made me laugh 😂",https://reddit.com/r/datingoverthirty/comments/ceb1rk/_/eu1pcsi/,General / Other
ceb1rk,“What’s the catch? There must be something wrong with you?”,datingoverthirty,459,https://reddit.com/r/datingoverthirty/comments/ceb1rk/whats_the_catch_there_must_be_something_wrong/,eu1kleo,PhantomLink29,4,"As a guy, I find what he is asking you quite appalling. Next time you talk to him just say ""I'm sorry you think I'm flawed, however I'm not sorry about ending this relationship.""

And leave it at that. We all have a reason for who we are, and we all deserve to be respected.

Cut him off, get the help you need, and find someone that will respect you and understand how your past affects you. He is out there, you just haven't found him yet.",https://reddit.com/r/datingoverthirty/comments/ceb1rk/_/eu1kleo/,General / Other
1nikjp8,Have any men actually had success with the “stop looking and it will happen” mindset?,datingoverthirty,454,https://reddit.com/r/datingoverthirty/comments/1nikjp8/have_any_men_actually_had_success_with_the_stop/,nejphb4,Intelligent_Mall8601,8,"I've found by taking some time out to myself and working on myself, by becoming a better person in general it has imrpoved my experiences. 

If people see that you are doing well they are more likely to want to become part of your life, than if you are chasing and coming accross as desperate with not much going on for yourself.

But as a man you still have to actively look, unless you are just gifted in the looks department that women hit on you.",https://reddit.com/r/datingoverthirty/comments/1nikjp8/_/nejphb4/,General / Other
136nle9,Does anyone get relationship anxiety when things are going great?,datingoverthirty,444,https://reddit.com/r/datingoverthirty/comments/136nle9/does_anyone_get_relationship_anxiety_when_things/,jiqr1qi,Sniper143,13,So true! Thank you!,https://reddit.com/r/datingoverthirty/comments/136nle9/_/jiqr1qi/,General / Other
136nle9,Does anyone get relationship anxiety when things are going great?,datingoverthirty,444,https://reddit.com/r/datingoverthirty/comments/136nle9/does_anyone_get_relationship_anxiety_when_things/,jiqqy09,Sniper143,6,I just bought a journal to try journaling as a way to relieve my anxiety. I will definitely add positive statements as well! Thank you :),https://reddit.com/r/datingoverthirty/comments/136nle9/_/jiqqy09/,General / Other
136nle9,Does anyone get relationship anxiety when things are going great?,datingoverthirty,444,https://reddit.com/r/datingoverthirty/comments/136nle9/does_anyone_get_relationship_anxiety_when_things/,jiqrcfy,Sniper143,4,Thank you!,https://reddit.com/r/datingoverthirty/comments/136nle9/_/jiqrcfy/,General / Other
136nle9,Does anyone get relationship anxiety when things are going great?,datingoverthirty,444,https://reddit.com/r/datingoverthirty/comments/136nle9/does_anyone_get_relationship_anxiety_when_things/,jirp99t,Sniper143,2,You gave me a lot to think about. I never thought about gut feeling vs. anxiety! Thanks for the comment,https://reddit.com/r/datingoverthirty/comments/136nle9/_/jirp99t/,General / Other
136nle9,Does anyone get relationship anxiety when things are going great?,datingoverthirty,444,https://reddit.com/r/datingoverthirty/comments/136nle9/does_anyone_get_relationship_anxiety_when_things/,jj8tmsa,Sniper143,2,"I am trying journaling and it is helpful. Also, setting boundaries has been something we are making sure to do. I’m happy you mentioned green flags; I never thought of that.",https://reddit.com/r/datingoverthirty/comments/136nle9/_/jj8tmsa/,General / Other
136nle9,Does anyone get relationship anxiety when things are going great?,datingoverthirty,444,https://reddit.com/r/datingoverthirty/comments/136nle9/does_anyone_get_relationship_anxiety_when_things/,jirpfre,Sniper143,1,This is awesome :),https://reddit.com/r/datingoverthirty/comments/136nle9/_/jirpfre/,General / Other
m2dy4r,Bought lingerie to wear for him. So.... now what?,datingoverthirty,434,https://reddit.com/r/datingoverthirty/comments/m2dy4r/bought_lingerie_to_wear_for_him_so_now_what/,gqj3uc4,Liquid_Leica,69,So agreed . As a man seeing the woman I’m dating look incredible in lingerie causes massive rush to you know where and I just want it off ASAP . lol funny how that works .,https://reddit.com/r/datingoverthirty/comments/m2dy4r/_/gqj3uc4/,General / Other
m2dy4r,Bought lingerie to wear for him. So.... now what?,datingoverthirty,434,https://reddit.com/r/datingoverthirty/comments/m2dy4r/bought_lingerie_to_wear_for_him_so_now_what/,gqjug0g,KLKemke,24,As a guy I can't express enough how sexy a woman is when SHE'S the present! So fun to slowly unwrap and tease. You can make that into a little game that lasts at least a few orgasms. Much better than just jumping on and going to town. Though that has its place sometimes as well lol,https://reddit.com/r/datingoverthirty/comments/m2dy4r/_/gqjug0g/,General / Other
m2dy4r,Bought lingerie to wear for him. So.... now what?,datingoverthirty,434,https://reddit.com/r/datingoverthirty/comments/m2dy4r/bought_lingerie_to_wear_for_him_so_now_what/,gqk9c76,PhnX_RsnG,19,"This. As a man, I love how that stuff accentuates the body of who I’m with. Work around makes it even hotter. Just my personal experience.",https://reddit.com/r/datingoverthirty/comments/m2dy4r/_/gqk9c76/,General / Other
m2dy4r,Bought lingerie to wear for him. So.... now what?,datingoverthirty,434,https://reddit.com/r/datingoverthirty/comments/m2dy4r/bought_lingerie_to_wear_for_him_so_now_what/,gqj548f,LowBidder505,17,"As a guy, unless he’s stopping in for a booty call, maybe wait until things head that direction later in the night and excuse yourself to go put it on and the whole bathrobe thing and that is great too, just know if he’s expecting dinner and a movie and you start with dessert, his head might not be in the game as much.",https://reddit.com/r/datingoverthirty/comments/m2dy4r/_/gqj548f/,General / Other
m2dy4r,Bought lingerie to wear for him. So.... now what?,datingoverthirty,434,https://reddit.com/r/datingoverthirty/comments/m2dy4r/bought_lingerie_to_wear_for_him_so_now_what/,gqkw3vl,Mangofears,6,"I got a HUGE, unsexy grey robe for Christmas; it’s the best. He showed up early one day to pick me up for a date and I answered the door wearing it.... he thought it was so cute he took a picture. So... I guess it really is about the person and their aesthetic, not the article of clothing.  Lace under my cozy robe may be just the thing",https://reddit.com/r/datingoverthirty/comments/m2dy4r/_/gqkw3vl/,Coping with physical loneliness
m2dy4r,Bought lingerie to wear for him. So.... now what?,datingoverthirty,434,https://reddit.com/r/datingoverthirty/comments/m2dy4r/bought_lingerie_to_wear_for_him_so_now_what/,gqk38r8,FullSalamander2756,6,"As a guy who likes lingerie, it literally doesn't matter how you wear it or what you do. If a woman wears something for me, to be sexy, knowing it's leading to sex, you literally cannot look silly. He'll be extremely happy you've made the effort. Trust me. ☺️",https://reddit.com/r/datingoverthirty/comments/m2dy4r/_/gqk38r8/,General / Other
m2dy4r,Bought lingerie to wear for him. So.... now what?,datingoverthirty,434,https://reddit.com/r/datingoverthirty/comments/m2dy4r/bought_lingerie_to_wear_for_him_so_now_what/,gqkjm9c,Mangofears,5,We’ve already decided to create a butt plug that will revolutionize the sex toy game. One of our FAQ will be “Can you sit on it?” Answer: “Prolly”,https://reddit.com/r/datingoverthirty/comments/m2dy4r/_/gqkjm9c/,General / Other
m2dy4r,Bought lingerie to wear for him. So.... now what?,datingoverthirty,434,https://reddit.com/r/datingoverthirty/comments/m2dy4r/bought_lingerie_to_wear_for_him_so_now_what/,gqkxad8,Mangofears,5,Maybe we should get those big T-shirts with a woman’s bikini-clad body screenprinted on them a la 1995 Myrtle Beach spring break???,https://reddit.com/r/datingoverthirty/comments/m2dy4r/_/gqkxad8/,General / Other
ch8wsv,Continue.,datingoverthirty,431,https://reddit.com/r/datingoverthirty/comments/ch8wsv/continue/,euqlkxc,SoulSatchel,54,Good advice on the game being different. I have a young kid this time around so the game is an escort mission half the time. 😬,https://reddit.com/r/datingoverthirty/comments/ch8wsv/_/euqlkxc/,General / Other
ch8wsv,Continue.,datingoverthirty,431,https://reddit.com/r/datingoverthirty/comments/ch8wsv/continue/,euqpurg,SoulSatchel,13,"We were married 8 years. This next time is going to much different because STBXW was my first everything except for first crush. And I was way more prudish then than I intend to be now. Before marriage I never dated anyone. Did a lot of posturing, virtue-signaling and playing the “good Christian boy” to fit in with my church community and attract a “good Christian girl”. It played a big role in how we got together and we’ve both since given that scene up. I’m pretty much starting the dating scene from scratch.",https://reddit.com/r/datingoverthirty/comments/ch8wsv/_/euqpurg/,Breaking the inexperience loop
ch8wsv,Continue.,datingoverthirty,431,https://reddit.com/r/datingoverthirty/comments/ch8wsv/continue/,euqoapy,SoulSatchel,10,Good. Thinking.,https://reddit.com/r/datingoverthirty/comments/ch8wsv/_/euqoapy/,General / Other
ch8wsv,Continue.,datingoverthirty,431,https://reddit.com/r/datingoverthirty/comments/ch8wsv/continue/,euqwbfl,SoulSatchel,5,"Thanks. Fortunately I don’t see single parenting as much of a stigma as it is a limiter on the time and energy I can put into myself and/or getting out and dating, but I’m finding that investing in my son and myself is plenty to keep me going.",https://reddit.com/r/datingoverthirty/comments/ch8wsv/_/euqwbfl/,Destigmatizing the experience
ch8wsv,Continue.,datingoverthirty,431,https://reddit.com/r/datingoverthirty/comments/ch8wsv/continue/,eur49si,SoulSatchel,5,Side missions aren’t really popping up for me and I don’t know where to look for them. Must be premium DLC?,https://reddit.com/r/datingoverthirty/comments/ch8wsv/_/eur49si/,General / Other
ch8wsv,Continue.,datingoverthirty,431,https://reddit.com/r/datingoverthirty/comments/ch8wsv/continue/,euqqwz9,SoulSatchel,4,Good catch. I can see why they made you a Colonel. 😁,https://reddit.com/r/datingoverthirty/comments/ch8wsv/_/euqqwz9/,General / Other
1msc50d,Do you judge a man off his living situation when dating?,datingoverthirty,426,https://reddit.com/r/datingoverthirty/comments/1msc50d/do_you_judge_a_man_off_his_living_situation_when/,n93yqyv,Swimming-Rough-9514,168,What kind of men are ya’ll dating 😅,https://reddit.com/r/datingoverthirty/comments/1msc50d/_/n93yqyv/,General / Other
1msc50d,Do you judge a man off his living situation when dating?,datingoverthirty,426,https://reddit.com/r/datingoverthirty/comments/1msc50d/do_you_judge_a_man_off_his_living_situation_when/,n93rpp4,Swimming-Rough-9514,40,I have all of these already 😅,https://reddit.com/r/datingoverthirty/comments/1msc50d/_/n93rpp4/,General / Other
1msc50d,Do you judge a man off his living situation when dating?,datingoverthirty,426,https://reddit.com/r/datingoverthirty/comments/1msc50d/do_you_judge_a_man_off_his_living_situation_when/,n94an7f,Swimming-Rough-9514,15,Oh boy 🥴,https://reddit.com/r/datingoverthirty/comments/1msc50d/_/n94an7f/,General / Other
1msc50d,Do you judge a man off his living situation when dating?,datingoverthirty,426,https://reddit.com/r/datingoverthirty/comments/1msc50d/do_you_judge_a_man_off_his_living_situation_when/,n93y82u,Swimming-Rough-9514,4,I’ve had plenty of women over who have never had a problem with it before but for some reason I’m starting to get more and more self conscious about it the older I get! I just feel like I should be in better by now I guess.,https://reddit.com/r/datingoverthirty/comments/1msc50d/_/n93y82u/,General / Other
v3idtm,Stood up and ghosted,datingoverthirty,424,https://reddit.com/r/datingoverthirty/comments/v3idtm/stood_up_and_ghosted/,iaz2sx5,leoberto1,10,👀,https://reddit.com/r/datingoverthirty/comments/v3idtm/_/iaz2sx5/,General / Other
lxb0w4,I'm (34m) Attracted to Extraordinary Kindness and Gentleness,datingoverthirty,421,https://reddit.com/r/datingoverthirty/comments/lxb0w4/im_34m_attracted_to_extraordinary_kindness_and/,gpm2t7e,vivary_arc,69,"I felt so self-conscious even asking hahaha!  I'm glad to know others feel this sort of attraction as well.  I was laughing when I'd thought to myself, ""Just imagine, a woman who feels as obliged to leave a good customer satisfaction survey after calling the support line!""",https://reddit.com/r/datingoverthirty/comments/lxb0w4/_/gpm2t7e/,General / Other
lxb0w4,I'm (34m) Attracted to Extraordinary Kindness and Gentleness,datingoverthirty,421,https://reddit.com/r/datingoverthirty/comments/lxb0w4/im_34m_attracted_to_extraordinary_kindness_and/,gpm9o2n,vivary_arc,18,"My apologies, I have no personal expectation of, nor do I take comfort in the thought of proffering that all women should be kind, or tender, or feminine, etc.  I absolutely recognize your critical point that these traits have been indoctrinated into women from a young age in Western society, regardless of their own thoughts, desires and humanity.

I've been very fortunate to date different people who have all been kind and tender, even in circumstances in which I did not directly make out those shapes (after a lot of therapy, I'm really trying to work on this internally).  That being said, I feel like we were on different pages when it came to relating to one another, where there were harmless personality clashes, but clashes all the same.  This post just stenmed from my sudden recognitio",https://reddit.com/r/datingoverthirty/comments/lxb0w4/_/gpm9o2n/,General / Other
lxb0w4,I'm (34m) Attracted to Extraordinary Kindness and Gentleness,datingoverthirty,421,https://reddit.com/r/datingoverthirty/comments/lxb0w4/im_34m_attracted_to_extraordinary_kindness_and/,gpm7muh,vivary_arc,17,"You're absolutely correct on my use of the phrase 'soft spoken', I was reaching for a trait I've been told I typically hold, and didn't consider the implications of the phrase itself.  My apologies there, I certainly don't want to have any bearing on how a potential partner would communicate or present themselves, other than supporting them fully.

While some of my closest friends have been wildly extroverted - and I have had brief flourishes with extoversion myself - I think I enjoy the development of relationships with people who are my speed a little bit more.",https://reddit.com/r/datingoverthirty/comments/lxb0w4/_/gpm7muh/,General / Other
lxb0w4,I'm (34m) Attracted to Extraordinary Kindness and Gentleness,datingoverthirty,421,https://reddit.com/r/datingoverthirty/comments/lxb0w4/im_34m_attracted_to_extraordinary_kindness_and/,gpm5h7o,vivary_arc,12,"This is a great point of clarification, and I'm glad you asked!

I totally agree that it's likely most people want a kind, thoughtful and tender person.  I think in my experience dating different people, they might prioritize the prominence of the qualities they looked for (as I think we naturally do).  Anecdotally, as a man the priorities largely seemed to fall with strength, independence, and self-agency near the top, and kindness/etc. towards the middle or bottom.

I have much more pronounced 'soft skills' (apologies on the terrible phrase), than exhibition of strong will or other classically masculine traits.  My Fiancée was attracted to this about me, while I think most people I'd casually dated in life were looking for the more usual gradation.

I was just thinking, I've never dated ",https://reddit.com/r/datingoverthirty/comments/lxb0w4/_/gpm5h7o/,Breaking the inexperience loop
lxb0w4,I'm (34m) Attracted to Extraordinary Kindness and Gentleness,datingoverthirty,421,https://reddit.com/r/datingoverthirty/comments/lxb0w4/im_34m_attracted_to_extraordinary_kindness_and/,gpoeqry,freecandyinmyvan2,3,"Well as a man it's pretty rare to experience such. I got my first hug at 28 years old. First time I experienced an emphatic response than a ""man up, crybaby"". It's a problem with society.",https://reddit.com/r/datingoverthirty/comments/lxb0w4/_/gpoeqry/,Coping with physical loneliness
lxb0w4,I'm (34m) Attracted to Extraordinary Kindness and Gentleness,datingoverthirty,421,https://reddit.com/r/datingoverthirty/comments/lxb0w4/im_34m_attracted_to_extraordinary_kindness_and/,gpnjxe2,teamjimby,3,"I'm a 36M and would say that kindness is probably my most defining trait.  I can relate to your post a lot, especially how you mention that kindness can be a liability and come at the expense of other traits.

But when it comes to dating, I think you (and me) need to be dating people that are also kind.  Otherwise, they will take advantage of your kindness and the relationship will not be balanced.  It worked so well with your fiancee because of your mutual kindness and respect.

I'm just getting out of a 1.5 year relationship.  She was the kindest person I've met, and it made me an even kinder and a better person to be around her.  And like you, I found it extremely attractive.  There is something truly special when you both genuinely want to help each other every day.",https://reddit.com/r/datingoverthirty/comments/lxb0w4/_/gpnjxe2/,General / Other
cmfzrt,I (29M) took myself out on a date,datingoverthirty,420,https://reddit.com/r/datingoverthirty/comments/cmfzrt/i_29m_took_myself_out_on_a_date/,ew29o79,Zahgaan,8,"Went to a Korean BBQ restaurant! Spent the time grilling meat, it was awesome! Majority of the good spots were closed today, it's a holiday here in Canada.",https://reddit.com/r/datingoverthirty/comments/cmfzrt/_/ew29o79/,General / Other
cmfzrt,I (29M) took myself out on a date,datingoverthirty,420,https://reddit.com/r/datingoverthirty/comments/cmfzrt/i_29m_took_myself_out_on_a_date/,ew2baq1,Zahgaan,5,"Beach house sounds like a lot of fun! I have been treating myself to a nice bottle of white wine recently as well, it's been really hot here in Canada, but nothing a chilled sangria can't fix. Hope you find what you're looking for!",https://reddit.com/r/datingoverthirty/comments/cmfzrt/_/ew2baq1/,General / Other
cmfzrt,I (29M) took myself out on a date,datingoverthirty,420,https://reddit.com/r/datingoverthirty/comments/cmfzrt/i_29m_took_myself_out_on_a_date/,ew2b1uk,Zahgaan,4,"It took a long time to click on the ""confirm"" button while browsing for flights. I hope one day you'll go through it and get to travel! Experiences are priceless, wish you best of luck!",https://reddit.com/r/datingoverthirty/comments/cmfzrt/_/ew2b1uk/,General / Other
cmfzrt,I (29M) took myself out on a date,datingoverthirty,420,https://reddit.com/r/datingoverthirty/comments/cmfzrt/i_29m_took_myself_out_on_a_date/,ew2cr76,Zahgaan,2,That sounds awesome! Lion King has always been my guilty pleasure as a kid. Hope you enjoy your time!,https://reddit.com/r/datingoverthirty/comments/cmfzrt/_/ew2cr76/,General / Other
cmfzrt,I (29M) took myself out on a date,datingoverthirty,420,https://reddit.com/r/datingoverthirty/comments/cmfzrt/i_29m_took_myself_out_on_a_date/,ew2g0oq,Zahgaan,2,I'm not opposed to it however I almost never match with a woman that's older than me. I'm guessing they prefer someone older than them? Majority of my matches have been 25-28.,https://reddit.com/r/datingoverthirty/comments/cmfzrt/_/ew2g0oq/,General / Other
cmfzrt,I (29M) took myself out on a date,datingoverthirty,420,https://reddit.com/r/datingoverthirty/comments/cmfzrt/i_29m_took_myself_out_on_a_date/,ew3095o,Zahgaan,2,Got that covered!,https://reddit.com/r/datingoverthirty/comments/cmfzrt/_/ew3095o/,General / Other
cmfzrt,I (29M) took myself out on a date,datingoverthirty,420,https://reddit.com/r/datingoverthirty/comments/cmfzrt/i_29m_took_myself_out_on_a_date/,ew4facw,Zahgaan,2,"I hiked Indian Himalayas back in 2016 with some good friends, it was an amazing experience! I'm glad you had fun!",https://reddit.com/r/datingoverthirty/comments/cmfzrt/_/ew4facw/,General / Other
k8ukrc,I got COVID and now he's seeing my friend!,datingoverthirty,417,https://reddit.com/r/datingoverthirty/comments/k8ukrc/i_got_covid_and_now_hes_seeing_my_friend/,gf2l65v,tarvispickles,4,"I don't understand what the confusion is. An almost  relationship of mine ended towards the end of September over disagreement about our exclusivity. He didn't want to be exclusive so I put myself back out there. The new guy and I exchanged numbers in March long before that but nothing ever came of it because of COVID. He happened to reach out and I finally met this guy in October. I was taking it slow with this guy and purposely didn't ask about exclusivity too soon *because* of the experience scaring away that last guy I dated. What's so confusing? I don't understand Redditors trying to ""catch"" you. This post isn't even really about exclusivity. It's more about someone keeping up a ""relationship"" with you while they promised your friend exclusivity and you having to find out through soci",https://reddit.com/r/datingoverthirty/comments/k8ukrc/_/gf2l65v/,General / Other
k8ukrc,I got COVID and now he's seeing my friend!,datingoverthirty,417,https://reddit.com/r/datingoverthirty/comments/k8ukrc/i_got_covid_and_now_hes_seeing_my_friend/,gf2onxu,tarvispickles,2,"So you become platonic best friends with someone, text/talk every day for a couple of months, hangout on weekends, etc. then decide you don't want to be friends with them anymore and you think you don't owe them any sort of conversation or explanation?",https://reddit.com/r/datingoverthirty/comments/k8ukrc/_/gf2onxu/,Escaping the friend zone
zkc6sm,Being completely vulnerable - I fear I'll be alone forever,datingoverthirty,415,https://reddit.com/r/datingoverthirty/comments/zkc6sm/being_completely_vulnerable_i_fear_ill_be_alone/,izz6ffk,fyacel,180,"Have you worked thru your grief and loss of your late wife? Less people will have issues with someone being widow/widower than divorcee. The latter can be a crapshoot of mistakes and remaining ties and real baggage. The former is mostly about the person having processed the loss, and is ready to meet someone else again and rebuild a new life together. Perhaps it’s your attitude towards and assumption of “widower baggage” that’s hurting you in the dating pool. 

I had a different kind of past baggage but I went to talk therapy to work thru it and process it after it partially caused my last relationship to fail. 

I am also 34M, and the other thing that helps me is not thinking about my age and the pressure of “aging” (and expected life milestones) while still dating age-appropriate women. ",https://reddit.com/r/datingoverthirty/comments/zkc6sm/_/izz6ffk/,Starting over after loss
zkc6sm,Being completely vulnerable - I fear I'll be alone forever,datingoverthirty,415,https://reddit.com/r/datingoverthirty/comments/zkc6sm/being_completely_vulnerable_i_fear_ill_be_alone/,izza932,VanDykeParksAndRec,79,"I’m 33M and dealing with a similar issue. I’m still grieving the loss of my mother. She will have been gone four years on Jan. 1. I miss her terribly every day. It’s particularly difficult because of how she died (DV, murder-suicide. I was at home when it happened and I found the bodies).

I’m trying to get help to process that, but it’s difficult. I’m still waiting to hear back on a grief support group. I got turned down from one because it was widowers and widows and I was told to find a traumatic loss support group, but it hasn’t happened yet because there weren’t enough people. 

I’ve never had much success in dating period because I have select appeal (50,000 Fall Fans Can’t Be Wrong).

And I’m not sure when to bring up The Incident or how. I have PTSD but it’s relatively minor consid",https://reddit.com/r/datingoverthirty/comments/zkc6sm/_/izza932/,General / Other
zkc6sm,Being completely vulnerable - I fear I'll be alone forever,datingoverthirty,415,https://reddit.com/r/datingoverthirty/comments/zkc6sm/being_completely_vulnerable_i_fear_ill_be_alone/,izzfnk1,Thatsweirdtho,51,Everyone has baggage. I (female) personally wouldn’t view someone being a widower as a dealbreaker at all; that wouldn’t deter me. It would just make me think you were caring and pretty strong.,https://reddit.com/r/datingoverthirty/comments/zkc6sm/_/izzfnk1/,General / Other
zkc6sm,Being completely vulnerable - I fear I'll be alone forever,datingoverthirty,415,https://reddit.com/r/datingoverthirty/comments/zkc6sm/being_completely_vulnerable_i_fear_ill_be_alone/,izzdng7,Snorki_Cocktoasten,47,"Hey there,

Thanks so much for your comment.  Yes, I am actively in therapy and regularly attend young widow support groups, so I am in no way ignoring my mental health.  What you said about divorcees and widows/widowers is very interesting; I always imagined dating a divorcee would be more appealing than dating a widower, but I do appreciate your perspective!",https://reddit.com/r/datingoverthirty/comments/zkc6sm/_/izzdng7/,Starting over after loss
zkc6sm,Being completely vulnerable - I fear I'll be alone forever,datingoverthirty,415,https://reddit.com/r/datingoverthirty/comments/zkc6sm/being_completely_vulnerable_i_fear_ill_be_alone/,izzejeq,[deleted],47,"Try to remember that by our 30s, we’ve all been through some major shit. Everyone you match with has been through major shit; it’s what we’re doing to cope and heal and not trauma dump on others that matters. Being a widow/widower would not deter me per se. This whole thing is just hard no matter what 😂 also, very sorry for your loss. Maybe you’ll even meet someone who’s gone through a similar situation.",https://reddit.com/r/datingoverthirty/comments/zkc6sm/_/izzejeq/,General / Other
zkc6sm,Being completely vulnerable - I fear I'll be alone forever,datingoverthirty,415,https://reddit.com/r/datingoverthirty/comments/zkc6sm/being_completely_vulnerable_i_fear_ill_be_alone/,j00gskm,Slowlearner22,34,"I went on four dates with a widower 5 years past the loss of his wife, and after he’d already been in another serious relationship. It was apparent by date 3 that he was still wistful about the love they shared and expected that he might never find it again… while my heart broke for him, the situation felt overwhelming. It also felt like he was rushing physical and emotional intimacy with me and I didn’t want to feel like a subpar replacement. I think there’s maybe something to be said regarding getting coached about the best way to talk about the loss that’s both authentic yet still inviting to new love.

Edit to add: I would certainly go out with a widower again recognizing the above was just one experience and everyone is different.",https://reddit.com/r/datingoverthirty/comments/zkc6sm/_/j00gskm/,Coping with physical loneliness
zkc6sm,Being completely vulnerable - I fear I'll be alone forever,datingoverthirty,415,https://reddit.com/r/datingoverthirty/comments/zkc6sm/being_completely_vulnerable_i_fear_ill_be_alone/,j00cv4g,dontforgetpants,32,"Fwiw, I would have no issues at all dating a widower. I’m mid-30s/F, never divorced or widowed myself and no kids (prioritized education and advancing my career). And I would be open to dating someone with kids or divorced or a widower, or a combination of those. We all have baggage, and I’m fully open to the idea that someone might have comparatively “more” baggage that me. What matters more is that you’re a good person, that we’re compatible, and that you’re managing your baggage in a healthy/responsible way. We all have positive and negative, happy and sad life experiences. If you learn and grow from the bad, if it deepens your capacity for love, empathy, and compassion, then it’s nothing to be ashamed of.",https://reddit.com/r/datingoverthirty/comments/zkc6sm/_/j00cv4g/,Processing the shame of being late
zkc6sm,Being completely vulnerable - I fear I'll be alone forever,datingoverthirty,415,https://reddit.com/r/datingoverthirty/comments/zkc6sm/being_completely_vulnerable_i_fear_ill_be_alone/,izzc9ml,spanishbanana,14,"You honestly should put much weight into online dating, its designed to make you feel lile crap. I also have a hard time dating at this age (m33), for me it feels like I'm not in the same stage of life as women my age. I've been in school for the last 3 years and, maybe I could be I wrong, but fell like that's not something they want to deal with. Someone who isnt established in their career, someone who's life is now just starting. I guess dating sucks for eveyone so your not alone.",https://reddit.com/r/datingoverthirty/comments/zkc6sm/_/izzc9ml/,General / Other
zkc6sm,Being completely vulnerable - I fear I'll be alone forever,datingoverthirty,415,https://reddit.com/r/datingoverthirty/comments/zkc6sm/being_completely_vulnerable_i_fear_ill_be_alone/,j01flrb,iamatwork24,12,"Why would dating a divorcee vs a widow be more appealing? A divorcee means they were half of s relationship that was so dysfunctional, it couldn’t last. A widower just means the person has incredibly bad luck and that they mean it when they say till death do us part. I know which one I would be more attracted to and it isn’t the divorced. You’re only in your mid 30s. You’re not some person in their 60s looking for a last chance at love. You’re young and have a whole life ahead of you. Sure you have baggage, but we all do and yours wasn’t as a result of an action you took but something that happened to you. The only action involved in your part is a commendable one, staying by the person you love until the very end. Keep your head up, you’re far from a lost cause and it makes sense that an ",https://reddit.com/r/datingoverthirty/comments/zkc6sm/_/j01flrb/,Starting over after loss
zkc6sm,Being completely vulnerable - I fear I'll be alone forever,datingoverthirty,415,https://reddit.com/r/datingoverthirty/comments/zkc6sm/being_completely_vulnerable_i_fear_ill_be_alone/,j00t8x8,cniinc,12,"35M here. OLD is a cespool. At least, the free/nickel-and-dime ones. Perhaps there's more value in the pay services, but I'm too poor to look there. I've had good luck on more niche apps (I use feeld because I'm non-monogamous, and everyone else is on the same page there), but it's still a 1 in 20, at best. Bad days, 1 in 100. 

In all honesty, start telling your friends you're looking to find someone, and that you're done with OLD. Your friends will know single people, and will also know if your personality fits with them. And of course, this assumes you're actually ready and looking for someone new. I second the person who talked about working through your grief.

Another option is, just go to things you like, and just start talking with people you find attractive. Just talk to them, not",https://reddit.com/r/datingoverthirty/comments/zkc6sm/_/j00t8x8/,Building self-worth
zkc6sm,Being completely vulnerable - I fear I'll be alone forever,datingoverthirty,415,https://reddit.com/r/datingoverthirty/comments/zkc6sm/being_completely_vulnerable_i_fear_ill_be_alone/,j02ooj9,jyphil,8,34m. I'd much rather meet a widower than divorcee. Widow is due to unfortunate circumstances beyond life. Divorce is a regretful decision on a marriage,https://reddit.com/r/datingoverthirty/comments/zkc6sm/_/j02ooj9/,Starting over after loss
zkc6sm,Being completely vulnerable - I fear I'll be alone forever,datingoverthirty,415,https://reddit.com/r/datingoverthirty/comments/zkc6sm/being_completely_vulnerable_i_fear_ill_be_alone/,izzsaq6,Snorki_Cocktoasten,7,"I'm so sorry for your loss :( Yes, my wife was my soulmate, for sure....We connected on such a deep level.",https://reddit.com/r/datingoverthirty/comments/zkc6sm/_/izzsaq6/,General / Other
zkc6sm,Being completely vulnerable - I fear I'll be alone forever,datingoverthirty,415,https://reddit.com/r/datingoverthirty/comments/zkc6sm/being_completely_vulnerable_i_fear_ill_be_alone/,izzt2iu,cluelessmina,7,"Just wanted to say, my beautiful, smart, fit, sweet friend married a widower a few years back. They are really happy!

There is also a tv show about a widower, he is a woman's magnet apparently. It's a bit shit, but maybe you could relate. The unicorn.",https://reddit.com/r/datingoverthirty/comments/zkc6sm/_/izzt2iu/,General / Other
zkc6sm,Being completely vulnerable - I fear I'll be alone forever,datingoverthirty,415,https://reddit.com/r/datingoverthirty/comments/zkc6sm/being_completely_vulnerable_i_fear_ill_be_alone/,izznr07,drunkenatheist,7,"I agree with the other posters who have said I wouldn't care about the fact that you are a widower and would be more concerned that you're still actively grieving/dealing with emotional fallout from your wife's death.

For me -- AND ME ALONE -- I would be hesitant to pursue someone who had lost a partner to cancer only because I am a stage IV cancer survivor. For me, there would be the concern that this new person would be okay with my diagnosis until it was triggering. (Legitimately psychology triggering, not in the really irritating and dismissive way that the term is colloquially misused.) But to be fair, there's no guarantee that someone who has never had personal experience with cancer is going to handle things well either.",https://reddit.com/r/datingoverthirty/comments/zkc6sm/_/izznr07/,General / Other
zkc6sm,Being completely vulnerable - I fear I'll be alone forever,datingoverthirty,415,https://reddit.com/r/datingoverthirty/comments/zkc6sm/being_completely_vulnerable_i_fear_ill_be_alone/,j023vz1,ghostin_,5,"I'm 34M and I'm in my first of 9 months. If you keep up this attitude, take care of yourself, and don't give up on dating (but take breaks if you need to), your likelihood of meeting someone only increases.",https://reddit.com/r/datingoverthirty/comments/zkc6sm/_/j023vz1/,General / Other
zkc6sm,Being completely vulnerable - I fear I'll be alone forever,datingoverthirty,415,https://reddit.com/r/datingoverthirty/comments/zkc6sm/being_completely_vulnerable_i_fear_ill_be_alone/,izzdupj,Snorki_Cocktoasten,5,"Hi friend,

&amp;#x200B;

Thanks for your comment.  Yes, I am actively in therapy and regularly attend support groups.  What you say about not knowing anyone who would not date a widower is fascinating; I often view us (widowers/widows) and less desireable than divorcees and those with children from a past relationship....

Thanks for giving me a bit of hope (and a virtual hug), I really appreciate it!",https://reddit.com/r/datingoverthirty/comments/zkc6sm/_/izzdupj/,Coping with physical loneliness
zkc6sm,Being completely vulnerable - I fear I'll be alone forever,datingoverthirty,415,https://reddit.com/r/datingoverthirty/comments/zkc6sm/being_completely_vulnerable_i_fear_ill_be_alone/,j00a555,JDK305,4,"Fellow young widower here.  Im just a few years older but same story.  Lost my wife to cancer when she was 35.  There is a some period of time where a functional relationship is not going to be in the cards.  But i just remember that we are not broken we have just fallen down.  You know what a loving and full relationship looks like, something most people dont. Remember she would want you to be happy.  When its time it will happen.  Im still waiting but gratitude and hope are our weapons here.",https://reddit.com/r/datingoverthirty/comments/zkc6sm/_/j00a555/,General / Other
zkc6sm,Being completely vulnerable - I fear I'll be alone forever,datingoverthirty,415,https://reddit.com/r/datingoverthirty/comments/zkc6sm/being_completely_vulnerable_i_fear_ill_be_alone/,izzi82c,NSA_Chatbot,4,"Therapy and reframing.  

We all have sad stories, but the fact is when you're looking for a date people don't want to hear the tragic tale of Darth Plagueis the emo king.  Patch yourself up with gold like those busted japanese bowls (but use therapy instead of gold) and hope that you can find someone whose cracks work with yours.  

I mean, don't get me wrong, it fucking sucks that you're a widower and man, *fuck cancer.*  If your main thing is that you're a widower, that's not a great look.  If your main thing is your hobbies, that's better.  

Some people will think you're looking for a replacement and for some people that's exactly what they're searching for.   So yes, some people will have their guard up because they've run into more scammers than potential partners.  

Any guy on OLD",https://reddit.com/r/datingoverthirty/comments/zkc6sm/_/izzi82c/,General / Other
zkc6sm,Being completely vulnerable - I fear I'll be alone forever,datingoverthirty,415,https://reddit.com/r/datingoverthirty/comments/zkc6sm/being_completely_vulnerable_i_fear_ill_be_alone/,j008hsy,grasshopper241,4,"Dude, you sound like a catch. I wish I was a widower. I'm just divorced. You have marriage experience and yours didn't even fail.

Work on your profile and your self narrative and you'll kill it on OLD.",https://reddit.com/r/datingoverthirty/comments/zkc6sm/_/j008hsy/,Starting over after loss
zkc6sm,Being completely vulnerable - I fear I'll be alone forever,datingoverthirty,415,https://reddit.com/r/datingoverthirty/comments/zkc6sm/being_completely_vulnerable_i_fear_ill_be_alone/,j02i8y0,ricebowl0123,3,"Honestly, yes. I was in a relationship with a widower for 4 years and there was a lot of memory that the living cannot compete with, and at least with a divorcee there was a choice in ending the relationship.",https://reddit.com/r/datingoverthirty/comments/zkc6sm/_/j02i8y0/,Starting over after loss
zkc6sm,Being completely vulnerable - I fear I'll be alone forever,datingoverthirty,415,https://reddit.com/r/datingoverthirty/comments/zkc6sm/being_completely_vulnerable_i_fear_ill_be_alone/,j0g5f2g,paintingsandfriends,3,This is interesting. I’d prefer a widower. He might wistfully think about her cooking but least I don’t have to worry he’ll get back with her…,https://reddit.com/r/datingoverthirty/comments/zkc6sm/_/j0g5f2g/,General / Other
zkc6sm,Being completely vulnerable - I fear I'll be alone forever,datingoverthirty,415,https://reddit.com/r/datingoverthirty/comments/zkc6sm/being_completely_vulnerable_i_fear_ill_be_alone/,izzck90,MyThrowawayImmortal,3,"First of all, this sucks man. Here's a virtual hug. 

Secondly, I do wonder if you've been to therapy? I do not know anyone who would not date a widower. Like yes, it makes people pause, cause it's rare at our age, but it really depends how you talk about it, what are your first sentences to another person. Stupid 25-year olds might not think it's okay, I don't think a mature person would.
... Needless to say, if this interferes in your life to this day, you'll need to go to therapy to manage it.


Third, you don't have time pressure. Would be much worse if you were a woman who wanted children. Take a breath, it's going to be fine. Worst case you would have to be the older man with money and a young wife - not ideal, but better than alone, probably? It's an accepted way to live. But - see ",https://reddit.com/r/datingoverthirty/comments/zkc6sm/_/izzck90/,Coping with physical loneliness
zkc6sm,Being completely vulnerable - I fear I'll be alone forever,datingoverthirty,415,https://reddit.com/r/datingoverthirty/comments/zkc6sm/being_completely_vulnerable_i_fear_ill_be_alone/,j01s3ew,kyuuketsuki47,3,"I just turned 36. I literally met my girlfriend earlier this year and it's been fantastic. I met her rather randomly at a party. I didn't expect it and we just connected. Take every day as it comes, sometimes life will surprise you",https://reddit.com/r/datingoverthirty/comments/zkc6sm/_/j01s3ew/,General / Other
xtv71n,What are your green flags,datingoverthirty,413,https://reddit.com/r/datingoverthirty/comments/xtv71n/what_are_your_green_flags/,iqssw8i,Is44c82,100,I’m a firm believer in “become the person you want to attract.” Almost all of my stuff I want in a person I have. I like to lead by example. I can’t ask someone to be something/someone that I’m not.,https://reddit.com/r/datingoverthirty/comments/xtv71n/_/iqssw8i/,General / Other
xtv71n,What are your green flags,datingoverthirty,413,https://reddit.com/r/datingoverthirty/comments/xtv71n/what_are_your_green_flags/,iqsr33u,Is44c82,30,"That is essentially what all my green flags are. Someone that adds to my life and makes it better. My own life is hard enough, I don’t have the energy to try and live someone else’s life too.",https://reddit.com/r/datingoverthirty/comments/xtv71n/_/iqsr33u/,General / Other
xtv71n,What are your green flags,datingoverthirty,413,https://reddit.com/r/datingoverthirty/comments/xtv71n/what_are_your_green_flags/,iqssd8u,Is44c82,22,Not sure why for them but for me this is actually a big one. I didn’t post it because it almost felt like I was avoiding a red flag. Which is true. Living with someone that comes home and complains about their job for an hour every day and expects you to make them feel better is very mentally and emotionally draining.,https://reddit.com/r/datingoverthirty/comments/xtv71n/_/iqssd8u/,General / Other
xtv71n,What are your green flags,datingoverthirty,413,https://reddit.com/r/datingoverthirty/comments/xtv71n/what_are_your_green_flags/,iqt0pvr,Is44c82,19,There’s several ideologies on this. “You’re the average of the 5 closest people in your life” “Show me a person friends and I’ll tell you who they are” A guy who just has “players” as friends is more then likely a player himself. I’m assuming this is what they mean by this.,https://reddit.com/r/datingoverthirty/comments/xtv71n/_/iqt0pvr/,General / Other
xtv71n,What are your green flags,datingoverthirty,413,https://reddit.com/r/datingoverthirty/comments/xtv71n/what_are_your_green_flags/,iqstipf,Is44c82,16,"Great list. This list is very encouraging and it’s refreshing to see stuff like this. “Encourages me to do my own thing” is something I really value. It is surprising how few people think that way. It may just be me, but I feel there has been a huge shift towards people only caring about themselves. It didn’t seem that way 15 years ago.",https://reddit.com/r/datingoverthirty/comments/xtv71n/_/iqstipf/,Coping with physical loneliness
xtv71n,What are your green flags,datingoverthirty,413,https://reddit.com/r/datingoverthirty/comments/xtv71n/what_are_your_green_flags/,iqsry42,Is44c82,10,I got asked by a girl the other day what I did for fun as one of the first questions. Felt very refreshing. It wasn’t the lead with what is your job. I actually am not a fan of that question. It can feel like they are making sure you make decent money. Probably just a paranoia of mine. I don’t mind the question at some point. Just not as a checkpoint to see if they want to talk to me.,https://reddit.com/r/datingoverthirty/comments/xtv71n/_/iqsry42/,General / Other
xtv71n,What are your green flags,datingoverthirty,413,https://reddit.com/r/datingoverthirty/comments/xtv71n/what_are_your_green_flags/,iqtpsh4,68-whiskey,9,"I don't know: I disagree with the one commenter. I think putting it on your profile actually IS a good thing. The mental load that women have as the ""Task-Managers"" of households, the underlying head of households, is enormous. A lot of men don't see or can't visualize this clearly because, through no fault of their own, they were not raised to. You seem to have a much firmer grasp on what it means to manage and care for a household since you've been caring for one since an early age (I am sorry for that: I understand myself as a child of abject poverty). I think a lot of women's interest would be piqued, aaaabsoutely, if they were alerted to the fact that, ""hey, I'm a man who can hella help around the household, WITHOUT being asked to. I'm a total stud-muffin plus I'll change over the lau",https://reddit.com/r/datingoverthirty/comments/xtv71n/_/iqtpsh4/,General / Other
xtv71n,What are your green flags,datingoverthirty,413,https://reddit.com/r/datingoverthirty/comments/xtv71n/what_are_your_green_flags/,iqswecg,Is44c82,9,Omg! Let us know how it goes. That is so awesome. Maybe buy a wedding ring on the way! 😂,https://reddit.com/r/datingoverthirty/comments/xtv71n/_/iqswecg/,General / Other
xtv71n,What are your green flags,datingoverthirty,413,https://reddit.com/r/datingoverthirty/comments/xtv71n/what_are_your_green_flags/,iqsv3mr,Is44c82,7,I like the idea pool! It can be difficult being the only one to try and come up with things to do. I love to experience other peoples life and happiness. I have a lot of empathy so I would actually prefer to see someone else happy over myself. It actually is far more fulfilling and makes me happy. For instance I’d rather watch someone hit a good golf shot then hit one myself.,https://reddit.com/r/datingoverthirty/comments/xtv71n/_/iqsv3mr/,General / Other
xtv71n,What are your green flags,datingoverthirty,413,https://reddit.com/r/datingoverthirty/comments/xtv71n/what_are_your_green_flags/,iqt6z83,Is44c82,7,That’s very nice of you to say. You guys should exchange numbers!!!,https://reddit.com/r/datingoverthirty/comments/xtv71n/_/iqt6z83/,General / Other
xtv71n,What are your green flags,datingoverthirty,413,https://reddit.com/r/datingoverthirty/comments/xtv71n/what_are_your_green_flags/,iqtqvi0,Is44c82,6,"That is so nice to hear! I’m very happy for you! Yes, I’m a firm believer that focusing on yourself is the fastest way to find someone. It’s so magnetic and attractive when a person enjoys life.",https://reddit.com/r/datingoverthirty/comments/xtv71n/_/iqtqvi0/,General / Other
xtv71n,What are your green flags,datingoverthirty,413,https://reddit.com/r/datingoverthirty/comments/xtv71n/what_are_your_green_flags/,iqui1kv,IGNSolar7,6,I'm a guy that wants this on both sides. *Please have friends.* But I also know guys that hate this. They're generally not my friends.,https://reddit.com/r/datingoverthirty/comments/xtv71n/_/iqui1kv/,General / Other
xtv71n,What are your green flags,datingoverthirty,413,https://reddit.com/r/datingoverthirty/comments/xtv71n/what_are_your_green_flags/,iqvsgb9,Is44c82,6,Thanks for telling me this. It’s something I’m working on. I just don’t always think about it. I was raised that was a derogatory term. I get anxiety just typing the word. I was taught to say lady and girl. I usually say girl for peers. I actually recently learned that lady is apparently derogatory. I got shredded for saying it. I struggle keeping up with social norms.,https://reddit.com/r/datingoverthirty/comments/xtv71n/_/iqvsgb9/,General / Other
xtv71n,What are your green flags,datingoverthirty,413,https://reddit.com/r/datingoverthirty/comments/xtv71n/what_are_your_green_flags/,iqsx4a2,Is44c82,6,"If you’re curious how someone will talk about you, than listen to how they talked about others. Kindness is a dealbreaker for me. Someone that is always talking negatively about everyone is so draining.",https://reddit.com/r/datingoverthirty/comments/xtv71n/_/iqsx4a2/,General / Other
xtv71n,What are your green flags,datingoverthirty,413,https://reddit.com/r/datingoverthirty/comments/xtv71n/what_are_your_green_flags/,iqsrjp7,Is44c82,5,This is so true. The effort part is especially important. I realized in my last relationship that I need to feel desired by the other person. Not in a sexual way but in that they enjoy my company.,https://reddit.com/r/datingoverthirty/comments/xtv71n/_/iqsrjp7/,General / Other
xtv71n,What are your green flags,datingoverthirty,413,https://reddit.com/r/datingoverthirty/comments/xtv71n/what_are_your_green_flags/,iqsws0a,Is44c82,5,"Interesting, I never would’ve considered either of these. I like to smile and wave at babies. I always am paranoid people will think I’m an old creep pedophile. I don’t care though, it makes the baby smile and laugh.",https://reddit.com/r/datingoverthirty/comments/xtv71n/_/iqsws0a/,General / Other
d4oz9l,Birthday blues,datingoverthirty,379,https://reddit.com/r/datingoverthirty/comments/d4oz9l/birthday_blues/,f0ffqid,Dublingirl123,96,"Thank you- love this answer! I put on some Taylor Swift and got dressed and cleaned a little, made some coffee, and now I’m studying. Might go out later:)",https://reddit.com/r/datingoverthirty/comments/d4oz9l/_/f0ffqid/,General / Other
d4oz9l,Birthday blues,datingoverthirty,379,https://reddit.com/r/datingoverthirty/comments/d4oz9l/birthday_blues/,f0ftnpz,Dublingirl123,9,Thank you:),https://reddit.com/r/datingoverthirty/comments/d4oz9l/_/f0ftnpz/,General / Other
d4oz9l,Birthday blues,datingoverthirty,379,https://reddit.com/r/datingoverthirty/comments/d4oz9l/birthday_blues/,f0eyuxq,Dublingirl123,4,Haha that’s a sweet suggestion but it would make me sadder when no one shows up lol,https://reddit.com/r/datingoverthirty/comments/d4oz9l/_/f0eyuxq/,General / Other
d4oz9l,Birthday blues,datingoverthirty,379,https://reddit.com/r/datingoverthirty/comments/d4oz9l/birthday_blues/,f0g6ld9,ikeif,2,"Mine is November 30th. If it wasn't for Facebook, I wouldn't get messages about it, as the only.people that reach out are my ex-in-laws to say it. 

Between Thabksgivong and Christmas, so no one ""feels"" like going out post Thanksgiving, or wants to save money before Christmas. 

So solo birthday is what I usually do - I go somewhere nice, I order dessert, I order a stiff drink, and I cheers myself to another year survived as a single dad.",https://reddit.com/r/datingoverthirty/comments/d4oz9l/_/f0g6ld9/,General / Other
d4oz9l,Birthday blues,datingoverthirty,379,https://reddit.com/r/datingoverthirty/comments/d4oz9l/birthday_blues/,f0glpqd,Dublingirl123,2,EMT course:) thanks!,https://reddit.com/r/datingoverthirty/comments/d4oz9l/_/f0glpqd/,General / Other
qctm87,"We have amazing chemistry and get along really well, but my [31/F] hand tremor makes him [35/M] ""uncomfortable"". Should I continue seeing him?",datingoverthirty,376,https://reddit.com/r/datingoverthirty/comments/qctm87/we_have_amazing_chemistry_and_get_along_really/,hhi0y2x,beaniemoo,126,"Please 🙏 find a better guy. I'm saying it from a guy's perspective. What I learned from my ex-GF is that when you like or love someone, you accept them as a whole and with flaws. 

It seems that he isn't kind enough to accept you with your condition, yet feel ok to keep his to himself. That's selfish right there. 

Based on a bit of comment here and there, it looks like he cares more about what the public thinks. And I can assure you that is never going to end well for the lady side. 

On top of that, he's still married. You won't be sure when they'll be ""legally able to"" do something about it. How long would it take? I meant they said they separated one or two years already; they could have finalized their divorce by now. 

Don't feel bad or anything. At this age, it's tough to know someo",https://reddit.com/r/datingoverthirty/comments/qctm87/_/hhi0y2x/,Starting over after loss
qctm87,"We have amazing chemistry and get along really well, but my [31/F] hand tremor makes him [35/M] ""uncomfortable"". Should I continue seeing him?",datingoverthirty,376,https://reddit.com/r/datingoverthirty/comments/qctm87/we_have_amazing_chemistry_and_get_along_really/,hhi5ytm,AccomplishedTime5451,117,Thanks! Although he does tell me I should have more self-confidence because I'm beautiful/intelligent/sexy etc...,https://reddit.com/r/datingoverthirty/comments/qctm87/_/hhi5ytm/,Building self-worth
qctm87,"We have amazing chemistry and get along really well, but my [31/F] hand tremor makes him [35/M] ""uncomfortable"". Should I continue seeing him?",datingoverthirty,376,https://reddit.com/r/datingoverthirty/comments/qctm87/we_have_amazing_chemistry_and_get_along_really/,hhi7562,AccomplishedTime5451,79,Lol thanks.,https://reddit.com/r/datingoverthirty/comments/qctm87/_/hhi7562/,General / Other
qctm87,"We have amazing chemistry and get along really well, but my [31/F] hand tremor makes him [35/M] ""uncomfortable"". Should I continue seeing him?",datingoverthirty,376,https://reddit.com/r/datingoverthirty/comments/qctm87/we_have_amazing_chemistry_and_get_along_really/,hhi5wky,AccomplishedTime5451,33,Good point! Thanks.,https://reddit.com/r/datingoverthirty/comments/qctm87/_/hhi5wky/,General / Other
qctm87,"We have amazing chemistry and get along really well, but my [31/F] hand tremor makes him [35/M] ""uncomfortable"". Should I continue seeing him?",datingoverthirty,376,https://reddit.com/r/datingoverthirty/comments/qctm87/we_have_amazing_chemistry_and_get_along_really/,hhi0vix,AccomplishedTime5451,31,"Thanks for your response.

I was a bit disappointed he didn't tell me, although I understand why he didn't. It wouldn't have been a dealbreaker even if he had told me.

It was six hours ago, and I followed up with a text message apologising. I'm yet to hear.",https://reddit.com/r/datingoverthirty/comments/qctm87/_/hhi0vix/,General / Other
qctm87,"We have amazing chemistry and get along really well, but my [31/F] hand tremor makes him [35/M] ""uncomfortable"". Should I continue seeing him?",datingoverthirty,376,https://reddit.com/r/datingoverthirty/comments/qctm87/we_have_amazing_chemistry_and_get_along_really/,hhi85ka,AccomplishedTime5451,23,Thanks so much. I appreciate the reality check.,https://reddit.com/r/datingoverthirty/comments/qctm87/_/hhi85ka/,General / Other
qctm87,"We have amazing chemistry and get along really well, but my [31/F] hand tremor makes him [35/M] ""uncomfortable"". Should I continue seeing him?",datingoverthirty,376,https://reddit.com/r/datingoverthirty/comments/qctm87/we_have_amazing_chemistry_and_get_along_really/,hhi7kf6,AccomplishedTime5451,21,Thanks so much for your post. I'm sorry you had a rough experience with your ex. I guess it's time for me to move on to greener pastures.,https://reddit.com/r/datingoverthirty/comments/qctm87/_/hhi7kf6/,General / Other
qctm87,"We have amazing chemistry and get along really well, but my [31/F] hand tremor makes him [35/M] ""uncomfortable"". Should I continue seeing him?",datingoverthirty,376,https://reddit.com/r/datingoverthirty/comments/qctm87/we_have_amazing_chemistry_and_get_along_really/,hhi2ac4,AccomplishedTime5451,18,I guess I was just apologising for prematurely ending the conversation because I became upset. It will be interesting to see if he ghosts me now.,https://reddit.com/r/datingoverthirty/comments/qctm87/_/hhi2ac4/,Understanding rejection
qctm87,"We have amazing chemistry and get along really well, but my [31/F] hand tremor makes him [35/M] ""uncomfortable"". Should I continue seeing him?",datingoverthirty,376,https://reddit.com/r/datingoverthirty/comments/qctm87/we_have_amazing_chemistry_and_get_along_really/,hhi1ciw,AccomplishedTime5451,18,Thanks so much. I really appreciate it.,https://reddit.com/r/datingoverthirty/comments/qctm87/_/hhi1ciw/,General / Other
qctm87,"We have amazing chemistry and get along really well, but my [31/F] hand tremor makes him [35/M] ""uncomfortable"". Should I continue seeing him?",datingoverthirty,376,https://reddit.com/r/datingoverthirty/comments/qctm87/we_have_amazing_chemistry_and_get_along_really/,hhi5uth,AccomplishedTime5451,14,Thanks.,https://reddit.com/r/datingoverthirty/comments/qctm87/_/hhi5uth/,General / Other
qctm87,"We have amazing chemistry and get along really well, but my [31/F] hand tremor makes him [35/M] ""uncomfortable"". Should I continue seeing him?",datingoverthirty,376,https://reddit.com/r/datingoverthirty/comments/qctm87/we_have_amazing_chemistry_and_get_along_really/,hhi6wu4,AccomplishedTime5451,14,Thanks for your post. I am quite hurt.,https://reddit.com/r/datingoverthirty/comments/qctm87/_/hhi6wu4/,General / Other
qctm87,"We have amazing chemistry and get along really well, but my [31/F] hand tremor makes him [35/M] ""uncomfortable"". Should I continue seeing him?",datingoverthirty,376,https://reddit.com/r/datingoverthirty/comments/qctm87/we_have_amazing_chemistry_and_get_along_really/,hhi60ts,AccomplishedTime5451,12,Lol thanks.,https://reddit.com/r/datingoverthirty/comments/qctm87/_/hhi60ts/,General / Other
qctm87,"We have amazing chemistry and get along really well, but my [31/F] hand tremor makes him [35/M] ""uncomfortable"". Should I continue seeing him?",datingoverthirty,376,https://reddit.com/r/datingoverthirty/comments/qctm87/we_have_amazing_chemistry_and_get_along_really/,hhi62dl,AccomplishedTime5451,11,"True, thanks.",https://reddit.com/r/datingoverthirty/comments/qctm87/_/hhi62dl/,General / Other
qctm87,"We have amazing chemistry and get along really well, but my [31/F] hand tremor makes him [35/M] ""uncomfortable"". Should I continue seeing him?",datingoverthirty,376,https://reddit.com/r/datingoverthirty/comments/qctm87/we_have_amazing_chemistry_and_get_along_really/,hhjlb3c,Messcapee,11,"I'll have you know that I myself have dated a guy who was separated but still married, and I got left high and dry AND he didn't go back to his wife. (He did get a fresh girlfriend instantaneously though lol. Not sure what I expected). 

Divorce does take a year to go through though, and not all marriages need a year of mourning imo.",https://reddit.com/r/datingoverthirty/comments/qctm87/_/hhjlb3c/,Starting over after loss
qctm87,"We have amazing chemistry and get along really well, but my [31/F] hand tremor makes him [35/M] ""uncomfortable"". Should I continue seeing him?",datingoverthirty,376,https://reddit.com/r/datingoverthirty/comments/qctm87/we_have_amazing_chemistry_and_get_along_really/,hhi704f,AccomplishedTime5451,10,"He said he misses having someone around, and that he really enjoys spending time with me and having me in the house.",https://reddit.com/r/datingoverthirty/comments/qctm87/_/hhi704f/,General / Other
qctm87,"We have amazing chemistry and get along really well, but my [31/F] hand tremor makes him [35/M] ""uncomfortable"". Should I continue seeing him?",datingoverthirty,376,https://reddit.com/r/datingoverthirty/comments/qctm87/we_have_amazing_chemistry_and_get_along_really/,hhi0awn,AccomplishedTime5451,9,Thanks!,https://reddit.com/r/datingoverthirty/comments/qctm87/_/hhi0awn/,General / Other
1pntiqw,What's your dating wrapped 2025?,datingoverthirty,367,https://reddit.com/r/datingoverthirty/comments/1pntiqw/whats_your_dating_wrapped_2025/,nucr7k2,DammitMaxwell,30,"JANUARY: Began dating what has turned out to be my longest relationship since my divorce three years ago.  Instant strong connection.  Became the first girl post divorce to meet my daughter and family, and I spent quality time with her kids too.  Felt like I’d finally found my person.

JUNE: I need reconstructive surgery.  Girlfriend encourages me to get it and volunteers to stay with me to help with the recovery.

JULY: Within about one week of my surgery and with me now temporarily in a wheelchair, girlfriend breaks up with me, feels retroactively that we were never really dating and were just friends.  

We’d exclusively had sex for six months, spent time with each other’s families, taken care of each other when we were ill, gone on dates and made future plans, I’ve got six months worth",https://reddit.com/r/datingoverthirty/comments/1pntiqw/_/nucr7k2/,Escaping the friend zone
1pntiqw,What's your dating wrapped 2025?,datingoverthirty,367,https://reddit.com/r/datingoverthirty/comments/1pntiqw/whats_your_dating_wrapped_2025/,nud593i,_voodoo_child,7,This is awesome. Your description of your dynamic and feeling with your new girlfriend is exactly what I’m looking for! Happy for you!!,https://reddit.com/r/datingoverthirty/comments/1pntiqw/_/nud593i/,General / Other
v6tm8g,"Confused: I feel the need to date, I can't bring myself to actually connect with someone new",datingoverthirty,351,https://reddit.com/r/datingoverthirty/comments/v6tm8g/confused_i_feel_the_need_to_date_i_cant_bring/,ibhigx1,Not-DOT,64,"&gt;I (M32) came out of a relationship of 3 years about 3 months ago. 

--

&gt;I feel confused. I feel the need to date and have fun, but when the opportunity strikes if I don't feel impressed for whatever unconscious reasons with the girl in front of me, I can't feel the urge to try and connect with her.

Because you're not ready to date. You just got out of a 3 year relationship. Chill out for a bit by yourself. It's ok to be alone for a while.",https://reddit.com/r/datingoverthirty/comments/v6tm8g/_/ibhigx1/,General / Other
v6tm8g,"Confused: I feel the need to date, I can't bring myself to actually connect with someone new",datingoverthirty,351,https://reddit.com/r/datingoverthirty/comments/v6tm8g/confused_i_feel_the_need_to_date_i_cant_bring/,ibhhcpo,sethcera,5,Don’t be afraid to take more time. I usually need 6 months after long relationships to lose all attachments or the need to compare everyone to my ex. I suggest you read a book called “single on purpose”. Focus on yourself and you’ll know when it’s time to reconnect with a person. 37m stopped dating 11 months ago due to traumatic toxic relationship. I am now back in the dating pool and feeling good/confident. I hope the same for you. Cheers.,https://reddit.com/r/datingoverthirty/comments/v6tm8g/_/ibhhcpo/,General / Other
bj4mul,Uncertainty vs HELL YES,datingoverthirty,341,https://reddit.com/r/datingoverthirty/comments/bj4mul/uncertainty_vs_hell_yes/,em5lvej,IamAFortress,18,Exactly!! Open communication and not having to wonder. Its extremely refreshing!,https://reddit.com/r/datingoverthirty/comments/bj4mul/_/em5lvej/,General / Other
bj4mul,Uncertainty vs HELL YES,datingoverthirty,341,https://reddit.com/r/datingoverthirty/comments/bj4mul/uncertainty_vs_hell_yes/,em5pjq1,IamAFortress,14,"When I was younger I used to always chase the guys who were wishy washy and when they would act like they didnt want me made me want them more, and then the guys who actually showed interest in me, I ended up not being interested in. It wasn't a healthy was of viewing dating. This time I'm glad my views have changed enough to see that that didnt work for me and actually was self sabotaging. Pursuing the prospect that is being clear with his intentions is what I'm going to choose to do in this case. I'm 38yrs old and in the prime of my life and dont have any interest in sitting around wondering if someone wants something more than a friendship with me. 

This approach doesnt work for everyone, and by the looks of it,  many of you dont mind spending time waiting to see if someone will be cle",https://reddit.com/r/datingoverthirty/comments/bj4mul/_/em5pjq1/,Getting over approach anxiety
bj4mul,Uncertainty vs HELL YES,datingoverthirty,341,https://reddit.com/r/datingoverthirty/comments/bj4mul/uncertainty_vs_hell_yes/,em6nk4m,IamAFortress,9,I've never understood the dating height requirement. I've dated tall and I've dated significantly shorter than me. Didnt make a difference either way. I agree with you!,https://reddit.com/r/datingoverthirty/comments/bj4mul/_/em6nk4m/,General / Other
bj4mul,Uncertainty vs HELL YES,datingoverthirty,341,https://reddit.com/r/datingoverthirty/comments/bj4mul/uncertainty_vs_hell_yes/,em5lfiq,IamAFortress,8,"It was built in 1900, I'm in WA state and we have a lot of old logging towns that definitely like the old west!",https://reddit.com/r/datingoverthirty/comments/bj4mul/_/em5lfiq/,General / Other
bj4mul,Uncertainty vs HELL YES,datingoverthirty,341,https://reddit.com/r/datingoverthirty/comments/bj4mul/uncertainty_vs_hell_yes/,em6j05s,IamAFortress,8,"I don't want this to sound arrogant because it's not, but Im a very attractive woman and I look at least 10yrs younger than I am. I know getting dates is easier for women so that's probably why.",https://reddit.com/r/datingoverthirty/comments/bj4mul/_/em6j05s/,General / Other
bj4mul,Uncertainty vs HELL YES,datingoverthirty,341,https://reddit.com/r/datingoverthirty/comments/bj4mul/uncertainty_vs_hell_yes/,em5li0b,IamAFortress,7,"http://imgur.com/gallery/bdLrNpQ

This was hanging from the ceiling",https://reddit.com/r/datingoverthirty/comments/bj4mul/_/em5li0b/,General / Other
bj4mul,Uncertainty vs HELL YES,datingoverthirty,341,https://reddit.com/r/datingoverthirty/comments/bj4mul/uncertainty_vs_hell_yes/,em5onjx,IamAFortress,6,"Well, the 2nd time I asked him if he wanted to go out again he said ""maybe"" and then suddenly no communication. So I'm back off.

I'm not describing brakes-off interest with the date today, what I'm describing is interest that let's me know clearly and openly that he is interested and doesnt leave me guessing by refusing to make time to continue dating. There's a real clear line between ""yes I want to date"" and ""well, maybe if I have time "". I've done the full speed again brakes off interest in my past and no, that's not a good thing.  But this isn't that, this is being straightforward rather than wishy washy.",https://reddit.com/r/datingoverthirty/comments/bj4mul/_/em5onjx/,General / Other
bj4mul,Uncertainty vs HELL YES,datingoverthirty,341,https://reddit.com/r/datingoverthirty/comments/bj4mul/uncertainty_vs_hell_yes/,em5rk0g,IamAFortress,4,Exactly! I'm not interested in running after maybes at this point in my life.,https://reddit.com/r/datingoverthirty/comments/bj4mul/_/em5rk0g/,General / Other
bj4mul,Uncertainty vs HELL YES,datingoverthirty,341,https://reddit.com/r/datingoverthirty/comments/bj4mul/uncertainty_vs_hell_yes/,em5b2av,[deleted],4,"Very well done!

Sounds like you found a man who knows how to properly date like an adult. 

You definitely want to spend your time on/with those types. 

It's arguable about the tinder/bumble comparison but I' wouldn't really know how it is for women as a guy. For a guy it's about the same.",https://reddit.com/r/datingoverthirty/comments/bj4mul/_/em5b2av/,Finding where to meet women
bj4mul,Uncertainty vs HELL YES,datingoverthirty,341,https://reddit.com/r/datingoverthirty/comments/bj4mul/uncertainty_vs_hell_yes/,em6x80u,IamAFortress,3,Oh yes!!! I look better and feel better than I ever have and I'm looking to enjoy it!,https://reddit.com/r/datingoverthirty/comments/bj4mul/_/em6x80u/,General / Other
bj4mul,Uncertainty vs HELL YES,datingoverthirty,341,https://reddit.com/r/datingoverthirty/comments/bj4mul/uncertainty_vs_hell_yes/,em5m25y,IamAFortress,3,Not sure how you came to that conclusion but it isn't valid.,https://reddit.com/r/datingoverthirty/comments/bj4mul/_/em5m25y/,General / Other
12yr4kk,Girlfriend’s dog is a problem,datingoverthirty,330,https://reddit.com/r/datingoverthirty/comments/12yr4kk/girlfriends_dog_is_a_problem/,jhooeuo,plantsfortherapy,126,"No, the dog hasn’t had much training really. Walks are even a challenge. He kind of goes nuts at the sight of another dog. So, I agree the dog needs someone to train it, but I feel like it needs to be on her initiative.",https://reddit.com/r/datingoverthirty/comments/12yr4kk/_/jhooeuo/,General / Other
12yr4kk,Girlfriend’s dog is a problem,datingoverthirty,330,https://reddit.com/r/datingoverthirty/comments/12yr4kk/girlfriends_dog_is_a_problem/,jhovkrh,Quillhunter57,68,"I do not understand why your girlfriend is neglecting the training of her dog, not just for the protection of those around the animal but for the dog itself. It sounds quite reactionary and it might be wise for the three of you (you, her and the dog) to engage a reputable trainer and figure this out. I would not move a child into the situation until this is resolved to your satisfaction and comfort, but your girlfriend has to take ownership of this getting out of hand and she has to drive the solution.",https://reddit.com/r/datingoverthirty/comments/12yr4kk/_/jhovkrh/,General / Other
12yr4kk,Girlfriend’s dog is a problem,datingoverthirty,330,https://reddit.com/r/datingoverthirty/comments/12yr4kk/girlfriends_dog_is_a_problem/,jhp5rk3,plantsfortherapy,33,Appreciate the input from a professional background,https://reddit.com/r/datingoverthirty/comments/12yr4kk/_/jhp5rk3/,General / Other
12yr4kk,Girlfriend’s dog is a problem,datingoverthirty,330,https://reddit.com/r/datingoverthirty/comments/12yr4kk/girlfriends_dog_is_a_problem/,jhqhq0g,plantsfortherapy,26,This is the direction I think I’m going. Gut says dog is a dealbreaker for me I think.,https://reddit.com/r/datingoverthirty/comments/12yr4kk/_/jhqhq0g/,General / Other
12yr4kk,Girlfriend’s dog is a problem,datingoverthirty,330,https://reddit.com/r/datingoverthirty/comments/12yr4kk/girlfriends_dog_is_a_problem/,jhp2e0g,plantsfortherapy,15,Good advice on approach language. Thanks,https://reddit.com/r/datingoverthirty/comments/12yr4kk/_/jhp2e0g/,Getting over approach anxiety
12yr4kk,Girlfriend’s dog is a problem,datingoverthirty,330,https://reddit.com/r/datingoverthirty/comments/12yr4kk/girlfriends_dog_is_a_problem/,jhopbb5,wreck_it_nacho,15,"neglected dog is a ticking time bomb.

Edit. Not very constructive, on my initial post. I was in the same situation but It happened when we moved in together. So basically she has a dog that stays on the house (apartment) 90% of the time and has no behavioral boundaries ( constant discussions with her about this). She just basically uses the dog as an emotional comfort animal, he is very spoiled. So it all started when I moved in, he was very territorial to the point of pissing and pooing my belongings were I used to stand or rest. One time he bite me, but it was only one time and he learned the hard way to not attack people. This is why is valid to keep your children away and have a real talk about educating that dog or removing it from the relationship. 

Because the owner works, she onl",https://reddit.com/r/datingoverthirty/comments/12yr4kk/_/jhopbb5/,General / Other
12yr4kk,Girlfriend’s dog is a problem,datingoverthirty,330,https://reddit.com/r/datingoverthirty/comments/12yr4kk/girlfriends_dog_is_a_problem/,jhp28ol,plantsfortherapy,14,I really struggle with the fact she is scared of him. This is what nobody is talking about too. What it would take to make HER feel safe too…even after/if the dog behavior is remedied.,https://reddit.com/r/datingoverthirty/comments/12yr4kk/_/jhp28ol/,General / Other
12yr4kk,Girlfriend’s dog is a problem,datingoverthirty,330,https://reddit.com/r/datingoverthirty/comments/12yr4kk/girlfriends_dog_is_a_problem/,jhop947,plantsfortherapy,13,This is fair. Thanks for your thoughts.,https://reddit.com/r/datingoverthirty/comments/12yr4kk/_/jhop947/,General / Other
12yr4kk,Girlfriend’s dog is a problem,datingoverthirty,330,https://reddit.com/r/datingoverthirty/comments/12yr4kk/girlfriends_dog_is_a_problem/,jhoqzd6,plantsfortherapy,12,Thanks for the input!,https://reddit.com/r/datingoverthirty/comments/12yr4kk/_/jhoqzd6/,General / Other
12yr4kk,Girlfriend’s dog is a problem,datingoverthirty,330,https://reddit.com/r/datingoverthirty/comments/12yr4kk/girlfriends_dog_is_a_problem/,jhp20mh,plantsfortherapy,11,I take full responsibility for the wake of resentment this might cause. I’ve thought about it and am aware this is a possible consequence. I don’t want to give an ultimatum. I’d likely leave before an ultimatum knowing the downwind effects of one.,https://reddit.com/r/datingoverthirty/comments/12yr4kk/_/jhp20mh/,General / Other
12yr4kk,Girlfriend’s dog is a problem,datingoverthirty,330,https://reddit.com/r/datingoverthirty/comments/12yr4kk/girlfriends_dog_is_a_problem/,jhpjxm8,PM_ME_BrusselSprouts,10,"If you put your daughter in harm way will you be able to forgive yourself when something bad happens? I can't imagine forcing someone I love to live in a constant state of fear/danger. 

Your girlfriend has a decision to make: you or the dog. I'm sorry but the kind of person who lets their dog rule the house like that... Well it's not looking good for you.",https://reddit.com/r/datingoverthirty/comments/12yr4kk/_/jhpjxm8/,General / Other
12yr4kk,Girlfriend’s dog is a problem,datingoverthirty,330,https://reddit.com/r/datingoverthirty/comments/12yr4kk/girlfriends_dog_is_a_problem/,jhp60ay,plantsfortherapy,9,Oof thanks for the reality check on cost.,https://reddit.com/r/datingoverthirty/comments/12yr4kk/_/jhp60ay/,General / Other
12yr4kk,Girlfriend’s dog is a problem,datingoverthirty,330,https://reddit.com/r/datingoverthirty/comments/12yr4kk/girlfriends_dog_is_a_problem/,jhoulug,plantsfortherapy,9,Good point isolating the dog will exacerbate things. Hadn’t thought of that.,https://reddit.com/r/datingoverthirty/comments/12yr4kk/_/jhoulug/,General / Other
12yr4kk,Girlfriend’s dog is a problem,datingoverthirty,330,https://reddit.com/r/datingoverthirty/comments/12yr4kk/girlfriends_dog_is_a_problem/,jhouikq,plantsfortherapy,8,Thanks for pointing out putting the dog up is not fair for anyone.,https://reddit.com/r/datingoverthirty/comments/12yr4kk/_/jhouikq/,General / Other
12yr4kk,Girlfriend’s dog is a problem,datingoverthirty,330,https://reddit.com/r/datingoverthirty/comments/12yr4kk/girlfriends_dog_is_a_problem/,jhownso,plantsfortherapy,8,"I didn’t mention the breed of the dog, because I don’t know what it is and neither does she. It’s not a pit. It’s a large breed. He’d go toe to toe with an american bulldog though. Real similar build to it.",https://reddit.com/r/datingoverthirty/comments/12yr4kk/_/jhownso/,General / Other
12yr4kk,Girlfriend’s dog is a problem,datingoverthirty,330,https://reddit.com/r/datingoverthirty/comments/12yr4kk/girlfriends_dog_is_a_problem/,jhptuib,BonetaBelle,7,"Yeah, I usually wouldn't go for them but I'm also concerned about his daughter, her daughter, as well as her daughter having friends over in the future when she is older. I'm worried any of these people could get bit... so I'm seeing this as more of a safety issue and less of a relationship issue... it's concerning the dog was snippy with its own family!

My extended family had a dog like that and the dog did end up biting and injuring multiple house guests, so that is why I believe this is an issue OP's girlfriend needs to deal with ASAP.",https://reddit.com/r/datingoverthirty/comments/12yr4kk/_/jhptuib/,General / Other
12yr4kk,Girlfriend’s dog is a problem,datingoverthirty,330,https://reddit.com/r/datingoverthirty/comments/12yr4kk/girlfriends_dog_is_a_problem/,jhq9btz,plantsfortherapy,3,I’m with you on trusting the gut. And my gut is LOUD on this one. Telling her I don’t want my daughter around him was a no brainer. The more I think and read all the responses telling stories of dogs who have had behavior intervention still have a problem makes my gut say don’t trust this animal. :/,https://reddit.com/r/datingoverthirty/comments/12yr4kk/_/jhq9btz/,General / Other
own86i,How do you come to terms with being the toxic one?,datingoverthirty,330,https://reddit.com/r/datingoverthirty/comments/own86i/how_do_you_come_to_terms_with_being_the_toxic_one/,h7hrufu,Background-Radish-63,2,I (34M) had the same experience with my wife - she left me ten days before our five year anniversary. Let me know if you get a good answer because I still haven’t come to peace with it.,https://reddit.com/r/datingoverthirty/comments/own86i/_/h7hrufu/,General / Other
vamtzy,37M here. How do you not beat yourself up over a long string of failures and the loss of your youth?,datingoverthirty,315,https://reddit.com/r/datingoverthirty/comments/vamtzy/37m_here_how_do_you_not_beat_yourself_up_over_a/,ic3swww,DieByFlyGuy,18,Kinda feel similar to you man 38M nine months removed from a breakup that took everything from me. It’s a little annoying being this close to 40 and starting over again.,https://reddit.com/r/datingoverthirty/comments/vamtzy/_/ic3swww/,Starting over after loss
vamtzy,37M here. How do you not beat yourself up over a long string of failures and the loss of your youth?,datingoverthirty,315,https://reddit.com/r/datingoverthirty/comments/vamtzy/37m_here_how_do_you_not_beat_yourself_up_over_a/,ic42zmq,ashran3050,18,"38m here. Lost my fiance to alcoholism in my early 20s, and I've been mostly single since. 

My only real advice is, understand being in a relationship is only like 1-2% of life. There's so much to do and accomplish, but we always focus on that one small aspect (dating) and not the 98% of life we're currently living. 

And honestly, once I started appreciating that 98%, dates/friends/relationships come a lot easier! 

Also, as a 38m with no kids, I definitely look at single women in there early 40s. Lots of guys my age do. Plenty of people who are hitting close to middle age who are now looking to settle down. 

You're not behind one bit! Go enjoy life and what it has to offer!",https://reddit.com/r/datingoverthirty/comments/vamtzy/_/ic42zmq/,General / Other
vamtzy,37M here. How do you not beat yourself up over a long string of failures and the loss of your youth?,datingoverthirty,315,https://reddit.com/r/datingoverthirty/comments/vamtzy/37m_here_how_do_you_not_beat_yourself_up_over_a/,ic67ftb,SuperMinnesotanOhhYa,4,"Thank you so much for this. I spent today at the Grand Canyon (which was AMAAAAZING) so I'm only just now reading all the replies I got (kinda astounded that there are so many).

What you said about me simply wanting to get ahead of all of the ""work on yourself"" stuff is absolutely true. I mean, sure, I'll admit that I'm not perfect and that I can probably work on more stuff regarding myself, but you're right that I do feel like I've done *enough* to make myself into someone that other people would want to date. I'm positive that married people have plenty of flaws of their own and that they didn't achieve their marriages by being perfect human beings. All I meant to say there was that I just don't see myself as someone with more to fix than anyone else who has attracted a partner strongly",https://reddit.com/r/datingoverthirty/comments/vamtzy/_/ic67ftb/,General / Other
vamtzy,37M here. How do you not beat yourself up over a long string of failures and the loss of your youth?,datingoverthirty,315,https://reddit.com/r/datingoverthirty/comments/vamtzy/37m_here_how_do_you_not_beat_yourself_up_over_a/,ic3xepu,IrunsoIcaneatcookies,3,"45M here. Don’t panic, I recently joined OLD for the first time in February after a 17 year relationship.

I set my age range from 38 - 50 and I promise you there are gorgeous woman in that range and if you are as attractive as you say you are, you get matches/likes.

In terms of the quality of conversations you are currently having, make sure you’re not matching too young and that you discuss something in their bios. A lot of people will tell you to skip women that have empty bios because it comes across as low effort, but women don’t need to and will still get likes/matches. So skip them at your own detriment, but remember it is a numbers game.

Bottom line, there are quality women of all ages out there so don’t panic.",https://reddit.com/r/datingoverthirty/comments/vamtzy/_/ic3xepu/,Fear of intimacy after abstinence
vamtzy,37M here. How do you not beat yourself up over a long string of failures and the loss of your youth?,datingoverthirty,315,https://reddit.com/r/datingoverthirty/comments/vamtzy/37m_here_how_do_you_not_beat_yourself_up_over_a/,ic4xbuw,Proud_Resort7407,3,Dating over 40 is a nightmare for women and men who haven't got their shit together.  You sound like your career and health are on point so you are essentially at your peak time as a man.  Stop thinking about where you were 5 years ago and start thinking about where you want to be tomorrow.,https://reddit.com/r/datingoverthirty/comments/vamtzy/_/ic4xbuw/,General / Other
zquwe2,"He cheated on his ex, is it foolish to think he could be loyal?",datingoverthirty,308,https://reddit.com/r/datingoverthirty/comments/zquwe2/he_cheated_on_his_ex_is_it_foolish_to_think_he/,j11smz7,Engineer_in_work,57,"As a guy who was cheated on after 10 years of marriage I understand exactly what you’re saying. Personally I definitely won’t continue any relationship where the other person admitted to cheating. Cheating isn’t an accident, it’s not a “quick” mistake. It takes time and calculated decisions to end up in a position to even have an opportunity to cheat. 
I barely survived my divorce, if I didn’t have a son that depended on me I probably wouldn’t have survived it. 

In short, cheating is intentional and people with intentions like that don’t ever change. They get better at hiding their motives.",https://reddit.com/r/datingoverthirty/comments/zquwe2/_/j11smz7/,Starting over after loss
1icetv2,"Not dating other people, but not ready for a relationship. What do I do?",datingoverthirty,307,https://reddit.com/r/datingoverthirty/comments/1icetv2/not_dating_other_people_but_not_ready_for_a/,m9qgffs,OliSykesFutureWife,38,Thank you &lt;3. It's so tough and we deserve the world!,https://reddit.com/r/datingoverthirty/comments/1icetv2/_/m9qgffs/,General / Other
1icetv2,"Not dating other people, but not ready for a relationship. What do I do?",datingoverthirty,307,https://reddit.com/r/datingoverthirty/comments/1icetv2/not_dating_other_people_but_not_ready_for_a/,m9q9un8,OliSykesFutureWife,23,"You're completely right. I do believe there is potential for this to have a future, but I know that the more I hold onto it in the present, the less I'm going let him have the breathing space to learn and grow to become ready. But like you said, they're so, so hard to step back from and I'm so terrified.",https://reddit.com/r/datingoverthirty/comments/1icetv2/_/m9q9un8/,General / Other
1icetv2,"Not dating other people, but not ready for a relationship. What do I do?",datingoverthirty,307,https://reddit.com/r/datingoverthirty/comments/1icetv2/not_dating_other_people_but_not_ready_for_a/,m9qi7xr,OliSykesFutureWife,16,You're right. I know it.,https://reddit.com/r/datingoverthirty/comments/1icetv2/_/m9qi7xr/,General / Other
1icetv2,"Not dating other people, but not ready for a relationship. What do I do?",datingoverthirty,307,https://reddit.com/r/datingoverthirty/comments/1icetv2/not_dating_other_people_but_not_ready_for_a/,m9qb0al,OliSykesFutureWife,12,I know you're right. I have no other choice.,https://reddit.com/r/datingoverthirty/comments/1icetv2/_/m9qb0al/,General / Other
1icetv2,"Not dating other people, but not ready for a relationship. What do I do?",datingoverthirty,307,https://reddit.com/r/datingoverthirty/comments/1icetv2/not_dating_other_people_but_not_ready_for_a/,m9rrq6v,OliSykesFutureWife,7,I completely agree with you. He’s coming over tonight to talk. I guess the comments on this Reddit post was the kick up the butt that I needed,https://reddit.com/r/datingoverthirty/comments/1icetv2/_/m9rrq6v/,General / Other
1icetv2,"Not dating other people, but not ready for a relationship. What do I do?",datingoverthirty,307,https://reddit.com/r/datingoverthirty/comments/1icetv2/not_dating_other_people_but_not_ready_for_a/,m9wcrp9,OliSykesFutureWife,6,"Thank you for this. I actually ended things with him last night. At this point it’s just me breaking my own heart and let’s play devil’s advocate and assume the unlikely outcome he chooses me when he’s ready. I would still need to walk away coz you’re right. If I hang around, he definitely won’t choose me in the future and will pick a girl who has boundaries and self worth",https://reddit.com/r/datingoverthirty/comments/1icetv2/_/m9wcrp9/,Building self-worth
1icetv2,"Not dating other people, but not ready for a relationship. What do I do?",datingoverthirty,307,https://reddit.com/r/datingoverthirty/comments/1icetv2/not_dating_other_people_but_not_ready_for_a/,m9qicr3,OliSykesFutureWife,6,"I know you're right. If I actually want him to commit, I have to walk away. And if he doesn't, then at least I'm saving myself months of anxiety and uncertainty.",https://reddit.com/r/datingoverthirty/comments/1icetv2/_/m9qicr3/,General / Other
1icetv2,"Not dating other people, but not ready for a relationship. What do I do?",datingoverthirty,307,https://reddit.com/r/datingoverthirty/comments/1icetv2/not_dating_other_people_but_not_ready_for_a/,m9y840e,OliSykesFutureWife,5,"I agree - I was saying we deserve the world, not the halfhearted that we are currently getting",https://reddit.com/r/datingoverthirty/comments/1icetv2/_/m9y840e/,General / Other
1icetv2,"Not dating other people, but not ready for a relationship. What do I do?",datingoverthirty,307,https://reddit.com/r/datingoverthirty/comments/1icetv2/not_dating_other_people_but_not_ready_for_a/,m9w9yeu,OliSykesFutureWife,5,"Am still reading through all your insightful comments, but in the meantime I thought you guys would like to know that I ended things with him last night. It feels horrible, but I know it’s the right thing to do",https://reddit.com/r/datingoverthirty/comments/1icetv2/_/m9w9yeu/,General / Other
1icetv2,"Not dating other people, but not ready for a relationship. What do I do?",datingoverthirty,307,https://reddit.com/r/datingoverthirty/comments/1icetv2/not_dating_other_people_but_not_ready_for_a/,m9qjecn,[deleted],4,"You don't know when he'll be ready for a relationship. He says the issue is all his self hatred and he needs to fix a bunch of shit about himself. Has he said what things he needs to fix? Have you seen him trying to fix those things? And, very importantly, is there good reason to think he'll actually respect himself after those things are fixed? Or, does he just have a generic sense that there's something wrong with him and he won't feel ready for a relationship until that feeling somehow disappears?

  
A few years back, I was in a similar situation to this guy, except I wasn't trying to date because I was too afraid of anyone getting close and taking a good look at all the things I saw wrong with myself. Another possible big difference between me and this guy is that I had a pretty clear",https://reddit.com/r/datingoverthirty/comments/1icetv2/_/m9qjecn/,General / Other
c0nrcv,"Does anyone else not find sex to be ""meaningless""? Even when it is just sex?",datingoverthirty,306,https://reddit.com/r/datingoverthirty/comments/c0nrcv/does_anyone_else_not_find_sex_to_be_meaningless/,er68726,sublimesam,4,"I think the ""above 30"" crowd has a pretty fair mix of those who are more casual about sex and those who have more expectations/requirements attached to it.",https://reddit.com/r/datingoverthirty/comments/c0nrcv/_/er68726/,Coping with physical loneliness
c0nrcv,"Does anyone else not find sex to be ""meaningless""? Even when it is just sex?",datingoverthirty,306,https://reddit.com/r/datingoverthirty/comments/c0nrcv/does_anyone_else_not_find_sex_to_be_meaningless/,er66qua,sublimesam,4,What does meaningful sex look like to you?,https://reddit.com/r/datingoverthirty/comments/c0nrcv/_/er66qua/,General / Other
c0nrcv,"Does anyone else not find sex to be ""meaningless""? Even when it is just sex?",datingoverthirty,306,https://reddit.com/r/datingoverthirty/comments/c0nrcv/does_anyone_else_not_find_sex_to_be_meaningless/,er6gl12,sublimesam,4,"Recreational? Just for fun? I mean, I interact and socialize with a lot of people. Not all of it ""leads somewhere"". I've met strangers on a hiking trail and spent a couple hours with them and then parted ways and it wasn't ""meaningless"". I've shared a drink with someone in a bar and had a great time. I've had friendships that lasted for a week. All these things were enjoyable for what they were, and just because I didn't form lifelong bonds with them doesn't mean I would have been better off never speaking to them. I see sex similarly. It sounds cavalier but I'm not being coy, it's just how I honestly feel.",https://reddit.com/r/datingoverthirty/comments/c0nrcv/_/er6gl12/,General / Other
c0nrcv,"Does anyone else not find sex to be ""meaningless""? Even when it is just sex?",datingoverthirty,306,https://reddit.com/r/datingoverthirty/comments/c0nrcv/does_anyone_else_not_find_sex_to_be_meaningless/,er66304,sublimesam,3,I feel like maybe we should hang out,https://reddit.com/r/datingoverthirty/comments/c0nrcv/_/er66304/,General / Other
c0nrcv,"Does anyone else not find sex to be ""meaningless""? Even when it is just sex?",datingoverthirty,306,https://reddit.com/r/datingoverthirty/comments/c0nrcv/does_anyone_else_not_find_sex_to_be_meaningless/,er8u9ah,sublimesam,1,The people I sleep with are more than welcome to sleep with other people.,https://reddit.com/r/datingoverthirty/comments/c0nrcv/_/er8u9ah/,General / Other
xvi3ww,Anyone else struggling to get past the embryonic stage of dating?,datingoverthirty,304,https://reddit.com/r/datingoverthirty/comments/xvi3ww/anyone_else_struggling_to_get_past_the_embryonic/,ir164no,JesusChristSupers1ar,58,"&gt; You're treating every first date like it's your one chance to go to the Oscars

Well, yes and no. I’ve been on enough first dates (8 this year) that I know how to handle them emotionally. I know they’re really just a first meet and to not get too emotionally invested in them. Also, I don’t have any issue choosing the woman either. In fact I just moved on from one who I had two dates with that I felt wasn’t putting in much of any effort 

But with each failure to get past the early stages of dating, it makes it harder and harder in a way because I end up putting more weight in each meet. I liken it to being starved…the longer you go without food, the more desperate you’ll be for it (note this is about finding a relationship, not sex). 

At 31, I know I’m still young but I have become d",https://reddit.com/r/datingoverthirty/comments/xvi3ww/_/ir164no/,Learning the mechanics of dating
xvi3ww,Anyone else struggling to get past the embryonic stage of dating?,datingoverthirty,304,https://reddit.com/r/datingoverthirty/comments/xvi3ww/anyone_else_struggling_to_get_past_the_embryonic/,ir1bmtl,JesusChristSupers1ar,37,"I’d say with me it’s not so much being hung up on the “failure” of any single encounter. I can recognize when there isn’t chemistry and like I said I know how to move on from someone myself if I’m not feeling it

but it’s more…death by a thousand cuts. Every time one of these encounters ends before developing into something more, especially one that I feel like there was a lot of potential with, it’s another small hit to my belief that I’ll find someone. 

And I know what you’re saying about the perceiving desperation part. Like that’s something I know I’m prone to (coming off as needy) and really try hard to quell. But as I said, the more of these encounters that don’t develop into something, the harder it is to manage that neediness. I’m really trying hard to overcome it and it’s somethi",https://reddit.com/r/datingoverthirty/comments/xvi3ww/_/ir1bmtl/,General / Other
xvi3ww,Anyone else struggling to get past the embryonic stage of dating?,datingoverthirty,304,https://reddit.com/r/datingoverthirty/comments/xvi3ww/anyone_else_struggling_to_get_past_the_embryonic/,ir26yvg,JesusChristSupers1ar,13,"It’s so upsetting because it feels like the stars need to align to even have a chance. Like not just finding someone that you click with, but that’s into you and also isn’t dealing something on their own (I’ve had a girl stop dating me earlier this year because she wasn’t over her ex yet)

a perfect formula for frustration",https://reddit.com/r/datingoverthirty/comments/xvi3ww/_/ir26yvg/,General / Other
xvi3ww,Anyone else struggling to get past the embryonic stage of dating?,datingoverthirty,304,https://reddit.com/r/datingoverthirty/comments/xvi3ww/anyone_else_struggling_to_get_past_the_embryonic/,ir3vvby,JesusChristSupers1ar,11,"It sucks being the unlucky one

I have five siblings…we all have very similar personalities. I’m the only one who isn’t married of us six. Not just that but I am not even close to marriage. It sucks man",https://reddit.com/r/datingoverthirty/comments/xvi3ww/_/ir3vvby/,General / Other
xvi3ww,Anyone else struggling to get past the embryonic stage of dating?,datingoverthirty,304,https://reddit.com/r/datingoverthirty/comments/xvi3ww/anyone_else_struggling_to_get_past_the_embryonic/,ir1ikca,JesusChristSupers1ar,11,"Yeah I do this too but man I still get the rug pulled from underneath me

I just got a text from the girl who I went on 3 dates with. She says that she met another guy at the same time she met me. I had brought up exclusivity on the third date and she said that she didn’t want me focusing on her when there’s the possibility of us not working out which, I completely understand but still stings",https://reddit.com/r/datingoverthirty/comments/xvi3ww/_/ir1ikca/,General / Other
xvi3ww,Anyone else struggling to get past the embryonic stage of dating?,datingoverthirty,304,https://reddit.com/r/datingoverthirty/comments/xvi3ww/anyone_else_struggling_to_get_past_the_embryonic/,ir2k6jg,JesusChristSupers1ar,11,"&gt;You're assuming that being with a partner will suddenly make your life wonderful and perfect

that’s not true. It’s a pretty complicated topic (more so then what I can convey in a few reddit posts) but I guess to summarize it as best I can: it’s a feeling of both unfulfillment and loneliness. I am the type of person who really appreciates the concept of companionship…a sort of ride or die partner in life. To travel with, to have a family with, to build a life with, etc. the fact that I am 31 and still haven’t even gotten a taste of what this feels like makes me yearn for it even harder. I see all of my siblings and most of my friends in relationships and it upsets me that I’ve never been in one. And I know that not all relationships are perfect, which is why I’m, to some degree, partic",https://reddit.com/r/datingoverthirty/comments/xvi3ww/_/ir2k6jg/,General / Other
xvi3ww,Anyone else struggling to get past the embryonic stage of dating?,datingoverthirty,304,https://reddit.com/r/datingoverthirty/comments/xvi3ww/anyone_else_struggling_to_get_past_the_embryonic/,ir26mdy,JesusChristSupers1ar,10,"I can probably one up that and say that hooking up is actually not that hard for me. I’ve had 3 hookups this year and 11 partners total. But while I wouldn’t say no to a hookup, they’re not what I’m looking for. I’d trade every one for a relationship 

I just moved so maybe that’ll help but it didn’t start off too great. Other than that, I haven’t the slightest clue. I think it’s just being very unfortunate",https://reddit.com/r/datingoverthirty/comments/xvi3ww/_/ir26mdy/,General / Other
xvi3ww,Anyone else struggling to get past the embryonic stage of dating?,datingoverthirty,304,https://reddit.com/r/datingoverthirty/comments/xvi3ww/anyone_else_struggling_to_get_past_the_embryonic/,ir3vzhk,JesusChristSupers1ar,10,I appreciate what you’re saying so much. I feel like people are so quick to run away rather than work with one another and understand.,https://reddit.com/r/datingoverthirty/comments/xvi3ww/_/ir3vzhk/,General / Other
xvi3ww,Anyone else struggling to get past the embryonic stage of dating?,datingoverthirty,304,https://reddit.com/r/datingoverthirty/comments/xvi3ww/anyone_else_struggling_to_get_past_the_embryonic/,ir3x5ce,JesusChristSupers1ar,6,Yeah I feel like people don’t understand how different brains can be. It’s not like I can choose to get over this stuff (I’d say all the rejections I’ve gotten over the years are my biggest trauma),https://reddit.com/r/datingoverthirty/comments/xvi3ww/_/ir3x5ce/,Understanding rejection
xvi3ww,Anyone else struggling to get past the embryonic stage of dating?,datingoverthirty,304,https://reddit.com/r/datingoverthirty/comments/xvi3ww/anyone_else_struggling_to_get_past_the_embryonic/,ir2lpvh,JesusChristSupers1ar,5,"lol I’m not. I know these things take time. But when you never get a chance to see, it becomes increasingly frustrating",https://reddit.com/r/datingoverthirty/comments/xvi3ww/_/ir2lpvh/,General / Other
xvi3ww,Anyone else struggling to get past the embryonic stage of dating?,datingoverthirty,304,https://reddit.com/r/datingoverthirty/comments/xvi3ww/anyone_else_struggling_to_get_past_the_embryonic/,ir6ipsn,JesusChristSupers1ar,3,the longest “relationship” I’ve had (1 month long) was with a woman who had been ghosted by a guy who she was with for years. A big reason why she broke up with me was because she was still affected by it and I totally get it. I don’t understand how people can be so cruel,https://reddit.com/r/datingoverthirty/comments/xvi3ww/_/ir6ipsn/,Understanding rejection
va4war,How do you go to the downtown bars alone without looking weird?,datingoverthirty,296,https://reddit.com/r/datingoverthirty/comments/va4war/how_do_you_go_to_the_downtown_bars_alone_without/,ic19sso,dh731733,50,That was surprisingly easy to settle down into lol I have no idea what I was worried about. Just psyched myself out I guess.,https://reddit.com/r/datingoverthirty/comments/va4war/_/ic19sso/,General / Other
va4war,How do you go to the downtown bars alone without looking weird?,datingoverthirty,296,https://reddit.com/r/datingoverthirty/comments/va4war/how_do_you_go_to_the_downtown_bars_alone_without/,ic3wvym,INCyr,4,"I'm a guy in my 40's, and can confirm.  It's hard to know how to get people to talk.  After weeks of going out multiple times a week, I've had a few successes, but most of the time I'm just wandering around alone.",https://reddit.com/r/datingoverthirty/comments/va4war/_/ic3wvym/,General / Other
va4war,How do you go to the downtown bars alone without looking weird?,datingoverthirty,296,https://reddit.com/r/datingoverthirty/comments/va4war/how_do_you_go_to_the_downtown_bars_alone_without/,ic3h2yp,Honduran,3,"Did this yesterday (36M). Happened to meet a super nice girl doing the same thing. Granted, this isn’t usually the case so lower your expectations and learn to enjoy the times when you’re alone because there will also be moments when you’re surrounded by people. It’s just the ebb and flow of life.",https://reddit.com/r/datingoverthirty/comments/va4war/_/ic3h2yp/,General / Other
rxkf1j,"I'm learning that someone coming in hot is basically always a red flag. It happened again, UGH!",datingoverthirty,288,https://reddit.com/r/datingoverthirty/comments/rxkf1j/im_learning_that_someone_coming_in_hot_is/,hrird0t,snowandbaggypants,71,"You're right. My intuition sensed something was off, and I was feeling anxious. I was downplaying my anxiety, but it was telling me something important. In an effort to not be ""jaded"", I'm still not listening to my knowing. I appreciate your comment!",https://reddit.com/r/datingoverthirty/comments/rxkf1j/_/hrird0t/,General / Other
rxkf1j,"I'm learning that someone coming in hot is basically always a red flag. It happened again, UGH!",datingoverthirty,288,https://reddit.com/r/datingoverthirty/comments/rxkf1j/im_learning_that_someone_coming_in_hot_is/,hrj25n3,snowandbaggypants,37,I know... I am not usually suspicious like this. But it's smells fishy..,https://reddit.com/r/datingoverthirty/comments/rxkf1j/_/hrj25n3/,General / Other
rxkf1j,"I'm learning that someone coming in hot is basically always a red flag. It happened again, UGH!",datingoverthirty,288,https://reddit.com/r/datingoverthirty/comments/rxkf1j/im_learning_that_someone_coming_in_hot_is/,hrit91j,snowandbaggypants,35,"So true. I've learned that my anxiety is often not right in it's extreme scale, but right in detecting. I should stop ignoring it and labeling myself as needlessly anxious!",https://reddit.com/r/datingoverthirty/comments/rxkf1j/_/hrit91j/,Destigmatizing the experience
rxkf1j,"I'm learning that someone coming in hot is basically always a red flag. It happened again, UGH!",datingoverthirty,288,https://reddit.com/r/datingoverthirty/comments/rxkf1j/im_learning_that_someone_coming_in_hot_is/,hriv40v,snowandbaggypants,33,"Yes ugh you nailed exactly how it feels!! The worst part is that they don't seem FULLY unavailable, so it keeps me hooked. If he was just distant and avoidant fully, I'd be like byeee. But the intermittent affection literally feels like a trap. It triggers the F out of my anxious attachment system. It's like a drug I can't get off!

But you're right, it's definitely not a sign of emotional maturity, health, or availability. Luckily I barely know this guy, so it's easy to not take it personally. I have to remember to not be blinded by chemistry and singular great times together.",https://reddit.com/r/datingoverthirty/comments/rxkf1j/_/hriv40v/,General / Other
rxkf1j,"I'm learning that someone coming in hot is basically always a red flag. It happened again, UGH!",datingoverthirty,288,https://reddit.com/r/datingoverthirty/comments/rxkf1j/im_learning_that_someone_coming_in_hot_is/,hrjtbgz,snowandbaggypants,23,Oh noooo. How did you find out??,https://reddit.com/r/datingoverthirty/comments/rxkf1j/_/hrjtbgz/,General / Other
rxkf1j,"I'm learning that someone coming in hot is basically always a red flag. It happened again, UGH!",datingoverthirty,288,https://reddit.com/r/datingoverthirty/comments/rxkf1j/im_learning_that_someone_coming_in_hot_is/,hrj20a6,snowandbaggypants,12,It literally makes me feel insane! It's like an actual emotional trap that I can't escape from for a while. Then I finally come out from underwater and I'm like OMG WHAT WAS I DOING,https://reddit.com/r/datingoverthirty/comments/rxkf1j/_/hrj20a6/,General / Other
rxkf1j,"I'm learning that someone coming in hot is basically always a red flag. It happened again, UGH!",datingoverthirty,288,https://reddit.com/r/datingoverthirty/comments/rxkf1j/im_learning_that_someone_coming_in_hot_is/,hrj6xrr,snowandbaggypants,10,Haha I don't know how he'd be using me as a tool though because I am not really IN his life at all!,https://reddit.com/r/datingoverthirty/comments/rxkf1j/_/hrj6xrr/,General / Other
rxkf1j,"I'm learning that someone coming in hot is basically always a red flag. It happened again, UGH!",datingoverthirty,288,https://reddit.com/r/datingoverthirty/comments/rxkf1j/im_learning_that_someone_coming_in_hot_is/,hrju91o,snowandbaggypants,10,"Hahaha thank you for making me laugh. No you’re right. I even wrote in my journal a couple weeks ago that if someone uses that line on me, RUN!!!",https://reddit.com/r/datingoverthirty/comments/rxkf1j/_/hrju91o/,General / Other
rxkf1j,"I'm learning that someone coming in hot is basically always a red flag. It happened again, UGH!",datingoverthirty,288,https://reddit.com/r/datingoverthirty/comments/rxkf1j/im_learning_that_someone_coming_in_hot_is/,hrjfucs,snowandbaggypants,9,Man is this really as common as Reddit suggests? I’ve heard it suggested so many times and I don’t want to be naive but it seems so extreme!,https://reddit.com/r/datingoverthirty/comments/rxkf1j/_/hrjfucs/,General / Other
rxkf1j,"I'm learning that someone coming in hot is basically always a red flag. It happened again, UGH!",datingoverthirty,288,https://reddit.com/r/datingoverthirty/comments/rxkf1j/im_learning_that_someone_coming_in_hot_is/,hrjf97l,snowandbaggypants,7,"Totally, I agree. It’s just reallllllly a lot to happen within the 3 weeks I’ve known him..",https://reddit.com/r/datingoverthirty/comments/rxkf1j/_/hrjf97l/,General / Other
rxkf1j,"I'm learning that someone coming in hot is basically always a red flag. It happened again, UGH!",datingoverthirty,288,https://reddit.com/r/datingoverthirty/comments/rxkf1j/im_learning_that_someone_coming_in_hot_is/,hrj34d2,snowandbaggypants,6,"100% and to be honest I've been quite good about choosing man who don't make me anxious, so this was a surprise. I was a little blindsided because I haven't dated an avoidant or anxious-making person in so long!",https://reddit.com/r/datingoverthirty/comments/rxkf1j/_/hrj34d2/,General / Other
rxkf1j,"I'm learning that someone coming in hot is basically always a red flag. It happened again, UGH!",datingoverthirty,288,https://reddit.com/r/datingoverthirty/comments/rxkf1j/im_learning_that_someone_coming_in_hot_is/,hrjcn39,snowandbaggypants,6,Ugh it does kind of sound like this. The other times it made sense for him to come to me because he works near me. And I can see his reason for this weekend being believable.. but it does raise my hackles.,https://reddit.com/r/datingoverthirty/comments/rxkf1j/_/hrjcn39/,General / Other
rxkf1j,"I'm learning that someone coming in hot is basically always a red flag. It happened again, UGH!",datingoverthirty,288,https://reddit.com/r/datingoverthirty/comments/rxkf1j/im_learning_that_someone_coming_in_hot_is/,hrjvlv6,snowandbaggypants,6,"Haha I already did on our last date and that’s when he became better about texting actually, but not about making plans. Sigh.",https://reddit.com/r/datingoverthirty/comments/rxkf1j/_/hrjvlv6/,Learning the mechanics of dating
rxkf1j,"I'm learning that someone coming in hot is basically always a red flag. It happened again, UGH!",datingoverthirty,288,https://reddit.com/r/datingoverthirty/comments/rxkf1j/im_learning_that_someone_coming_in_hot_is/,hrjvt4h,snowandbaggypants,6,"Yeah, totally. He does keep in touch daily, but I’ve told him I really like phone calls to stay connected and.. nothing. He called once when I asked directly but that was it. His actions are NOWHERE NEAR the level of interest he claims to have.",https://reddit.com/r/datingoverthirty/comments/rxkf1j/_/hrjvt4h/,Coping with physical loneliness
rxkf1j,"I'm learning that someone coming in hot is basically always a red flag. It happened again, UGH!",datingoverthirty,288,https://reddit.com/r/datingoverthirty/comments/rxkf1j/im_learning_that_someone_coming_in_hot_is/,hrk6pgd,snowandbaggypants,5,"For sure, this is spot on. I was pretty skeptical before we met, but unfortunately for me (lol) we had a lot of chemistry in person and the way he was nervous made it seem like he wasn’t just some PUA asshole. Projecting a fantasy, possibly, probably even. But I’ve been there too, so I was giving him the benefit of the doubt. But the problem with fantasy is it’s never sustainable and I think that’s what I’m feeling right now.. the death of me as an ideal woman in his mind.",https://reddit.com/r/datingoverthirty/comments/rxkf1j/_/hrk6pgd/,General / Other
rxkf1j,"I'm learning that someone coming in hot is basically always a red flag. It happened again, UGH!",datingoverthirty,288,https://reddit.com/r/datingoverthirty/comments/rxkf1j/im_learning_that_someone_coming_in_hot_is/,hrjg63f,snowandbaggypants,5,"Ick!! How is he blame shifting for lying about his age? Lollll. Also why is he threatening you? Wtf? Hmm also this guy had a wrong age on tinder but it was 31 instead of 32 so I chalked it up to honest mistake. 
So",https://reddit.com/r/datingoverthirty/comments/rxkf1j/_/hrjg63f/,Finding where to meet women
rxkf1j,"I'm learning that someone coming in hot is basically always a red flag. It happened again, UGH!",datingoverthirty,288,https://reddit.com/r/datingoverthirty/comments/rxkf1j/im_learning_that_someone_coming_in_hot_is/,hrisnsr,snowandbaggypants,5,"Yeah I generally believe in ""if he wanted to, he would"", but the hard part is here that he HAS, just not frequently. He's about an hour drive away, and he's a manager of operations so he's frequently on call and works long hours. But the past 2 weeks he was off for the holidays, so it was hard to understand how he couldn't make time. But I also see being super burnt out from work and needing to rest.

Agreed on words of affirmation. He does say things like that too, but mostly it's a bit shallow because we simply don't know each other well yet. When we have seen each other in person, I do feel spoiled and cared for (he pays for dates, brings me cookies, etc). But yeah in between, I feel confused.

When I asked him to communicate, he did listen and was more regular about texting, but not ab",https://reddit.com/r/datingoverthirty/comments/rxkf1j/_/hrisnsr/,Learning the mechanics of dating
rxkf1j,"I'm learning that someone coming in hot is basically always a red flag. It happened again, UGH!",datingoverthirty,288,https://reddit.com/r/datingoverthirty/comments/rxkf1j/im_learning_that_someone_coming_in_hot_is/,hriucrc,snowandbaggypants,5,"For sure, I felt a little icky about it which honestly was progress for me because I used to eat that shit up! But I still let myself get a little high off his words, which is why I'm frustrated with myself.",https://reddit.com/r/datingoverthirty/comments/rxkf1j/_/hriucrc/,General / Other
rxkf1j,"I'm learning that someone coming in hot is basically always a red flag. It happened again, UGH!",datingoverthirty,288,https://reddit.com/r/datingoverthirty/comments/rxkf1j/im_learning_that_someone_coming_in_hot_is/,hrj2ued,snowandbaggypants,5,"I totally hear this and the whole time I've tried to keep this in mind. He might actually be telling the truth and wanting to see me, but is so burnt out. Him getting sick is actually evidence of that, you know when you're going way too hard and then you finally rest and you get sick. So yes, there is totally a world in which this is the case, but yes the issue is the flakiness and lack of communication around it. If you need 2 weeks off, can't meet for a while, totally okay! But TELL ME and don't keep making and breaking plans.",https://reddit.com/r/datingoverthirty/comments/rxkf1j/_/hrj2ued/,General / Other
rxkf1j,"I'm learning that someone coming in hot is basically always a red flag. It happened again, UGH!",datingoverthirty,288,https://reddit.com/r/datingoverthirty/comments/rxkf1j/im_learning_that_someone_coming_in_hot_is/,hrk73p3,snowandbaggypants,4,"Yeah I can give it room for him not having me over once. But if it happens again, fishy fishy 🐠",https://reddit.com/r/datingoverthirty/comments/rxkf1j/_/hrk73p3/,General / Other
1sgwk1k,"2+ years on, still haven't gotten over my breakup",datingoverthirty,286,https://reddit.com/r/datingoverthirty/comments/1sgwk1k/2_years_on_still_havent_gotten_over_my_breakup/,of8dhb2,MaterialAsparagus336,36,"A month after our breakup, she was already posting things on social with someone else. In retrospect, she had started hiding her phone from me, which should have been a clear indication that she was cheating. That hurt the most.",https://reddit.com/r/datingoverthirty/comments/1sgwk1k/_/of8dhb2/,Starting over after loss
1sgwk1k,"2+ years on, still haven't gotten over my breakup",datingoverthirty,286,https://reddit.com/r/datingoverthirty/comments/1sgwk1k/2_years_on_still_havent_gotten_over_my_breakup/,of8guiw,MaterialAsparagus336,24,"I am very much into psychology and understanding of human behaviour. I have been to therapy, analysed my feelings, triggers, and emotions. I have rationalised everything with a counselor as well as myself. And it still wasn't enough. Once I move to my new place for work, I am adopting a pair of cats cause cats are life.",https://reddit.com/r/datingoverthirty/comments/1sgwk1k/_/of8guiw/,General / Other
1sgwk1k,"2+ years on, still haven't gotten over my breakup",datingoverthirty,286,https://reddit.com/r/datingoverthirty/comments/1sgwk1k/2_years_on_still_havent_gotten_over_my_breakup/,of8gcir,MaterialAsparagus336,15,Thank you for your words. I'm sorry you had to go through that pain along with such an immense loss. Hope you are in a better place now.,https://reddit.com/r/datingoverthirty/comments/1sgwk1k/_/of8gcir/,General / Other
1sgwk1k,"2+ years on, still haven't gotten over my breakup",datingoverthirty,286,https://reddit.com/r/datingoverthirty/comments/1sgwk1k/2_years_on_still_havent_gotten_over_my_breakup/,of8qp68,MaterialAsparagus336,10,This.,https://reddit.com/r/datingoverthirty/comments/1sgwk1k/_/of8qp68/,General / Other
1sgwk1k,"2+ years on, still haven't gotten over my breakup",datingoverthirty,286,https://reddit.com/r/datingoverthirty/comments/1sgwk1k/2_years_on_still_havent_gotten_over_my_breakup/,of8ks4o,MaterialAsparagus336,8,"Professionally, I have a very good life, socially I have my childhood friends living near me and we all meet every evening, personally, I am fucked because I miss companionship and I am a man, so getting laid isn't as easy for me. It's a catch-22 situation for me.",https://reddit.com/r/datingoverthirty/comments/1sgwk1k/_/of8ks4o/,General / Other
1sgwk1k,"2+ years on, still haven't gotten over my breakup",datingoverthirty,286,https://reddit.com/r/datingoverthirty/comments/1sgwk1k/2_years_on_still_havent_gotten_over_my_breakup/,of8nwqn,MaterialAsparagus336,5,"I swear if these were the conditions to find THE ONE, I would happily endure the pain. I would rawdog it like I have my whole life. There's no one to call when it hurts, no one to mitigate the loneliness, and no amount of ice cream helps. I drown in work, maintain a mechanical schedule and live 1 day at a time.",https://reddit.com/r/datingoverthirty/comments/1sgwk1k/_/of8nwqn/,General / Other
1sgwk1k,"2+ years on, still haven't gotten over my breakup",datingoverthirty,286,https://reddit.com/r/datingoverthirty/comments/1sgwk1k/2_years_on_still_havent_gotten_over_my_breakup/,of9gpqm,MaterialAsparagus336,3,3 is why I am afraid of getting into a relationship because I am sufficiently self aware to know I haven't healed.,https://reddit.com/r/datingoverthirty/comments/1sgwk1k/_/of9gpqm/,General / Other
1sgwk1k,"2+ years on, still haven't gotten over my breakup",datingoverthirty,286,https://reddit.com/r/datingoverthirty/comments/1sgwk1k/2_years_on_still_havent_gotten_over_my_breakup/,of8n5k0,MaterialAsparagus336,3,"Thanks. That's a great advice. 

What's holding me back is the fear that I might project my fear of what happened on the other person and that seems unfair on that person. Which is why I haven't even tried, because yes I am afraid of it but what if my insecurities lead me to cause pain to someone else because I can't handle the pain I am in? 

Also, I did try 4-5 different therapist. No one helped.",https://reddit.com/r/datingoverthirty/comments/1sgwk1k/_/of8n5k0/,General / Other
n406f4,I (30M) am going on my First In-Person Date in Over 8 Years Tomorrow and am Nervous AF. HELP!,datingoverthirty,281,https://reddit.com/r/datingoverthirty/comments/n406f4/i_30m_am_going_on_my_first_inperson_date_in_over/,gwt50l7,MyFavoriteArm,32,"Thank you for your response! 

I just worry cause I don't usually get this far in the process. Luckily, unlike teen me, my self esteem isn't riding on this, so there's that to be thankful for.",https://reddit.com/r/datingoverthirty/comments/n406f4/_/gwt50l7/,Building self-worth
n406f4,I (30M) am going on my First In-Person Date in Over 8 Years Tomorrow and am Nervous AF. HELP!,datingoverthirty,281,https://reddit.com/r/datingoverthirty/comments/n406f4/i_30m_am_going_on_my_first_inperson_date_in_over/,gwtsfaa,MyFavoriteArm,13,"&gt; She already said yes so is at least is interested enough to meet up. And remeber she will be nervous too

Which is what I will be repeating to myself all day tomorrow and even during the date. Thanks again!",https://reddit.com/r/datingoverthirty/comments/n406f4/_/gwtsfaa/,General / Other
n406f4,I (30M) am going on my First In-Person Date in Over 8 Years Tomorrow and am Nervous AF. HELP!,datingoverthirty,281,https://reddit.com/r/datingoverthirty/comments/n406f4/i_30m_am_going_on_my_first_inperson_date_in_over/,gwtyyg1,MyFavoriteArm,13,"&gt; “I’ve been really looking forward to meeting you, just super nervous because you seem really cool haha”

I might actually use that early on. Thank you for sharing your thoughts and perspective!",https://reddit.com/r/datingoverthirty/comments/n406f4/_/gwtyyg1/,General / Other
n406f4,I (30M) am going on my First In-Person Date in Over 8 Years Tomorrow and am Nervous AF. HELP!,datingoverthirty,281,https://reddit.com/r/datingoverthirty/comments/n406f4/i_30m_am_going_on_my_first_inperson_date_in_over/,gwt5344,MyFavoriteArm,10,"This is good advice, thank you for your perspective!",https://reddit.com/r/datingoverthirty/comments/n406f4/_/gwt5344/,General / Other
n406f4,I (30M) am going on my First In-Person Date in Over 8 Years Tomorrow and am Nervous AF. HELP!,datingoverthirty,281,https://reddit.com/r/datingoverthirty/comments/n406f4/i_30m_am_going_on_my_first_inperson_date_in_over/,gwt6ctp,MyFavoriteArm,9,"Thank you for the suggestion, I just looked up Brene Brown and she definitely seems like an interesting person. Further research is required!

This is also sound advice, and I thank you for sharing!",https://reddit.com/r/datingoverthirty/comments/n406f4/_/gwt6ctp/,General / Other
n406f4,I (30M) am going on my First In-Person Date in Over 8 Years Tomorrow and am Nervous AF. HELP!,datingoverthirty,281,https://reddit.com/r/datingoverthirty/comments/n406f4/i_30m_am_going_on_my_first_inperson_date_in_over/,gwt4num,MyFavoriteArm,7,"The hinge prompt I responded to said she had a history degree, and I know she prefers early US history as her go to. Thank you for the pep talk!",https://reddit.com/r/datingoverthirty/comments/n406f4/_/gwt4num/,Finding where to meet women
n406f4,I (30M) am going on my First In-Person Date in Over 8 Years Tomorrow and am Nervous AF. HELP!,datingoverthirty,281,https://reddit.com/r/datingoverthirty/comments/n406f4/i_30m_am_going_on_my_first_inperson_date_in_over/,gwt947k,MyFavoriteArm,5,"True that. I thank you for your advice! 

I will say, I worry about coming across as creepy because high school me would creep women out (unintentionally), plus I generally don't get this far in the process, so I want to make the most of it.

Luckily, my self-confidence isn't riding on a successful date (unlike younger me), but still, you are right about the pedestal. I need to keep that in mind",https://reddit.com/r/datingoverthirty/comments/n406f4/_/gwt947k/,Building self-worth
n406f4,I (30M) am going on my First In-Person Date in Over 8 Years Tomorrow and am Nervous AF. HELP!,datingoverthirty,281,https://reddit.com/r/datingoverthirty/comments/n406f4/i_30m_am_going_on_my_first_inperson_date_in_over/,gwtuw0a,MyFavoriteArm,4,"&gt;Go in with the mindset that this might not work and if it does then great, if not then there are always other chances.

I never used to think that there would be other chances, but I am finding that the older I get, the more silly that line of thinking is.

I am by all definitions, a late bloomer, and still haven't achieved my full potential. I still live with my folks, but my career is finally ticking upwards. By this time next year, I should be living on my own (I want to pay down debt first)

I am finally coming into my own, and starting to see that a lot of my own mentalities held me back immensely.

Thank you for your thoughts and perspective!",https://reddit.com/r/datingoverthirty/comments/n406f4/_/gwtuw0a/,Coping with physical loneliness
n406f4,I (30M) am going on my First In-Person Date in Over 8 Years Tomorrow and am Nervous AF. HELP!,datingoverthirty,281,https://reddit.com/r/datingoverthirty/comments/n406f4/i_30m_am_going_on_my_first_inperson_date_in_over/,gwt7aop,MyFavoriteArm,4,"Thank you for your perspective. At this time, she does not know my dating history (I don't know hers either)

If it comes up in conversation, I'll happily tell her the truth. But it's not something I wan't to say unprompted and out of the blue.",https://reddit.com/r/datingoverthirty/comments/n406f4/_/gwt7aop/,General / Other
n406f4,I (30M) am going on my First In-Person Date in Over 8 Years Tomorrow and am Nervous AF. HELP!,datingoverthirty,281,https://reddit.com/r/datingoverthirty/comments/n406f4/i_30m_am_going_on_my_first_inperson_date_in_over/,gwtrmjj,MyFavoriteArm,4,Thanks again!,https://reddit.com/r/datingoverthirty/comments/n406f4/_/gwtrmjj/,General / Other
n406f4,I (30M) am going on my First In-Person Date in Over 8 Years Tomorrow and am Nervous AF. HELP!,datingoverthirty,281,https://reddit.com/r/datingoverthirty/comments/n406f4/i_30m_am_going_on_my_first_inperson_date_in_over/,gwt7rp4,MyFavoriteArm,3,"I have no doubt that you'll be able to get a date quickly, as you seem pretty wise and that you have a good head on your shoulders!

I will definitely keep you posted. I sincerely appreciate your advice!",https://reddit.com/r/datingoverthirty/comments/n406f4/_/gwt7rp4/,General / Other
n406f4,I (30M) am going on my First In-Person Date in Over 8 Years Tomorrow and am Nervous AF. HELP!,datingoverthirty,281,https://reddit.com/r/datingoverthirty/comments/n406f4/i_30m_am_going_on_my_first_inperson_date_in_over/,gwt8mf1,MyFavoriteArm,3,"I totally hope to have nieces and/or nephews to do a Flat Stanley with one day. That must've been a lot of fun!

I love Old City, and I know she does too. Thank you for your advice!

Btw, as a Philly resident, if your date wanted to buy you an Insomnia cookie on a date, would you like that?",https://reddit.com/r/datingoverthirty/comments/n406f4/_/gwt8mf1/,General / Other
n406f4,I (30M) am going on my First In-Person Date in Over 8 Years Tomorrow and am Nervous AF. HELP!,datingoverthirty,281,https://reddit.com/r/datingoverthirty/comments/n406f4/i_30m_am_going_on_my_first_inperson_date_in_over/,gwtnyuw,MyFavoriteArm,3,"I'm not sure if I'm smooth enough to pull a kiss off tomorrow. If I see the sign there, I will  definitely take it though.

I sincerely appreciate your well worded and ample amount of advice!",https://reddit.com/r/datingoverthirty/comments/n406f4/_/gwtnyuw/,General / Other
n406f4,I (30M) am going on my First In-Person Date in Over 8 Years Tomorrow and am Nervous AF. HELP!,datingoverthirty,281,https://reddit.com/r/datingoverthirty/comments/n406f4/i_30m_am_going_on_my_first_inperson_date_in_over/,gwt9fvg,MyFavoriteArm,3,"Good idea! I will keep my phone on silent (not vibrate) so I'm not tempted to look. Plus I agree that is rude, and I wouldn't want her to be on her phone all night either.",https://reddit.com/r/datingoverthirty/comments/n406f4/_/gwt9fvg/,General / Other
n406f4,I (30M) am going on my First In-Person Date in Over 8 Years Tomorrow and am Nervous AF. HELP!,datingoverthirty,281,https://reddit.com/r/datingoverthirty/comments/n406f4/i_30m_am_going_on_my_first_inperson_date_in_over/,gwtt9yt,MyFavoriteArm,3,"&gt;It's usually worse in my head than the actual date

I'm actually finding that happens with a lot of things in my life. Mainly with school, work, and my familial and friend relationships. So it makes sense that would apply to dating life too. Thank you for sharing!",https://reddit.com/r/datingoverthirty/comments/n406f4/_/gwtt9yt/,General / Other
n406f4,I (30M) am going on my First In-Person Date in Over 8 Years Tomorrow and am Nervous AF. HELP!,datingoverthirty,281,https://reddit.com/r/datingoverthirty/comments/n406f4/i_30m_am_going_on_my_first_inperson_date_in_over/,gwtrju6,MyFavoriteArm,3,"That's interesting! It sucks that he did that in the first place, but I'm glad that he listened and that you gave him a second chance! 

I can safely say that I definitely won't be sexting her (I don't like sending or receiving sexts)

I appreciate your advice and perspective, and will definitely be attentive and excited. Thank you!",https://reddit.com/r/datingoverthirty/comments/n406f4/_/gwtrju6/,General / Other
n406f4,I (30M) am going on my First In-Person Date in Over 8 Years Tomorrow and am Nervous AF. HELP!,datingoverthirty,281,https://reddit.com/r/datingoverthirty/comments/n406f4/i_30m_am_going_on_my_first_inperson_date_in_over/,gwtz4h1,MyFavoriteArm,3,"&gt;Don’t try to be something you’re not. All the best to you :)

Thank you! After many years, I am finally seeing the value of the phrase, ""Be yourself, everyone else is taken."" I wish I could remember who said that!

Thank you so much!",https://reddit.com/r/datingoverthirty/comments/n406f4/_/gwtz4h1/,Building self-worth
n406f4,I (30M) am going on my First In-Person Date in Over 8 Years Tomorrow and am Nervous AF. HELP!,datingoverthirty,281,https://reddit.com/r/datingoverthirty/comments/n406f4/i_30m_am_going_on_my_first_inperson_date_in_over/,gwt6xak,MyFavoriteArm,3,"Thank you for your response! To tell you the truth, I was surprised because she said yes.

I generally don't get this far in the dating process. Usually when I ask to go on a date, I either get told no, or I never hear from them again.

Ngl. I have struggled with self-confidence in the past, and still do at times today, but I have been building it up lately. The teen version of me would have had my entire self-esteem riding on this, but I'm in a better place and know I don't need a partner to complete me.",https://reddit.com/r/datingoverthirty/comments/n406f4/_/gwt6xak/,Building self-worth
n406f4,I (30M) am going on my First In-Person Date in Over 8 Years Tomorrow and am Nervous AF. HELP!,datingoverthirty,281,https://reddit.com/r/datingoverthirty/comments/n406f4/i_30m_am_going_on_my_first_inperson_date_in_over/,gwtoubl,MyFavoriteArm,3,"Through therapy, I have learned to use less self-deprecating humor. My goal is to eventually only use it for a possible open mic stand up night!",https://reddit.com/r/datingoverthirty/comments/n406f4/_/gwtoubl/,General / Other
pazzxq,"At this age, how do you not get too concerned about if someone is a fit for your future before dating them?",datingoverthirty,280,https://reddit.com/r/datingoverthirty/comments/pazzxq/at_this_age_how_do_you_not_get_too_concerned/,ha9sya7,IGNSolar7,10,"Good question. Like I mentioned in a previous post, ""head over heels"" was a bit of hyperbole. I would like three things: to find her pretty, enjoyable, and to feel excited to see them. The rest we can filter out down the line. She might not like me, I might not like her, but I find myself in these dating situations where I'd really rather just stay at home or hang out with friends.

I've found myself dating women I just have absolutely zero interest in, while people tell me to give them a chance. 

My deal breakers aren't that complex for the most part, I'm just having a hard time approaching dates with the enthusiasm of going to the bank.",https://reddit.com/r/datingoverthirty/comments/pazzxq/_/ha9sya7/,Getting over approach anxiety
pazzxq,"At this age, how do you not get too concerned about if someone is a fit for your future before dating them?",datingoverthirty,280,https://reddit.com/r/datingoverthirty/comments/pazzxq/at_this_age_how_do_you_not_get_too_concerned/,ha9sd8j,IGNSolar7,6,"When your week gives you one or two free days, that's most of your month. I get 2-3 free Fridays a month, and trying to maintain my friendships/family at this age, I have to cancel commitments to go on a date. It's a ton of time wasted.",https://reddit.com/r/datingoverthirty/comments/pazzxq/_/ha9sd8j/,General / Other
pazzxq,"At this age, how do you not get too concerned about if someone is a fit for your future before dating them?",datingoverthirty,280,https://reddit.com/r/datingoverthirty/comments/pazzxq/at_this_age_how_do_you_not_get_too_concerned/,ha9rb88,IGNSolar7,5,"Let me try to be more clear - I want to find them attractive, I want to see that we have things in common, I want to believe they have something we're going to grow into. This is a hybrid of IRL dating and online dating, in my realm. Maybe I got a little too hyperbolic with ""head over heels. Whether it's in person or online dating, there's at least got to be some kind of hook before we go out. I can't afford to date every single person I match with.",https://reddit.com/r/datingoverthirty/comments/pazzxq/_/ha9rb88/,General / Other
pazzxq,"At this age, how do you not get too concerned about if someone is a fit for your future before dating them?",datingoverthirty,280,https://reddit.com/r/datingoverthirty/comments/pazzxq/at_this_age_how_do_you_not_get_too_concerned/,ha9uu63,IGNSolar7,4,"Yeah, for sure! 

I've realized after a failed relationship that I need to be attracted to my partner, to start. I kinda forced it in a previous relationship because she was a wonderful person, but in the long run, it hurt us when I wasn't all that excited to do anything sexual. I can't do that again. It broke her heart.

To be more generalized, I panic when something important to me is something that they hate. I love NFL football, and I love comics. If they asked me to remove those things from my life, it wouldn't work. I don't need anyone to love my passions, just let me enjoy them on my own time. Those are specific, but one should be able to embrace the things they love.

And while I'm not giving you a comprehensive list, I firmly can't accept seeing someone who restricts my personal l",https://reddit.com/r/datingoverthirty/comments/pazzxq/_/ha9uu63/,General / Other
pazzxq,"At this age, how do you not get too concerned about if someone is a fit for your future before dating them?",datingoverthirty,280,https://reddit.com/r/datingoverthirty/comments/pazzxq/at_this_age_how_do_you_not_get_too_concerned/,ha9sjz6,IGNSolar7,3,"Thanks, you seem to get it. If anything seems dicey, I can't spend hours of my time on someone just to give them a chance. I'm sacrificing the few weekly hours of my life I get to spend with people on a total stranger. Please be worth my time, random person. I won't have another date next weekend, or maybe even next month.",https://reddit.com/r/datingoverthirty/comments/pazzxq/_/ha9sjz6/,General / Other
pazzxq,"At this age, how do you not get too concerned about if someone is a fit for your future before dating them?",datingoverthirty,280,https://reddit.com/r/datingoverthirty/comments/pazzxq/at_this_age_how_do_you_not_get_too_concerned/,ha9ta0k,IGNSolar7,3,"I will! For what it's worth, I don't want to ever force a relationship to not die alone, but I'd imagine it's not that dramatic. I'm totally fine with being alone, so that adds a layer to my issue. Appreciate it.",https://reddit.com/r/datingoverthirty/comments/pazzxq/_/ha9ta0k/,General / Other
pazzxq,"At this age, how do you not get too concerned about if someone is a fit for your future before dating them?",datingoverthirty,280,https://reddit.com/r/datingoverthirty/comments/pazzxq/at_this_age_how_do_you_not_get_too_concerned/,ha9vy8e,IGNSolar7,3,"Weeks or months seems like it can turn into forever. Since the start of the pandemic, I've been on two real dates. I'm fully vaccinated, but things aren't settled. That's just a messy thing we can't control, right? 

My worry is about finding the ""real"" real thing. I've had this mindset of roughly five years from the start of a relationship to having kids, and now a five year relationship would put me at 40. I know too many divorcees already, including my parents. 

I don't want to marry anyone until I've lived with them for at least a year, or live with them until after dating a year. This is all turning into an impossibility.

Good luck to you too!",https://reddit.com/r/datingoverthirty/comments/pazzxq/_/ha9vy8e/,Starting over after loss
pazzxq,"At this age, how do you not get too concerned about if someone is a fit for your future before dating them?",datingoverthirty,280,https://reddit.com/r/datingoverthirty/comments/pazzxq/at_this_age_how_do_you_not_get_too_concerned/,ha9z20o,IGNSolar7,3,"There aren't base things that you immediately question? 

Let's take my most recent connection as an example... I found her cute, but not overwhelmingly attractive. Our chemistry over text died within a week. I like shooting, but she likes hunting, and I don't hunt. We technically have something in common, but, meh. She's awful at texting. Her answers are like ""good,"" ""sure,"" and ""how was your day?"" I can assume she's a shit communicator, but why am I putting in the effort?

Everything I saw was leading to a boring date, just to give her a chance, **and** spend my money for the opportunity to drive 45 minutes each way just to give it a try. 

If she'd asked anything about me, if we could grow... well, cool. I can appreciate someone's interests. I don't need to go spend money on a date beca",https://reddit.com/r/datingoverthirty/comments/pazzxq/_/ha9z20o/,Learning the mechanics of dating
dtd3j6,How to deal with a date who looks very different from their pictures?,datingoverthirty,272,https://reddit.com/r/datingoverthirty/comments/dtd3j6/how_to_deal_with_a_date_who_looks_very_different/,f6ws57q,designforfood,21,"Male here. This happened to me about a year ago. She showed up and was at least 40 lbs heavier than her photos. I took it in stride and figured that she is human and obviously has some self-image issues. But hell we all do. I decided to proceed with the date (met at a bar for a beer), and without calling her out directly, I mentioned how crazy online dating was for a guy in his 30's. After being asked for some crazy stories, I mentioned how people only show their best self and sometimes that includes old photos or face photos only. She didn't really try to defend herself but she agreed. 

To summarize: I understand that she ""deceived"" me initially, but I decided to get to know her as a person. Turns out she is a pretty cool person and we have been dating since, and both working on ourselve",https://reddit.com/r/datingoverthirty/comments/dtd3j6/_/f6ws57q/,General / Other
dtd3j6,How to deal with a date who looks very different from their pictures?,datingoverthirty,272,https://reddit.com/r/datingoverthirty/comments/dtd3j6/how_to_deal_with_a_date_who_looks_very_different/,f6wupxs,desbisous,17,"I initially had no body shots because it was hard to take them by myself and I don’t like angle of holding the camera in air downward at my body because it makes my boobs look bigger and more emphasized in the photo. I also don’t really like taking photos in front of a mirror and then your phone is the picture. 

I didn’t know people hid their weight, hid their hair issues (patchy hair, baldness, receding hair line, thinning hair, grey hairs), not having attractive eyes compared to other features of the face...until I dated enough through dating apps. To be honest, the first time a guy wanted a body shot since I didn’t have it when I started, I didn’t want to date him anymore because I didn’t want a hook up. Well, he did actually want that, I just didn’t understand that I should have a bod",https://reddit.com/r/datingoverthirty/comments/dtd3j6/_/f6wupxs/,Finding where to meet women
dtd3j6,How to deal with a date who looks very different from their pictures?,datingoverthirty,272,https://reddit.com/r/datingoverthirty/comments/dtd3j6/how_to_deal_with_a_date_who_looks_very_different/,f6wws7k,desbisous,6,"Same here. Men tell me I look better/prettier in person. I use to think they just wanted to say that to be nice , but now I think they were all being genuine after finding out through dating through apps can be rough.",https://reddit.com/r/datingoverthirty/comments/dtd3j6/_/f6wws7k/,General / Other
10rfw6u,I feel like one-sided dating app exchanges weren't always this common,datingoverthirty,271,https://reddit.com/r/datingoverthirty/comments/10rfw6u/i_feel_like_onesided_dating_app_exchanges_werent/,j6vosyx,JesusChristSupers1ar,20,"as a guy, this has been a thing I’ve had to deal with since I started using apps in 2012. This is not a new phenomenon",https://reddit.com/r/datingoverthirty/comments/10rfw6u/_/j6vosyx/,General / Other
10rfw6u,I feel like one-sided dating app exchanges weren't always this common,datingoverthirty,271,https://reddit.com/r/datingoverthirty/comments/10rfw6u/i_feel_like_onesided_dating_app_exchanges_werent/,j6z2oav,sailoorscout1986,7,I hate this self pity thing with men. A lot of women may not want to date a single dad. Maybe you’re not that interesting. Do you give weird vibes? Not much we can tell on Reddit so no point in comparing yourself to hypothetical men,https://reddit.com/r/datingoverthirty/comments/10rfw6u/_/j6z2oav/,General / Other
1nnqrzp,How to catch on r*d pill misogynistic tendacies early on?,datingoverthirty,268,https://reddit.com/r/datingoverthirty/comments/1nnqrzp/how_to_catch_on_rd_pill_misogynistic_tendacies/,nfn2o1u,[deleted],23,"My girlfriend asked me this question recently.  I am very left wing but in a way that's outside the liberal mainstream so I was a bit concerned lol.  I started telling her about Blowback (great podcast btw, can't recommend enough) and told her it was like True Crime but for US history (she likes True Crime stuff)",https://reddit.com/r/datingoverthirty/comments/1nnqrzp/_/nfn2o1u/,General / Other
1nnqrzp,How to catch on r*d pill misogynistic tendacies early on?,datingoverthirty,268,https://reddit.com/r/datingoverthirty/comments/1nnqrzp/how_to_catch_on_rd_pill_misogynistic_tendacies/,nfpoyn7,AlmostThere4321,21,Glad he's your ex-husband!,https://reddit.com/r/datingoverthirty/comments/1nnqrzp/_/nfpoyn7/,General / Other
1nnqrzp,How to catch on r*d pill misogynistic tendacies early on?,datingoverthirty,268,https://reddit.com/r/datingoverthirty/comments/1nnqrzp/how_to_catch_on_rd_pill_misogynistic_tendacies/,nfob3oa,AlmostThere4321,9,"I agree. One guy i went on a date with years ago was alluding that women were fickle by wanting gifts for Christmas because, capitalism. Trying to set up expectations of not getting gifts from him if we ever dated. They love trying to have women lowering standards for them.

 I responded that I handmade all Christmas gifts myself. He was left with a shocked Pikachu face. He didn't know what to say after that because I messed up his little script.",https://reddit.com/r/datingoverthirty/comments/1nnqrzp/_/nfob3oa/,Learning the mechanics of dating
xqrk4c,Anyone else get a late start?,datingoverthirty,261,https://reddit.com/r/datingoverthirty/comments/xqrk4c/anyone_else_get_a_late_start/,iqbnvk5,Jephta,28,"It's not hell yes. I've sat down before and written down each age from 0 through 18 and imagined what an average Wednesday would be like with a kid that age, then wrote down how much happier/more miserable I'd be on a 1-10 scale (5 being my right-now baseline level of happy). It was like a 6.4 average over 18 years, but there was a strong period of ""let's just skip past this"" in the 0-3 age range dragging down the average...",https://reddit.com/r/datingoverthirty/comments/xqrk4c/_/iqbnvk5/,General / Other
xqrk4c,Anyone else get a late start?,datingoverthirty,261,https://reddit.com/r/datingoverthirty/comments/xqrk4c/anyone_else_get_a_late_start/,iqbv1hc,Jephta,17,"When people started asking me the question of ""do you want kids"", this was genuinely the best way I could think of to figure out the answer lol. I wasn't lying when I said this is an aspect of life I've been basically totally ignoring up until last year!",https://reddit.com/r/datingoverthirty/comments/xqrk4c/_/iqbv1hc/,General / Other
xqrk4c,Anyone else get a late start?,datingoverthirty,261,https://reddit.com/r/datingoverthirty/comments/xqrk4c/anyone_else_get_a_late_start/,iqbsxai,Jephta,12,"Thank you. When I apply this to my last relationship, I thought we were a match on almost all of them. Turns out I was wrong about what I thought I wanted for affection levels. There was also ""friendship"" which I found out is a big thing for me (I didn't think it was that important going in - we got along *well enough* and I have lots of other friends after all, but through that relationship I realized being very close friends is really important to me...)",https://reddit.com/r/datingoverthirty/comments/xqrk4c/_/iqbsxai/,General / Other
xqrk4c,Anyone else get a late start?,datingoverthirty,261,https://reddit.com/r/datingoverthirty/comments/xqrk4c/anyone_else_get_a_late_start/,iqecsdb,Jephta,6,"I LOVE Nathan Fielder! The Rehearsal was both hilarious and massively relatable to me! I feel like where he was around episode 3, putting a lot of effort into trying to conjure up the emotions of parenthood and just...not being able to. Even now I'm trying to wrestle with the ""a kid"" vs ""my kid"" distinction and it feels out of reach...

I've spent time a good amount of time with my nieces and nephews.  I think kids are cute and fun and I like the feeling you get when you're with them like you're rediscovering the world for the first time. Thank you for the advice!",https://reddit.com/r/datingoverthirty/comments/xqrk4c/_/iqecsdb/,Fear of intimacy after abstinence
xqrk4c,Anyone else get a late start?,datingoverthirty,261,https://reddit.com/r/datingoverthirty/comments/xqrk4c/anyone_else_get_a_late_start/,iqbxg78,Jephta,6,"This is good advice. I attempted to figure out that list of what I wanted when I started dating, and got into that relationship based on what I thought I wanted. The problem is I learned through experience that some of the things I thought were important to me (her being really independent) actually weren't what I wanted after all, and things I didn't think were that important to me (her and I being very close friends) turned out were important to me. Looking back, I really think the only way I can know for certain is to actually try to do it and find out as I go, and for that I feel like I need time and space to learn.",https://reddit.com/r/datingoverthirty/comments/xqrk4c/_/iqbxg78/,General / Other
xqrk4c,Anyone else get a late start?,datingoverthirty,261,https://reddit.com/r/datingoverthirty/comments/xqrk4c/anyone_else_get_a_late_start/,iqcayo1,Alcarinque88,6,"It's funny to me, but I agree with your title but not the body of your post. Tldr: late starter for sure, but I actually want that settle down life with a life partner doing the things we love together. 

I'm 34M, and for most of my life I was in a religious cult (Mormonism) that pressures people to marry young and have a lot of kids. I thought that was my God-appointed privilege and goal, and in order to do it right, I ""gave up"" all of the ""normal"" things people do growing up and going through high school and college. I focused on living church standards and getting an education that would make me a good prospective husband and father. Part of what helped me realize that maybe there isn't a God was that I kept praying to do those things I felt He wanted, but nothing was working. Throw in ",https://reddit.com/r/datingoverthirty/comments/xqrk4c/_/iqcayo1/,Processing the shame of being late
xqrk4c,Anyone else get a late start?,datingoverthirty,261,https://reddit.com/r/datingoverthirty/comments/xqrk4c/anyone_else_get_a_late_start/,iqc7fuo,Jephta,5,"I'm very surprised at the amount of people saying ""woman with kids"" does not necessarily equal ""you must be dad"", at least not right away. I admit, maybe a decade or so of politicians invoking ""single mothers"" as a pitiable demographic subconsciously made me think everyone who is a single mother is trying not to be one. Thanks for the reality check. I'll rethink my filters.",https://reddit.com/r/datingoverthirty/comments/xqrk4c/_/iqc7fuo/,General / Other
xqrk4c,Anyone else get a late start?,datingoverthirty,261,https://reddit.com/r/datingoverthirty/comments/xqrk4c/anyone_else_get_a_late_start/,iqen00y,Jephta,3,"This post kicked me right in the guilt. I guess I should've said ""I don't want kids"" rather than ""I'm not sure if I want kids"" to my ex-girlfriend, even though the later feels more true to me...When I'd bring up my concerns about kids, she'd always just agree with me - raising kids is tough! I'm right to be worried and she's glad I am, because it means I'm giving it serious thought.

She wasn't the direct, confrontational, or assertive type. She wanted me to come to my own decision, but I could tell she was really hoping it matched hers...",https://reddit.com/r/datingoverthirty/comments/xqrk4c/_/iqen00y/,General / Other
xqrk4c,Anyone else get a late start?,datingoverthirty,261,https://reddit.com/r/datingoverthirty/comments/xqrk4c/anyone_else_get_a_late_start/,iqe46nw,Jephta,3,"I'd settle down too right now if the right person was there. The problem is, I have no idea how to determine who is the right person. Thanks for the encouragement.",https://reddit.com/r/datingoverthirty/comments/xqrk4c/_/iqe46nw/,Learning the mechanics of dating
xqrk4c,Anyone else get a late start?,datingoverthirty,261,https://reddit.com/r/datingoverthirty/comments/xqrk4c/anyone_else_get_a_late_start/,iqffss2,Jephta,3,"Thank you for the detailed response. It seems I just picked the worst possible time window to start dating (at least same-age women). Even though being on either side of the equation sucks, reading this made me realize my position is kind of fortunate compared to being on the other side of the equation.",https://reddit.com/r/datingoverthirty/comments/xqrk4c/_/iqffss2/,General / Other
xqrk4c,Anyone else get a late start?,datingoverthirty,261,https://reddit.com/r/datingoverthirty/comments/xqrk4c/anyone_else_get_a_late_start/,iqbjoko,CartographerPrior165,3,"I'm in a similar place except I'm 41m, so I don't think I could date a woman in her 20s without feeling like a creep. At least I know I don't want kids so I'm not worried about wasting someone's fertile years. Unfortunately it seems like there's a massive surplus of guys my age just looking for casual, most of them much better looking, so I haven't had any luck with dating.",https://reddit.com/r/datingoverthirty/comments/xqrk4c/_/iqbjoko/,General / Other
xqrk4c,Anyone else get a late start?,datingoverthirty,261,https://reddit.com/r/datingoverthirty/comments/xqrk4c/anyone_else_get_a_late_start/,iqe7ru0,k8III,3,"You could try dating women slightly younger, 27-31 range. They’re mature enough to keep up with you, but you won’t feel as much pressure to get serious. This is obviously a generalization, but it could help your anxieties about this.",https://reddit.com/r/datingoverthirty/comments/xqrk4c/_/iqe7ru0/,General / Other
1gx9z8w,"Autistic, in my thirties, and keep running into ""no spark"" with women I actually connect with",datingoverthirty,249,https://reddit.com/r/datingoverthirty/comments/1gx9z8w/autistic_in_my_thirties_and_keep_running_into_no/,lyjh4ov,nutellablanket,29,"u/burnfaith my therapist and I talked today and she noted that the ones I really connected to have had ADHD pretty badly *and* all told me they had been in pretty emotionally abusive LTRs, which makes a lot of sense that they could be avoidant due to their traumatic relational history.",https://reddit.com/r/datingoverthirty/comments/1gx9z8w/_/lyjh4ov/,Managing neurodivergence in dating
1gx9z8w,"Autistic, in my thirties, and keep running into ""no spark"" with women I actually connect with",datingoverthirty,249,https://reddit.com/r/datingoverthirty/comments/1gx9z8w/autistic_in_my_thirties_and_keep_running_into_no/,lyjgvzd,nutellablanket,24,"Definitely! Thank you for the reminder!  Honestly the most draining part of dating has been trying to get a match then the texting/chatting before a first date, but I'm slowing down a lot there as I get more insight to refine who/what I'm seeking out. You're right that it won't be good to just become a shell of a person and not keep building up my personal life experiences outside of dating.",https://reddit.com/r/datingoverthirty/comments/1gx9z8w/_/lyjgvzd/,Learning the mechanics of dating
1gx9z8w,"Autistic, in my thirties, and keep running into ""no spark"" with women I actually connect with",datingoverthirty,249,https://reddit.com/r/datingoverthirty/comments/1gx9z8w/autistic_in_my_thirties_and_keep_running_into_no/,lyjhgml,nutellablanket,16,"Gosh I'm constantly having to remind myself to make eye contact with them!  I touch, smile, laugh, and do other meaningful gestures with no programming necessary, but eye contact is a struggle!",https://reddit.com/r/datingoverthirty/comments/1gx9z8w/_/lyjhgml/,Coping with physical loneliness
1gx9z8w,"Autistic, in my thirties, and keep running into ""no spark"" with women I actually connect with",datingoverthirty,249,https://reddit.com/r/datingoverthirty/comments/1gx9z8w/autistic_in_my_thirties_and_keep_running_into_no/,lyivg0d,MyFeetLookLikeHands,16,bro i’m 35m and have been dating seriously for the last 4 years and have run into this **countless** times. It does get incredibly frustrating &amp; disheartening sometimes but you have to stick with it,https://reddit.com/r/datingoverthirty/comments/1gx9z8w/_/lyivg0d/,General / Other
1gx9z8w,"Autistic, in my thirties, and keep running into ""no spark"" with women I actually connect with",datingoverthirty,249,https://reddit.com/r/datingoverthirty/comments/1gx9z8w/autistic_in_my_thirties_and_keep_running_into_no/,lyjg3cq,nutellablanket,12,Thank you so much for these words.  I think two of the biggest issues I've realized are that the women I felt most connected to had ADHD so text communication was really tough at times (in-person was awesome) and they each had a pretty difficult past with emotionally abusive LTRs.  So I could have actually been making them feel safe and happy? but their subconscious mind couldn't accept that because of their past :/,https://reddit.com/r/datingoverthirty/comments/1gx9z8w/_/lyjg3cq/,Managing neurodivergence in dating
1gx9z8w,"Autistic, in my thirties, and keep running into ""no spark"" with women I actually connect with",datingoverthirty,249,https://reddit.com/r/datingoverthirty/comments/1gx9z8w/autistic_in_my_thirties_and_keep_running_into_no/,lyipfpm,MartagonofAmazonLily,9,"I think the more certain you are about what you want, and the more self-awareness you have, results in more difficulty dating. In my experience, too many people get put off by someone else's certainty when they are struggling with their own insecurities or uncertainty. I'm in a similar boat as you, getting lots of dates but seeing things fizzle out. And ultimately, they're doing me a favor because they weren't the right fit in the first place. You have to have a bit of resiliency to not blame yourself for fuel negativity towards yourself. Sometimes you can pinpoint what the issue was and sometimes you can't, and that's okay. It sounds like you're quite self-aware, so hopefully you're not repeating some pattern you haven't realized yet. Most likely, you're dating women who are just not righ",https://reddit.com/r/datingoverthirty/comments/1gx9z8w/_/lyipfpm/,General / Other
1gx9z8w,"Autistic, in my thirties, and keep running into ""no spark"" with women I actually connect with",datingoverthirty,249,https://reddit.com/r/datingoverthirty/comments/1gx9z8w/autistic_in_my_thirties_and_keep_running_into_no/,lyjnoly,nutellablanket,7,"Is there a better way to identify this early on?  You might be on to something here, but it's like the initial few dates and texting/calls/etc. are filled with a lot of energy and excitement and eventually deeper, vulnerable talks from both parties, so I've been reading that as emotionally available :/",https://reddit.com/r/datingoverthirty/comments/1gx9z8w/_/lyjnoly/,Learning the mechanics of dating
1gx9z8w,"Autistic, in my thirties, and keep running into ""no spark"" with women I actually connect with",datingoverthirty,249,https://reddit.com/r/datingoverthirty/comments/1gx9z8w/autistic_in_my_thirties_and_keep_running_into_no/,lyjodji,nutellablanket,7,"Thank you for your comment!  I've gotten really positive feedback from kissing onward, and have made sure with all things intimate to check in with them / ask to have them show me what they enjoy / course-correct me if anything isn't working.  

It *does* take me a little longer to feel comfortable receiving, so I much prefer giving (and for me there's a lot of joy in doing that lol)",https://reddit.com/r/datingoverthirty/comments/1gx9z8w/_/lyjodji/,Fear of intimacy after abstinence
1gx9z8w,"Autistic, in my thirties, and keep running into ""no spark"" with women I actually connect with",datingoverthirty,249,https://reddit.com/r/datingoverthirty/comments/1gx9z8w/autistic_in_my_thirties_and_keep_running_into_no/,lyjmka9,nutellablanket,7,"Yeah, so my therapist and I dug into this and we looked at two things: that the women I feel most connected to have ADHD (and as a result, aren't the best at consistent text communication) and that they each had at least one emotionally abusive LTR in the past.

I'm drawn towards women who are really silly, emotionally intelligent, super passionate about a narrow topic or three, and love psychology and understanding themselves + others better.  There are definitely others but it's 2am here lol",https://reddit.com/r/datingoverthirty/comments/1gx9z8w/_/lyjmka9/,Managing neurodivergence in dating
1gx9z8w,"Autistic, in my thirties, and keep running into ""no spark"" with women I actually connect with",datingoverthirty,249,https://reddit.com/r/datingoverthirty/comments/1gx9z8w/autistic_in_my_thirties_and_keep_running_into_no/,lyjp67h,nutellablanket,6,"Thank you!  A couple of things came out of my therapy today:

1.) The women I felt most connected to had ADHD so text communication was really tough at times (in-person was awesome); and

2.)  they each had a pretty difficult past with emotionally abusive LTRs. So I could have actually been making them feel safe and happy? but their subconscious mind couldn't accept that because of their past - they might have felt like how I am was very foreign to what they're used to, and/or had alarm bells going, ""Remember last time we thought a great person was safe???""

I'll also add that u/Comeback_321  pointed out it could be that I'm even-keel and most people are used to ""waves"" rocking their boat, so what feels safe and secure and can, again, feel unfamiliar, boring, or like an absolute trap / sec",https://reddit.com/r/datingoverthirty/comments/1gx9z8w/_/lyjp67h/,Managing neurodivergence in dating
1gx9z8w,"Autistic, in my thirties, and keep running into ""no spark"" with women I actually connect with",datingoverthirty,249,https://reddit.com/r/datingoverthirty/comments/1gx9z8w/autistic_in_my_thirties_and_keep_running_into_no/,lyjhlo3,nutellablanket,6,Thank you!  Yeah eye contact is just something I have to keep on a loop reminder in my thoughts while all the other meaningful gestures (like touch and smile) actually made their way into my programming lol,https://reddit.com/r/datingoverthirty/comments/1gx9z8w/_/lyjhlo3/,Coping with physical loneliness
1gx9z8w,"Autistic, in my thirties, and keep running into ""no spark"" with women I actually connect with",datingoverthirty,249,https://reddit.com/r/datingoverthirty/comments/1gx9z8w/autistic_in_my_thirties_and_keep_running_into_no/,lyjhpsk,nutellablanket,5,Thank you for the encouragement!,https://reddit.com/r/datingoverthirty/comments/1gx9z8w/_/lyjhpsk/,General / Other
1gx9z8w,"Autistic, in my thirties, and keep running into ""no spark"" with women I actually connect with",datingoverthirty,249,https://reddit.com/r/datingoverthirty/comments/1gx9z8w/autistic_in_my_thirties_and_keep_running_into_no/,lyjigjh,nutellablanket,3,I definitely feel like I've done most or all of these things and the numerous dates with the ones I strongly connected with felt like we were really clicking (I hope they weren't drawing these out to 8 dates feeling like things didn't click each date! lol),https://reddit.com/r/datingoverthirty/comments/1gx9z8w/_/lyjigjh/,General / Other
1gx9z8w,"Autistic, in my thirties, and keep running into ""no spark"" with women I actually connect with",datingoverthirty,249,https://reddit.com/r/datingoverthirty/comments/1gx9z8w/autistic_in_my_thirties_and_keep_running_into_no/,lyjllvv,nutellablanket,3,"First off, I absolutely love Ester Perel's podcasts and the insights they offer (and have a couple of her books too).  So huge kudos to you ha!

You get a fun insight maybe others will have to scroll to find lol:

**I think what you've mentioned about being even keel is it.** I've been told by almost all of my dates, friends, family, and randoms that I present as really kind and understanding and they can't imagine me ever getting mad or what that would even look like (surprise... I'm human and I get upset lol).

I went through one emotionally and psychologically abusive LTR in the past, and then had a couple other LTRs where I felt like I was always accommodating / putting my partner's needs before my own.  When my most recent one ended, I resolved to do a ton of reading on developmental ",https://reddit.com/r/datingoverthirty/comments/1gx9z8w/_/lyjllvv/,Coping with physical loneliness
1gx9z8w,"Autistic, in my thirties, and keep running into ""no spark"" with women I actually connect with",datingoverthirty,249,https://reddit.com/r/datingoverthirty/comments/1gx9z8w/autistic_in_my_thirties_and_keep_running_into_no/,lyjm2nt,nutellablanket,3,"Hahah yeah there's a meme a partner I had years ago sent me where it was like ""what I thought I was getting before the relationship"" vs. ""what I got"" and it was this well put-together guy in one photo who then was acting like a goofball in the other.",https://reddit.com/r/datingoverthirty/comments/1gx9z8w/_/lyjm2nt/,General / Other
1r5dpg1,Found out he has a wife back home. Now what?,datingoverthirty,246,https://reddit.com/r/datingoverthirty/comments/1r5dpg1/found_out_he_has_a_wife_back_home_now_what/,o5ifonn,greenjelloh,9,"THANK YOU. This is precisely why I’ve held back. I know nothing about her, and I’m so scared if she does something to hurt herself but friends have said that’s on him and not on me. Rationally yes but I would hate to have been the catalyst in any shape or form.",https://reddit.com/r/datingoverthirty/comments/1r5dpg1/_/o5ifonn/,Coping with physical loneliness
1r5dpg1,Found out he has a wife back home. Now what?,datingoverthirty,246,https://reddit.com/r/datingoverthirty/comments/1r5dpg1/found_out_he_has_a_wife_back_home_now_what/,o5ik6mn,greenjelloh,8,"How did she contact you? In the second part of my post I mentioned I can’t attach pictures to IG. I don’t want to have a convo with her, I just want to send her the proof and the facts.",https://reddit.com/r/datingoverthirty/comments/1r5dpg1/_/o5ik6mn/,General / Other
1r5dpg1,Found out he has a wife back home. Now what?,datingoverthirty,246,https://reddit.com/r/datingoverthirty/comments/1r5dpg1/found_out_he_has_a_wife_back_home_now_what/,o5j0x7w,Alternative_Worker71,8,"I was in a similar situation and the advice i got was if youre gonna tell her, do it anonymously and i cannot stress this enough. In my culture (whole other story) she was very likely to stay anyway or blame me instead. 
I was cheated on and only found out the truth after contacting the other woman, ill be forever grateful to her for telling me the truth cuz my ex didnt.",https://reddit.com/r/datingoverthirty/comments/1r5dpg1/_/o5j0x7w/,General / Other
1r5dpg1,Found out he has a wife back home. Now what?,datingoverthirty,246,https://reddit.com/r/datingoverthirty/comments/1r5dpg1/found_out_he_has_a_wife_back_home_now_what/,o5ittna,greenjelloh,8,"Thank you, this was helpful. I was concerned about her (and him) having too much access to my info just for safety sake. Giving HIS info as proof makes sense.",https://reddit.com/r/datingoverthirty/comments/1r5dpg1/_/o5ittna/,Fear of intimacy after abstinence
1kmywzu,Single guy here—Looking for advice on meeting people (especially women) outside of dating apps,datingoverthirty,244,https://reddit.com/r/datingoverthirty/comments/1kmywzu/single_guy_herelooking_for_advice_on_meeting/,msgw01w,Beneficial_Stay_2842,6,"Maybe I will have to do some research and would be a good way to do a solo trip, which I’ve never done before.",https://reddit.com/r/datingoverthirty/comments/1kmywzu/_/msgw01w/,General / Other
1kmywzu,Single guy here—Looking for advice on meeting people (especially women) outside of dating apps,datingoverthirty,244,https://reddit.com/r/datingoverthirty/comments/1kmywzu/single_guy_herelooking_for_advice_on_meeting/,msikx40,MeanSeaworthiness6,4,"Very well said. I've been attacked by many people on this sub; it's not nearly as friendly as some make it out to be and as a man, you're more sided against than anything else.

With regards to communicating and being direct, very few people do that. I feel like it's a skill past a certain age and it's too uncomfortable for people to want to practice it so they don't and as a result, end up with a bunch of dating problems.

I definitely think we're in the worst dating bracket being in our thirties.",https://reddit.com/r/datingoverthirty/comments/1kmywzu/_/msikx40/,General / Other
1kmywzu,Single guy here—Looking for advice on meeting people (especially women) outside of dating apps,datingoverthirty,244,https://reddit.com/r/datingoverthirty/comments/1kmywzu/single_guy_herelooking_for_advice_on_meeting/,msgxcya,Beneficial_Stay_2842,3,Yeah I guarantee I’ve missed a lot of opportunities because of the self doubt that sets in and I need to work on getting over the fear of rejection.,https://reddit.com/r/datingoverthirty/comments/1kmywzu/_/msgxcya/,Understanding rejection
9vo15j,I just got dumped.,datingoverthirty,239,https://reddit.com/r/datingoverthirty/comments/9vo15j/i_just_got_dumped/,e9dt9dk,Squidman12,25,"I'm sorry to hear that. Getting dumped always sucks. I (31m) started dating a girl about three months ago and it was the first person I genuinely really liked since getting out of an increasingly toxic 2ish year relationship in late 2015. She texted me out of the blue about 3 weeks ago and said she wasn't ready to be with anyone because she had recently gotten out of a 6 year relationship that she implied was quite less than healthy. It was so out of nowhere and I was crushed, but after texting with her a bit I understood that she needed to take some time for self reflection. 

Then, similarly out of the blue, she texted me yesterday and said she was interested in hanging out again if I was. So now we're going out tonight. I'm a little apprehensive and plan on taking it slow, so we'll see ",https://reddit.com/r/datingoverthirty/comments/9vo15j/_/e9dt9dk/,Learning the mechanics of dating
9vo15j,I just got dumped.,datingoverthirty,239,https://reddit.com/r/datingoverthirty/comments/9vo15j/i_just_got_dumped/,e9e1o8f,swimchick0588,3,It certainly does. I'm sorry that happened to you. It really does suck.,https://reddit.com/r/datingoverthirty/comments/9vo15j/_/e9e1o8f/,General / Other
9vo15j,I just got dumped.,datingoverthirty,239,https://reddit.com/r/datingoverthirty/comments/9vo15j/i_just_got_dumped/,e9e1vio,swimchick0588,2,I wholeheartedly agree.,https://reddit.com/r/datingoverthirty/comments/9vo15j/_/e9e1vio/,General / Other
9vo15j,I just got dumped.,datingoverthirty,239,https://reddit.com/r/datingoverthirty/comments/9vo15j/i_just_got_dumped/,e9e1ryk,swimchick0588,2,I'm doing my best. Thanks.,https://reddit.com/r/datingoverthirty/comments/9vo15j/_/e9e1ryk/,General / Other
9vo15j,I just got dumped.,datingoverthirty,239,https://reddit.com/r/datingoverthirty/comments/9vo15j/i_just_got_dumped/,e9e1uwf,swimchick0588,2,Don't be afraid just because of what happened to me. It's hard but you gotta put yourself out there. Good luck to you!,https://reddit.com/r/datingoverthirty/comments/9vo15j/_/e9e1uwf/,General / Other
9vo15j,I just got dumped.,datingoverthirty,239,https://reddit.com/r/datingoverthirty/comments/9vo15j/i_just_got_dumped/,efc29ji,swimchick0588,1,I'm looking through my old posts and ran across this comment. An update would be awesome! I hope things worked out for you.,https://reddit.com/r/datingoverthirty/comments/9vo15j/_/efc29ji/,General / Other
9vo15j,I just got dumped.,datingoverthirty,239,https://reddit.com/r/datingoverthirty/comments/9vo15j/i_just_got_dumped/,e9fekv1,swimchick0588,1,Bahahahah yes!,https://reddit.com/r/datingoverthirty/comments/9vo15j/_/e9fekv1/,General / Other
1nse0tv,Dating 3.5 years and stuck,datingoverthirty,237,https://reddit.com/r/datingoverthirty/comments/1nse0tv/dating_35_years_and_stuck/,ngle4fs,plantsfortherapy,50,"I think you’re right on the options. I’m not abandoning myself. I don’t want to leave but change is only up to her to decide. Oof.

Edit: I will not continue to abandon myself.",https://reddit.com/r/datingoverthirty/comments/1nse0tv/_/ngle4fs/,General / Other
1nse0tv,Dating 3.5 years and stuck,datingoverthirty,237,https://reddit.com/r/datingoverthirty/comments/1nse0tv/dating_35_years_and_stuck/,nglfyvm,plantsfortherapy,26,I’ve come to realize that. I agree. What I meant is I will not continue it.,https://reddit.com/r/datingoverthirty/comments/1nse0tv/_/nglfyvm/,General / Other
1nse0tv,Dating 3.5 years and stuck,datingoverthirty,237,https://reddit.com/r/datingoverthirty/comments/1nse0tv/dating_35_years_and_stuck/,nglmqb4,plantsfortherapy,18,I’ve read up on covert narcissism. My ex-wife was one and I think I just figured out my current partner is one too.,https://reddit.com/r/datingoverthirty/comments/1nse0tv/_/nglmqb4/,Starting over after loss
1nse0tv,Dating 3.5 years and stuck,datingoverthirty,237,https://reddit.com/r/datingoverthirty/comments/1nse0tv/dating_35_years_and_stuck/,ngljtzo,plantsfortherapy,17,"It’s incredibly difficult to walk away from someone you still love. I love myself more though, so…",https://reddit.com/r/datingoverthirty/comments/1nse0tv/_/ngljtzo/,General / Other
1nse0tv,Dating 3.5 years and stuck,datingoverthirty,237,https://reddit.com/r/datingoverthirty/comments/1nse0tv/dating_35_years_and_stuck/,nglnkcd,plantsfortherapy,14,Dude….also just realized the same thing. Falling for exactly the same personality.,https://reddit.com/r/datingoverthirty/comments/1nse0tv/_/nglnkcd/,General / Other
1nse0tv,Dating 3.5 years and stuck,datingoverthirty,237,https://reddit.com/r/datingoverthirty/comments/1nse0tv/dating_35_years_and_stuck/,nglfv0c,plantsfortherapy,13,We’ve discussed this dynamic for a year and a half so yeah I think you’re right on the no incentive to change part. Thanks for reminding me listening is a bare minimum. I needed it.,https://reddit.com/r/datingoverthirty/comments/1nse0tv/_/nglfv0c/,General / Other
1nse0tv,Dating 3.5 years and stuck,datingoverthirty,237,https://reddit.com/r/datingoverthirty/comments/1nse0tv/dating_35_years_and_stuck/,ngljxib,plantsfortherapy,11,Thank you. So many different terms I don’t know what all the behaviors mean. I just know it doesn’t feel good.,https://reddit.com/r/datingoverthirty/comments/1nse0tv/_/ngljxib/,General / Other
1nse0tv,Dating 3.5 years and stuck,datingoverthirty,237,https://reddit.com/r/datingoverthirty/comments/1nse0tv/dating_35_years_and_stuck/,ngmy31s,abuhd,11,"It does not. We dont blame shift (adhd guy here). We feel guilt and then we want to people please. 

She sounds like a straight up covert narc.",https://reddit.com/r/datingoverthirty/comments/1nse0tv/_/ngmy31s/,Managing neurodivergence in dating
1nse0tv,Dating 3.5 years and stuck,datingoverthirty,237,https://reddit.com/r/datingoverthirty/comments/1nse0tv/dating_35_years_and_stuck/,ngleo2y,plantsfortherapy,10,"I’m familiar with a DARVO response. Sometimes yes. One response I didn’t mention in the body of my post is she will call me a hypocrite often. Or she will bring up something else unrelated I did that hurt her. I’m not sure she ever denies, but she certainly deflects.",https://reddit.com/r/datingoverthirty/comments/1nse0tv/_/ngleo2y/,General / Other
1nse0tv,Dating 3.5 years and stuck,datingoverthirty,237,https://reddit.com/r/datingoverthirty/comments/1nse0tv/dating_35_years_and_stuck/,ngnc7uh,plantsfortherapy,8,"Don’t blame yourself for it taking a long time to figure out. That’s not your fault. Their actions make it very hard to detect unless you know what you’re looking for. I agree on the kids. Her daughter already has behavior issues. Having my daughter around them anymore, just the thought of it, triggers me.",https://reddit.com/r/datingoverthirty/comments/1nse0tv/_/ngnc7uh/,General / Other
1nse0tv,Dating 3.5 years and stuck,datingoverthirty,237,https://reddit.com/r/datingoverthirty/comments/1nse0tv/dating_35_years_and_stuck/,ngldzdv,plantsfortherapy,8,"Yes, she was diagnosed a couple years ago.",https://reddit.com/r/datingoverthirty/comments/1nse0tv/_/ngldzdv/,General / Other
1nse0tv,Dating 3.5 years and stuck,datingoverthirty,237,https://reddit.com/r/datingoverthirty/comments/1nse0tv/dating_35_years_and_stuck/,ngll0ha,plantsfortherapy,6,"Good advice. I’m in tune enough to know to call bs, but not always what to call it. I’ll read up. Thanks.",https://reddit.com/r/datingoverthirty/comments/1nse0tv/_/ngll0ha/,General / Other
1nse0tv,Dating 3.5 years and stuck,datingoverthirty,237,https://reddit.com/r/datingoverthirty/comments/1nse0tv/dating_35_years_and_stuck/,nglk03g,plantsfortherapy,5,I agree. Thanks for validating.,https://reddit.com/r/datingoverthirty/comments/1nse0tv/_/nglk03g/,General / Other
1nse0tv,Dating 3.5 years and stuck,datingoverthirty,237,https://reddit.com/r/datingoverthirty/comments/1nse0tv/dating_35_years_and_stuck/,nglgzs2,plantsfortherapy,5,"I’ve also come to realize she is an avoidant. You’re right, it is an incredibly difficult style.",https://reddit.com/r/datingoverthirty/comments/1nse0tv/_/nglgzs2/,General / Other
1nse0tv,Dating 3.5 years and stuck,datingoverthirty,237,https://reddit.com/r/datingoverthirty/comments/1nse0tv/dating_35_years_and_stuck/,nh65jal,plantsfortherapy,4,"Yeah that makes sense. I’m aware a very small part of the population has npd, but people can display narcissistic traits without it. She definitely gave me a DARVO response the other day and I do believe she is an avoidant.",https://reddit.com/r/datingoverthirty/comments/1nse0tv/_/nh65jal/,General / Other
1nse0tv,Dating 3.5 years and stuck,datingoverthirty,237,https://reddit.com/r/datingoverthirty/comments/1nse0tv/dating_35_years_and_stuck/,ngnl1aj,plantsfortherapy,3,Being alone doesn’t scare me. Just trying to figure out if there is a way out of this together or not. This feels like a dare haha,https://reddit.com/r/datingoverthirty/comments/1nse0tv/_/ngnl1aj/,General / Other
1nse0tv,Dating 3.5 years and stuck,datingoverthirty,237,https://reddit.com/r/datingoverthirty/comments/1nse0tv/dating_35_years_and_stuck/,ngwuo8f,plantsfortherapy,3,I know man. I’m getting there. I’m aware resentment has a hold on me already.,https://reddit.com/r/datingoverthirty/comments/1nse0tv/_/ngwuo8f/,General / Other
1nse0tv,Dating 3.5 years and stuck,datingoverthirty,237,https://reddit.com/r/datingoverthirty/comments/1nse0tv/dating_35_years_and_stuck/,nglg9ay,plantsfortherapy,3,"I didn’t want to lead anyone to the word abuse here, but that’s ultimately what I think is going on. Every instance alone is manipulation, but the pattern appears to be abuse.",https://reddit.com/r/datingoverthirty/comments/1nse0tv/_/nglg9ay/,General / Other
1nse0tv,Dating 3.5 years and stuck,datingoverthirty,237,https://reddit.com/r/datingoverthirty/comments/1nse0tv/dating_35_years_and_stuck/,nglmix6,plantsfortherapy,3,"Sure. We were having a conversation last week. I was mid-sentence and she picked up her phone and was reading a text. I stopped speaking and waited for her attention. She said she was listening. I remained silent and she got triggered telling me I didn’t have to make a big deal out of it. I said I don’t feel like I have your attention when you’re looking at your phone. She then called me a hypocrite. 

When we had a follow up conversation on the interaction I told her it hurt. She responded by saying “I guess I just can’t do anything right.” and said she was really hurting because of that.",https://reddit.com/r/datingoverthirty/comments/1nse0tv/_/nglmix6/,General / Other
1nse0tv,Dating 3.5 years and stuck,datingoverthirty,237,https://reddit.com/r/datingoverthirty/comments/1nse0tv/dating_35_years_and_stuck/,ngnmq08,plantsfortherapy,3,"No, it’s absolutely not.",https://reddit.com/r/datingoverthirty/comments/1nse0tv/_/ngnmq08/,General / Other
876drm,It is possible to find Love again.,datingoverthirty,212,https://reddit.com/r/datingoverthirty/comments/876drm/it_is_possible_to_find_love_again/,dwaokil,BCKinetic,23,9 months widower here. This makes me happy to read. Cheers mate.,https://reddit.com/r/datingoverthirty/comments/876drm/_/dwaokil/,General / Other
876drm,It is possible to find Love again.,datingoverthirty,212,https://reddit.com/r/datingoverthirty/comments/876drm/it_is_possible_to_find_love_again/,dwbunys,semitemptexas,6,"Okay, sorry for being late to answering questions!

No plans to move in together. We have a hard set of not introducing my son to her for at least 1 year.",https://reddit.com/r/datingoverthirty/comments/876drm/_/dwbunys/,General / Other
876drm,It is possible to find Love again.,datingoverthirty,212,https://reddit.com/r/datingoverthirty/comments/876drm/it_is_possible_to_find_love_again/,dwc5xjq,semitemptexas,2,"I am average looking, but I have a funny wit, and left out completely that I was a widower on eharmony. (On Tinder I got women who were like, "" I'l take of you daddy.""",https://reddit.com/r/datingoverthirty/comments/876drm/_/dwc5xjq/,Finding where to meet women
876drm,It is possible to find Love again.,datingoverthirty,212,https://reddit.com/r/datingoverthirty/comments/876drm/it_is_possible_to_find_love_again/,dwc5tej,semitemptexas,2,"If I would got it wrong, I think we would have laughed it off. It had to do with the mud pools on Trill.",https://reddit.com/r/datingoverthirty/comments/876drm/_/dwc5tej/,General / Other
876drm,It is possible to find Love again.,datingoverthirty,212,https://reddit.com/r/datingoverthirty/comments/876drm/it_is_possible_to_find_love_again/,dwc614h,semitemptexas,2,"My apologies for making it sound like we have used the  Love word. We are very much still in the honeymoon phase of the relationship, but we both are very comfortable.

Edit:spelling",https://reddit.com/r/datingoverthirty/comments/876drm/_/dwc614h/,General / Other
876drm,It is possible to find Love again.,datingoverthirty,212,https://reddit.com/r/datingoverthirty/comments/876drm/it_is_possible_to_find_love_again/,dwc5uy8,semitemptexas,1,San Antonio area.,https://reddit.com/r/datingoverthirty/comments/876drm/_/dwc5uy8/,General / Other
umucsx,Dating for the first time as a sober man. Having a hard time discussing it with dates/setting up sober dates. Anyone have some hot tips ?,datingoverthirty,208,https://reddit.com/r/datingoverthirty/comments/umucsx/dating_for_the_first_time_as_a_sober_man_having_a/,i855mke,ChanceLead9239,32,I appreciate the kind words :),https://reddit.com/r/datingoverthirty/comments/umucsx/_/i855mke/,General / Other
umucsx,Dating for the first time as a sober man. Having a hard time discussing it with dates/setting up sober dates. Anyone have some hot tips ?,datingoverthirty,208,https://reddit.com/r/datingoverthirty/comments/umucsx/dating_for_the_first_time_as_a_sober_man_having_a/,i84pk75,Usual_Manufacturer_9,7,"34m 17 months off the sauce here… I get asked about it a lot either on dates or when I go out with friends. Very interesting how people feel uncomfortable when you won’t drink with them.

I have tried it all except for before the date via messenger. My dating profiles say that I do not drink so I don’t feel the need to explicitly say it beforehand. I personally feel comfortable at a bar/club so it wouldn’t bother me to meet there but if you feel like it’s too much because you’re in recovery just say it’s not your scene.


I order a club soda when I’m out and anytime it is brought up I use the same line jokingly for the topic ice breaker “I don’t drink and no I didn’t kill anybody, I just decided I liked me and my life better without it. I totally don’t care if you drink so feel free to get",https://reddit.com/r/datingoverthirty/comments/umucsx/_/i84pk75/,Fear of intimacy after abstinence
umucsx,Dating for the first time as a sober man. Having a hard time discussing it with dates/setting up sober dates. Anyone have some hot tips ?,datingoverthirty,208,https://reddit.com/r/datingoverthirty/comments/umucsx/dating_for_the_first_time_as_a_sober_man_having_a/,i84a45f,CriscoMelon,5,"40m here coming up on 2 years and I don't mention it unless it's brought up. I have no problem suggesting ""drinks"" as a first date and just having a soda or a tea or whatever. It'll usually come up in that situation and I just say, ""Yeah I don't drink anymore - not my jam."" And if they have more questions I'm happy to discuss in more detail, but broadly speaking, IME, it's only as big a deal as you make it. And if the person you're out with is uncomfortable with it, there's a chance they're uncomfortable with their own relationship with alcohol, and that's not somebody you want to date anyhow.",https://reddit.com/r/datingoverthirty/comments/umucsx/_/i84a45f/,Learning the mechanics of dating
umucsx,Dating for the first time as a sober man. Having a hard time discussing it with dates/setting up sober dates. Anyone have some hot tips ?,datingoverthirty,208,https://reddit.com/r/datingoverthirty/comments/umucsx/dating_for_the_first_time_as_a_sober_man_having_a/,i86z1nu,LynRock,3,"32M Sober 7 years collectively.

Thank you for having the balls to write this. I have been meaning to ask this question. But I'd be happy to share some advice. Keep in mind I can't disclaim everything so if I seem brash ill be happy to elaborate more.

OK so first dates are always surface level. People can't possibly know the gravity of your positive traits. So if you make a big deal out of sobriety, all she is going to get from this is ""ok guy that doesn't drink"".

If you open with it it can't possibly give the girl an impression that it's under control. I know this sounds cold but it's the truth. Talk about life and hobbies as much as you can.

Do not anxiously defend it. When I tell a girl I can't drink she has immediately made up her mind. It doesn't matter how far you have come or how",https://reddit.com/r/datingoverthirty/comments/umucsx/_/i86z1nu/,Learning the mechanics of dating
umucsx,Dating for the first time as a sober man. Having a hard time discussing it with dates/setting up sober dates. Anyone have some hot tips ?,datingoverthirty,208,https://reddit.com/r/datingoverthirty/comments/umucsx/dating_for_the_first_time_as_a_sober_man_having_a/,i8500da,jejcicodjntbyifid3,2,"Same. 30m and I don't drink either

Never was big on it, but now that I had stomach surgery, that would be a bad idea",https://reddit.com/r/datingoverthirty/comments/umucsx/_/i8500da/,General / Other
umucsx,Dating for the first time as a sober man. Having a hard time discussing it with dates/setting up sober dates. Anyone have some hot tips ?,datingoverthirty,208,https://reddit.com/r/datingoverthirty/comments/umucsx/dating_for_the_first_time_as_a_sober_man_having_a/,i84qj5g,ashwheee,1,"Why can’t you, especially as a male, suggest dinner instead? Points would go up in my book if I suggested a bar and they said dinner instead. I wouldn’t bat an eyelash if they said they don’t drink, but the reality is it’s a social norm for a lot of people.",https://reddit.com/r/datingoverthirty/comments/umucsx/_/i84qj5g/,General / Other
kjpb09,Single parents: Do you feel lonely but have no desire for romance?,datingoverthirty,207,https://reddit.com/r/datingoverthirty/comments/kjpb09/single_parents_do_you_feel_lonely_but_have_no/,ggy9rx8,orioncygnus1,41,"Yeah I definitely think I've been depressed. I feel like I have some level of mild chronic depression throughout my entire life, but the past year has been substantially worse.",https://reddit.com/r/datingoverthirty/comments/kjpb09/_/ggy9rx8/,General / Other
kjpb09,Single parents: Do you feel lonely but have no desire for romance?,datingoverthirty,207,https://reddit.com/r/datingoverthirty/comments/kjpb09/single_parents_do_you_feel_lonely_but_have_no/,ggy851l,orioncygnus1,16,"It could be, but it's hard for me to decouple all the changes in my life in the past year and associate certain feelings with each. I hated doing doing my PhD though, so I felt pretty relieved when that was finished. 

I don't know how I will feel next year around this time. Maybe I will have a complete 180, but I feel that's not too likely given that I'm pretty rigid when it comes to these kind of things. I feel like the thing for me is that I've never craved relationships or companionship in my life. I've always been fine being alone and enjoy it most of the time (there are definitely situations where I prefer to be around other people too though).",https://reddit.com/r/datingoverthirty/comments/kjpb09/_/ggy851l/,General / Other
vrsexq,Anyone feel lost?,datingoverthirty,207,https://reddit.com/r/datingoverthirty/comments/vrsexq/anyone_feel_lost/,iexurc7,Suitable_Brain7650,13,"You’re not alone. I’m (35M) also in the same boat. I tried so many different ways, dating apps,  meetups, bars, but nothing has worked. I’m an introvert, which makes it challenging for me to socialize. As you said, it’s the only thing that I haven’t figure out yet. Everything else I have managed to accomplish, from career to making enough money. I wish if there’s was a way for whoever in the same situation to connect and make new friends. I have also bought an Xbox and thought this would help with my loneliness, it did to a certain extent, but still sometimes still feel the same.",https://reddit.com/r/datingoverthirty/comments/vrsexq/_/iexurc7/,Finding where to meet women
kjpb09,Single parents: Do you feel lonely but have no desire for romance?,datingoverthirty,207,https://reddit.com/r/datingoverthirty/comments/kjpb09/single_parents_do_you_feel_lonely_but_have_no/,ggyaguc,orioncygnus1,12,"You could be right. This is actually why I made the post because I feel like my thoughts are contradictory. 

I'm definitely afraid of intimacy though. One reason that I haven't mentioned is because of the potential to be hurt again. To me, I'm not confident that the potential for finding a partner to share my life with outweighs the potential to be hurt. I must say that the ending of the last relationship broke me on so many levels and is the most painful thing I've experienced by far. And this is coming from a guy who had abusive parents, been false prosecuted, and had been involved in extremely high conflict child custody proceedings. 

I have tried talking to women lately, and I really feel disgusted afterwards and don't ever want to talk to them again even after having a nice long con",https://reddit.com/r/datingoverthirty/comments/kjpb09/_/ggyaguc/,General / Other
kjpb09,Single parents: Do you feel lonely but have no desire for romance?,datingoverthirty,207,https://reddit.com/r/datingoverthirty/comments/kjpb09/single_parents_do_you_feel_lonely_but_have_no/,ggye1k1,orioncygnus1,9,"I know I caught myself fantasizing pretty hard about sharing a life with my last ex and envisioning her as being a great mother (something that he currently lacks, imo) for my son, and taking a huge load off of my shoulders in terms of parenting duties (the ""I'm so happy I don't have to do this alone anymore!"" ideal). When all those fantasies go down into the dumps, it magnifies the heartbreak",https://reddit.com/r/datingoverthirty/comments/kjpb09/_/ggye1k1/,Coping with physical loneliness
vrsexq,Anyone feel lost?,datingoverthirty,207,https://reddit.com/r/datingoverthirty/comments/vrsexq/anyone_feel_lost/,iey1edi,nomellamesprincesa,8,"I feel ya. I actually have a nice group of friends now, we go out a ton, and I have no trouble meeting people at all, but somehow they never want to be with me. Just had the conversation again with the guy I'd been seeing for 3 months (and talking to 24/7 and sleeping with 2-4 times a week). He likes me, but he doesn't want a relationship with me. And he initially didn't get how telling me we should make babies every time we have sex and talking about making an office for himself in my apartment on the one hand and then barely acknowledging my existence other days was giving me mixed messages.

He's since apologized, but it doesn't change the fact that he, again, doesn't really want me and I am, again, not girlfriend material for some reason",https://reddit.com/r/datingoverthirty/comments/vrsexq/_/iey1edi/,General / Other
kjpb09,Single parents: Do you feel lonely but have no desire for romance?,datingoverthirty,207,https://reddit.com/r/datingoverthirty/comments/kjpb09/single_parents_do_you_feel_lonely_but_have_no/,ggy9olu,orioncygnus1,8,"I definitely am tired, and not just on a physical level, but also just emotionally and mentally exhausted/drained. Frankly, I'm pretty used to it. Even before I had a kid, I worked A LOT. I probably spent 80-100 hours/week on technical stuff when I was 18-22. When I had a kid that dropped to probably 50-80, but I became really good at efficiency and time management. I started viewing life as an optimization problem lol...how can I maximize happiness, health, money with the least amount of time and energy?
 
I wouldn't say that dating sounds exhausting for me. It just sounds gross. Sex disgusts me too right now. I've talked to a couple of women lately in regards to setting up a FWB-type of situation, but I feel so disgusted 2 minutes into sexting, and end up never talking to them again or s",https://reddit.com/r/datingoverthirty/comments/kjpb09/_/ggy9olu/,General / Other
kjpb09,Single parents: Do you feel lonely but have no desire for romance?,datingoverthirty,207,https://reddit.com/r/datingoverthirty/comments/kjpb09/single_parents_do_you_feel_lonely_but_have_no/,ggy41tg,suckat_life,6,Dating is hard when you’re a single full time father (33m). Specially when you’re kid is involved and they take to your mate. So I understand you on a lot of this. And I’m also a 2nd year graduate student so there’s that too and depression and fighting heartbreak and unemployment. It’s harder than a lot of ppl think.,https://reddit.com/r/datingoverthirty/comments/kjpb09/_/ggy41tg/,Heartbreak and age
kjpb09,Single parents: Do you feel lonely but have no desire for romance?,datingoverthirty,207,https://reddit.com/r/datingoverthirty/comments/kjpb09/single_parents_do_you_feel_lonely_but_have_no/,ggy92z1,orioncygnus1,6,"Yeah, my last relationship made me realize how different it is for me to date while being a dad vs. to date with no kids. In the former situation, you're dating to find a partner AND another parent, so the criteria changes substantially. 

Latter situation in a nutshell would probably be something like this:

Physically attractive? Check

Tolerable Personality? Check

Okay, dateable.

Former situation in a nutshell would probably be something like this:

Physically attractive? Check

Tolerable Personality? Check

Good with kids? Somewhat

Next



Best of luck with grad school btw. I was one for 6 years.",https://reddit.com/r/datingoverthirty/comments/kjpb09/_/ggy92z1/,General / Other
vrsexq,Anyone feel lost?,datingoverthirty,207,https://reddit.com/r/datingoverthirty/comments/vrsexq/anyone_feel_lost/,iexg0dr,robotdl,5,I’ve done some clubs but not really met anyone through it. A lot are male focused.,https://reddit.com/r/datingoverthirty/comments/vrsexq/_/iexg0dr/,General / Other
kjpb09,Single parents: Do you feel lonely but have no desire for romance?,datingoverthirty,207,https://reddit.com/r/datingoverthirty/comments/kjpb09/single_parents_do_you_feel_lonely_but_have_no/,gh14zze,orioncygnus1,5,"The breakup was definitely traumatic for me. It hurt far more than any other breakup I’ve had.

I’ll take a look into dysthymia. Thanks for bringing that up.",https://reddit.com/r/datingoverthirty/comments/kjpb09/_/gh14zze/,Starting over after loss
vrsexq,Anyone feel lost?,datingoverthirty,207,https://reddit.com/r/datingoverthirty/comments/vrsexq/anyone_feel_lost/,iexsqj7,robotdl,4,"No. I did have a look around but couldn’t find anything like that. 
Thanks. Hopefully I’ll have some luck soon.",https://reddit.com/r/datingoverthirty/comments/vrsexq/_/iexsqj7/,General / Other
kjpb09,Single parents: Do you feel lonely but have no desire for romance?,datingoverthirty,207,https://reddit.com/r/datingoverthirty/comments/kjpb09/single_parents_do_you_feel_lonely_but_have_no/,gh15cwk,orioncygnus1,4,"I feel like the conversations I’ve had were just because I felt bored. The majority of the days, I don’t trying to engage in conversation at all. 

Yeah, I had a pretty rough childhood that left me handicapped in terms of emotional intelligence. I started therapy in my early 20s and that’s been very helpful.",https://reddit.com/r/datingoverthirty/comments/kjpb09/_/gh15cwk/,General / Other
vrsexq,Anyone feel lost?,datingoverthirty,207,https://reddit.com/r/datingoverthirty/comments/vrsexq/anyone_feel_lost/,iexxtw8,LirdorElese,3,"Same boat here... 36M. Was engaged for 13 years, raising a 16 year old son, when my fiance decided she'd be happier with someone else. Tried online dating... can't get anywhere. Feel miserable alone, have no friends. Certainly don't fit in in bars, clubs etc... and being in a small city an hour away from the 2 decent cities nearby (Charolotte SC, and Greenville SC). My only real hobbies are D&amp;D, video games, anime etc...",https://reddit.com/r/datingoverthirty/comments/vrsexq/_/iexxtw8/,General / Other
kjpb09,Single parents: Do you feel lonely but have no desire for romance?,datingoverthirty,207,https://reddit.com/r/datingoverthirty/comments/kjpb09/single_parents_do_you_feel_lonely_but_have_no/,gh14k4n,orioncygnus1,3,"Happy holidays!

I took lexapro from November 2019-January 2020 and I didn’t feel it did anything for me. 

I don’t know how I would feel about switching therapists. I like my current one, although I haven’t gone to therapy much in the past half year. 

It may not just be about dating, but I think most of my issues currently are caused by the ending of my previous relationship.",https://reddit.com/r/datingoverthirty/comments/kjpb09/_/gh14k4n/,General / Other
kjpb09,Single parents: Do you feel lonely but have no desire for romance?,datingoverthirty,207,https://reddit.com/r/datingoverthirty/comments/kjpb09/single_parents_do_you_feel_lonely_but_have_no/,gh17rgp,orioncygnus1,3,"I’ll check out the video. Thanks. My son is very easy to take care of IMO. He’s this bubbly, very social, sweet, and kind little kiddo and that’s made parenting much easier. Parenting him as a 5 year old is also a lot easier than when he was an infant where I had to be attentive 24/7.",https://reddit.com/r/datingoverthirty/comments/kjpb09/_/gh17rgp/,General / Other
vrsexq,Anyone feel lost?,datingoverthirty,207,https://reddit.com/r/datingoverthirty/comments/vrsexq/anyone_feel_lost/,if03qqe,[deleted],2,"37m here too. I’m in a relationship now but this is really close to how I felt before things changed in 2022.

My best advice would be to just remain open. I was at the point where I felt like maybe a life of being alone was the path I would take too. But things changed out of nowhere when I met my now gf on Reddit of all places.

I’d given up hope of finding something meaningful but luckily things blossomed at a time when I felt pretty lost. I think it’s easy to feel really hopeless in the short term but when you zoom out and think about how many years you could potentially have left, there is still a lot of room to meet someone. Try to keep your chin up my friend.",https://reddit.com/r/datingoverthirty/comments/vrsexq/_/if03qqe/,General / Other
m8wsyu,Men on dating women who are taller,datingoverthirty,203,https://reddit.com/r/datingoverthirty/comments/m8wsyu/men_on_dating_women_who_are_taller/,grklsau,Pulled_An_LBJ,128,"Okay, yeah, honestly I want someone who is hell yeah legs. If he is like that, then I see it as an awesome pairing. I think you just helped me figure out my stance. Completely fine with a man being shorter, but he needs to be excited about my longer legs! :)",https://reddit.com/r/datingoverthirty/comments/m8wsyu/_/grklsau/,General / Other
m8wsyu,Men on dating women who are taller,datingoverthirty,203,https://reddit.com/r/datingoverthirty/comments/m8wsyu/men_on_dating_women_who_are_taller/,grkxlsa,TheRealTowel,16,"I'm 5'8"", my girlfriend is 6'2"", and the only thing it's ever made a difference to is the convenient placing of her breasts at face level in missionary position. Which is fucking awesome.",https://reddit.com/r/datingoverthirty/comments/m8wsyu/_/grkxlsa/,General / Other
m8wsyu,Men on dating women who are taller,datingoverthirty,203,https://reddit.com/r/datingoverthirty/comments/m8wsyu/men_on_dating_women_who_are_taller/,grkjctk,Pulled_An_LBJ,15,"Maybe I'm more open to it because being on the taller end of the female spectrum makes height always an issue for me in other areas. But also maybe because I have gotten older I realize I just want to find someone I click with. Like chemistry and personality, maybe I see things differently. I'm not sure.",https://reddit.com/r/datingoverthirty/comments/m8wsyu/_/grkjctk/,Managing neurodivergence in dating
m8wsyu,Men on dating women who are taller,datingoverthirty,203,https://reddit.com/r/datingoverthirty/comments/m8wsyu/men_on_dating_women_who_are_taller/,grklcce,Pulled_An_LBJ,14,"Omg, that is not okay. She shouldn't do that. Its like a man asking me to stand next to things to guess my waist size. It's not okay either way. 

I definitely get preference, I prefer a lot of things too. But I guess I'm really thinking about preference vs dealbreaker. For instance, Preference = taller. Dealbreaker = not funny.",https://reddit.com/r/datingoverthirty/comments/m8wsyu/_/grklcce/,General / Other
m8wsyu,Men on dating women who are taller,datingoverthirty,203,https://reddit.com/r/datingoverthirty/comments/m8wsyu/men_on_dating_women_who_are_taller/,grkl3pl,Pulled_An_LBJ,9,"That's interesting that the men closer to your height had more of an issue. I think I will just put it in my profile bio, too. I think I don't care as much about this now either. I mean, I think up until now I was still just thinking in a sort of default sort of way with my online dating settings. I haven't even mentioned that this guy is younger because I've kind of realized if they don't care then I definitely don't. Just one more thing to toss that is probably getting in my way of finding someone who fits in other more important ways.",https://reddit.com/r/datingoverthirty/comments/m8wsyu/_/grkl3pl/,General / Other
m8wsyu,Men on dating women who are taller,datingoverthirty,203,https://reddit.com/r/datingoverthirty/comments/m8wsyu/men_on_dating_women_who_are_taller/,grkjjr8,Pulled_An_LBJ,7,"Omg, wow, not cool at all. I did date someone who was my height and kept picking me up physically. I at first let it go then it got weird and I told him to stop because I think he actually hurt my back once when we were on the street. But that might have just been him being him.",https://reddit.com/r/datingoverthirty/comments/m8wsyu/_/grkjjr8/,General / Other
m8wsyu,Men on dating women who are taller,datingoverthirty,203,https://reddit.com/r/datingoverthirty/comments/m8wsyu/men_on_dating_women_who_are_taller/,grkja6j,Pulled_An_LBJ,7,"oh man, that would suck. I mean for this mentality, like that Seinfeld episode where George dumps this girl he really likes just so he can be the one to do it. If I actually found someone I clicked with I'd never do that. But then on second thought, would a guy I really click with do something like that? I hope not.",https://reddit.com/r/datingoverthirty/comments/m8wsyu/_/grkja6j/,General / Other
m8wsyu,Men on dating women who are taller,datingoverthirty,203,https://reddit.com/r/datingoverthirty/comments/m8wsyu/men_on_dating_women_who_are_taller/,grkmdmq,Pulled_An_LBJ,7,"Hahahaha, omg, if a guy misses all of those reminders, it's all on him. I probably should list my height twice and then also talk about how I'm good at self defense because of my long leg kicking ability. 
He is already on the date with you, I mean, I want to validate people's feelings but that is just a bit much. Like he's basically saying ""my feelings about your height are more important than your feelings about me rejecting you because of it.""",https://reddit.com/r/datingoverthirty/comments/m8wsyu/_/grkmdmq/,General / Other
m8wsyu,Men on dating women who are taller,datingoverthirty,203,https://reddit.com/r/datingoverthirty/comments/m8wsyu/men_on_dating_women_who_are_taller/,grkjop5,Pulled_An_LBJ,5,"But would you be comfortable with a long term relationship? I mean there is the novelty of a lot of things which is fine for casual relationships. I know you are not everyone, I am just curious.",https://reddit.com/r/datingoverthirty/comments/m8wsyu/_/grkjop5/,General / Other
m8wsyu,Men on dating women who are taller,datingoverthirty,203,https://reddit.com/r/datingoverthirty/comments/m8wsyu/men_on_dating_women_who_are_taller/,grkmhm2,Pulled_An_LBJ,5,"Yeah, those 2 qualities are super attractive. Then add sense of humor.",https://reddit.com/r/datingoverthirty/comments/m8wsyu/_/grkmhm2/,General / Other
m8wsyu,Men on dating women who are taller,datingoverthirty,203,https://reddit.com/r/datingoverthirty/comments/m8wsyu/men_on_dating_women_who_are_taller/,grkkkb0,Pulled_An_LBJ,5,"Yeah, the thing is we all live in a society with all of these messages about gender that most of us are unconscious of affecting us constantly, and it's the stuff you mentioned that I'm afraid of. My fear was that men want a tall woman as like a fun novelty item for a bit, like dating a ""milf"" or a ""cougar"" or insert whatever objectified woman. And my fear is that I would be a thing to do. But maybe we often start seeing each other as types until we become unique special people after we get to know each other.",https://reddit.com/r/datingoverthirty/comments/m8wsyu/_/grkkkb0/,General / Other
m8wsyu,Men on dating women who are taller,datingoverthirty,203,https://reddit.com/r/datingoverthirty/comments/m8wsyu/men_on_dating_women_who_are_taller/,grkk78u,Pulled_An_LBJ,4,"Exactly that. To make life easier for kissing etc, I've always just put the height range my height or an inch lower and also for a reason a woman mentioned above about a fear of it being an issue and being punished for it, so it's not that I'm 100% unaware these are things. But then this guy is awesome in all these other ways and has a good sense of humor (online of course) and so I thought, yeah, why have I just had that default setting online? Especially since in real life I actually often don't even know if a guy is a little shorter because of shoes and hair or posture or whatever. And today it just hit me that I just want to find someone I like and physical chemistry is a little more complicated than height so why have I cut out this huge percentage of men who are 5'8 and below?",https://reddit.com/r/datingoverthirty/comments/m8wsyu/_/grkk78u/,Coping with physical loneliness
m8wsyu,Men on dating women who are taller,datingoverthirty,203,https://reddit.com/r/datingoverthirty/comments/m8wsyu/men_on_dating_women_who_are_taller/,grkmj5q,Pulled_An_LBJ,4,"Okay, thank you :)",https://reddit.com/r/datingoverthirty/comments/m8wsyu/_/grkmj5q/,General / Other
m8wsyu,Men on dating women who are taller,datingoverthirty,203,https://reddit.com/r/datingoverthirty/comments/m8wsyu/men_on_dating_women_who_are_taller/,grl9ay6,Dad_travel_lift,3,"FYI, if I see 5’ 10” listed in your profile with nothing else, I assume are indirectly communicating you will not date me at 5’ 9”.

Majority of women won’t date men shorter than them. 

I wouldn’t have a problem dating a woman an inch taller than me but probably not ideal. 

I date mostly 5’ 8” to 5’9” women and when they are wearing heals on dates they are taller than me anyways.",https://reddit.com/r/datingoverthirty/comments/m8wsyu/_/grl9ay6/,General / Other
m8wsyu,Men on dating women who are taller,datingoverthirty,203,https://reddit.com/r/datingoverthirty/comments/m8wsyu/men_on_dating_women_who_are_taller/,grklk7o,Pulled_An_LBJ,3,"Thank you for validating that its both a thing in society and also a thing I can choose not to care about, or he and I can choose that :)",https://reddit.com/r/datingoverthirty/comments/m8wsyu/_/grklk7o/,General / Other
m8wsyu,Men on dating women who are taller,datingoverthirty,203,https://reddit.com/r/datingoverthirty/comments/m8wsyu/men_on_dating_women_who_are_taller/,grkrnw0,doobiedoo6986,3,"I’m 5’11, and I would not have a problem dating girls who are taller than me. I think you’re overthinking this. It’s possible the guys you are meeting are already self-conscious about their size (you said he was 5’7”). My brother is 5’7”, and he’s a bit self conscious about it. Napoleon complex?",https://reddit.com/r/datingoverthirty/comments/m8wsyu/_/grkrnw0/,General / Other
k98qhg,First time ever dating and no physical move,datingoverthirty,198,https://reddit.com/r/datingoverthirty/comments/k98qhg/first_time_ever_dating_and_no_physical_move/,gf3ns72,cmbthrow3871,16,"Yes, generally more socially conservative types.   I am too.",https://reddit.com/r/datingoverthirty/comments/k98qhg/_/gf3ns72/,General / Other
k98qhg,First time ever dating and no physical move,datingoverthirty,198,https://reddit.com/r/datingoverthirty/comments/k98qhg/first_time_ever_dating_and_no_physical_move/,gf3j2dm,octosloppy,14,"sounds like you are doing everything right! physical contact is one of the hardest parts of dating, so feeling awkward and not knowing how to do it is normal. I'm a 41M and its still a challenge every date. Every woman, and dating scenario is different. But when its right you'll know, that sudden eye contact and smile out of nowhere when you two are close, sitting close together, knees touching. I read a while ago that if a two people sit with their legs crossed towards one another it's a natural positive physical attraction sign...wait, that was from Clueless. In all seriousness though these woman are probly super happy you aren't sexting them immediately after the date, and you are a breath of fresh air to them. good job!",https://reddit.com/r/datingoverthirty/comments/k98qhg/_/gf3j2dm/,Understanding what is blocking them
k98qhg,First time ever dating and no physical move,datingoverthirty,198,https://reddit.com/r/datingoverthirty/comments/k98qhg/first_time_ever_dating_and_no_physical_move/,gf3n4k6,cmbthrow3871,11,"When I say “intimate”.  She won’t allow any touching (even holding hands) until we are exclusive and boyfriend/girlfriend.

And nothing more than that until marriage.",https://reddit.com/r/datingoverthirty/comments/k98qhg/_/gf3n4k6/,Coping with physical loneliness
k98qhg,First time ever dating and no physical move,datingoverthirty,198,https://reddit.com/r/datingoverthirty/comments/k98qhg/first_time_ever_dating_and_no_physical_move/,gf3qbw8,cmbthrow3871,9,"Totally agree...  it’s a mind twister.   Due to the app algorithm I got a lot of matches in the 1st week (very little after that) and I started conversing with them thinking that most of them would drop out before a date.   For some reason all the girls said yes...  so I have a bit of a scheduling problem haha.

A lot of the 1st dates didn’t work out for one reason or another.  I am interested in 5 girls at the moment (with 1 not responsive).  That’s still too much really.  I have also had 2nd/3rd dates where it didn’t work out.  As you’d expect there’s quite a bit of attrition.",https://reddit.com/r/datingoverthirty/comments/k98qhg/_/gf3qbw8/,Fear of intimacy after abstinence
k98qhg,First time ever dating and no physical move,datingoverthirty,198,https://reddit.com/r/datingoverthirty/comments/k98qhg/first_time_ever_dating_and_no_physical_move/,gf482y8,cmbthrow3871,3,"Asian women only as no matches with white women.  I would go out with them they picked me.

I would like some level of romantic touch by 3rd date.  A kiss within a few months.

Complex reason why only just started dating now.  A lot to do with my family situation and how I was raised.",https://reddit.com/r/datingoverthirty/comments/k98qhg/_/gf482y8/,Coping with physical loneliness
y6rx00,Going through something really difficult with my former hookup that has made me wonder about all the potential we lost. How do you grieve that?,datingoverthirty,193,https://reddit.com/r/datingoverthirty/comments/y6rx00/going_through_something_really_difficult_with_my/,isrcz4d,HolidayNothing171,32,"Thank you. I know I'll be okay. It's just a lot of ""what ifs"" right now and a lot of hormones lol it's just a different kind of ""potential"" than I'm used to having to get over. You don't usually ever get this far to seeing how people are and how well you work together during the tough times with casual or new relationships so everything then really is fantasy. Here it's not as fantasy as the other stuff.",https://reddit.com/r/datingoverthirty/comments/y6rx00/_/isrcz4d/,General / Other
y6rx00,Going through something really difficult with my former hookup that has made me wonder about all the potential we lost. How do you grieve that?,datingoverthirty,193,https://reddit.com/r/datingoverthirty/comments/y6rx00/going_through_something_really_difficult_with_my/,isrdmpy,HolidayNothing171,17,"You've read my mind lol I have nothing but dates with the other guys I'm seeing and friend dates and activites lined up for the days after I recover. Staying busy. I already know that past this week we aren't going to be in each other's lives anymore regardless. And dw he was the last of the casual situations. They were already sworn off but particularly now because if this ever happens again, I can't trust that a casual hookup will be there the way I'll need him to be.",https://reddit.com/r/datingoverthirty/comments/y6rx00/_/isrdmpy/,General / Other
y6rx00,Going through something really difficult with my former hookup that has made me wonder about all the potential we lost. How do you grieve that?,datingoverthirty,193,https://reddit.com/r/datingoverthirty/comments/y6rx00/going_through_something_really_difficult_with_my/,isr8keo,HolidayNothing171,12,"I don't think he's interested in having a relationship with me. I have no illusions that come later this week we'll be out of each other's lives again and even though he's offered to be around after the procedure I have no plans of continuing contact past Thursday. And maybe I am overthinking it. I'm doing that a lot these days. It just wasn't what I expected or asked for and I'm surprised by how well we're taking care of each other and it made me realize that I've never been given this kind of support or been allowed to fully lean on someone or had such a comfort expressing \*all of my thoughts and vice versa. And in prior dating experiences whenever things got tough or I was in an emotionally vulnerable place and needed them they always ran away and the ""tough"" wasn't ever near this. So ",https://reddit.com/r/datingoverthirty/comments/y6rx00/_/isr8keo/,General / Other
y6rx00,Going through something really difficult with my former hookup that has made me wonder about all the potential we lost. How do you grieve that?,datingoverthirty,193,https://reddit.com/r/datingoverthirty/comments/y6rx00/going_through_something_really_difficult_with_my/,isrhzup,HolidayNothing171,10,"Thank you. Glad to see others have been through something similar. Most of what I've seen online is the stories about guys who have left the women to deal with this on their own and trying to grieve that loss. Or the flipside where the guy was great and it turned into something. But what about the in betweens. Where the guy was great to you, but it's never going to be something. How do you grieve that kind of loss and glimpse of potential and bond that you now share.",https://reddit.com/r/datingoverthirty/comments/y6rx00/_/isrhzup/,General / Other
y6rx00,Going through something really difficult with my former hookup that has made me wonder about all the potential we lost. How do you grieve that?,datingoverthirty,193,https://reddit.com/r/datingoverthirty/comments/y6rx00/going_through_something_really_difficult_with_my/,isritd3,HolidayNothing171,8,Thank you for this encouragement. I think you hit on the big fear that's underlying all of this. But thank you for reassuring me that I'll find it again. I really hope I do. Life is just easier,https://reddit.com/r/datingoverthirty/comments/y6rx00/_/isritd3/,General / Other
y6rx00,Going through something really difficult with my former hookup that has made me wonder about all the potential we lost. How do you grieve that?,datingoverthirty,193,https://reddit.com/r/datingoverthirty/comments/y6rx00/going_through_something_really_difficult_with_my/,isrlqy5,HolidayNothing171,6,Could you expand on this?,https://reddit.com/r/datingoverthirty/comments/y6rx00/_/isrlqy5/,General / Other
y6rx00,Going through something really difficult with my former hookup that has made me wonder about all the potential we lost. How do you grieve that?,datingoverthirty,193,https://reddit.com/r/datingoverthirty/comments/y6rx00/going_through_something_really_difficult_with_my/,isrk4b7,HolidayNothing171,4,"It's one of those things like where like you said like I would never ever tell any girl to date you, but to go through a pregnancy with, he's a wonder. But you're right. I've seen many sides of him, and most were bad. And even if this is easy, there were 6 months of very not easy. When it should've been the easiest.",https://reddit.com/r/datingoverthirty/comments/y6rx00/_/isrk4b7/,General / Other
y6rx00,Going through something really difficult with my former hookup that has made me wonder about all the potential we lost. How do you grieve that?,datingoverthirty,193,https://reddit.com/r/datingoverthirty/comments/y6rx00/going_through_something_really_difficult_with_my/,isr6409,HolidayNothing171,4,"I know I have to move on. I have no illusions that we are becoming something from this or he's doing this out of anything more what he should be doing. But how we are communicating and handling this and supporting each other makes me sad we never tried. Doesn't mean I think he wants to or regrets not trying either. Just recognizing that this is a new kind of loss for me. I've never had this kind of ""glance into the future"" to see what could've been and even though I know this feeling is one sided, I don't really know how to grieve that kind of potential. I will move on and I'm seeing other people. But I now look at them and wonder whether we could make it through something like this or would they run? Just sucks when you've found someone who has shown you you can trust them when it matters",https://reddit.com/r/datingoverthirty/comments/y6rx00/_/isr6409/,General / Other
y6rx00,Going through something really difficult with my former hookup that has made me wonder about all the potential we lost. How do you grieve that?,datingoverthirty,193,https://reddit.com/r/datingoverthirty/comments/y6rx00/going_through_something_really_difficult_with_my/,isrilhr,HolidayNothing171,3,"Thank you. I know that. I never faulted him for finding someone new and suddenly changing his mind. I knew it for what it was from the beginning. I was still meeting and dating other people. Some of which I'm still seeing. The sadness comes in because before I could write him off as a sucky person who didn't treat me well. And I was pretty much over it instantly. Now it's a okay well i've had a glimpse of how well we \*could be together as partners and in my 31 years I've never found someone. Just me not speaking for him. So it's a different kind of ""potential"" than most casual relationships. I know he doesn't feel any differently than he did in the last six months of knowing me. I'm not that deluded lol",https://reddit.com/r/datingoverthirty/comments/y6rx00/_/isrilhr/,General / Other
y6rx00,Going through something really difficult with my former hookup that has made me wonder about all the potential we lost. How do you grieve that?,datingoverthirty,193,https://reddit.com/r/datingoverthirty/comments/y6rx00/going_through_something_really_difficult_with_my/,isrl9r1,HolidayNothing171,3,"Thanks for commenting. It's nice to hear from the ""other side"" even if it's what I suspected about his motivations. I know it's just coming from a place of decency, maybe even a little ""i dont' want to be the bad guy"" and less about me. And I know that this doesn't suddenly change the way he feels about me. But thank you for the encouragement. There are some lessons learned for sure and going through this with him now for a reason",https://reddit.com/r/datingoverthirty/comments/y6rx00/_/isrl9r1/,General / Other
10e2yyl,"Does anyone else find it a bit of a turnoff to be too ""straight to the point"" when chatting on the apps?",datingoverthirty,186,https://reddit.com/r/datingoverthirty/comments/10e2yyl/does_anyone_else_find_it_a_bit_of_a_turnoff_to_be/,j4qe0zv,[deleted],31,"&gt;If we match, lets chat about our day

38M and I can't freaking stand this.  It doesn't help build intimacy, it doesn't give me an understanding of what they want or what they are looking for an as a guy who gets 2-3 matches per day, hearing ""how was your day"" from each is just kind of a waste of space.

2 women:

* Hi, how are you
* Hey redditenjoyer737, tell me more about XYZ from your profile

One of them gets a date before the other.  Its just that simple.

&gt;or something before going straight to ""do you have kids?"", ""have you been married"", ""what are your intentions in dating""

Why?  If someone has 4 kids and their ex is heroin fiend I'd rather know that now then after a 4-hr long conversation.  If you get more than 2-3 matches per week, you almost have to treat it as transaction",https://reddit.com/r/datingoverthirty/comments/10e2yyl/_/j4qe0zv/,General / Other
10e2yyl,"Does anyone else find it a bit of a turnoff to be too ""straight to the point"" when chatting on the apps?",datingoverthirty,186,https://reddit.com/r/datingoverthirty/comments/10e2yyl/does_anyone_else_find_it_a_bit_of_a_turnoff_to_be/,j4qdtab,illini02,10,I'm actually fine with meeting up sooner.  I just would like there to be some kind of back and forth,https://reddit.com/r/datingoverthirty/comments/10e2yyl/_/j4qdtab/,General / Other
db2b7y,"As a man, I'm finally learning to date with self-respect",datingoverthirty,185,https://reddit.com/r/datingoverthirty/comments/db2b7y/as_a_man_im_finally_learning_to_date_with/,f1xfonh,Kalel9798,72,"I’m 36M and right there with you.  I’ve always been the slow burn type, and been told I “missed opportunities” because of it.  I’ve had my “manhood” questioned because I wasn’t ready for physical intimacy immediately or at the same time the woman was.  Me saying “not yet” became “not ever” in the mind of the woman, but if the roles were reversed, such a conversation would have a much different connotations.  It’s one of the many double standards of heterosexual relationships that need to come to an end.",https://reddit.com/r/datingoverthirty/comments/db2b7y/_/f1xfonh/,General / Other
db2b7y,"As a man, I'm finally learning to date with self-respect",datingoverthirty,185,https://reddit.com/r/datingoverthirty/comments/db2b7y/as_a_man_im_finally_learning_to_date_with/,f1xikeu,delaiah,27,"I have to agree that I am somewhat disappointed at double standards as well. luckily by talking to a lot of my guy friends in a very open way, I learned that we're far from alone. even my super ripped personal trainer told me he needs to be friends with a woman for quite a while before he gets intimate with her.",https://reddit.com/r/datingoverthirty/comments/db2b7y/_/f1xikeu/,Fear of intimacy after abstinence
db2b7y,"As a man, I'm finally learning to date with self-respect",datingoverthirty,185,https://reddit.com/r/datingoverthirty/comments/db2b7y/as_a_man_im_finally_learning_to_date_with/,f1xoyun,delaiah,16,"you definitely should! I felt so ashamed in the past for not delivering on what is expected of me. I used to push myself and in a few instances, it backfired on me - I couldn't get aroused, because well, I didn't feel aroused at all!

Luckily, since I don't tend to get discouraged easily, I learned, first of all, to accept &amp; love myself, then to cut myself some slack and now I'm just trying to listen to how I feel and communicate accordingly in a calm, yet assertive way.

if things don't work out, it's OK. not everybody is compatible and that's perfectly OK, even if it can be painful when it happens.",https://reddit.com/r/datingoverthirty/comments/db2b7y/_/f1xoyun/,Processing the shame of being late
db2b7y,"As a man, I'm finally learning to date with self-respect",datingoverthirty,185,https://reddit.com/r/datingoverthirty/comments/db2b7y/as_a_man_im_finally_learning_to_date_with/,f1y07e3,delaiah,14,"I identify as demi as well actually! I felt it was too complex to explain in my post (and it’s a universal principle anyway), but I see myself as demi with a history of poor boundaries due to my childhood. 

then, I found ways to “hack” myself to comply with what I felt was expected of me. I’m glad I found ways to make myself work in a more “expected” way for the sake of my partner, but I also feel bad that I thought that I had to and didn’t stay true to my real feelings.",https://reddit.com/r/datingoverthirty/comments/db2b7y/_/f1y07e3/,General / Other
db2b7y,"As a man, I'm finally learning to date with self-respect",datingoverthirty,185,https://reddit.com/r/datingoverthirty/comments/db2b7y/as_a_man_im_finally_learning_to_date_with/,f1xp58j,delaiah,13,"oh, OK, I thought your comment was related to my post and meant to imply something. all good then!",https://reddit.com/r/datingoverthirty/comments/db2b7y/_/f1xp58j/,General / Other
db2b7y,"As a man, I'm finally learning to date with self-respect",datingoverthirty,185,https://reddit.com/r/datingoverthirty/comments/db2b7y/as_a_man_im_finally_learning_to_date_with/,f1xocro,delaiah,11,"&gt; You can have sex early on and still be looking for someone who sees you as a person

I'm not aware that I stated the opposite. I'm talking about my personal experience and how I felt about how I was treated and my subsequent actions.",https://reddit.com/r/datingoverthirty/comments/db2b7y/_/f1xocro/,General / Other
db2b7y,"As a man, I'm finally learning to date with self-respect",datingoverthirty,185,https://reddit.com/r/datingoverthirty/comments/db2b7y/as_a_man_im_finally_learning_to_date_with/,f1xhn2l,[deleted],10,"38M here. Yeah this is me too. Not always, there's been the odd occasion where it just felt right, but a lot of times it takes me ages to get comfortable with someone.",https://reddit.com/r/datingoverthirty/comments/db2b7y/_/f1xhn2l/,General / Other
db2b7y,"As a man, I'm finally learning to date with self-respect",datingoverthirty,185,https://reddit.com/r/datingoverthirty/comments/db2b7y/as_a_man_im_finally_learning_to_date_with/,f1xpttr,delaiah,9,no problem my man :) .,https://reddit.com/r/datingoverthirty/comments/db2b7y/_/f1xpttr/,General / Other
db2b7y,"As a man, I'm finally learning to date with self-respect",datingoverthirty,185,https://reddit.com/r/datingoverthirty/comments/db2b7y/as_a_man_im_finally_learning_to_date_with/,f1zfpce,delaiah,5,"yeah, I agree. I think it's a pressure that many people mutually create for each other, unfortunately. many women I slept with I believe would have preferred to wait. in hindsight, it would have been much preferable.

I think I only met 3 women while dating actively who wanted to take things a step further but had a firm requirement to meet at least 3 times before having sex. 

I got back together with one girl after we ended things initially. first time, she made me wait 3 dates. after we got back together, she reset the counter. this gave us both enough time to realize that getting back together would be a bad idea.

smart move on her part. it was definitely an eye-opener for me.",https://reddit.com/r/datingoverthirty/comments/db2b7y/_/f1zfpce/,Fear of intimacy after abstinence
db2b7y,"As a man, I'm finally learning to date with self-respect",datingoverthirty,185,https://reddit.com/r/datingoverthirty/comments/db2b7y/as_a_man_im_finally_learning_to_date_with/,f20o2ix,delaiah,5,"yeah, it is and it isn't. it's flattering, but to me, it's more like an immature ego thing now. I used to keep track of who I slept with, who I made out with, how many times, etc. I even tracked time from meeting a person to making out. I'm not super good looking, but I worked on my ""game"" for a while, so I derived some satisfaction from successfully reaching my goal and being accepted.

I understand where you're coming from, but in my mind now, it's all super empty. I craved validation because that's how I was treated before and that's what I was told was normal. but I came to realize that this isn't what I want. you're right, it is validating but not a sustainable and stable source of emotional satisfaction. 

being a sexual object or a source of emotional comfort or validation for a wom",https://reddit.com/r/datingoverthirty/comments/db2b7y/_/f20o2ix/,General / Other
db2b7y,"As a man, I'm finally learning to date with self-respect",datingoverthirty,185,https://reddit.com/r/datingoverthirty/comments/db2b7y/as_a_man_im_finally_learning_to_date_with/,f1z5xx9,delaiah,4,"thanks. personally, I don't feel like some of these are assault (gotta take some personal responsibility here as well), but there were times when a woman lied to me about being single (she had a BF), a time when a woman was polyamorous but didn't say so since she knew I would mind, and last but not least, there was a woman who when I wanted to leave without sex turned off the lights and started forcefully kissing me and I had to ask her 5 times to stop.

these are by far the most uncomfortable instances for me. also great reasons for having better boundaries moving forward.",https://reddit.com/r/datingoverthirty/comments/db2b7y/_/f1z5xx9/,General / Other
db2b7y,"As a man, I'm finally learning to date with self-respect",datingoverthirty,185,https://reddit.com/r/datingoverthirty/comments/db2b7y/as_a_man_im_finally_learning_to_date_with/,f1xeut4,delaiah,4,thank you :)),https://reddit.com/r/datingoverthirty/comments/db2b7y/_/f1xeut4/,General / Other
db2b7y,"As a man, I'm finally learning to date with self-respect",datingoverthirty,185,https://reddit.com/r/datingoverthirty/comments/db2b7y/as_a_man_im_finally_learning_to_date_with/,f21vvmi,delaiah,3,"I like your analogy with the slow cookers and frying pans!

&gt;I can imagine you probably get more flack because you’re a guy

yup, whether it was men or women, saying that you didn't feel like having sex because you didn't feel comfortable with a person can get you a lot of weird looks from people.",https://reddit.com/r/datingoverthirty/comments/db2b7y/_/f21vvmi/,General / Other
db2b7y,"As a man, I'm finally learning to date with self-respect",datingoverthirty,185,https://reddit.com/r/datingoverthirty/comments/db2b7y/as_a_man_im_finally_learning_to_date_with/,f21vgi2,delaiah,3,"wow, I'm really sorry to hear that. but I also can relate about the fast thing. one woman I dated for a short time literally asked me my shoe size, so that she could make sure that my shoes would fit into the shoe cabinet she was getting made for her new apartment. after 2 MONTHS of dating!

getting an ego boost at this age is really easy. there are many people desperate for love and attention RIGHT NOW. finding something durable and stable? now that's a challenge for sure.",https://reddit.com/r/datingoverthirty/comments/db2b7y/_/f21vgi2/,General / Other
db2b7y,"As a man, I'm finally learning to date with self-respect",datingoverthirty,185,https://reddit.com/r/datingoverthirty/comments/db2b7y/as_a_man_im_finally_learning_to_date_with/,f1z5mz7,delaiah,3,"I think sex drive is very individual, but there is definitely pressure. hanging out with men and saying that you didn't have sex with a woman because you don't feel comfortable yet often gets very mixed reactions, at best.",https://reddit.com/r/datingoverthirty/comments/db2b7y/_/f1z5mz7/,General / Other
1kofyef,First date jitters,datingoverthirty,185,https://reddit.com/r/datingoverthirty/comments/1kofyef/first_date_jitters/,msvcs3m,lepuslunam,3,I can’t thank you enough!,https://reddit.com/r/datingoverthirty/comments/1kofyef/_/msvcs3m/,General / Other
1kofyef,First date jitters,datingoverthirty,185,https://reddit.com/r/datingoverthirty/comments/1kofyef/first_date_jitters/,msudjf3,[deleted],3,"61M divorced here. Plenty of dating.  Do not fall into the trap of talking about yourself too much.  It is a very easy thing to do, especially when nervous. Think of a few brief stories, descriptions of your life, what you do during the day or for work, ideas and concepts that are important to you, your children, etc.. then stop after 30 seconds tops. No more. Maybe even 20 seconds if here eyes glaze over from boredom.  Notice that I did not list an ex spouse in that list of things to discuss !!  Most importantly, you ask interesting succinct deep questions not small talk crap but dig deep but not nosy or intrusive. Try to gain insight into what she is thinks/feels and what drives her in these initial important moments. Do not interrupt after she speaks for a few seconds because you have s",https://reddit.com/r/datingoverthirty/comments/1kofyef/_/msudjf3/,Fear of intimacy after abstinence
1nb87m6,"How can I have more interesting conversations on dating apps (and in real life too, I guess)?",datingoverthirty,182,https://reddit.com/r/datingoverthirty/comments/1nb87m6/how_can_i_have_more_interesting_conversations_on/,nd19978,Disastrous_Gap_6473,27,"This is a common theme in these responses; my problem is that I know I'm *supposed* to be interested, but I'm usually not -- or at least, not that much.",https://reddit.com/r/datingoverthirty/comments/1nb87m6/_/nd19978/,General / Other
1nb87m6,"How can I have more interesting conversations on dating apps (and in real life too, I guess)?",datingoverthirty,182,https://reddit.com/r/datingoverthirty/comments/1nb87m6/how_can_i_have_more_interesting_conversations_on/,nd17dus,Disastrous_Gap_6473,11,"Fair, but I don't think I actually ""struggle to talk."" Conversation's great if it's something I actually care about, but most of what I find myself discussing with my matches isn't very interesting to me. If the conversation isn't about something I care about... well, it's not hard to be polite and act engaged, but it's not a hell of a lot of fun, either.",https://reddit.com/r/datingoverthirty/comments/1nb87m6/_/nd17dus/,General / Other
1nb87m6,"How can I have more interesting conversations on dating apps (and in real life too, I guess)?",datingoverthirty,182,https://reddit.com/r/datingoverthirty/comments/1nb87m6/how_can_i_have_more_interesting_conversations_on/,nd1d77j,Disastrous_Gap_6473,8,"So I'll swipe right on and also go on a date with basically anyone I find moderately attractive whose profile does not contain obvious dealbreakers. At first I was taking this approach at the explicit direction of my therapist, as exposure therapy for absolutely catastrophic levels of anxiety while on dates. And it did actually work for that! The anxiety is way down.

I've kept doing it because I feel like... going on more dates means I'm doing something, and I must be learning something from it. It *has* resulted in my going on a lot of dates; it has *not* resulted in my going on a lot of good dates, but they also weren't like... awful? They were fine, and kind of boring. What I'm trying to say is, even if this strategy isn't working for me, right now, I endorse trying it -- it costs noth",https://reddit.com/r/datingoverthirty/comments/1nb87m6/_/nd1d77j/,Getting over approach anxiety
1nb87m6,"How can I have more interesting conversations on dating apps (and in real life too, I guess)?",datingoverthirty,182,https://reddit.com/r/datingoverthirty/comments/1nb87m6/how_can_i_have_more_interesting_conversations_on/,nd1hwzo,Disastrous_Gap_6473,7,"I guess I think of it a little differently: there's a lot of things I *care* about knowing (siblings, job, pets, hobbies...), but that doesn't necessarily mean that I'll be *interested* in whatever the answers turn out to be. I might be, in some cases -- I mentioned in another thread that my last really good dates were with a woman who had a really interesting job -- but in a lot of cases I'm not.

Like, if they say they're into hiking... OK, fine. I'm glad to know that, but there aren't really any questions I want to ask about it. But I don't want to be **rude** \-- so I have to be like, how'd you get into that, where do you usually go, etc. It's like that with a lot of stuff. It's not like it's some big imposition for me to ask the questions or try to put on my Interested Face, but I'm d",https://reddit.com/r/datingoverthirty/comments/1nb87m6/_/nd1hwzo/,General / Other
1nb87m6,"How can I have more interesting conversations on dating apps (and in real life too, I guess)?",datingoverthirty,182,https://reddit.com/r/datingoverthirty/comments/1nb87m6/how_can_i_have_more_interesting_conversations_on/,nd18ls4,Disastrous_Gap_6473,6,"I do understand that *acting* curious is essential to good conversation -- the problem for me is what to do when I'm not actually curious. My strategy has always been to fake it until we get to something I do find interesting, but that's obviously not very fun, and I think that comes through somehow.",https://reddit.com/r/datingoverthirty/comments/1nb87m6/_/nd18ls4/,General / Other
1nb87m6,"How can I have more interesting conversations on dating apps (and in real life too, I guess)?",datingoverthirty,182,https://reddit.com/r/datingoverthirty/comments/1nb87m6/how_can_i_have_more_interesting_conversations_on/,nd15ydj,Disastrous_Gap_6473,6,"I don't think it's binary, but yes, I tend more toward the latter. At the very least I don't find people interesting *by default*. The woman I had those good dates with recently, for instance, has a job in the entertainment industry that I found absolutely fascinating, and that drove most of our conversation. Wildly different from what I do for work, but also relevant to some things I'm already interested in.

So I'm hoping that there might be ways to draw more people into better, deeper conversations -- this on the assumption that there is in fact *something* I'll find interesting about them, and I just haven't discovered what it is yet. The alternative is that I really do find most people boring, and if that's the case I'm not sure what I can do.",https://reddit.com/r/datingoverthirty/comments/1nb87m6/_/nd15ydj/,General / Other
1nb87m6,"How can I have more interesting conversations on dating apps (and in real life too, I guess)?",datingoverthirty,182,https://reddit.com/r/datingoverthirty/comments/1nb87m6/how_can_i_have_more_interesting_conversations_on/,nd1jr7t,Disastrous_Gap_6473,5,"I am always looking for spaces (real or virtual) in which I will meet My People; I haven't found many yet. What's the app that matches on music taste? Book club is also a good idea, that has been suggested to me before and I need to get on it. 

As to why I'm swiping right on all these people... basically, if I had a lot of social circles and they were producing viable candidates, I would be way more selective. And of course, I'm still trying! But the alternative, while I work on that, is ""don't date anyone,"" and I'm **definitely** not going to find a partner that way, so... I just keep hoping people will wind up surprising me.",https://reddit.com/r/datingoverthirty/comments/1nb87m6/_/nd1jr7t/,General / Other
1nb87m6,"How can I have more interesting conversations on dating apps (and in real life too, I guess)?",datingoverthirty,182,https://reddit.com/r/datingoverthirty/comments/1nb87m6/how_can_i_have_more_interesting_conversations_on/,nd5g2co,Disastrous_Gap_6473,5,"That all seems fair. And yes, I'm a huge talker if I get to be the center of attention or the topic is something I care about (see: this entire post).

Being ""present"" is a concept I've always found difficult. I have had experiences where I felt extremely connected to what I'm experiencing in the present moment, including the few times I've tried meditation. I've never really understood how to practice it in social situations, though, and people tell me to just... do it, as if it were impossible for me **not** to understand what doing it would entail. Maybe returning to a mediation practice would help; it's certainly easy enough for me to try it. Thank you!",https://reddit.com/r/datingoverthirty/comments/1nb87m6/_/nd5g2co/,Coping with physical loneliness
1nb87m6,"How can I have more interesting conversations on dating apps (and in real life too, I guess)?",datingoverthirty,182,https://reddit.com/r/datingoverthirty/comments/1nb87m6/how_can_i_have_more_interesting_conversations_on/,nd4moxp,Disastrous_Gap_6473,4,"Can you explain in a different way how ego-reduction might help?

I don't necessarily think I'm that different from other people, though I can see how you got that from my posts. I don't claim to know what's going on in other peoples' heads one way or another, which is part of why I want to be so careful in how I present myself.",https://reddit.com/r/datingoverthirty/comments/1nb87m6/_/nd4moxp/,General / Other
1nb87m6,"How can I have more interesting conversations on dating apps (and in real life too, I guess)?",datingoverthirty,182,https://reddit.com/r/datingoverthirty/comments/1nb87m6/how_can_i_have_more_interesting_conversations_on/,nd1iqyr,Disastrous_Gap_6473,4,"I am, yeah. Or at least, everyone without obvious dealbreakers. My theory up until this point has been, I don't want to assume they're boring just because they didn't write a good profile (writing profiles is hard). But I am starting to rethink that.",https://reddit.com/r/datingoverthirty/comments/1nb87m6/_/nd1iqyr/,General / Other
1nb87m6,"How can I have more interesting conversations on dating apps (and in real life too, I guess)?",datingoverthirty,182,https://reddit.com/r/datingoverthirty/comments/1nb87m6/how_can_i_have_more_interesting_conversations_on/,nd1dpan,Disastrous_Gap_6473,4,I do like this idea! I will look into it. Thank you 🙂,https://reddit.com/r/datingoverthirty/comments/1nb87m6/_/nd1dpan/,General / Other
1nb87m6,"How can I have more interesting conversations on dating apps (and in real life too, I guess)?",datingoverthirty,182,https://reddit.com/r/datingoverthirty/comments/1nb87m6/how_can_i_have_more_interesting_conversations_on/,nd1jzv2,Disastrous_Gap_6473,3,"That's the thing, though: there's a difference between acting interested and being interested. I think I've gotten OK at the first one; obviously there's always more to learn. But I'm really, really bad at the second.",https://reddit.com/r/datingoverthirty/comments/1nb87m6/_/nd1jzv2/,General / Other
fhqog1,It’s been a longtime,datingoverthirty,180,https://reddit.com/r/datingoverthirty/comments/fhqog1/its_been_a_longtime/,fkd7aji,jabmahn,19,Hey hey! I’ve been chatting with her for about an hour now and things are going well. We have a date for lunch on Saturday! Taking the advice to keep going forward slowly with no expectations. We’re just making each other laugh and finding out we have a lot in common so far.,https://reddit.com/r/datingoverthirty/comments/fhqog1/_/fkd7aji/,General / Other
fhqog1,It’s been a longtime,datingoverthirty,180,https://reddit.com/r/datingoverthirty/comments/fhqog1/its_been_a_longtime/,fkcu1n1,jabmahn,12,Big check on that one. I don’t think it’ll be much of a problem with my solitary lifestyle so well ingrained but I’ll stay vigilant regardless,https://reddit.com/r/datingoverthirty/comments/fhqog1/_/fkcu1n1/,General / Other
fhqog1,It’s been a longtime,datingoverthirty,180,https://reddit.com/r/datingoverthirty/comments/fhqog1/its_been_a_longtime/,fkd6ioi,jabmahn,6,Tried the apps for years with literally zero success. Not one connection at all. So that’s a hard no. As for the therapy thing I’ve tried it and would love to continue but I’m American without insurance and if I could afford that I’d be a rich man. Which I’m not,https://reddit.com/r/datingoverthirty/comments/fhqog1/_/fkd6ioi/,General / Other
fhqog1,It’s been a longtime,datingoverthirty,180,https://reddit.com/r/datingoverthirty/comments/fhqog1/its_been_a_longtime/,fkd3uul,[deleted],6,"I just wanted to say you're not alone. I'm a 35 year old guy that hasn't had a steady girlfriend since 2011. Recently I asked a long time friend whom I've had feelings about for a long time. I got shot down and it basically ruined the friendship. Adding to that I'm ridiculously picky after meeting someone I thought was so perfect for me. I'm pretty low right now, but I wanted you to know I'm really happy for you and wish nothing but luck!",https://reddit.com/r/datingoverthirty/comments/fhqog1/_/fkd3uul/,General / Other
fhqog1,It’s been a longtime,datingoverthirty,180,https://reddit.com/r/datingoverthirty/comments/fhqog1/its_been_a_longtime/,fkdjldq,forestpunk,3,"Actually have a little bit of useful feedback for once on one of these threads. 

I (40M) recently got back into the dating pool for the first time in a long time, as well. On top of that, i found myself dropped into the deep end of what dating is like in the world we're living in. In the past, I'd always just end up being friends with people, make a connection, and it would develop into a relationship. A lot of people don't do things like that anymore, it turns out. But i was eventually able to find a new relationship with a wonderful woman whom I'm crazy about. Here are a few things I learned along the way. 

1. Focus on positive things yr passionate about: Dating is supposed to be fun. It's supposed to leave both people feeling better at the end of it. With that in mind, when you do go ",https://reddit.com/r/datingoverthirty/comments/fhqog1/_/fkdjldq/,Fear of intimacy after abstinence
le9pai,Is it a red flag if someone seems too perfect?,datingoverthirty,175,https://reddit.com/r/datingoverthirty/comments/le9pai/is_it_a_red_flag_if_someone_seems_too_perfect/,gmap3ln,LaCaipirinha,61,Yeah I guess there is no short cut,https://reddit.com/r/datingoverthirty/comments/le9pai/_/gmap3ln/,General / Other
le9pai,Is it a red flag if someone seems too perfect?,datingoverthirty,175,https://reddit.com/r/datingoverthirty/comments/le9pai/is_it_a_red_flag_if_someone_seems_too_perfect/,gmaphz3,LaCaipirinha,60,"I previously dated someone with NPD. It really affected me badly and I am very keen to avoid ever making that mistake again.

The only clue that something was wrong initially was a feeling that the girl was.. almost.. alien. Like superficially everything about her was amazing, but I felt this eery lack of a connection beneath that, like I was just dating a simulation.

Not saying I get that vibe in this case but something about it just feels off, she just seems too perfect and I can't see any cracks in her armour. I feel like most people allow a few cracks to show; ""I can be a bit shy"" ""I get a bit anxious"" ""I think too much sometimes"" just little comments like this, or even subtle cues in the way they speak or body language, that hint at a vulnerability. In this case the armour seems to b",https://reddit.com/r/datingoverthirty/comments/le9pai/_/gmaphz3/,Fear of intimacy after abstinence
le9pai,Is it a red flag if someone seems too perfect?,datingoverthirty,175,https://reddit.com/r/datingoverthirty/comments/le9pai/is_it_a_red_flag_if_someone_seems_too_perfect/,gmc0mzl,dreweydecimal,2,My ex GF said this about me. She knows I’m in marketing and told me to stop “selling.” I was just being the way I knew how to be. I just don’t get too over emotional and I’m calm even during arguments. She said I wasn’t passionate enough and eventually dumped me. It was a strange relationship because you’re left wondering what you did wrong other than just being yourself.,https://reddit.com/r/datingoverthirty/comments/le9pai/_/gmc0mzl/,General / Other
19ds7tt,Introvert dating (I want to be alone with someone who also wants to be alone),datingoverthirty,170,https://reddit.com/r/datingoverthirty/comments/19ds7tt/introvert_dating_i_want_to_be_alone_with_someone/,kj87734,[deleted],12,"I’d just frame this as “I’m 44, I have 2 kids with me half the time, and the time they aren’t with me I mostly like to chill and relax at home, but I’m up for social events a couple of times per month” or whatever. 

It’s really not that complicated. I get it, I have 1 kid (single dad 2-3 nights per week) and between that and work I don’t exactly feel like going out every night. But you’re framing this like you have some kind of illness lol. Be careful about the stories you tell yourself!",https://reddit.com/r/datingoverthirty/comments/19ds7tt/_/kj87734/,General / Other
19ds7tt,Introvert dating (I want to be alone with someone who also wants to be alone),datingoverthirty,170,https://reddit.com/r/datingoverthirty/comments/19ds7tt/introvert_dating_i_want_to_be_alone_with_someone/,kj8axw4,state-of-fugue,12,"Yay!  me too!  I'm definitely an introvert and a bit of a homebody. And add a dash of social anxiety just to make things a bit more fun.  Was actually a little ""spoiled"" by my last gf of 3 yrs as she seemed perfectly content to hang at home more often than not. 


Of course since I don't get ""out"" much, I'm unfortunately a bit reliant on dating apps to try and meet people.  But as a male those can be difficult by default. But as an introvert, they seem almost impossible.  I only ""swipe right"" literally maybe 1 in 100 on average.  Most profiles I see are women gushing about how much they love the outdoors, or sports, or traveling..  none of which would seem like a great 'match' for me.",https://reddit.com/r/datingoverthirty/comments/19ds7tt/_/kj8axw4/,Finding where to meet women
19ds7tt,Introvert dating (I want to be alone with someone who also wants to be alone),datingoverthirty,170,https://reddit.com/r/datingoverthirty/comments/19ds7tt/introvert_dating_i_want_to_be_alone_with_someone/,kj8czod,theolswiitcheroo,11,"It’s not that I would only leave my house one weekend a month. But going out to socialize at pubs, bbqs those kind of things. I was always happy to be out doing stuff with the 2 of us. But adding a bunch of other people around is what drained me.",https://reddit.com/r/datingoverthirty/comments/19ds7tt/_/kj8czod/,General / Other
irkxzo,Theres never a right time to date/start a relationship...a story.,datingoverthirty,170,https://reddit.com/r/datingoverthirty/comments/irkxzo/theres_never_a_right_time_to_datestart_a/,g4zrdb0,SunsetChaser16,11,"Yes. Theres always something popping up, or even a lot of self imposed expectations. And, no judgement on people who want to hold firm to those timelines. I was one of them. But life has interesting ways to make one re-think and re-evaluate these paths lr timelines. I once read something that went like this: “Just because of having one flat tire you dont go and slash the other 3; change the path, not the goal”.",https://reddit.com/r/datingoverthirty/comments/irkxzo/_/g4zrdb0/,General / Other
irkxzo,Theres never a right time to date/start a relationship...a story.,datingoverthirty,170,https://reddit.com/r/datingoverthirty/comments/irkxzo/theres_never_a_right_time_to_datestart_a/,g500gjx,SunsetChaser16,11,"Hoping for the best! If not, enjoy your beverage and maybe an interesting convo, at least! Hehe",https://reddit.com/r/datingoverthirty/comments/irkxzo/_/g500gjx/,General / Other
19ds7tt,Introvert dating (I want to be alone with someone who also wants to be alone),datingoverthirty,170,https://reddit.com/r/datingoverthirty/comments/19ds7tt/introvert_dating_i_want_to_be_alone_with_someone/,kj7xb0n,theolswiitcheroo,10,"Oh no, that’s not what I meant. While yes it takes me time to recharge, it doesn’t mean I don’t want my partner to be around while I do.

The way you state it, no, that would be a pretty crappy partnership and not what I’d expect in the slightest.",https://reddit.com/r/datingoverthirty/comments/19ds7tt/_/kj7xb0n/,General / Other
irkxzo,Theres never a right time to date/start a relationship...a story.,datingoverthirty,170,https://reddit.com/r/datingoverthirty/comments/irkxzo/theres_never_a_right_time_to_datestart_a/,g4zsrbf,SunsetChaser16,9,She is unfortunately in a nursing home in a persistent vegetative state :-(,https://reddit.com/r/datingoverthirty/comments/irkxzo/_/g4zsrbf/,General / Other
19ds7tt,Introvert dating (I want to be alone with someone who also wants to be alone),datingoverthirty,170,https://reddit.com/r/datingoverthirty/comments/19ds7tt/introvert_dating_i_want_to_be_alone_with_someone/,kj8886g,theolswiitcheroo,7,Yeah.....kinda realizing that. I made it sound more extreme than it really is.,https://reddit.com/r/datingoverthirty/comments/19ds7tt/_/kj8886g/,General / Other
irkxzo,Theres never a right time to date/start a relationship...a story.,datingoverthirty,170,https://reddit.com/r/datingoverthirty/comments/irkxzo/theres_never_a_right_time_to_datestart_a/,g501aa6,SunsetChaser16,7,"Yeah, Getting back on the dating horse after professional development can be a bit daunting. I gave myself like 3 years post grad school before I started dating, and still was very challenging navigating it.",https://reddit.com/r/datingoverthirty/comments/irkxzo/_/g501aa6/,General / Other
19ds7tt,Introvert dating (I want to be alone with someone who also wants to be alone),datingoverthirty,170,https://reddit.com/r/datingoverthirty/comments/19ds7tt/introvert_dating_i_want_to_be_alone_with_someone/,kj8inn0,theolswiitcheroo,6,Thank you! Exactly this. I was happy a lot of times to be out doing something just the 2 of us and we did that a lot. But she really needed the large group of people to be around.,https://reddit.com/r/datingoverthirty/comments/19ds7tt/_/kj8inn0/,General / Other
19ds7tt,Introvert dating (I want to be alone with someone who also wants to be alone),datingoverthirty,170,https://reddit.com/r/datingoverthirty/comments/19ds7tt/introvert_dating_i_want_to_be_alone_with_someone/,kj8klka,theolswiitcheroo,6,"That's what attracted me to her in the first place. And she did pull me out of my comfort zone. She came up with a lot of fun ideas that normally I wouldn't have done on my own. For quite a while I felt like we had found a happy medium. We did plenty of stuff just the 2 of us. I was happy to encourage her to meet up with her friends and do whatever she needed to re-invigorate herself and she seemed content to allow me to beg off joining now and again. But where she wanted to be out in big social groups 2+ times a week, I don't have the bandwidth for that. Especially when I had very little in common with her friend group.",https://reddit.com/r/datingoverthirty/comments/19ds7tt/_/kj8klka/,General / Other
irkxzo,Theres never a right time to date/start a relationship...a story.,datingoverthirty,170,https://reddit.com/r/datingoverthirty/comments/irkxzo/theres_never_a_right_time_to_datestart_a/,g50a0ac,SunsetChaser16,5,"Exactly. Its more of circumstances. And even so, you can be vocal about it. That example of moving can go 3 ways: 
1.	“I am moving overseas in a month, looking for strictly hook ups” 
2.	“Moving in a month out of state, open for long distance relationship”
3.	Taking a break. Period.",https://reddit.com/r/datingoverthirty/comments/irkxzo/_/g50a0ac/,General / Other
19ds7tt,Introvert dating (I want to be alone with someone who also wants to be alone),datingoverthirty,170,https://reddit.com/r/datingoverthirty/comments/19ds7tt/introvert_dating_i_want_to_be_alone_with_someone/,kj83bef,theolswiitcheroo,4,"So, I have my kids 50/50. I don't go out on the weekend that I have them. If I go out on the weekend I don't, it's going to a be minimum of 2 weeks before I'd have an opportunity to go out again. On my next free weekend, I very well may not want to go out. So, if I don't go out that weekend and wait until my next free weekend, that's been 4 weeks.",https://reddit.com/r/datingoverthirty/comments/19ds7tt/_/kj83bef/,General / Other
19ds7tt,Introvert dating (I want to be alone with someone who also wants to be alone),datingoverthirty,170,https://reddit.com/r/datingoverthirty/comments/19ds7tt/introvert_dating_i_want_to_be_alone_with_someone/,kj86t5p,theolswiitcheroo,4,"I edited my originally post to kind of address this. I see that my post came off a bit on the extreme end of introversion which really isn't the case. I work in a mentally and emotionally taxing field so during the week, after work, all I really want to do is have dinner and relax quietly to recharge for the next day. I only have 2 free weekends a month. If I use one of them going and doing social things with my partner (which I did, christmas parties, bday, engagement parties, 2 out of country trips etc) I'm likely not going to want to go out on my next free weekend. Which leads to a large time frame in between socializing. Which became a real pain point for my partner who needed socialization to recharge her batteries.

 At the beginning it was fine as she was content to be out doing her",https://reddit.com/r/datingoverthirty/comments/19ds7tt/_/kj86t5p/,General / Other
irkxzo,Theres never a right time to date/start a relationship...a story.,datingoverthirty,170,https://reddit.com/r/datingoverthirty/comments/irkxzo/theres_never_a_right_time_to_datestart_a/,g50kbjo,SunsetChaser16,4,"Yeah, its hard to not let those self imposed expectations take the best years away. My ability to actually work on my career didn’t happen till I was 29/30. 11 grueling years of education can really suck you out of the dating pool. I still need to work a bit on my professional development. And I did hold off because of the latter, for like 3 years. But then I said “fuck it, its just not realistic”, particularly after the “out of left field” situation with my mom. It really was a reality check.",https://reddit.com/r/datingoverthirty/comments/irkxzo/_/g50kbjo/,General / Other
irkxzo,Theres never a right time to date/start a relationship...a story.,datingoverthirty,170,https://reddit.com/r/datingoverthirty/comments/irkxzo/theres_never_a_right_time_to_datestart_a/,g50rce5,SunsetChaser16,4,"Yep. I believe covid really put a dent on the whole dating process for many. Even if things were solid, it still makes it hard. Starting fresh might be for many just strictly virtual based right now, and theres only so much you can do. Some may be accustomed to online relationships/long distance, hence the pandemic is no biggie. But for others not so much.",https://reddit.com/r/datingoverthirty/comments/irkxzo/_/g50rce5/,General / Other
19ds7tt,Introvert dating (I want to be alone with someone who also wants to be alone),datingoverthirty,170,https://reddit.com/r/datingoverthirty/comments/19ds7tt/introvert_dating_i_want_to_be_alone_with_someone/,kjb8rkj,inoxia,3,"I (40M) am starting to realise i’m more like this as well, the idea of every few days going out somewhere new or exciting seems so overwhelming",https://reddit.com/r/datingoverthirty/comments/19ds7tt/_/kjb8rkj/,Fear of intimacy after abstinence
19ds7tt,Introvert dating (I want to be alone with someone who also wants to be alone),datingoverthirty,170,https://reddit.com/r/datingoverthirty/comments/19ds7tt/introvert_dating_i_want_to_be_alone_with_someone/,kj8ng5t,theolswiitcheroo,3,"Thank you, I appreciate that. This all had me feeling like there was something I was doing wrong. I pride myself on being a good and present father. Between the kids, work  and navigating a new-ish relationship (my second since I was 23 years old) my bandwidth for socializing with large groups of people is very limited.",https://reddit.com/r/datingoverthirty/comments/19ds7tt/_/kj8ng5t/,General / Other
irkxzo,Theres never a right time to date/start a relationship...a story.,datingoverthirty,170,https://reddit.com/r/datingoverthirty/comments/irkxzo/theres_never_a_right_time_to_datestart_a/,g56tp27,SunsetChaser16,3,"Ima copy/paste my own comment in response to another redditor: 
It implies that you dont look for perfection, that you look for  70-80% of things you want in a relationship, and the 20-30% of things that you are “meh, but ok” with. 

A hypothetical example: 
Lets say “John’s” 70-80% may look like: Open communications, Affectionate but less so physically and more verbal or other forms, Fiscally responsible, low sex drive, has been in previous relationships(ie. experience), outgoing but ok with downtime, good support network. 

And then their  20-30% looks like: They have a profession but currently unemployed, they have children, actively working on past red flags (ie. Doing therapy because they struggled with co-dependence), ongoing family situations. 

Not everything is black and white, bu",https://reddit.com/r/datingoverthirty/comments/irkxzo/_/g56tp27/,General / Other
irkxzo,Theres never a right time to date/start a relationship...a story.,datingoverthirty,170,https://reddit.com/r/datingoverthirty/comments/irkxzo/theres_never_a_right_time_to_datestart_a/,g54eoqi,SunsetChaser16,3,"It was an R4R over 30 thing. After doing the mistake of posting on a semi local r4r, and having to dissect my inbox between dick pics (the most memorable one comparing their dick to a sensodine tooth paste tube) and legitimate request. Don’t do it lol

He just casually sent me a message,very simple yet open about himself. And in the sea of weird messages it caught my attention.",https://reddit.com/r/datingoverthirty/comments/irkxzo/_/g54eoqi/,Processing the shame of being late
irkxzo,Theres never a right time to date/start a relationship...a story.,datingoverthirty,170,https://reddit.com/r/datingoverthirty/comments/irkxzo/theres_never_a_right_time_to_datestart_a/,g50vzjz,SunsetChaser16,3,It does!!! And then its like [this ](https://images.app.goo.gl/hercJf5dBYXSkxBj6)when you come out to start dating  haha,https://reddit.com/r/datingoverthirty/comments/irkxzo/_/g50vzjz/,General / Other
irkxzo,Theres never a right time to date/start a relationship...a story.,datingoverthirty,170,https://reddit.com/r/datingoverthirty/comments/irkxzo/theres_never_a_right_time_to_datestart_a/,g548fdy,SunsetChaser16,3,"Its very liberating and healthy to not date should that be the point in life that you are on and makes it so that you are healthier that way. Breaks are important and make for personal growth as well. 

My point is not about guilt tripping those that are not dating because of where they are in life. Its about seeing beyond the black and white or the self impose expectations that many times we establish.

I was always set on “you finish your studying, you find a job, you build that career for 2-3 years, and then you date”. But then,  life happened. And it gave me a new perspective.  After 10 years of studying and 3 years of career building, with many friends to turn to and others, I wanted that connection. But I always would guilt trip myself with the black and white thinking due to those s",https://reddit.com/r/datingoverthirty/comments/irkxzo/_/g548fdy/,General / Other
8yp3oy,Using Online Dating(OLD) as a man seeking a woman; My experience and some advice for the men here.,datingoverthirty,169,https://reddit.com/r/datingoverthirty/comments/8yp3oy/using_online_datingold_as_a_man_seeking_a_woman/,e2dhx8i,anotherworthlessman,9,"Thanks for a woman's perspective When I posted this, I was hoping a few would provide theirs. I appreciate the time you've taken to write this even though there are pieces I disagree with. Just a few points

&gt;many women (myself included) will bend our rules if the guy is really getting us going. 

While I don't advocate anyone message anyone else they find unattractive,my advice to men is that ""hot"" isn't good enough, and rules should not be bent because: ""hot"". That's universally not good enough anymore, and we can avoid a lot of shitty situations if both genders expect more. I'd give this same advice to women.

&gt;Sometimes it isn't you it's just how **you're** presenting on **your** profile.

Since it is your profile, then by definition it is still you. Don't misunderstand step one.",https://reddit.com/r/datingoverthirty/comments/8yp3oy/_/e2dhx8i/,General / Other
8yp3oy,Using Online Dating(OLD) as a man seeking a woman; My experience and some advice for the men here.,datingoverthirty,169,https://reddit.com/r/datingoverthirty/comments/8yp3oy/using_online_datingold_as_a_man_seeking_a_woman/,e2cs3s8,anotherworthlessman,7,"With some minor adjustments, a good chunk of this advice would apply IRL as well. Enjoy the bar!",https://reddit.com/r/datingoverthirty/comments/8yp3oy/_/e2cs3s8/,General / Other
8yp3oy,Using Online Dating(OLD) as a man seeking a woman; My experience and some advice for the men here.,datingoverthirty,169,https://reddit.com/r/datingoverthirty/comments/8yp3oy/using_online_datingold_as_a_man_seeking_a_woman/,e2dkrfv,anotherworthlessman,7,"&gt;Isn’t it possible that creates an imbalance? 

Yes, absolutely

&gt;But I’ve lost 30 pounds and taken so many pictures to use on my profile 

Congratulations!

&gt;and my results are still minimal. In your words that means I ‘suck’ and I’m ‘still not good enough. Why can’t it be that I’m just unattractive?

Because an affirmative answer to that question is unproductive, and removes you from responsibility. It also makes the assumption that you are universally unattractive to all women. That simply can't be true. So you've lost 30lbs, what else do you have to do? Do you have to be more well read? Do you have to communicate better? Do you need a better career? What is it? You already know. Don't say ""i'm unattractive"", and then use that as an excuse to be lazy.

You seem daunted by the c",https://reddit.com/r/datingoverthirty/comments/8yp3oy/_/e2dkrfv/,General / Other
8yp3oy,Using Online Dating(OLD) as a man seeking a woman; My experience and some advice for the men here.,datingoverthirty,169,https://reddit.com/r/datingoverthirty/comments/8yp3oy/using_online_datingold_as_a_man_seeking_a_woman/,e2cn6mk,anotherworthlessman,5,That made me laugh!,https://reddit.com/r/datingoverthirty/comments/8yp3oy/_/e2cn6mk/,General / Other
8yp3oy,Using Online Dating(OLD) as a man seeking a woman; My experience and some advice for the men here.,datingoverthirty,169,https://reddit.com/r/datingoverthirty/comments/8yp3oy/using_online_datingold_as_a_man_seeking_a_woman/,e2dxuzs,anotherworthlessman,4,"The longer I live, the more I learn that the obvious is not so obvious for a great number of people, and by having the fortitude to clearly state the obvious,bring it to light, or  point out the elephant in the room is of great help to any number of people.",https://reddit.com/r/datingoverthirty/comments/8yp3oy/_/e2dxuzs/,General / Other
shxi9c,Issues with dating a single dad as a childless woman.,datingoverthirty,167,https://reddit.com/r/datingoverthirty/comments/shxi9c/issues_with_dating_a_single_dad_as_a_childless/,hv5aebb,Dinochi7,260,"As a single dad myself, he’s not into you as much as you are to him.  Otherwise he would be making time.",https://reddit.com/r/datingoverthirty/comments/shxi9c/_/hv5aebb/,General / Other
shxi9c,Issues with dating a single dad as a childless woman.,datingoverthirty,167,https://reddit.com/r/datingoverthirty/comments/shxi9c/issues_with_dating_a_single_dad_as_a_childless/,hv553qt,[deleted],156,"&gt; I don't know what to do. I don't want to lose him, but I'm not happy.

I think you know what to do but it hurts to do it. But, you're not happy. This is worse than ending things. 

&gt;  But this just isn't working for me.

This is all you need to know. It is irrelevant of whether he's a single dad or not. This situation is not working for you and it's unlikely to improve. If you have discussed needing more time together and he's unable to make it happen then the relationship can't continue.",https://reddit.com/r/datingoverthirty/comments/shxi9c/_/hv553qt/,General / Other
shxi9c,Issues with dating a single dad as a childless woman.,datingoverthirty,167,https://reddit.com/r/datingoverthirty/comments/shxi9c/issues_with_dating_a_single_dad_as_a_childless/,hv5h4pc,Staley44,49,Noted. Maybe I'll just back off and let this die a natural death in that case.,https://reddit.com/r/datingoverthirty/comments/shxi9c/_/hv5h4pc/,General / Other
shxi9c,Issues with dating a single dad as a childless woman.,datingoverthirty,167,https://reddit.com/r/datingoverthirty/comments/shxi9c/issues_with_dating_a_single_dad_as_a_childless/,hv5n36t,floodblood,33,"very busy single dad here with joint custody as well, making time CAN be difficult. if you both really are into this, then your best bet is to communicate the things you've brought up here, and that you need more actual time with him than you're currently getting for things to work for you

in the two instances I've dated(divorced 8 years) people I've brought around my daughter, it's only been during the beginning 'friend' stages of a relationship when I suspect I might be interested in something long term, because as friends I can better gauge how that compatibility goes without the new relationship energy that comes along with a heady new partner. on the flip side, I'd encourage you to look at this from his perspective. dating as a single parent is an entirely different ballgame and it t",https://reddit.com/r/datingoverthirty/comments/shxi9c/_/hv5n36t/,Starting over after loss
shxi9c,Issues with dating a single dad as a childless woman.,datingoverthirty,167,https://reddit.com/r/datingoverthirty/comments/shxi9c/issues_with_dating_a_single_dad_as_a_childless/,hv5i017,Staley44,21,"&gt;As someone who grew up in a lot of activities, it's the best marriage/relationship killer out there.  There has to be a balance or all you're doing is shuttling your kid around all week with no time for yourself. I saw my parents lose out on so many years of doing things together which no doubt was a major factor in their divorce.

This is his entire life. It's honestly quite unreal to me because I never had this from my parents growing up, and they wouldn't have dreamed of ever doing it for my brother and I.

Three evening practices a week, one game. That's 4 nights already he's tied up. On the other days, the kid is playing pickup hockey on a frozen neighborhood  pond. This also requires his transportation for the kiddo, because he can't walk all that way lugging heavy equipment.

I'",https://reddit.com/r/datingoverthirty/comments/shxi9c/_/hv5i017/,Starting over after loss
shxi9c,Issues with dating a single dad as a childless woman.,datingoverthirty,167,https://reddit.com/r/datingoverthirty/comments/shxi9c/issues_with_dating_a_single_dad_as_a_childless/,hv5qfji,rootsandchalice,16,"That was really typical in my household. There were three of us and we all played multiple sports. My parents thought they were giving us what they never had, and I am very grateful, but it also ruined them. We really didn't need to do as much as we did and I was very scheduled. While it has made me a hard, diligent worker, I am not as flexible as I want to be because I am so structured.

It's not even just about you guys, it's about him. And he's letting his ex wife let him be the fall guy here. That is also another issue.",https://reddit.com/r/datingoverthirty/comments/shxi9c/_/hv5qfji/,Starting over after loss
shxi9c,Issues with dating a single dad as a childless woman.,datingoverthirty,167,https://reddit.com/r/datingoverthirty/comments/shxi9c/issues_with_dating_a_single_dad_as_a_childless/,hv5fv86,Staley44,14,"&gt; He thinks he’s a 50/50 parent, but it’s described here as being about 80/20, but with the child sleeping 50/50 at each parent’s house.

This is it exactly. I didn't sign up for 80/20, and had I known I never would've gone out with him.",https://reddit.com/r/datingoverthirty/comments/shxi9c/_/hv5fv86/,General / Other
shxi9c,Issues with dating a single dad as a childless woman.,datingoverthirty,167,https://reddit.com/r/datingoverthirty/comments/shxi9c/issues_with_dating_a_single_dad_as_a_childless/,hv62zzj,Staley44,12,"So after a little discussion about our plans this weekend as it's his ""free"" weekend, he told me he's the coach of his kids' team, that's why he has to be there every game.

Makes a lot more sense now, why he can't miss any games. And we can't get together again this weekend because he's got games.

He assured me this ends in April, but I don't think I can make it that long unfortunately.",https://reddit.com/r/datingoverthirty/comments/shxi9c/_/hv62zzj/,General / Other
shxi9c,Issues with dating a single dad as a childless woman.,datingoverthirty,167,https://reddit.com/r/datingoverthirty/comments/shxi9c/issues_with_dating_a_single_dad_as_a_childless/,hv5z25o,Sweet_N_Adorable,10,"Yes OP, this is exactly what I would say. I’m in the same boat as this single dad here.",https://reddit.com/r/datingoverthirty/comments/shxi9c/_/hv5z25o/,General / Other
shxi9c,Issues with dating a single dad as a childless woman.,datingoverthirty,167,https://reddit.com/r/datingoverthirty/comments/shxi9c/issues_with_dating_a_single_dad_as_a_childless/,hv5bvuv,Not-DOT,10,"&gt;The dilemma in dating single parents is that many of them think they have time to date someone, but really don’t

I agree. And like OP says, one can't really ask them to reduce time spent with the child. This is one of several reasons why I don't date single dads as a childless woman. Their lifestyle, needs, priorities, and availability are at odds with mine and I don't have any right to ask them to change it all around for my benefit. I need lots of quality time and companionship with my partner and a single dad, if he's at all a good father and involved in his children's lives, cannot give me that.",https://reddit.com/r/datingoverthirty/comments/shxi9c/_/hv5bvuv/,General / Other
shxi9c,Issues with dating a single dad as a childless woman.,datingoverthirty,167,https://reddit.com/r/datingoverthirty/comments/shxi9c/issues_with_dating_a_single_dad_as_a_childless/,hv55zu5,Staley44,9,I 100% could have worded that better. Definitely didn't mean for it to come off that way. He does love his son and enjoys all the time he has with him.,https://reddit.com/r/datingoverthirty/comments/shxi9c/_/hv55zu5/,General / Other
shxi9c,Issues with dating a single dad as a childless woman.,datingoverthirty,167,https://reddit.com/r/datingoverthirty/comments/shxi9c/issues_with_dating_a_single_dad_as_a_childless/,hv5gg7a,Staley44,8,"I appreciate your insight. Looks like having a discussion is what I need to do. Problem is I don't know when I'm even seeing him next, and this feels like a conversation that needs to happen in person.",https://reddit.com/r/datingoverthirty/comments/shxi9c/_/hv5gg7a/,General / Other
shxi9c,Issues with dating a single dad as a childless woman.,datingoverthirty,167,https://reddit.com/r/datingoverthirty/comments/shxi9c/issues_with_dating_a_single_dad_as_a_childless/,hv6lam3,Staley44,5,"This was great advice, thank you. I'm going to talk to him I just don't know how I can do it in person as we can't see each other for awhile.",https://reddit.com/r/datingoverthirty/comments/shxi9c/_/hv6lam3/,General / Other
shxi9c,Issues with dating a single dad as a childless woman.,datingoverthirty,167,https://reddit.com/r/datingoverthirty/comments/shxi9c/issues_with_dating_a_single_dad_as_a_childless/,hv6obi5,Fedcis,5,"I can agree with this. The time that he has free, he may just want to spend alone or with someone else. Because when the feeling is there, you make the effort. This coming from a single dad in a similar situation to his. Except I have full custody along with all the activities and an ex who doesn't involve herself in any of his activities.",https://reddit.com/r/datingoverthirty/comments/shxi9c/_/hv6obi5/,General / Other
shxi9c,Issues with dating a single dad as a childless woman.,datingoverthirty,167,https://reddit.com/r/datingoverthirty/comments/shxi9c/issues_with_dating_a_single_dad_as_a_childless/,hv5ssdl,[deleted],5,"What I have experienced with dating divorced fathers is that the number one red flag is the level of guilt they have over the divorce.

The idea that children always come first is simply not true. It is a balance between parent and child. And then it becomes a balance between parent and partner and child.

There are a million miserable stepmoms out there. Those situations are all caused by divorced father guilt. It is entirely possible to have a healthy relationship and a healthy dating life and be a parent. Of course, they have to date someone who wants to date someone with kids. That is a lifestyle choice and that part is not negotiable.

But this guy could absolutely make it work with you if he wanted to. If he isn't, it's either because he isn't into you enough, or worse, he is into yo",https://reddit.com/r/datingoverthirty/comments/shxi9c/_/hv5ssdl/,Starting over after loss
shxi9c,Issues with dating a single dad as a childless woman.,datingoverthirty,167,https://reddit.com/r/datingoverthirty/comments/shxi9c/issues_with_dating_a_single_dad_as_a_childless/,hv5kq0u,Staley44,4,"&gt;how long has he been divorced and doing the custody thing? and why did they get divorced? It sounds like he hasn't learned to take care of himself. It's great that he wants to spend all this time with his kid, but at some point he's going to need to recognize that he can be a good father and still take time for himself. 

He's been divorced 3 years. I don't know why they got divorced, that's territory we haven't covered yet. I know that they were at each other's throats for a few years and she cost him a ton of money. He said once he regrets ever getting married. Things are apparently cordial now, they communicate through text regarding their son.

&gt;or maybe he feels guilty about the divorce and wants to do as much as he can to try and ""make up for it"". 

I agree with all your point",https://reddit.com/r/datingoverthirty/comments/shxi9c/_/hv5kq0u/,Starting over after loss
pk5x27,On request: proposal update,datingoverthirty,163,https://reddit.com/r/datingoverthirty/comments/pk5x27/on_request_proposal_update/,hc1n1zi,Snowbirdy,20,"Pandemic: Yep. It was a major blocker in my thinking before, but (a) we're both vaccinated (b) travel is starting to open up and (c) you have to live life, at some point. I need to be in her city for work as much as 1 week a month, so that helps.

Custody: I have a more flexible agreement than she does. My kids are also teenagers, which makes it easier. 

Wedding date: waiting on a couple of things at work that will impact our wedding budget, will resolve in the next 3-6 months. ""Close the gap""? Not sure I follow.",https://reddit.com/r/datingoverthirty/comments/pk5x27/_/hc1n1zi/,General / Other
pk5x27,On request: proposal update,datingoverthirty,163,https://reddit.com/r/datingoverthirty/comments/pk5x27/on_request_proposal_update/,hc3nn0o,glitterswirl,8,"&gt; Edit2: apparently helpful for me to clarify: “I tried dating women within a few years of my own age. I also found big city dating rough, I had forgotten how much both men and women are affected by the environment in places like NY and London. I was reminded of how people of all ages tend to become hardened by this. I found many of the women I dated to be unkind. This created a contrast with my now-fiancée, who is fundamentally a kind person. Noting that the pace and ferocity of big city dating can make people harsher as a defense mechanism **doesn’t, in my opinion, make me fundamentally an unkind person, but you may form a different judgement.** Peace.”

He's insinuating that he's been called a fundamentally unkind person. I've seen no such statements in the thread. 

His whole ""clari",https://reddit.com/r/datingoverthirty/comments/pk5x27/_/hc3nn0o/,General / Other
pk5x27,On request: proposal update,datingoverthirty,163,https://reddit.com/r/datingoverthirty/comments/pk5x27/on_request_proposal_update/,hc3z5g0,Snowbirdy,8,"Ok. Appreciate the perspective. Obviously I don’t agree with it, but to each his/her own.",https://reddit.com/r/datingoverthirty/comments/pk5x27/_/hc3z5g0/,General / Other
pk5x27,On request: proposal update,datingoverthirty,163,https://reddit.com/r/datingoverthirty/comments/pk5x27/on_request_proposal_update/,hc20vxj,Snowbirdy,8,They are. And we figured out a solution that works for us. It took some creativity,https://reddit.com/r/datingoverthirty/comments/pk5x27/_/hc20vxj/,General / Other
pk5x27,On request: proposal update,datingoverthirty,163,https://reddit.com/r/datingoverthirty/comments/pk5x27/on_request_proposal_update/,hc1m0k3,Snowbirdy,8,Thank you! We are very happy,https://reddit.com/r/datingoverthirty/comments/pk5x27/_/hc1m0k3/,General / Other
pk5x27,On request: proposal update,datingoverthirty,163,https://reddit.com/r/datingoverthirty/comments/pk5x27/on_request_proposal_update/,hc1rkah,Snowbirdy,8,Thanks DDD :),https://reddit.com/r/datingoverthirty/comments/pk5x27/_/hc1rkah/,General / Other
pk5x27,On request: proposal update,datingoverthirty,163,https://reddit.com/r/datingoverthirty/comments/pk5x27/on_request_proposal_update/,hc1uc79,Snowbirdy,7,Thank you. And thanks for inviting me to share the story :),https://reddit.com/r/datingoverthirty/comments/pk5x27/_/hc1uc79/,General / Other
pk5x27,On request: proposal update,datingoverthirty,163,https://reddit.com/r/datingoverthirty/comments/pk5x27/on_request_proposal_update/,hc394s9,Snowbirdy,6,She’s great. I hope we grow older together.,https://reddit.com/r/datingoverthirty/comments/pk5x27/_/hc394s9/,General / Other
pk5x27,On request: proposal update,datingoverthirty,163,https://reddit.com/r/datingoverthirty/comments/pk5x27/on_request_proposal_update/,hc1pwxg,Snowbirdy,5,"I will be there at least 1 week a month. Longer term it may start to look more like 2 weeks a month. We are starting to look at places we might buy together.

It’s not really much different than people who are married to someone who travels a lot for work.",https://reddit.com/r/datingoverthirty/comments/pk5x27/_/hc1pwxg/,General / Other
pk5x27,On request: proposal update,datingoverthirty,163,https://reddit.com/r/datingoverthirty/comments/pk5x27/on_request_proposal_update/,hc1ykeh,Snowbirdy,5,"Well - I had pause as well, that’s why we broke up for a bit. But it was more painful to not have her in my life than to deal with logistical challenges. She’s my “person”.",https://reddit.com/r/datingoverthirty/comments/pk5x27/_/hc1ykeh/,Starting over after loss
pk5x27,On request: proposal update,datingoverthirty,163,https://reddit.com/r/datingoverthirty/comments/pk5x27/on_request_proposal_update/,hc1u7uh,Snowbirdy,5,"Well the thread that prompted me to share this story was asking for positive news. There does tend to be a negative slant on the posts in the sub, probably because people are trying to deal with issues when they come here for advice. So I thought I would share something a little happier",https://reddit.com/r/datingoverthirty/comments/pk5x27/_/hc1u7uh/,General / Other
pk5x27,On request: proposal update,datingoverthirty,163,https://reddit.com/r/datingoverthirty/comments/pk5x27/on_request_proposal_update/,hc2bvgw,Snowbirdy,4,"So you’ve written a lengthy comment about a half sentence that I already acknowledged was poorly written. What’s you’re point?

Edit: yes, the typo is deliberate",https://reddit.com/r/datingoverthirty/comments/pk5x27/_/hc2bvgw/,General / Other
pk5x27,On request: proposal update,datingoverthirty,163,https://reddit.com/r/datingoverthirty/comments/pk5x27/on_request_proposal_update/,hc400c4,Snowbirdy,4,On this point we can agree.,https://reddit.com/r/datingoverthirty/comments/pk5x27/_/hc400c4/,General / Other
pk5x27,On request: proposal update,datingoverthirty,163,https://reddit.com/r/datingoverthirty/comments/pk5x27/on_request_proposal_update/,hc1riwq,Snowbirdy,4,Why “I guess?” ?,https://reddit.com/r/datingoverthirty/comments/pk5x27/_/hc1riwq/,General / Other
pk5x27,On request: proposal update,datingoverthirty,163,https://reddit.com/r/datingoverthirty/comments/pk5x27/on_request_proposal_update/,hc243ik,Snowbirdy,4,Haha. We try,https://reddit.com/r/datingoverthirty/comments/pk5x27/_/hc243ik/,General / Other
pk5x27,On request: proposal update,datingoverthirty,163,https://reddit.com/r/datingoverthirty/comments/pk5x27/on_request_proposal_update/,hc1m17p,Snowbirdy,4,TYVM :),https://reddit.com/r/datingoverthirty/comments/pk5x27/_/hc1m17p/,General / Other
pk5x27,On request: proposal update,datingoverthirty,163,https://reddit.com/r/datingoverthirty/comments/pk5x27/on_request_proposal_update/,hc1pyas,Snowbirdy,4,Thank you :),https://reddit.com/r/datingoverthirty/comments/pk5x27/_/hc1pyas/,General / Other
pk5x27,On request: proposal update,datingoverthirty,163,https://reddit.com/r/datingoverthirty/comments/pk5x27/on_request_proposal_update/,hc39hbs,Snowbirdy,4,Thank you!  We have some ideas…,https://reddit.com/r/datingoverthirty/comments/pk5x27/_/hc39hbs/,General / Other
pk5x27,On request: proposal update,datingoverthirty,163,https://reddit.com/r/datingoverthirty/comments/pk5x27/on_request_proposal_update/,hc3zxf3,Snowbirdy,3,I was simplifying for space. We also got together in June and spent a weekend together. We also had been texting on and off.,https://reddit.com/r/datingoverthirty/comments/pk5x27/_/hc3zxf3/,Learning the mechanics of dating
pk5x27,On request: proposal update,datingoverthirty,163,https://reddit.com/r/datingoverthirty/comments/pk5x27/on_request_proposal_update/,hc1ync5,Snowbirdy,3,Thank you :),https://reddit.com/r/datingoverthirty/comments/pk5x27/_/hc1ync5/,General / Other
pk5x27,On request: proposal update,datingoverthirty,163,https://reddit.com/r/datingoverthirty/comments/pk5x27/on_request_proposal_update/,hc391aq,Snowbirdy,3,Thanks so much!,https://reddit.com/r/datingoverthirty/comments/pk5x27/_/hc391aq/,General / Other
pk5x27,On request: proposal update,datingoverthirty,163,https://reddit.com/r/datingoverthirty/comments/pk5x27/on_request_proposal_update/,hc38vlx,Snowbirdy,3,Haha if you did probably every other profile would reference them. Either than or the Patriots.,https://reddit.com/r/datingoverthirty/comments/pk5x27/_/hc38vlx/,General / Other
pk5x27,On request: proposal update,datingoverthirty,163,https://reddit.com/r/datingoverthirty/comments/pk5x27/on_request_proposal_update/,hc3ntjt,Snowbirdy,3,Thanks!,https://reddit.com/r/datingoverthirty/comments/pk5x27/_/hc3ntjt/,General / Other
pk5x27,On request: proposal update,datingoverthirty,163,https://reddit.com/r/datingoverthirty/comments/pk5x27/on_request_proposal_update/,hc1wega,Snowbirdy,3,TY !,https://reddit.com/r/datingoverthirty/comments/pk5x27/_/hc1wega/,General / Other
pk5x27,On request: proposal update,datingoverthirty,163,https://reddit.com/r/datingoverthirty/comments/pk5x27/on_request_proposal_update/,hc20y54,Snowbirdy,3,Thank you Dallyan! 🥂,https://reddit.com/r/datingoverthirty/comments/pk5x27/_/hc20y54/,General / Other
sx2we8,"Dating women, who want family (kids) in the near future",datingoverthirty,157,https://reddit.com/r/datingoverthirty/comments/sx2we8/dating_women_who_want_family_kids_in_the_near/,hxrfdvg,helm,17,"I had my son 3 years after I met my ex-wife. That's pretty fast. Now, I'm divorced, but I have zero regrets about my kids. 0. If it hadn't been my ex-wife, it could have been no-one, and I would have been less happy about my life. That's my 2 cents.

And most of the conflicts came after my son was born, so it wasn't easy to tell before.",https://reddit.com/r/datingoverthirty/comments/sx2we8/_/hxrfdvg/,Starting over after loss
sx2we8,"Dating women, who want family (kids) in the near future",datingoverthirty,157,https://reddit.com/r/datingoverthirty/comments/sx2we8/dating_women_who_want_family_kids_in_the_near/,hxprjlo,docNNST,17,"I dated my ex-wife for 6 years before we got married. Then once we started having kids she became an alcoholic. Well I think she always was an alcoholic but it didn't really surface until we moved in together and we're married.

I'm in my early 30s actively dating the type of women you describe. It's interesting because it's super evident in some dating profiles, that these women want a baby now. For The ones that don't come off as crazy it makes me feel sad because I understand the dynamic the pressures they feel and how that clock is ticking.

I don't have any good answers here I would say if you're looking to have kids with somebody it's important to discuss that earlier on and to make sure you're with them because they are resilient partner",https://reddit.com/r/datingoverthirty/comments/sx2we8/_/hxprjlo/,Starting over after loss
sx2we8,"Dating women, who want family (kids) in the near future",datingoverthirty,157,https://reddit.com/r/datingoverthirty/comments/sx2we8/dating_women_who_want_family_kids_in_the_near/,hxpjusd,QueasyPassion,17,"I'm a guy, I would like to have kids/start a family. So no it wouldn't bother me at all. I think it depends on the man and what they want and what their goals are. Besides goal driven women are more attractive to me than someone just floating through life (not that that's a bad thing, just won't be a match for me).",https://reddit.com/r/datingoverthirty/comments/sx2we8/_/hxpjusd/,General / Other
sx2we8,"Dating women, who want family (kids) in the near future",datingoverthirty,157,https://reddit.com/r/datingoverthirty/comments/sx2we8/dating_women_who_want_family_kids_in_the_near/,hxrdi4o,abit_lost21,11,"&gt;Men are rightfully concerned that if they are just someone who will do, they will end up ten years down the line with the classic, ""I love you but I'm not in love with you"".

I get where you are coming from yet doesn't this go both ways? Same thing may happen to a woman, she wants kids, clock is ticking, 3 years down the line the guy realises that it's not what he wants, there are no feelings and actually he can go for someone younger. There are risks for both genders. Any relationship based on mutual love, mutual goals or kids come with those risks.",https://reddit.com/r/datingoverthirty/comments/sx2we8/_/hxrdi4o/,General / Other
sx2we8,"Dating women, who want family (kids) in the near future",datingoverthirty,157,https://reddit.com/r/datingoverthirty/comments/sx2we8/dating_women_who_want_family_kids_in_the_near/,hxq6nlh,awolnic,9,"38m USA. I'm open to children, but I can't imagine trusting someone enough to have kids without knowing them for a few (~2) years. Anyone pushing the idea sooner than that strikes me as being more into the idea of having kids than with having a relationship with me. I'd like to be more than a sperm donor. I'm also sitting here here alone with no kids.",https://reddit.com/r/datingoverthirty/comments/sx2we8/_/hxq6nlh/,General / Other
sx2we8,"Dating women, who want family (kids) in the near future",datingoverthirty,157,https://reddit.com/r/datingoverthirty/comments/sx2we8/dating_women_who_want_family_kids_in_the_near/,hxr5hdf,MedFu,7,"In short, yes?

2 years of dating. Then engagement and marriage. Then another at least 2 years of being married before having kids.

It depends on the partner but I think that's a safe timeline. That said, I already have kids and an ex wife and I was 21 when I did this 5-7 year timeline with my ex wife so I can see how that might change for others.

I recently broke up with my ex gf of 2 years. We had a 4 month breakup a year ago as well. It was very up and down and the highs were great and had me convinced I wanted more kids with her. But as time went on I realized 1) I don't actually want more kids at all and 2) there was too much to work out before another 2-3 years and I'd be 40 by the time we had a child and that's too old for me to start again without any guarantee it would work that",https://reddit.com/r/datingoverthirty/comments/sx2we8/_/hxr5hdf/,Processing the shame of being late
sx2we8,"Dating women, who want family (kids) in the near future",datingoverthirty,157,https://reddit.com/r/datingoverthirty/comments/sx2we8/dating_women_who_want_family_kids_in_the_near/,hxr2cxb,abit_lost21,7,You've restored my hope a little :),https://reddit.com/r/datingoverthirty/comments/sx2we8/_/hxr2cxb/,General / Other
sx2we8,"Dating women, who want family (kids) in the near future",datingoverthirty,157,https://reddit.com/r/datingoverthirty/comments/sx2we8/dating_women_who_want_family_kids_in_the_near/,hxrhdtz,touchhimwiththejab,5,"Here’s the the reality that no one seems to be sharing here

Men in their early to mid 30’s are dating women in their mid to late 20’s which gives them more cushion to feel out if the woman they are dating is the person to start a family with.

It’s an uphill battle for women in their 30’s in todays dating world, unfortunately there’s a lot more going against you than for you when it comes to trying to find a suitable man to start a family 

I am married man but when I was single, my friends and I never dated our age",https://reddit.com/r/datingoverthirty/comments/sx2we8/_/hxrhdtz/,Breaking the inexperience loop
sx2we8,"Dating women, who want family (kids) in the near future",datingoverthirty,157,https://reddit.com/r/datingoverthirty/comments/sx2we8/dating_women_who_want_family_kids_in_the_near/,hxrm0ca,abit_lost21,5,Haha yeah this thread doesn't look too positive for us :D it is what it is.. luckily there are ways to achieve this without actually dating/marrying someone.,https://reddit.com/r/datingoverthirty/comments/sx2we8/_/hxrm0ca/,General / Other
sx2we8,"Dating women, who want family (kids) in the near future",datingoverthirty,157,https://reddit.com/r/datingoverthirty/comments/sx2we8/dating_women_who_want_family_kids_in_the_near/,hxrpmo3,Distracting_You,4,"30M here. This is incredibly insightful and relatable.

I spent most of my 20's working, moving all over, and really nailing down my career. I didn't really date much.

Over the past year and a half, I really began to notice more attention from women. Especially more from past flames reestablishing contact after 5+ years. Initially, it felt great to reconnect, but the conversations felt less like courtship or flirtatious and more like I was interviewing for a position I wasn't aware I was applying for.

As of now, my career is providing me the opportunity to own a home and support a family. I am set on home ownership, but a family hasn't been on the table for me. I am honest about this, but dating has become much harder as I don't feel like that honesty is being reciprocated most of the ti",https://reddit.com/r/datingoverthirty/comments/sx2we8/_/hxrpmo3/,General / Other
sx2we8,"Dating women, who want family (kids) in the near future",datingoverthirty,157,https://reddit.com/r/datingoverthirty/comments/sx2we8/dating_women_who_want_family_kids_in_the_near/,hxretob,abit_lost21,4,"From what I experienced so far - majority of the men will have 'want kids someday' on their profile but once you even mention something about it - you won't see them again or the whole conversation like 'well, i dont really know yet, i want to date and then see' etc. I think they understand that this helps them bypass some filters, so I wouldn't believe everything people put on a profile.",https://reddit.com/r/datingoverthirty/comments/sx2we8/_/hxretob/,General / Other
sx2we8,"Dating women, who want family (kids) in the near future",datingoverthirty,157,https://reddit.com/r/datingoverthirty/comments/sx2we8/dating_women_who_want_family_kids_in_the_near/,hxpskq5,tigermax42,4,"I was thinking wait about 18 months of dating to propose, then first kid within 3 years. 37M Just gotta find the right girl",https://reddit.com/r/datingoverthirty/comments/sx2we8/_/hxpskq5/,General / Other
sx2we8,"Dating women, who want family (kids) in the near future",datingoverthirty,157,https://reddit.com/r/datingoverthirty/comments/sx2we8/dating_women_who_want_family_kids_in_the_near/,hxqb51a,StaticCaravan,4,"I (31M) already worry that potential partners just want a boyfriend rather than actually liking ME- there is NO WAY I would consider dating a woman who saw me as a convenient way to have children. I really really want to have children, absolutely no question about it. But I don’t want to be stuck with a partner that I don’t know very well in order to do it. If someone tells me they’re dating in order to find a partner to have children with, that’s good for them, but I’m not interested. I’d rather adopt as a single parent.",https://reddit.com/r/datingoverthirty/comments/sx2we8/_/hxqb51a/,General / Other
kpmx9i,What did you do to make OLD work for you?,datingoverthirty,155,https://reddit.com/r/datingoverthirty/comments/kpmx9i/what_did_you_do_to_make_old_work_for_you/,ghyu9uu,Title_Fabulous,38,"Yup! I had that same issue with first dates not panning out into anything. Texting is a pain for me, but you're right...like everything else it takes practice. Thanks!!",https://reddit.com/r/datingoverthirty/comments/kpmx9i/_/ghyu9uu/,Learning the mechanics of dating
kpmx9i,What did you do to make OLD work for you?,datingoverthirty,155,https://reddit.com/r/datingoverthirty/comments/kpmx9i/what_did_you_do_to_make_old_work_for_you/,ghyv5f1,Title_Fabulous,10,What led you to be more optimistic? Was it a decision or did something happen?,https://reddit.com/r/datingoverthirty/comments/kpmx9i/_/ghyv5f1/,General / Other
kpmx9i,What did you do to make OLD work for you?,datingoverthirty,155,https://reddit.com/r/datingoverthirty/comments/kpmx9i/what_did_you_do_to_make_old_work_for_you/,gi0x3sa,Title_Fabulous,2,"I can relate to this! I do struggle often with finding something to say. I think it happens a lot because I""m trying to ""impress"" someone and I don't want to kill the conversation, lol. You're right though, it's important to have a good time with the process, that way there's less pressure and expectations with the outcome. Thank you!",https://reddit.com/r/datingoverthirty/comments/kpmx9i/_/gi0x3sa/,General / Other
kpmx9i,What did you do to make OLD work for you?,datingoverthirty,155,https://reddit.com/r/datingoverthirty/comments/kpmx9i/what_did_you_do_to_make_old_work_for_you/,gi36ne3,couldnotjointhedance,2,"Honestly as a guy this has worked for me more than jokey pickup lines. I'm sure sending winky-face emojis to each other for weeks works for some people but for me  after some short feeler messages I just say ""Hey let's meet for coffee so we don't waste each other's time if there's no chemistry"".

I've found that most women in their 30s and up don't really have time to fuck around and appreciate being straightforward. I have also adopted this attitude. If someone doesn't want to meet after a 1-3 days of messaging I just politely tell them sorry and unmatch.",https://reddit.com/r/datingoverthirty/comments/kpmx9i/_/gi36ne3/,General / Other
kpmx9i,What did you do to make OLD work for you?,datingoverthirty,155,https://reddit.com/r/datingoverthirty/comments/kpmx9i/what_did_you_do_to_make_old_work_for_you/,gi2igxx,Title_Fabulous,2,Thanks for the links! Probably going to be a lot more helpful than PUA videos lol!,https://reddit.com/r/datingoverthirty/comments/kpmx9i/_/gi2igxx/,General / Other
kpmx9i,What did you do to make OLD work for you?,datingoverthirty,155,https://reddit.com/r/datingoverthirty/comments/kpmx9i/what_did_you_do_to_make_old_work_for_you/,gi2i64j,Title_Fabulous,1,This is helpful and reassuring. It is hard work! Seems like you have a very thoughtful and mature approach.,https://reddit.com/r/datingoverthirty/comments/kpmx9i/_/gi2i64j/,Getting over approach anxiety
kpmx9i,What did you do to make OLD work for you?,datingoverthirty,155,https://reddit.com/r/datingoverthirty/comments/kpmx9i/what_did_you_do_to_make_old_work_for_you/,gi6vm4c,Title_Fabulous,1,"I appreciate your advice. I’m an expert at using texting to solve immediate problems lmao. I’ve been texting since day 1 of texting. I have no problem carrying a text conversation with friends or family, or even a woman who I’ve managed to build some rapport with. It’s that initial starting off which usually painful...trying to get a conversation going. You’re absolutely right thought that it’s a skill than can be improved with practice.",https://reddit.com/r/datingoverthirty/comments/kpmx9i/_/gi6vm4c/,Learning the mechanics of dating
1li7rzx,Does anyone else fear dating?,datingoverthirty,153,https://reddit.com/r/datingoverthirty/comments/1li7rzx/does_anyone_else_fear_dating/,mza4zk6,Adventureminiboxes,36,"Unfortunately here in Australia after 2 years it's seen as a defacto relationship and they have the same rights as if you were married, its a bit of a joke if you ask me haha",https://reddit.com/r/datingoverthirty/comments/1li7rzx/_/mza4zk6/,General / Other
1li7rzx,Does anyone else fear dating?,datingoverthirty,153,https://reddit.com/r/datingoverthirty/comments/1li7rzx/does_anyone_else_fear_dating/,mza51xi,Adventureminiboxes,11,In Australia Prenups aren't worth the paper they are written on unfortunately...we are a bit backwards here lol,https://reddit.com/r/datingoverthirty/comments/1li7rzx/_/mza51xi/,General / Other
1li7rzx,Does anyone else fear dating?,datingoverthirty,153,https://reddit.com/r/datingoverthirty/comments/1li7rzx/does_anyone_else_fear_dating/,mza4v1u,Adventureminiboxes,11,"Dosent work like that here in Australia, after 2 years it is seen as a defacto relationship and they are pretty much entitled to half your things weather married or not",https://reddit.com/r/datingoverthirty/comments/1li7rzx/_/mza4v1u/,General / Other
1li7rzx,Does anyone else fear dating?,datingoverthirty,153,https://reddit.com/r/datingoverthirty/comments/1li7rzx/does_anyone_else_fear_dating/,mza71wa,Adventureminiboxes,9,Nope unfortunately we had a legal fight when my Aunty passed away and her ex boyfriend claimed they were defacto even though they didn't live together...12 months and 30k later we lost the fight and he kept everything,https://reddit.com/r/datingoverthirty/comments/1li7rzx/_/mza71wa/,General / Other
1li7rzx,Does anyone else fear dating?,datingoverthirty,153,https://reddit.com/r/datingoverthirty/comments/1li7rzx/does_anyone_else_fear_dating/,mza7712,Adventureminiboxes,6,Yeh that's the only way forward but I don't see a long term relationship lasting if they cant move in lol it's a catch 22 I guess do I risk everything in the hopes it works out or do I just have a string of relationships until I die lol,https://reddit.com/r/datingoverthirty/comments/1li7rzx/_/mza7712/,General / Other
1li7rzx,Does anyone else fear dating?,datingoverthirty,153,https://reddit.com/r/datingoverthirty/comments/1li7rzx/does_anyone_else_fear_dating/,mzak1ey,Adventureminiboxes,6,"They weren't common law they weren't together at all, he wasn't even named in her will only me and my siblings were...it was a total joke",https://reddit.com/r/datingoverthirty/comments/1li7rzx/_/mzak1ey/,General / Other
1li7rzx,Does anyone else fear dating?,datingoverthirty,153,https://reddit.com/r/datingoverthirty/comments/1li7rzx/does_anyone_else_fear_dating/,mzazf5j,Adventureminiboxes,3,"Yeh that could be a plan, my dating ""Goal"" was possibly a single mum just due to the fact that she would understand my time constraints and I would understand hers haha as I have my kids Monday to Friday my time is fairly limited",https://reddit.com/r/datingoverthirty/comments/1li7rzx/_/mzazf5j/,General / Other
1li7rzx,Does anyone else fear dating?,datingoverthirty,153,https://reddit.com/r/datingoverthirty/comments/1li7rzx/does_anyone_else_fear_dating/,mzbpbfp,Adventureminiboxes,3,I went to therapy for 2 years after my divorce (I needed to fix my insecurities and self hate) I think I need to just get out of my own head and take the leap lol,https://reddit.com/r/datingoverthirty/comments/1li7rzx/_/mzbpbfp/,Starting over after loss
1m39blv,How Do I Create Intimacy And Know When To Escalate?,datingoverthirty,151,https://reddit.com/r/datingoverthirty/comments/1m39blv/how_do_i_create_intimacy_and_know_when_to_escalate/,n3wagsa,[deleted],32,"If I asked 90% of my girlfriends if they wanted to have sex or if they consented to sex they would get mad and deny me. If I walked up to them while they were on the computer/cooking/reading and kissed their neck as I put my hand on their waste they would typically start to be turned on, this is what I called ""warming the oven up"" as my 1st girlfriend taught me you have to ""warm the oven up first before you can put it in"". 

  
This is probably what OP girlfriend was talking about, you are already in a relationship which is consent to touch, she probably want OP to just go in for the kiss or put his arm around her.",https://reddit.com/r/datingoverthirty/comments/1m39blv/_/n3wagsa/,Coping with physical loneliness
1m39blv,How Do I Create Intimacy And Know When To Escalate?,datingoverthirty,151,https://reddit.com/r/datingoverthirty/comments/1m39blv/how_do_i_create_intimacy_and_know_when_to_escalate/,n3yiwje,TemuPacemaker,15,"&gt;And very true on the friend zoning - especially early on in dating/relationships. If a guy isn't making any effort to touch or kiss, when I'm very clearly interested, I will take this as ""he doesn't want me"" and move on with my life.

I think this illustrates OP's girlfriend point though? ""Dominating"" is probably the wrong word but that might be a language issue. More like ""lead, initiate, take all the risks"".

You are clearly interested but you *want him* to go for it based on \~signals\~ instead of just doing it yourself. Saying that ""everyone"" wants that is wrong of course, but it's a very typical dynamic.",https://reddit.com/r/datingoverthirty/comments/1m39blv/_/n3yiwje/,Coping with physical loneliness
1m39blv,How Do I Create Intimacy And Know When To Escalate?,datingoverthirty,151,https://reddit.com/r/datingoverthirty/comments/1m39blv/how_do_i_create_intimacy_and_know_when_to_escalate/,n3ya6rz,ShinyHappyPurple,1,"&gt; A few months ago, my girlfriend at the time said that I'm too passive, respectful, careful around her, and that I didn't take chances to create intimacy. Looking back, there were probably quite a few situations where she wanted me to go in for the kiss, touch her, etc. She made a general statement that ""all women"" want their man to dominate them and to take risks.

I think in this case it would be a mistake to take this advice. It sounds like there were things she wanted and couldn't or wouldn't communicate about them. That is on her.",https://reddit.com/r/datingoverthirty/comments/1m39blv/_/n3ya6rz/,Coping with physical loneliness
1m39blv,How Do I Create Intimacy And Know When To Escalate?,datingoverthirty,151,https://reddit.com/r/datingoverthirty/comments/1m39blv/how_do_i_create_intimacy_and_know_when_to_escalate/,n41rz2r,holdyourthrow,1,"So I’ve had a lot of partners and done a lot of things. I am a man. And I remember there was a one night stand. It was unusual because she was very heavily pregnant (like 38 weeks).

When we started to kiss she asked me if it’s ok, and then we just escalated physically.

Then we started having sex and before penetration she actually asked me if it was Ok.

It was very sexy. Get this, consent is sexy.

Constantly asking for permission or hesistation is a turn off, asking for permission in key situations is very good.

I always get verbal consent before sex. Hell, I do it now having been married for years. “Can we have sex” etc. 

Kissing is different because you should be able to vibe it? But it doesnt hurt to ask.",https://reddit.com/r/datingoverthirty/comments/1m39blv/_/n41rz2r/,Learning the mechanics of dating
1m39blv,How Do I Create Intimacy And Know When To Escalate?,datingoverthirty,151,https://reddit.com/r/datingoverthirty/comments/1m39blv/how_do_i_create_intimacy_and_know_when_to_escalate/,n4bdy56,Tawn47,1,"""as much as I want to create intimacy and physical touch, tend to be passive because it's a fine line it being well received and taking things a step too far.""  
I understand.  Generally speaking, playing it safe and not escalating is usually a bigger risk than possibly taking things too far.  The key is to be very VERY receptive and pay attention to how she reacts. You're a man dating a woman..  intimacy is to be expected to a certain degree.  Its just a question of timing.",https://reddit.com/r/datingoverthirty/comments/1m39blv/_/n4bdy56/,Learning the mechanics of dating
11t0skr,"Couples who met IRL, how did it come about?",datingoverthirty,150,https://reddit.com/r/datingoverthirty/comments/11t0skr/couples_who_met_irl_how_did_it_come_about/,jch4i6a,[deleted],24,"I met my last girlfriend when I sang karaoke at a bar. She was clapping for me when I was done, I thought she was attractive, I struck up a conversation, we flirted a lot, wound up staying up all night talking. Went on a proper date the next day. Dated for about two months after that until life got in the way.

You have to be really ready to put yourself out there, but it was a lot of fun and I would highly recommend it if that's something you think you'd enjoy.",https://reddit.com/r/datingoverthirty/comments/11t0skr/_/jch4i6a/,General / Other
11t0skr,"Couples who met IRL, how did it come about?",datingoverthirty,150,https://reddit.com/r/datingoverthirty/comments/11t0skr/couples_who_met_irl_how_did_it_come_about/,jch3s2j,burnersburneracct,12,"36M, GF is 36 as well. Met at a Party. She added me on Instagram the next day and I didnt think much of it. I was dating someone that I met OLD at the time. That ended a month and a half later and I messaged current GF on Instagram.",https://reddit.com/r/datingoverthirty/comments/11t0skr/_/jch3s2j/,Dealing with comparison pain
11t0skr,"Couples who met IRL, how did it come about?",datingoverthirty,150,https://reddit.com/r/datingoverthirty/comments/11t0skr/couples_who_met_irl_how_did_it_come_about/,jchoa98,WhalerGuy90,3,32M but dance as a hobby has been expanding my social circle exponentially - both men and women. I think it’s only a matter of time before something organic forms but that’s in periphery for me. The apps are still a good supplemental tool though. My best friend just got engaged to a girl from hinge,https://reddit.com/r/datingoverthirty/comments/11t0skr/_/jchoa98/,Finding where to meet women
1pimt6k,A framework for healthy multi-dating.,datingoverthirty,149,https://reddit.com/r/datingoverthirty/comments/1pimt6k/a_framework_for_healthy_multidating/,ntavpti,DammitMaxwell,7,"As a guy who has experienced most of the things you’re describing, I can fix it in one word:

Relax.

It’s not that serious.  Most women on the dating apps have been through the wringer and aren’t taking it seriously anymore either.  You are not going to be responsible for being the one who broke them — at your age, that guy is 15 years in their past.  Today, most of them have three or six of thirty guys they’re talking to as well.  I understand the urge to be ethical and moral and all of that, but 90% of the time that will be a one way street.

Just relax.  Have fun.  Get to know people.  If somebody wants to kiss you and you want to kiss them, kiss.  If somebody wants to sleep with you and you want to sleep with them, go for it (and be safe — STDs and pregnancies will fuck the whole thin",https://reddit.com/r/datingoverthirty/comments/1pimt6k/_/ntavpti/,Finding where to meet women
8jmvh0,"I am officially a DOT30 graduate!! I would like to depart by sharing a ""lessons learned"" post of things I learned while dating.",datingoverthirty,147,https://reddit.com/r/datingoverthirty/comments/8jmvh0/i_am_officially_a_dot30_graduate_i_would_like_to/,dz10izb,dox1842,11,"&gt;  felt strange for me even asking. 

I have read posts where the woman offers and then gets mad when the man takes her up on the offer. The intention was a ""test"" to see how ""cheap"" the guy was.

This personally hasn't happened to me but it might have happened to the guys you have dated.",https://reddit.com/r/datingoverthirty/comments/8jmvh0/_/dz10izb/,General / Other
8jmvh0,"I am officially a DOT30 graduate!! I would like to depart by sharing a ""lessons learned"" post of things I learned while dating.",datingoverthirty,147,https://reddit.com/r/datingoverthirty/comments/8jmvh0/i_am_officially_a_dot30_graduate_i_would_like_to/,dz111xo,dox1842,6,"Ahhh good point. I did this and recieved feedback on things I thought were frivolous to reject someone over. Sending text vs talking on the phone, wearing shorts instead of pants, ect.",https://reddit.com/r/datingoverthirty/comments/8jmvh0/_/dz111xo/,General / Other
8jmvh0,"I am officially a DOT30 graduate!! I would like to depart by sharing a ""lessons learned"" post of things I learned while dating.",datingoverthirty,147,https://reddit.com/r/datingoverthirty/comments/8jmvh0/i_am_officially_a_dot30_graduate_i_would_like_to/,dz15do8,dox1842,5,We have been together 9 months and we met on coffee meet bagel,https://reddit.com/r/datingoverthirty/comments/8jmvh0/_/dz15do8/,General / Other
8jmvh0,"I am officially a DOT30 graduate!! I would like to depart by sharing a ""lessons learned"" post of things I learned while dating.",datingoverthirty,147,https://reddit.com/r/datingoverthirty/comments/8jmvh0/i_am_officially_a_dot30_graduate_i_would_like_to/,dz4m0zs,dox1842,3,"I would like to refer everyone to the rule **""damned if you do and damned if you dont""**. I find it refreshing that everyone on this forum has an issue with what /u/cicadaguy says. On a different forum I used to frequent you all would be labled ""cheapskates"" and /u/cicadaguy would be a true gentleman.

Like I said everyone has their own opinions and discussing it is just like discussing politics. We can argue how right our side is all day until we are red in the face but we won't change others opinions. 

For the record, I side with taking turns or going dutch the first few dates. ""courting"" is old fashioned and chivalry is benevolent sexism but of course, thats *my opinion*",https://reddit.com/r/datingoverthirty/comments/8jmvh0/_/dz4m0zs/,General / Other
8jmvh0,"I am officially a DOT30 graduate!! I would like to depart by sharing a ""lessons learned"" post of things I learned while dating.",datingoverthirty,147,https://reddit.com/r/datingoverthirty/comments/8jmvh0/i_am_officially_a_dot30_graduate_i_would_like_to/,dz113dy,dox1842,2,oh I forgot to add on the rejection part: I think its only natural to wonder why we got rejected.,https://reddit.com/r/datingoverthirty/comments/8jmvh0/_/dz113dy/,Understanding rejection
8jmvh0,"I am officially a DOT30 graduate!! I would like to depart by sharing a ""lessons learned"" post of things I learned while dating.",datingoverthirty,147,https://reddit.com/r/datingoverthirty/comments/8jmvh0/i_am_officially_a_dot30_graduate_i_would_like_to/,dzdvwyl,dox1842,2,"&gt; Not everything is as black and white as it seems,

Yes. Sometimes going with the flow will work wonders and sometimes you will feel like an idiot when you get ghosted because you didnt see the signs. But like I said, ""damned if you do and damned if you dont"".",https://reddit.com/r/datingoverthirty/comments/8jmvh0/_/dzdvwyl/,Understanding rejection
8jmvh0,"I am officially a DOT30 graduate!! I would like to depart by sharing a ""lessons learned"" post of things I learned while dating.",datingoverthirty,147,https://reddit.com/r/datingoverthirty/comments/8jmvh0/i_am_officially_a_dot30_graduate_i_would_like_to/,dz2i3ed,dox1842,2,It took me a while to get the joke with the 40th :),https://reddit.com/r/datingoverthirty/comments/8jmvh0/_/dz2i3ed/,General / Other
8jmvh0,"I am officially a DOT30 graduate!! I would like to depart by sharing a ""lessons learned"" post of things I learned while dating.",datingoverthirty,147,https://reddit.com/r/datingoverthirty/comments/8jmvh0/i_am_officially_a_dot30_graduate_i_would_like_to/,dz2ish3,dox1842,2,7 months. Thanks!!,https://reddit.com/r/datingoverthirty/comments/8jmvh0/_/dz2ish3/,General / Other
8jmvh0,"I am officially a DOT30 graduate!! I would like to depart by sharing a ""lessons learned"" post of things I learned while dating.",datingoverthirty,147,https://reddit.com/r/datingoverthirty/comments/8jmvh0/i_am_officially_a_dot30_graduate_i_would_like_to/,dz2hftj,dox1842,2,thanks!!,https://reddit.com/r/datingoverthirty/comments/8jmvh0/_/dz2hftj/,General / Other
8jmvh0,"I am officially a DOT30 graduate!! I would like to depart by sharing a ""lessons learned"" post of things I learned while dating.",datingoverthirty,147,https://reddit.com/r/datingoverthirty/comments/8jmvh0/i_am_officially_a_dot30_graduate_i_would_like_to/,dz10lyf,dox1842,2,yes! One thing about communication: **it goes both ways**.,https://reddit.com/r/datingoverthirty/comments/8jmvh0/_/dz10lyf/,General / Other
8jmvh0,"I am officially a DOT30 graduate!! I would like to depart by sharing a ""lessons learned"" post of things I learned while dating.",datingoverthirty,147,https://reddit.com/r/datingoverthirty/comments/8jmvh0/i_am_officially_a_dot30_graduate_i_would_like_to/,dz11fb4,dox1842,2,thanks!!,https://reddit.com/r/datingoverthirty/comments/8jmvh0/_/dz11fb4/,General / Other
8jmvh0,"I am officially a DOT30 graduate!! I would like to depart by sharing a ""lessons learned"" post of things I learned while dating.",datingoverthirty,147,https://reddit.com/r/datingoverthirty/comments/8jmvh0/i_am_officially_a_dot30_graduate_i_would_like_to/,dz15afo,dox1842,2,Yeah its kind of a case by case thing I suppose. Its one of those things where its damned if ya do and damned if ya dont,https://reddit.com/r/datingoverthirty/comments/8jmvh0/_/dz15afo/,General / Other
8jmvh0,"I am officially a DOT30 graduate!! I would like to depart by sharing a ""lessons learned"" post of things I learned while dating.",datingoverthirty,147,https://reddit.com/r/datingoverthirty/comments/8jmvh0/i_am_officially_a_dot30_graduate_i_would_like_to/,dz11gg7,dox1842,1,BZ,https://reddit.com/r/datingoverthirty/comments/8jmvh0/_/dz11gg7/,General / Other
8jmvh0,"I am officially a DOT30 graduate!! I would like to depart by sharing a ""lessons learned"" post of things I learned while dating.",datingoverthirty,147,https://reddit.com/r/datingoverthirty/comments/8jmvh0/i_am_officially_a_dot30_graduate_i_would_like_to/,dz2l4di,dox1842,1,off top,https://reddit.com/r/datingoverthirty/comments/8jmvh0/_/dz2l4di/,General / Other
8jmvh0,"I am officially a DOT30 graduate!! I would like to depart by sharing a ""lessons learned"" post of things I learned while dating.",datingoverthirty,147,https://reddit.com/r/datingoverthirty/comments/8jmvh0/i_am_officially_a_dot30_graduate_i_would_like_to/,dz2law0,dox1842,1,"Its slang for ""I agree""",https://reddit.com/r/datingoverthirty/comments/8jmvh0/_/dz2law0/,General / Other
8jmvh0,"I am officially a DOT30 graduate!! I would like to depart by sharing a ""lessons learned"" post of things I learned while dating.",datingoverthirty,147,https://reddit.com/r/datingoverthirty/comments/8jmvh0/i_am_officially_a_dot30_graduate_i_would_like_to/,dz8gk05,dox1842,1,"&gt;  Hey, it's what you select for, it's what you're gonna get. Just saying.

I think this is good advice in and of its self.",https://reddit.com/r/datingoverthirty/comments/8jmvh0/_/dz8gk05/,General / Other
8jmvh0,"I am officially a DOT30 graduate!! I would like to depart by sharing a ""lessons learned"" post of things I learned while dating.",datingoverthirty,147,https://reddit.com/r/datingoverthirty/comments/8jmvh0/i_am_officially_a_dot30_graduate_i_would_like_to/,dz4mcd3,dox1842,1,"&gt;  Maybe I should post on this.

do it!!",https://reddit.com/r/datingoverthirty/comments/8jmvh0/_/dz4mcd3/,General / Other
8jmvh0,"I am officially a DOT30 graduate!! I would like to depart by sharing a ""lessons learned"" post of things I learned while dating.",datingoverthirty,147,https://reddit.com/r/datingoverthirty/comments/8jmvh0/i_am_officially_a_dot30_graduate_i_would_like_to/,dz10mi9,dox1842,1,thanks!!,https://reddit.com/r/datingoverthirty/comments/8jmvh0/_/dz10mi9/,General / Other
8jmvh0,"I am officially a DOT30 graduate!! I would like to depart by sharing a ""lessons learned"" post of things I learned while dating.",datingoverthirty,147,https://reddit.com/r/datingoverthirty/comments/8jmvh0/i_am_officially_a_dot30_graduate_i_would_like_to/,dz11a2h,dox1842,1,Thanks!!,https://reddit.com/r/datingoverthirty/comments/8jmvh0/_/dz11a2h/,General / Other
8jmvh0,"I am officially a DOT30 graduate!! I would like to depart by sharing a ""lessons learned"" post of things I learned while dating.",datingoverthirty,147,https://reddit.com/r/datingoverthirty/comments/8jmvh0/i_am_officially_a_dot30_graduate_i_would_like_to/,dz2hkmc,dox1842,1,"&gt; As far as your friend who is going on cheap dates has she tried bypassing OLD 

I think he does exclusively IRL.

Or are you talking about the woman that complained everyone she meets on old is ""cheap""? Thats another redditor. I dont know her irl.",https://reddit.com/r/datingoverthirty/comments/8jmvh0/_/dz2hkmc/,General / Other
8jmvh0,"I am officially a DOT30 graduate!! I would like to depart by sharing a ""lessons learned"" post of things I learned while dating.",datingoverthirty,147,https://reddit.com/r/datingoverthirty/comments/8jmvh0/i_am_officially_a_dot30_graduate_i_would_like_to/,dz0ti6v,dox1842,1,thanks!!,https://reddit.com/r/datingoverthirty/comments/8jmvh0/_/dz0ti6v/,General / Other
8jmvh0,"I am officially a DOT30 graduate!! I would like to depart by sharing a ""lessons learned"" post of things I learned while dating.",datingoverthirty,147,https://reddit.com/r/datingoverthirty/comments/8jmvh0/i_am_officially_a_dot30_graduate_i_would_like_to/,dz2hhxe,dox1842,1,You are welcome!!,https://reddit.com/r/datingoverthirty/comments/8jmvh0/_/dz2hhxe/,General / Other
8jmvh0,"I am officially a DOT30 graduate!! I would like to depart by sharing a ""lessons learned"" post of things I learned while dating.",datingoverthirty,147,https://reddit.com/r/datingoverthirty/comments/8jmvh0/i_am_officially_a_dot30_graduate_i_would_like_to/,dz2hgu5,dox1842,1,thankyou!!,https://reddit.com/r/datingoverthirty/comments/8jmvh0/_/dz2hgu5/,General / Other
8jmvh0,"I am officially a DOT30 graduate!! I would like to depart by sharing a ""lessons learned"" post of things I learned while dating.",datingoverthirty,147,https://reddit.com/r/datingoverthirty/comments/8jmvh0/i_am_officially_a_dot30_graduate_i_would_like_to/,dz6l495,dox1842,1,Congratulations to you too!!,https://reddit.com/r/datingoverthirty/comments/8jmvh0/_/dz6l495/,General / Other
8jmvh0,"I am officially a DOT30 graduate!! I would like to depart by sharing a ""lessons learned"" post of things I learned while dating.",datingoverthirty,147,https://reddit.com/r/datingoverthirty/comments/8jmvh0/i_am_officially_a_dot30_graduate_i_would_like_to/,dz2hfjj,dox1842,1,Holy crap with the julie storie. That has happened to me several times!!,https://reddit.com/r/datingoverthirty/comments/8jmvh0/_/dz2hfjj/,General / Other
8jmvh0,"I am officially a DOT30 graduate!! I would like to depart by sharing a ""lessons learned"" post of things I learned while dating.",datingoverthirty,147,https://reddit.com/r/datingoverthirty/comments/8jmvh0/i_am_officially_a_dot30_graduate_i_would_like_to/,dz2kyia,dox1842,1,yeah bonus points if they have an IUD.,https://reddit.com/r/datingoverthirty/comments/8jmvh0/_/dz2kyia/,General / Other
xyfu16,"Date ""Idea Pool""",datingoverthirty,144,https://reddit.com/r/datingoverthirty/comments/xyfu16/date_idea_pool/,irhlf08,MissDesignDiva,16,"&gt;My view of them is quite skewed as my ex-wife hated anything active

And that right there is a good reason to rethink your own perspective on what you like out of a date, because you're not with your ex anymore and having your own views on things is pretty important.",https://reddit.com/r/datingoverthirty/comments/xyfu16/_/irhlf08/,Starting over after loss
xyfu16,"Date ""Idea Pool""",datingoverthirty,144,https://reddit.com/r/datingoverthirty/comments/xyfu16/date_idea_pool/,irhgb73,Is44c82,6,I'm really surprised by how many responses include active dates. I'm really glad I made this post. It has definitely given me a new perspective on things.,https://reddit.com/r/datingoverthirty/comments/xyfu16/_/irhgb73/,General / Other
xyfu16,"Date ""Idea Pool""",datingoverthirty,144,https://reddit.com/r/datingoverthirty/comments/xyfu16/date_idea_pool/,irini97,Is44c82,5,"Thank you for sharing. You have changed my perspective, which I love.",https://reddit.com/r/datingoverthirty/comments/xyfu16/_/irini97/,General / Other
xyfu16,"Date ""Idea Pool""",datingoverthirty,144,https://reddit.com/r/datingoverthirty/comments/xyfu16/date_idea_pool/,irhi6l0,Is44c82,3,I'll have to give them another try. I felt super anxious about the pace we were going through at and felt weird talking.,https://reddit.com/r/datingoverthirty/comments/xyfu16/_/irhi6l0/,General / Other
xyfu16,"Date ""Idea Pool""",datingoverthirty,144,https://reddit.com/r/datingoverthirty/comments/xyfu16/date_idea_pool/,irifm2y,Is44c82,3,Science museums are a blast. I would not hesitate to take a date to one. I absolutely love that stuff and would hope they would too.,https://reddit.com/r/datingoverthirty/comments/xyfu16/_/irifm2y/,General / Other
xyfu16,"Date ""Idea Pool""",datingoverthirty,144,https://reddit.com/r/datingoverthirty/comments/xyfu16/date_idea_pool/,iricg7l,Is44c82,3,It’s not a matter of what I like. I’ve been divorced for 3 years now. I’ve totally re-explored what I like to do. It’s a matter of re-exploring what others may like on a date. One of the main reasons I made this post. I was curious what people enjoyed in dates.,https://reddit.com/r/datingoverthirty/comments/xyfu16/_/iricg7l/,Starting over after loss
xyfu16,"Date ""Idea Pool""",datingoverthirty,144,https://reddit.com/r/datingoverthirty/comments/xyfu16/date_idea_pool/,irhd84m,Is44c82,3,"Yea, that always throws me off hearing about guys doing that. I usually try to do something close to their house. 

I'm quite curious about active dates now. Someone else posted about them. Do you feel like they are good early on or just after you get to know someone? I've always viewed them as something to do later on. Now that I think about it the ziplining was the second date and we had a blast. We had talked quite a bit on the phone though, so I didn't feel the need to get to know them. I feel a may be putting too much importance on talking in early dates.",https://reddit.com/r/datingoverthirty/comments/xyfu16/_/irhd84m/,Fear of intimacy after abstinence
xyfu16,"Date ""Idea Pool""",datingoverthirty,144,https://reddit.com/r/datingoverthirty/comments/xyfu16/date_idea_pool/,irhgmjm,Is44c82,3,"I could definitely see that as a good test of compatibility. I'll have to start using them as a way to test the relationship dynamic. Of course, to also have a very fun time. I really enjoy them.",https://reddit.com/r/datingoverthirty/comments/xyfu16/_/irhgmjm/,General / Other
xyfu16,"Date ""Idea Pool""",datingoverthirty,144,https://reddit.com/r/datingoverthirty/comments/xyfu16/date_idea_pool/,iri8xs8,ConfiaEnElProceso,3,My first real date with my ex wife was tossing a frisbee around in a park. It was so sexy to see someone so athletic and unafraid to break a sweat. It's what made me fall for her.,https://reddit.com/r/datingoverthirty/comments/xyfu16/_/iri8xs8/,Starting over after loss
anyhid,What can happen if you don’t rush it and let things unfold over time...,datingoverthirty,142,https://reddit.com/r/datingoverthirty/comments/anyhid/what_can_happen_if_you_dont_rush_it_and_let/,efx9dud,annieklucas43,24,"Me either. And I really didn’t like sex. I was raped when I was 16 and that really made me shut down. I went through a period of lots of drunk, reckless sex and then decades of sex where I would just tune out. To now be in a relationship where I feel safe AND can have sex AND be present AND be adventurous AND can initiate AND can do it almost daily is unreal to me. But our second life is amazing because of all the intimacy that builds in those small touches all day long and because we actually communicate our needs. The first time we had sex, he stopped in the middle and said, “I can tell you’re very nervous and I know your experience have made sex more like a chore, but this time, it’s about us. You have to tell me what you like and don’t like because I want you to enjoy it.” And my mind ",https://reddit.com/r/datingoverthirty/comments/anyhid/_/efx9dud/,Coping with physical loneliness
anyhid,What can happen if you don’t rush it and let things unfold over time...,datingoverthirty,142,https://reddit.com/r/datingoverthirty/comments/anyhid/what_can_happen_if_you_dont_rush_it_and_let/,efx8pch,annieklucas43,15,"Yeah. I wasn’t really waiting. During that time he was dating and I was dating and for about two years, it was strictly a friendship. About two years in we were both single and had both kind of decided time to heal was our plan and we just kept being friends. And then one day he made a comment that made me realize there might be more, which I honestly hadn’t considered. So we talked and at that point I said I couldn’t do casual and he said the idea of being emotionally responsible to another person was pure anathema.  So we agreed friends was the deal. But the more time we spent just hanging out, the more apparent it became that there was something unique we had created. So by the time we had sex, I would say the idea of a relationship had been on the table but shelved for about 10 months.",https://reddit.com/r/datingoverthirty/comments/anyhid/_/efx8pch/,General / Other
anyhid,What can happen if you don’t rush it and let things unfold over time...,datingoverthirty,142,https://reddit.com/r/datingoverthirty/comments/anyhid/what_can_happen_if_you_dont_rush_it_and_let/,efx04si,annieklucas43,11,Don’t give up!!!! I’m 46 and had to go through a very empty marriage and a whole lot of the dating shit show before all this transpired.,https://reddit.com/r/datingoverthirty/comments/anyhid/_/efx04si/,General / Other
anyhid,What can happen if you don’t rush it and let things unfold over time...,datingoverthirty,142,https://reddit.com/r/datingoverthirty/comments/anyhid/what_can_happen_if_you_dont_rush_it_and_let/,efwyv2l,annieklucas43,7,Thank you!!! The whole journey with this man has been eye opening and life changing. And it’s all been easy. Nothing was ever forced or planned. We just let it take its course.,https://reddit.com/r/datingoverthirty/comments/anyhid/_/efwyv2l/,General / Other
anyhid,What can happen if you don’t rush it and let things unfold over time...,datingoverthirty,142,https://reddit.com/r/datingoverthirty/comments/anyhid/what_can_happen_if_you_dont_rush_it_and_let/,efx0n23,annieklucas43,6,"It takes a lot to be brave and vulnerable, but it really matters. When we pretend to be things we aren’t, we can’t make authentic connections. This public speaker I like says we all have what she calls our representative self...the person we send out into the world who behaves the way we assume the world wants us to behave...and we all have our authentic self....who we actually are. But we usually show the world the representative self because we are so afraid of rejection...of not fitting the mold. But once you realize there is no mold...that we are all just who we are...and you just let yourself shine through...the right person will find that light.",https://reddit.com/r/datingoverthirty/comments/anyhid/_/efx0n23/,Understanding rejection
anyhid,What can happen if you don’t rush it and let things unfold over time...,datingoverthirty,142,https://reddit.com/r/datingoverthirty/comments/anyhid/what_can_happen_if_you_dont_rush_it_and_let/,efy1tgp,annieklucas43,3,"Again. As previously mentioned in another reply, in those 4 years, the first two we were dating other people, so we were having sex, but not with each other. We were just being friends and a relationship wasn’t on the radar. When we first discussed the fact that there was a possibility of more, we weren’t in the same place, so we tabled the idea of anything other than friendship.  But over the next ten months, we kept realizing there was something special happening. So we did have sex at that point and very smoothly transitioned to being a couple. So the period in our mutual lives with no sex was about 10 months. But the period in our lives where we were building trust, respect, appreciating common interests and differences, seeing one another go through struggles, learning one another’s w",https://reddit.com/r/datingoverthirty/comments/anyhid/_/efy1tgp/,General / Other
anyhid,What can happen if you don’t rush it and let things unfold over time...,datingoverthirty,142,https://reddit.com/r/datingoverthirty/comments/anyhid/what_can_happen_if_you_dont_rush_it_and_let/,efxfjs1,annieklucas43,3,"Have you tried therapy? I spent a year doing three different kinds of therapy to help me get healthy. EMDR for PTSD, DBT for learning coping skills and regular cognitive therapy. It’s not easy to sort out mental health stuff, but it is freeing when you finally find what heals you.",https://reddit.com/r/datingoverthirty/comments/anyhid/_/efxfjs1/,General / Other
qj83n9,"Widower (34M), not sure if I need to move in order to date again",datingoverthirty,140,https://reddit.com/r/datingoverthirty/comments/qj83n9/widower_34m_not_sure_if_i_need_to_move_in_order/,hioon4x,ThrowawayWidower1,29,"Yeah, I could afford an Airbnb. I hadn't thought of that, thanks for the suggestion.",https://reddit.com/r/datingoverthirty/comments/qj83n9/_/hioon4x/,General / Other
qj83n9,"Widower (34M), not sure if I need to move in order to date again",datingoverthirty,140,https://reddit.com/r/datingoverthirty/comments/qj83n9/widower_34m_not_sure_if_i_need_to_move_in_order/,hipgssg,[deleted],18,"widower here. lost my wife after we lost daughter.

the reality is the ghosts follow. the unwelcome, unrelenting memories. they're like wolves, gathering in packs and greeting with false smiles.

you really need to make sure you've untied all the knots. and even if you have, understand that any woman will feel like they're competing with the picture of her you keep, in house or in your heart.

no, better that we had died and they had lived. fate has been so careless in how it's filled our graves.",https://reddit.com/r/datingoverthirty/comments/qj83n9/_/hipgssg/,Understanding rejection
qj83n9,"Widower (34M), not sure if I need to move in order to date again",datingoverthirty,140,https://reddit.com/r/datingoverthirty/comments/qj83n9/widower_34m_not_sure_if_i_need_to_move_in_order/,hioq2ke,ThrowawayWidower1,15,"I'm middling at making friends. I've done okay in the past, but like a lot of people, my lifestyle has shifted in a way that doesn't bring me into contact with new people much.

Staying like this... I don't know. I am reasonably happy, given circumstances. I wish I could have both this circle of friends and a relationship. But nobody gets everything they want.

The possibility of getting an Airbnb was one I had not consider before this thread and will be looking into.",https://reddit.com/r/datingoverthirty/comments/qj83n9/_/hioq2ke/,General / Other
qj83n9,"Widower (34M), not sure if I need to move in order to date again",datingoverthirty,140,https://reddit.com/r/datingoverthirty/comments/qj83n9/widower_34m_not_sure_if_i_need_to_move_in_order/,hioq6u3,ThrowawayWidower1,10,"Yeah. I tried to see the pool without those, but I'm not going to message anyone if I didn't believe we could be a good match on the important stuff.",https://reddit.com/r/datingoverthirty/comments/qj83n9/_/hioq6u3/,General / Other
qj83n9,"Widower (34M), not sure if I need to move in order to date again",datingoverthirty,140,https://reddit.com/r/datingoverthirty/comments/qj83n9/widower_34m_not_sure_if_i_need_to_move_in_order/,hiq0ouc,ThrowawayWidower1,9,I'm sorry to hear of your loss. I can't imagine enduring two such griefs.,https://reddit.com/r/datingoverthirty/comments/qj83n9/_/hiq0ouc/,General / Other
qj83n9,"Widower (34M), not sure if I need to move in order to date again",datingoverthirty,140,https://reddit.com/r/datingoverthirty/comments/qj83n9/widower_34m_not_sure_if_i_need_to_move_in_order/,hioplc4,ThrowawayWidower1,5,"I'm sorry for your loss. Thank you for sharing your insights.

I have mixed feelings about my present location, but it has a lot of positives, definitely including the friends I have. It's the same as any gamble in life: things could get better or they could get worse. I'm just struggling to weigh this one.",https://reddit.com/r/datingoverthirty/comments/qj83n9/_/hioplc4/,General / Other
qj83n9,"Widower (34M), not sure if I need to move in order to date again",datingoverthirty,140,https://reddit.com/r/datingoverthirty/comments/qj83n9/widower_34m_not_sure_if_i_need_to_move_in_order/,hiq0ym3,ThrowawayWidower1,5,"2) is something I hadn't fully considered. I have a lot of online friends but I had never really imagined getting to know them in person.

For 3) I'm not sure I have any good options since my family is also rural. A lot of my older relationships have dropped off but it's something to think about.",https://reddit.com/r/datingoverthirty/comments/qj83n9/_/hiq0ym3/,General / Other
qj83n9,"Widower (34M), not sure if I need to move in order to date again",datingoverthirty,140,https://reddit.com/r/datingoverthirty/comments/qj83n9/widower_34m_not_sure_if_i_need_to_move_in_order/,hiq1jl8,ThrowawayWidower1,3,"Around half a year, which I know will seem laughably short to many here. But month to month it doesn't feel like the dating apps are getting many new people. It's possible that current rates are wrong but I'd estimate that if I continued for three years I'd have seen about two dozen new people.

I'm fine with living in the suburbs or city. I have lived in several places and I'm generally content so long as I have at least some solitude. I would 100% move anywhere for the right person but I understand that's not much without anything established.",https://reddit.com/r/datingoverthirty/comments/qj83n9/_/hiq1jl8/,Finding where to meet women
vmig97,Are there others out there that want a relationship but don't want to move in together with a partner?,datingoverthirty,139,https://reddit.com/r/datingoverthirty/comments/vmig97/are_there_others_out_there_that_want_a/,ie2xp59,TexMexxx,1,"We sleep over several nights a week. Mostly at my house because I have more room and a garden. The ""man cave "" thing isn't enough for me. It's not enough being alone in ""my"" room when I know my partner is right next door.",https://reddit.com/r/datingoverthirty/comments/vmig97/_/ie2xp59/,General / Other
1lybcyq,Is moving in together always the end goal,datingoverthirty,138,https://reddit.com/r/datingoverthirty/comments/1lybcyq/is_moving_in_together_always_the_end_goal/,n2urtqj,Key_Rock4862,12,"Yes, I think this is very relevant",https://reddit.com/r/datingoverthirty/comments/1lybcyq/_/n2urtqj/,General / Other
1lybcyq,Is moving in together always the end goal,datingoverthirty,138,https://reddit.com/r/datingoverthirty/comments/1lybcyq/is_moving_in_together_always_the_end_goal/,n2urrbc,Key_Rock4862,10,"Yes I agree, this is not how you setup a family. If there was the potential for children I would expect to be well matched and living together would be a live option.",https://reddit.com/r/datingoverthirty/comments/1lybcyq/_/n2urrbc/,General / Other
1lybcyq,Is moving in together always the end goal,datingoverthirty,138,https://reddit.com/r/datingoverthirty/comments/1lybcyq/is_moving_in_together_always_the_end_goal/,n2unzsz,Key_Rock4862,5,"Interesting, noted",https://reddit.com/r/datingoverthirty/comments/1lybcyq/_/n2unzsz/,General / Other
1lybcyq,Is moving in together always the end goal,datingoverthirty,138,https://reddit.com/r/datingoverthirty/comments/1lybcyq/is_moving_in_together_always_the_end_goal/,n2uol8l,Key_Rock4862,5,"Hmm, I’m not sure if it comes from security and confidence, or a recognition that if someone doesn’t want to be with you, trying to keep them is a big waste of energy.",https://reddit.com/r/datingoverthirty/comments/1lybcyq/_/n2uol8l/,Building self-worth
1lybcyq,Is moving in together always the end goal,datingoverthirty,138,https://reddit.com/r/datingoverthirty/comments/1lybcyq/is_moving_in_together_always_the_end_goal/,n2va1ti,Key_Rock4862,4,"Yes, I suspect your right. I guess I’m trying to avoid a marriage type relationship because they appear incompatible with so much of what I value in a relationship. But I completely understand people having the perspective that it is not enough.",https://reddit.com/r/datingoverthirty/comments/1lybcyq/_/n2va1ti/,Building self-worth
1lybcyq,Is moving in together always the end goal,datingoverthirty,138,https://reddit.com/r/datingoverthirty/comments/1lybcyq/is_moving_in_together_always_the_end_goal/,n2x4b4j,BC762,4,"36M - Honestly this sounds like what I’ve been looking for, I just never connected the dots. Post-divorce relationships over the last 3 years have always felt off and I think because it was always being pushed towards the traditional marriage/move in/make family mindset which I’m not really in any kind of rush to do. I would love to date somebody and see them 1 or 2 times a week, plan special things with or for, go on vacations together and be someone’s social partner. 

Thinking about sharing that realization with my friends, I can 100% hear them trying to call me out like I want fwb 😂",https://reddit.com/r/datingoverthirty/comments/1lybcyq/_/n2x4b4j/,Starting over after loss
1lybcyq,Is moving in together always the end goal,datingoverthirty,138,https://reddit.com/r/datingoverthirty/comments/1lybcyq/is_moving_in_together_always_the_end_goal/,n2vo5us,Key_Rock4862,3,"This is incredible, I live in Australia, and while house prices are high, they obviously aren’t NYC high.",https://reddit.com/r/datingoverthirty/comments/1lybcyq/_/n2vo5us/,General / Other
1klcbo8,Going to a singles night at a bar?,datingoverthirty,129,https://reddit.com/r/datingoverthirty/comments/1klcbo8/going_to_a_singles_night_at_a_bar/,ms1h2u3,Pioneerx01,15,"&gt;Better be prepared to dance,

Well all I can say here is ""ah crap""

&gt;most people connect via Instagram.

Well, I am screwed, I have no social media presence.",https://reddit.com/r/datingoverthirty/comments/1klcbo8/_/ms1h2u3/,Dealing with comparison pain
1klcbo8,Going to a singles night at a bar?,datingoverthirty,129,https://reddit.com/r/datingoverthirty/comments/1klcbo8/going_to_a_singles_night_at_a_bar/,ms1kd6h,Pioneerx01,9,"&gt;if you are already not social you'll probably fuck it up anyway. 

lol, great pep-talk! Made me laugh though.",https://reddit.com/r/datingoverthirty/comments/1klcbo8/_/ms1kd6h/,General / Other
1klcbo8,Going to a singles night at a bar?,datingoverthirty,129,https://reddit.com/r/datingoverthirty/comments/1klcbo8/going_to_a_singles_night_at_a_bar/,ms1q24t,Norcal712,8,"If a women in her late 30s ask me for IG or snap Id be turned off.

Good for you for keeping offline

39m",https://reddit.com/r/datingoverthirty/comments/1klcbo8/_/ms1q24t/,Finding where to meet women
1klcbo8,Going to a singles night at a bar?,datingoverthirty,129,https://reddit.com/r/datingoverthirty/comments/1klcbo8/going_to_a_singles_night_at_a_bar/,ms3k1h6,Pioneerx01,5,"&gt;You say that going to a bar makes you feel anxious. 

It does, but I have limited options available to me to meet people. I will have to suck it up and fake it, maybe I will make it, maybe not. It all depends on how people respond to me.",https://reddit.com/r/datingoverthirty/comments/1klcbo8/_/ms3k1h6/,General / Other
1klcbo8,Going to a singles night at a bar?,datingoverthirty,129,https://reddit.com/r/datingoverthirty/comments/1klcbo8/going_to_a_singles_night_at_a_bar/,ms1wx58,Pioneerx01,3,"That's exactly my worry as well. Unfortunately, I don't really have anybody to take with me. I'm just going to have to go solo at it and deal with it",https://reddit.com/r/datingoverthirty/comments/1klcbo8/_/ms1wx58/,General / Other
10d1eqs,Profile Review: 34M - Values or Interests?,datingoverthirty,127,https://reddit.com/r/datingoverthirty/comments/10d1eqs/profile_review_34m_values_or_interests/,j4j8ay8,[deleted],47,"You come on a little too strong with your dealbreakers, hard Yes/NOs and your profile seems like more of an ad for an accountant.  You can generally screen out financial security by dating women who have careers vs. Students and influencers.  The Family pic makes it seem like you are ready, NOW to have a family.  Its ok to say you're family oriented but if you have a fun side, I'd try to show that some more.

To be more direct, your picture doesn't set anyone's panties on fire and aside from being family-oriented, debt averse, and anti-consumerism",https://reddit.com/r/datingoverthirty/comments/10d1eqs/_/j4j8ay8/,General / Other
10d1eqs,Profile Review: 34M - Values or Interests?,datingoverthirty,127,https://reddit.com/r/datingoverthirty/comments/10d1eqs/profile_review_34m_values_or_interests/,j4jhyrq,CecilPalad,31,"So as a guy (43M), nothing about your profile says anything about you.  It reads like a job req, with what you are looking for in someone but it says **zero** about who you are.  These are the criteria you would weed out for **after** you match with someone.  No, you think this is a shortcut, but it really isn't.

As for your photos, ditch the pics of the kids as well as the one with someone hugging you.  Showing kids even though they are your nieces and nephews is a big no no on dating apps.  Also, showing someone not of the same gender hugging you, makes people think this might be your ex gf?

As for the kid versus no kid question, if you're looking for someone without kids already, look for someone without kids.  Don't bend your standards because it gets a little tougher to find someone",https://reddit.com/r/datingoverthirty/comments/10d1eqs/_/j4jhyrq/,Coping with physical loneliness
1l3rk6f,Loss of Emotional Freedom and Dating,datingoverthirty,127,https://reddit.com/r/datingoverthirty/comments/1l3rk6f/loss_of_emotional_freedom_and_dating/,mw9p9uz,BornLime0,6,"""I'm dating another person because I like *that person.*"" So simple, but it kind of struck me. I tend to build so much up about the other person that it would help me to remember this and say it to myself.",https://reddit.com/r/datingoverthirty/comments/1l3rk6f/_/mw9p9uz/,General / Other
1l3rk6f,Loss of Emotional Freedom and Dating,datingoverthirty,127,https://reddit.com/r/datingoverthirty/comments/1l3rk6f/loss_of_emotional_freedom_and_dating/,mw9oj8x,BornLime0,3,"&gt;protect themselves/compensate veer avoidant or fearful of attachment

Thanks, I was actually thinking about that while I wrote the post and was trying to connect the two. Like how could I have been avoidant, but also put everything into this person. That has been me even though it sort of happened on a subconscious level. Would have done anything for the person back then because I was afraid of rejection, but at the same time was afraid of emotional intimacy. Poor guy.

I hope I have the strength to walk away in the future. Definitely didn't in that last big relationship. Sure I learned a lot from it, but I could have walked away and found things out while being in a different relationship.

Also, I'll check the book out! Thx",https://reddit.com/r/datingoverthirty/comments/1l3rk6f/_/mw9oj8x/,Understanding rejection
1l3rk6f,Loss of Emotional Freedom and Dating,datingoverthirty,127,https://reddit.com/r/datingoverthirty/comments/1l3rk6f/loss_of_emotional_freedom_and_dating/,mw9qn3l,BornLime0,3,"Thanks. A therapist I spoke to recently said something similar about how certain religions can model a relationship that is unhealthy this way. Maybe it's certain vows you say when getting married. 

I don't know whether to start dating again or not. Right now I'm so focused on using this new found self-agency to be intentional about being more authentic and finding joy consistently. Though there is a little voice in the back of my head saying I'm doing those things partly to be a more well-rounded person for a future partner. Which you could argue isn't' being authentic. But it's healthy to do things to attract other people.",https://reddit.com/r/datingoverthirty/comments/1l3rk6f/_/mw9qn3l/,General / Other
1l3rk6f,Loss of Emotional Freedom and Dating,datingoverthirty,127,https://reddit.com/r/datingoverthirty/comments/1l3rk6f/loss_of_emotional_freedom_and_dating/,mw9rwm2,BornLime0,3,"No, I know I'm not a very authentic person. Thought of that, then realized it's because I have no self-agency. 

These are things I'm focusing on now and my values and the boundaries that need to be in place to protect those values.",https://reddit.com/r/datingoverthirty/comments/1l3rk6f/_/mw9rwm2/,Building self-worth
1l3rk6f,Loss of Emotional Freedom and Dating,datingoverthirty,127,https://reddit.com/r/datingoverthirty/comments/1l3rk6f/loss_of_emotional_freedom_and_dating/,mw9uf3j,BornLime0,3,"Ya, this self-agency stuff is pretty new for me. Before I work on my boundaries I gotta understand my values and be more authentic, but I know it all goes hand-in-hand.

And I know you getting some down-votes, but I appreciate the directness. Its more than some of the responses.",https://reddit.com/r/datingoverthirty/comments/1l3rk6f/_/mw9uf3j/,Building self-worth
9pxb46,"The phrase ""don't look for it""... How well has that worked out for your dating life?",datingoverthirty,123,https://reddit.com/r/datingoverthirty/comments/9pxb46/the_phrase_dont_look_for_it_how_well_has_that/,e852237,M1gn1f1cent,51,"In other words, do not rely on someone to make you complete and enjoy yourself single or not..  trying to practice that method of thinking, but easier said than done!",https://reddit.com/r/datingoverthirty/comments/9pxb46/_/e852237/,General / Other
9pxb46,"The phrase ""don't look for it""... How well has that worked out for your dating life?",datingoverthirty,123,https://reddit.com/r/datingoverthirty/comments/9pxb46/the_phrase_dont_look_for_it_how_well_has_that/,e856xjq,M1gn1f1cent,11,"Well at least when you're out and about, shit can happen! Being home as a guy and hoping someone swipes right on me was the biggest waste of time ever!",https://reddit.com/r/datingoverthirty/comments/9pxb46/_/e856xjq/,Dating app fatigue
9pxb46,"The phrase ""don't look for it""... How well has that worked out for your dating life?",datingoverthirty,123,https://reddit.com/r/datingoverthirty/comments/9pxb46/the_phrase_dont_look_for_it_how_well_has_that/,e850idn,M1gn1f1cent,8,Online dating was not good to me either. I am making more of an effort to be out and about when hanging out with people that I don't see as often.  My good friend invited me as a plus one to a house party tonight.  I am super stoked because I am hanging out with him as his upcoming groomsman and be able to dress up.  Just gonna give good vibes and see what happens from there! Good luck too with the sports league! Being active and meeting people is the way to go!,https://reddit.com/r/datingoverthirty/comments/9pxb46/_/e850idn/,General / Other
9pxb46,"The phrase ""don't look for it""... How well has that worked out for your dating life?",datingoverthirty,123,https://reddit.com/r/datingoverthirty/comments/9pxb46/the_phrase_dont_look_for_it_how_well_has_that/,e8563zn,M1gn1f1cent,6,"Going to a Halloween party tonight on a last minute invite.  I am stoked and trying not to get discouraged when people do not reciprocate the effort.  The last house party that I went to sucked, as people just stuck with people they know.  Most definitely harder to crack into people's social circles in our 30s, but I've found a couple of gems (friendships) when I've initiated a convo at a music festival and etc.",https://reddit.com/r/datingoverthirty/comments/9pxb46/_/e8563zn/,General / Other
9pxb46,"The phrase ""don't look for it""... How well has that worked out for your dating life?",datingoverthirty,123,https://reddit.com/r/datingoverthirty/comments/9pxb46/the_phrase_dont_look_for_it_how_well_has_that/,e8608hr,[deleted],4,"Omg as a guy, I have the same problem... where do all the single ladies hang out?? What sort of seasonal or local events do you go to?",https://reddit.com/r/datingoverthirty/comments/9pxb46/_/e8608hr/,General / Other
sedrj6,He states he is going through a tough time and doesn't want to date anyone. How do I know it's genuine or just an excuse?,datingoverthirty,115,https://reddit.com/r/datingoverthirty/comments/sedrj6/he_states_he_is_going_through_a_tough_time_and/,hum3laa,Katekit,8,I appreciate your comment. It just made me really happy. I needed to hear that today. Thank you.,https://reddit.com/r/datingoverthirty/comments/sedrj6/_/hum3laa/,General / Other
sedrj6,He states he is going through a tough time and doesn't want to date anyone. How do I know it's genuine or just an excuse?,datingoverthirty,115,https://reddit.com/r/datingoverthirty/comments/sedrj6/he_states_he_is_going_through_a_tough_time_and/,huj2qop,Katekit,6,lol I DO leave the guy alone. He's the one that keeps reaching out and asking if I'm doing okay. Geez...,https://reddit.com/r/datingoverthirty/comments/sedrj6/_/huj2qop/,General / Other
vjgggd,Does anyone else ever feel like the have dementia from telling the same stories over and over again?,datingoverthirty,113,https://reddit.com/r/datingoverthirty/comments/vjgggd/does_anyone_else_ever_feel_like_the_have_dementia/,idlkjwp,MrTumnus99,6,"Well to be clear, I am somewhat stressed about it?  I think the attention was so thrilling that I bit off a bit more than I can chew right now *shrug*.",https://reddit.com/r/datingoverthirty/comments/vjgggd/_/idlkjwp/,General / Other
vjgggd,Does anyone else ever feel like the have dementia from telling the same stories over and over again?,datingoverthirty,113,https://reddit.com/r/datingoverthirty/comments/vjgggd/does_anyone_else_ever_feel_like_the_have_dementia/,idjzg3c,MrTumnus99,6,The people are memorable.  I definitely get a good or neutral vibe from them and always remember some specific things that count from the date.  I just don’t remember *all* specific things.,https://reddit.com/r/datingoverthirty/comments/vjgggd/_/idjzg3c/,General / Other
vjgggd,Does anyone else ever feel like the have dementia from telling the same stories over and over again?,datingoverthirty,113,https://reddit.com/r/datingoverthirty/comments/vjgggd/does_anyone_else_ever_feel_like_the_have_dementia/,idk27ns,MrTumnus99,3,Oh this is definitely what I’m talking about.  I know I told *someone* that one story about my sister…,https://reddit.com/r/datingoverthirty/comments/vjgggd/_/idk27ns/,General / Other
vjgggd,Does anyone else ever feel like the have dementia from telling the same stories over and over again?,datingoverthirty,113,https://reddit.com/r/datingoverthirty/comments/vjgggd/does_anyone_else_ever_feel_like_the_have_dementia/,idllnaa,MrTumnus99,2,regarding #3…haha so you’re saying 6 dates with unique women in a week is too many?  it is definitely exhausting. (Thanks for your thoughts.  I wasn’t just looking for feedback from men),https://reddit.com/r/datingoverthirty/comments/vjgggd/_/idllnaa/,General / Other
vjgggd,Does anyone else ever feel like the have dementia from telling the same stories over and over again?,datingoverthirty,113,https://reddit.com/r/datingoverthirty/comments/vjgggd/does_anyone_else_ever_feel_like_the_have_dementia/,idngn5z,MrTumnus99,1,:),https://reddit.com/r/datingoverthirty/comments/vjgggd/_/idngn5z/,General / Other
vjgggd,Does anyone else ever feel like the have dementia from telling the same stories over and over again?,datingoverthirty,113,https://reddit.com/r/datingoverthirty/comments/vjgggd/does_anyone_else_ever_feel_like_the_have_dementia/,idnjlyy,MrTumnus99,1,Some are lunches or after work hikes.  Actually only lose about 2 full evenings a week.  But I think I’m over it anyway…. :),https://reddit.com/r/datingoverthirty/comments/vjgggd/_/idnjlyy/,General / Other
vjgggd,Does anyone else ever feel like the have dementia from telling the same stories over and over again?,datingoverthirty,113,https://reddit.com/r/datingoverthirty/comments/vjgggd/does_anyone_else_ever_feel_like_the_have_dementia/,idmjx4x,MrTumnus99,1,I wish I knew what this really meant :),https://reddit.com/r/datingoverthirty/comments/vjgggd/_/idmjx4x/,General / Other
vjgggd,Does anyone else ever feel like the have dementia from telling the same stories over and over again?,datingoverthirty,113,https://reddit.com/r/datingoverthirty/comments/vjgggd/does_anyone_else_ever_feel_like_the_have_dementia/,idptiuc,MrTumnus99,1,"This is incorrect.  To be clear, I remember things she’s said about herself, I just can’t remember if I told her that specific story I’ve told 15 times in the last 3 weeks.",https://reddit.com/r/datingoverthirty/comments/vjgggd/_/idptiuc/,General / Other
iuhbta,I have just been finished with after 2 months - weekends together. Where did I go wrong/am I unreasonable for being confused?,datingoverthirty,106,https://reddit.com/r/datingoverthirty/comments/iuhbta/i_have_just_been_finished_with_after_2_months/,g5kqr1h,Beautiful_Indication,27,"Same here usually, although I have not dated many people.  I am going to be more careful next time and learn something valuable from the experience.   I am starting to feel better after a phone call with my mum.   I don't regret trying and learning more about myself.",https://reddit.com/r/datingoverthirty/comments/iuhbta/_/g5kqr1h/,General / Other
iuhbta,I have just been finished with after 2 months - weekends together. Where did I go wrong/am I unreasonable for being confused?,datingoverthirty,106,https://reddit.com/r/datingoverthirty/comments/iuhbta/i_have_just_been_finished_with_after_2_months/,g5l8eyd,Beautiful_Indication,16,Thanks for sharing that.  I really appreciate it.  He was very clever and had a PhD from Harvard and was very well read.  I actually went to Oxford myself.  He was incredibly bright and perhaps I didn't know as much as him in terms of literature and the arts.   It killed conservations at times.   He was one of those exceptionally clever people.  I think he will struggle finding a pool of women who can hold good conservations with him (especially where we live).,https://reddit.com/r/datingoverthirty/comments/iuhbta/_/g5l8eyd/,General / Other
iuhbta,I have just been finished with after 2 months - weekends together. Where did I go wrong/am I unreasonable for being confused?,datingoverthirty,106,https://reddit.com/r/datingoverthirty/comments/iuhbta/i_have_just_been_finished_with_after_2_months/,g5l8hr3,Beautiful_Indication,9,Yes! Too true,https://reddit.com/r/datingoverthirty/comments/iuhbta/_/g5l8hr3/,General / Other
iuhbta,I have just been finished with after 2 months - weekends together. Where did I go wrong/am I unreasonable for being confused?,datingoverthirty,106,https://reddit.com/r/datingoverthirty/comments/iuhbta/i_have_just_been_finished_with_after_2_months/,g5l88bn,Beautiful_Indication,7,"Absolutely.  Thanks for your thoughts.  I don't regret opening up.  Now the shock is fading, I feel better.",https://reddit.com/r/datingoverthirty/comments/iuhbta/_/g5l88bn/,General / Other
iuhbta,I have just been finished with after 2 months - weekends together. Where did I go wrong/am I unreasonable for being confused?,datingoverthirty,106,https://reddit.com/r/datingoverthirty/comments/iuhbta/i_have_just_been_finished_with_after_2_months/,g5kqtpo,Beautiful_Indication,5,"Very sensible.  I know all this deep downside somewhere.  It helps to discuss it with others, so thank you.",https://reddit.com/r/datingoverthirty/comments/iuhbta/_/g5kqtpo/,General / Other
iuhbta,I have just been finished with after 2 months - weekends together. Where did I go wrong/am I unreasonable for being confused?,datingoverthirty,106,https://reddit.com/r/datingoverthirty/comments/iuhbta/i_have_just_been_finished_with_after_2_months/,g5l9vr4,Beautiful_Indication,5,"Well yes.  I know what you mean. Even if it is not a younger woman (I was suprised by the success as I often date men a little older),  he have may still been regularily logging into match and hit it off with someone else.  Decided to end it now, instead of dating two at the same time.

I actually did this to someone when I was aged 30, 7 years back (time flies).  He recently joined match, met me (had a lot in common) and now he thinks he can find something 'even' better.  He might not to be fair.",https://reddit.com/r/datingoverthirty/comments/iuhbta/_/g5l9vr4/,General / Other
iuhbta,I have just been finished with after 2 months - weekends together. Where did I go wrong/am I unreasonable for being confused?,datingoverthirty,106,https://reddit.com/r/datingoverthirty/comments/iuhbta/i_have_just_been_finished_with_after_2_months/,g5lefix,Beautiful_Indication,4,"Yes, although I don't regret trying.  If I don't take it slower communicate more about the other person's intentions and feelings.",https://reddit.com/r/datingoverthirty/comments/iuhbta/_/g5lefix/,General / Other
iuhbta,I have just been finished with after 2 months - weekends together. Where did I go wrong/am I unreasonable for being confused?,datingoverthirty,106,https://reddit.com/r/datingoverthirty/comments/iuhbta/i_have_just_been_finished_with_after_2_months/,g5lekue,Beautiful_Indication,3,Yes I know just what you mean.  Tricky balance.,https://reddit.com/r/datingoverthirty/comments/iuhbta/_/g5lekue/,General / Other
1se0mvq,First Date Therapy Sessions (Help! 😂),datingoverthirty,104,https://reddit.com/r/datingoverthirty/comments/1se0mvq/first_date_therapy_sessions_help/,oemww76,r2omie,59,This is exactly what’s happening because that’s the role I tend to play too. This makes total sense to me. Tysm,https://reddit.com/r/datingoverthirty/comments/1se0mvq/_/oemww76/,General / Other
1se0mvq,First Date Therapy Sessions (Help! 😂),datingoverthirty,104,https://reddit.com/r/datingoverthirty/comments/1se0mvq/first_date_therapy_sessions_help/,oemw1yt,r2omie,39,"Yeah, I personally love small talk!",https://reddit.com/r/datingoverthirty/comments/1se0mvq/_/oemw1yt/,General / Other
1se0mvq,First Date Therapy Sessions (Help! 😂),datingoverthirty,104,https://reddit.com/r/datingoverthirty/comments/1se0mvq/first_date_therapy_sessions_help/,oeqhxs5,r2omie,21,Appreciate you and this thread def helped me realize that,https://reddit.com/r/datingoverthirty/comments/1se0mvq/_/oeqhxs5/,General / Other
z6g5kc,Is wanting a partnership/relationship to be official unreasonable?,datingoverthirty,104,https://reddit.com/r/datingoverthirty/comments/z6g5kc/is_wanting_a_partnershiprelationship_to_be/,iy1x6lc,abit_lost21,19,"I didn’t imply that they spoke for all mankind, but having experienced issues even to date and seeing how _the dudes i met_ cant even commit, it just made me think. I thought maybe I am missing something 🤷🏼‍♀️ it’s good to know the statistics, I havent google anything not to get upset 😃 seems like there is a possibility of a bright future for me.",https://reddit.com/r/datingoverthirty/comments/z6g5kc/_/iy1x6lc/,General / Other
z6g5kc,Is wanting a partnership/relationship to be official unreasonable?,datingoverthirty,104,https://reddit.com/r/datingoverthirty/comments/z6g5kc/is_wanting_a_partnershiprelationship_to_be/,iy26hna,endlessincoherence,13,"As a divorced guy, it's unlikely that I would get married again. But I also will never have children and it's very hard to stay together for decades without kids if you are a couple with a lot of life options. My marriage was great but people change over a decade we didn't want the same life in the end.",https://reddit.com/r/datingoverthirty/comments/z6g5kc/_/iy26hna/,Starting over after loss
z6g5kc,Is wanting a partnership/relationship to be official unreasonable?,datingoverthirty,104,https://reddit.com/r/datingoverthirty/comments/z6g5kc/is_wanting_a_partnershiprelationship_to_be/,iy2tiz5,dotslashpunk,10,i didn’t want to remarry until i met my current girlfriend :-),https://reddit.com/r/datingoverthirty/comments/z6g5kc/_/iy2tiz5/,General / Other
z6g5kc,Is wanting a partnership/relationship to be official unreasonable?,datingoverthirty,104,https://reddit.com/r/datingoverthirty/comments/z6g5kc/is_wanting_a_partnershiprelationship_to_be/,iy1sc16,BugStriking9396,9,God not sure why all the responses to the OP are so mean. Nothing wrong with wanting to get married. OP dont settle if this is truly what you want. I completely understand. I would not want to be the forever girlfriend either. I wish you luck in the future.,https://reddit.com/r/datingoverthirty/comments/z6g5kc/_/iy1sc16/,General / Other
1se0mvq,First Date Therapy Sessions (Help! 😂),datingoverthirty,104,https://reddit.com/r/datingoverthirty/comments/1se0mvq/first_date_therapy_sessions_help/,oen5lg8,r2omie,8,This sounds like a really good idea. I’ll have to steal that! Ty both,https://reddit.com/r/datingoverthirty/comments/1se0mvq/_/oen5lg8/,General / Other
1se0mvq,First Date Therapy Sessions (Help! 😂),datingoverthirty,104,https://reddit.com/r/datingoverthirty/comments/1se0mvq/first_date_therapy_sessions_help/,oen1qdw,r2omie,8,"This is too real 😂 for what it’s worth, there haven’t been second dates from any of these either.",https://reddit.com/r/datingoverthirty/comments/1se0mvq/_/oen1qdw/,General / Other
z6g5kc,Is wanting a partnership/relationship to be official unreasonable?,datingoverthirty,104,https://reddit.com/r/datingoverthirty/comments/z6g5kc/is_wanting_a_partnershiprelationship_to_be/,iy38bz8,[deleted],7,"My girlfriend was hard against marriage, while I was open to it, slightly wanted it, but didn't needed it. (Both of us were married one before.)  Now she's not only said that she could see getting married ""to the right person"" (pointed look at me), but when talking far future thoughts she seems to be assuming it.

But we're not rushing that this time.",https://reddit.com/r/datingoverthirty/comments/z6g5kc/_/iy38bz8/,General / Other
z6g5kc,Is wanting a partnership/relationship to be official unreasonable?,datingoverthirty,104,https://reddit.com/r/datingoverthirty/comments/z6g5kc/is_wanting_a_partnershiprelationship_to_be/,iy1yl4n,abit_lost21,7,"Yeah, no heirs in my DMs 😃 I agree that marriage is perceived as a trap for men - but I don’t think its a reality for 2022. Women don’t want to and, in most cases, can’t rely on men alone to provide (I live in a big, expensive city). 

Regarding children - absolutely; regarding the last guy - not only we were planning to have a child (or two) but we would also get his son from another relationship 75% of the time i.e 5 days a week or so. Ideally I want kids to be born in marriage, I don’t have a family and want to make sure they get to experience it. Do I need a stamp  in passport for it? Not really. Will it make me feel better, more confident and sure of the choice of father I made for them? Yes. 

I might not be the best person to talk about it but I will pursue single motherhood by choi",https://reddit.com/r/datingoverthirty/comments/z6g5kc/_/iy1yl4n/,General / Other
1se0mvq,First Date Therapy Sessions (Help! 😂),datingoverthirty,104,https://reddit.com/r/datingoverthirty/comments/1se0mvq/first_date_therapy_sessions_help/,oemyf6h,Ok_Afternoon6646,6,"Are they talking too much about their issues or asking you about yours? What kind of things are being talked about? If you are a small talk kind of man, then dont be dating women who clearly like deep chats and struggle with too much small talk.",https://reddit.com/r/datingoverthirty/comments/1se0mvq/_/oemyf6h/,Getting over approach anxiety
1se0mvq,First Date Therapy Sessions (Help! 😂),datingoverthirty,104,https://reddit.com/r/datingoverthirty/comments/1se0mvq/first_date_therapy_sessions_help/,oen1pm6,RAINBOWPADDLEPOP,6,Im 39M and I have the same issue but with women my age.. Its keeping me single because I got no time for it. Im always having to carry the conversation to get a date. Then the red flags come out at the date. I've stopped having to try to carry the conversation and now im not getting any dates.. im a social worker so its really hard for me to do outside of work.. im exhausted.,https://reddit.com/r/datingoverthirty/comments/1se0mvq/_/oen1pm6/,General / Other
z6g5kc,Is wanting a partnership/relationship to be official unreasonable?,datingoverthirty,104,https://reddit.com/r/datingoverthirty/comments/z6g5kc/is_wanting_a_partnershiprelationship_to_be/,iy3aupy,[deleted],6,"&gt;I might not be the best person to talk about it but I will pursue single motherhood by choice IF I don’t meet anyone.

I really think that this is such a healthy view for someone who has decided that she really wants to have her own bio kid(s).  Much better than getting desperate and lowering one's standard to marry somebody, and potentially saddling the kids with a bad dad.

I think that the people who perceive marriage as a trap will be determined a lot by their history, including their relatives.  My ex wife and I had a prenupt; while it mostly protected her inheritance, it did also have a waiver of future support for both of us.  My GF is paying her non-working ex-husband almost as much as my post-tax earnings.  Nope, he wasn't a stay at home father; he just stopped working, and di",https://reddit.com/r/datingoverthirty/comments/z6g5kc/_/iy3aupy/,Starting over after loss
z6g5kc,Is wanting a partnership/relationship to be official unreasonable?,datingoverthirty,104,https://reddit.com/r/datingoverthirty/comments/z6g5kc/is_wanting_a_partnershiprelationship_to_be/,iy225d9,[deleted],6,"I'll never get married again. I'm a widower, not a divorcee. We spent over 2 decades building a family and a successful life. Under no circumstances will I risk my financial future and the financial future of my children for a relationship. 

While there are legal benefits to being married, many can be obtained through other legal means such as wills and medical power of attorney documentation.

That being said, my situation seems to be different than yours. Yiu want to build a family, so I understand the desire for marriage. I'm not against marriage, but I do recognize that it's not for everyone.",https://reddit.com/r/datingoverthirty/comments/z6g5kc/_/iy225d9/,Starting over after loss
1se0mvq,First Date Therapy Sessions (Help! 😂),datingoverthirty,104,https://reddit.com/r/datingoverthirty/comments/1se0mvq/first_date_therapy_sessions_help/,oemwekh,r2omie,5,"I don’t know that I engage it, but I think sometimes my dates get overwhelmed or something. Not sure how to describe it. It’s not like I shut down when it happens, so I try to help move the convos forward.",https://reddit.com/r/datingoverthirty/comments/1se0mvq/_/oemwekh/,Fear of intimacy after abstinence
1se0mvq,First Date Therapy Sessions (Help! 😂),datingoverthirty,104,https://reddit.com/r/datingoverthirty/comments/1se0mvq/first_date_therapy_sessions_help/,oemwnvr,r2omie,5,That sounds miserable. I’ve had one date show up really high and start crying and another date cry after we saw her ex in public 😬,https://reddit.com/r/datingoverthirty/comments/1se0mvq/_/oemwnvr/,General / Other
1se0mvq,First Date Therapy Sessions (Help! 😂),datingoverthirty,104,https://reddit.com/r/datingoverthirty/comments/1se0mvq/first_date_therapy_sessions_help/,oetirbe,r2omie,4,😂 but really though how would a relationship survive without it,https://reddit.com/r/datingoverthirty/comments/1se0mvq/_/oetirbe/,General / Other
1se0mvq,First Date Therapy Sessions (Help! 😂),datingoverthirty,104,https://reddit.com/r/datingoverthirty/comments/1se0mvq/first_date_therapy_sessions_help/,oemwcqy,barf101,4,"38M i want to keep the first dates light and fun and learn the bright things in their lives.  I found many of the woman ive dated turn to discuss all their problems and trauma early on.  I think many single women in their 30s are just barely holding it together.  Probably many men too, I can only speak to what ive seen the past couple years",https://reddit.com/r/datingoverthirty/comments/1se0mvq/_/oemwcqy/,Learning the mechanics of dating
1se0mvq,First Date Therapy Sessions (Help! 😂),datingoverthirty,104,https://reddit.com/r/datingoverthirty/comments/1se0mvq/first_date_therapy_sessions_help/,oeojlta,r2omie,3,This is a rly good comment. Tysm!,https://reddit.com/r/datingoverthirty/comments/1se0mvq/_/oeojlta/,General / Other
1se0mvq,First Date Therapy Sessions (Help! 😂),datingoverthirty,104,https://reddit.com/r/datingoverthirty/comments/1se0mvq/first_date_therapy_sessions_help/,oep38ix,r2omie,3,Big comment tysm 🙏🏼,https://reddit.com/r/datingoverthirty/comments/1se0mvq/_/oep38ix/,General / Other
1se0mvq,First Date Therapy Sessions (Help! 😂),datingoverthirty,104,https://reddit.com/r/datingoverthirty/comments/1se0mvq/first_date_therapy_sessions_help/,oemxhxz,r2omie,3,I wouldn’t say that. But I like to understand what people are looking for out of dating and how they envision that in a successful capacity.,https://reddit.com/r/datingoverthirty/comments/1se0mvq/_/oemxhxz/,General / Other
1se0mvq,First Date Therapy Sessions (Help! 😂),datingoverthirty,104,https://reddit.com/r/datingoverthirty/comments/1se0mvq/first_date_therapy_sessions_help/,oeoewdw,r2omie,3,"Family, the past, hobbies, what we’re reading and music/podcasts, things to do where we live, and past relationships. Not necessarily formulaic stuff, but normal first date things, to me at least. Some have been impulse dates and some have been slow burns.",https://reddit.com/r/datingoverthirty/comments/1se0mvq/_/oeoewdw/,Learning the mechanics of dating
1se0mvq,First Date Therapy Sessions (Help! 😂),datingoverthirty,104,https://reddit.com/r/datingoverthirty/comments/1se0mvq/first_date_therapy_sessions_help/,oeplxqq,r2omie,3,This is actually so true. Very good experiences following phone calls before dates.,https://reddit.com/r/datingoverthirty/comments/1se0mvq/_/oeplxqq/,General / Other
1se0mvq,First Date Therapy Sessions (Help! 😂),datingoverthirty,104,https://reddit.com/r/datingoverthirty/comments/1se0mvq/first_date_therapy_sessions_help/,oepy3ga,r2omie,3,"Ty for the comment, but more specifically how relatable and constructive your second and third paragraphs are. I try to use those types of conversions as entry points into what they’re looking for specifically and what did or didn’t work previously",https://reddit.com/r/datingoverthirty/comments/1se0mvq/_/oepy3ga/,General / Other
1se0mvq,First Date Therapy Sessions (Help! 😂),datingoverthirty,104,https://reddit.com/r/datingoverthirty/comments/1se0mvq/first_date_therapy_sessions_help/,oesem93,r2omie,3,I wish I found that thread before posting this one lol tysm,https://reddit.com/r/datingoverthirty/comments/1se0mvq/_/oesem93/,General / Other
1se0mvq,First Date Therapy Sessions (Help! 😂),datingoverthirty,104,https://reddit.com/r/datingoverthirty/comments/1se0mvq/first_date_therapy_sessions_help/,oemwslp,r2omie,3,"Not a therapist and definitely not wanting to be. I do tend to want to help though, yeah. That makes total sense. Ty",https://reddit.com/r/datingoverthirty/comments/1se0mvq/_/oemwslp/,General / Other
1se0mvq,First Date Therapy Sessions (Help! 😂),datingoverthirty,104,https://reddit.com/r/datingoverthirty/comments/1se0mvq/first_date_therapy_sessions_help/,oenv9tb,r2omie,3,"Totally makes sense, so ty for the 2 cents. I’ll be more spicy 😎",https://reddit.com/r/datingoverthirty/comments/1se0mvq/_/oenv9tb/,General / Other
z6g5kc,Is wanting a partnership/relationship to be official unreasonable?,datingoverthirty,104,https://reddit.com/r/datingoverthirty/comments/z6g5kc/is_wanting_a_partnershiprelationship_to_be/,iy2jd8i,chrisfs,3,"It's not at all 'everyone. 

And it's not just 'papers'. Marriage gives people a huge set of rights that would cost lots of hours and money given to a lawyer if gotten individually. 

Joint accounts. Hospital visitation rights, inheritance rights. filing joint tax returns. Getting Social Security widow/widower benefits. Also how you divide property if you were to split. Getting married has a lot of benefits and if it's just marriage and not a big wedding, then getting married is a big deal.",https://reddit.com/r/datingoverthirty/comments/z6g5kc/_/iy2jd8i/,Coping with physical loneliness
risema,Dating sober,datingoverthirty,102,https://reddit.com/r/datingoverthirty/comments/risema/dating_sober/,hozcbxt,hdksndiisn,19,"I like this. Never thought about it that way. I can basically look at my drinking past as practice for my present and future sober self, maintaining the positive aspects of my personality that drinking brought to surface. Will check that book out, thanks!",https://reddit.com/r/datingoverthirty/comments/risema/_/hozcbxt/,General / Other
risema,Dating sober,datingoverthirty,102,https://reddit.com/r/datingoverthirty/comments/risema/dating_sober/,hozd4lb,hdksndiisn,18,"Art classes sound fun, never considered that as a date idea. Hiking is perfect as I live in a mountain town. 

And I figured it would be important to note in my profiles, as yes I don’t want to waste time with a party girl if I’m not doing any partying anymore. Was just a little hesitant thinking it might be a huge red flag right off the bat. But I guess if they weren’t ok with my past I’d rather know that right away anyways. 

All your date ideas are great so I’m gonna use them all :)",https://reddit.com/r/datingoverthirty/comments/risema/_/hozd4lb/,Coping with physical loneliness
risema,Dating sober,datingoverthirty,102,https://reddit.com/r/datingoverthirty/comments/risema/dating_sober/,hozc00z,hdksndiisn,17,"That’s a good way to look at it, just roll with it til it’s my new normal.",https://reddit.com/r/datingoverthirty/comments/risema/_/hozc00z/,General / Other
risema,Dating sober,datingoverthirty,102,https://reddit.com/r/datingoverthirty/comments/risema/dating_sober/,hozj00j,hdksndiisn,15,This is very encouraging to hear! These comments are making me a lot more confident about my decision to cut out booze,https://reddit.com/r/datingoverthirty/comments/risema/_/hozj00j/,General / Other
risema,Dating sober,datingoverthirty,102,https://reddit.com/r/datingoverthirty/comments/risema/dating_sober/,hozlls8,hdksndiisn,5,"I don’t mind being around it. if the person I’m on a date with wants a few drinks, all good. That way I can also see how they drink and if it would in fact be a problem down the line. But in general initially I’m going to avoid drinking establishments or drinking as the main activity.",https://reddit.com/r/datingoverthirty/comments/risema/_/hozlls8/,General / Other
risema,Dating sober,datingoverthirty,102,https://reddit.com/r/datingoverthirty/comments/risema/dating_sober/,hozjucq,hdksndiisn,4,"I wouldn’t say I was necessarily awkward, but definitely struggled with insecurity initially, I just loved the way alcohol made me feel (invincible and like God was flowing through my veins!) I actually look forward to learning how to date sober and sorta find myself again in the process.

Sex with someone new for the first time is going to be weird to get used to sober, just realized. It’ll be like I’m a teenager again. But I’ll get used to it :) will probably make for some funny situations.

Glad to hear you learned you didn’t need alcohol to be you, and succeeded. 

I’m no longer looking for younger women necessarily. Would prefer to date someone my age thats in a similar place in life/experience/maturity. so that should make things easier as well",https://reddit.com/r/datingoverthirty/comments/risema/_/hozjucq/,Fear of intimacy after abstinence
risema,Dating sober,datingoverthirty,102,https://reddit.com/r/datingoverthirty/comments/risema/dating_sober/,hp2skln,hdksndiisn,3,"For sure, I was just waxing poetic :). I currently have a simple statement in my tinder profile: I no longer drink. So far no ones questioned it.",https://reddit.com/r/datingoverthirty/comments/risema/_/hp2skln/,Finding where to meet women
risema,Dating sober,datingoverthirty,102,https://reddit.com/r/datingoverthirty/comments/risema/dating_sober/,hp0uo30,BallsOfSteeeeel,3,"Finally something I can relate to and comment on with experience!

I’m 35m a little over 2 years sober. Broke up with my ex in April and I was drinking a lot in all my other relationships/dating. So first time dating sober for me as well. 

I try to be vegan and also newly live in a van 🚐 and I’m sober now so I feel like I had a lot of deal breakers! But like other people are saying, seems like people our age seem to respect ✊ people more who care about their health. Which not poisoning yourself every night is. 

I suckkkkkked when I first got back out there. Was used to just grabbing a few drinks and making it happen like you did as well. Took me like a good 3-4 months to figure out how to do it sober and to be comfortable with it mainly. 

Like everyone is saying, picking activities that",https://reddit.com/r/datingoverthirty/comments/risema/_/hp0uo30/,Fear of intimacy after abstinence
