post_id,post_title,post_subreddit,post_score,post_url,comment_id,comment_author,comment_score,comment_body,comment_url,jtbd_theme
cc6xsr,I (22m) am going on my first date EVER in the next 6 to 7 hours and I am nervous as FUCK. (UPDATE),dating_advice,16356,https://reddit.com/r/dating_advice/comments/cc6xsr/i_22m_am_going_on_my_first_date_ever_in_the_next/,etkwvx4,throwaway1374758596,71,"Nope, it was just movie night with a great twist at the end. 😄",https://reddit.com/r/dating_advice/comments/cc6xsr/_/etkwvx4/,General / Other
cc6xsr,I (22m) am going on my first date EVER in the next 6 to 7 hours and I am nervous as FUCK. (UPDATE),dating_advice,16356,https://reddit.com/r/dating_advice/comments/cc6xsr/i_22m_am_going_on_my_first_date_ever_in_the_next/,etkxeb5,throwaway1374758596,70,"It was Annabelle: Coming Home. I just made smart ass comments about how the doll looked, I kinda made it into a game too, I told her, “first one to jump to a jump scare is a loser”...... she lost ;)",https://reddit.com/r/dating_advice/comments/cc6xsr/_/etkxeb5/,General / Other
cc6xsr,I (22m) am going on my first date EVER in the next 6 to 7 hours and I am nervous as FUCK. (UPDATE),dating_advice,16356,https://reddit.com/r/dating_advice/comments/cc6xsr/i_22m_am_going_on_my_first_date_ever_in_the_next/,etl28ez,TestDriveDeath-Sleep,23,"First date with a girl friends introduced me to was a movie date. We still quote an *awful* ""joke"" I made during the movie, and we've been married 22 years. 

Your post was really heartwarming and encouraging. I'm glad folks like you and your girlfriend who actually value the other person enough to be nervous are around.

EDIT: Also, I just found this sub. All you guys' support and obviously generous advice is heartwarming as well. Thanks for being real.",https://reddit.com/r/dating_advice/comments/cc6xsr/_/etl28ez/,Learning the mechanics of dating
k489w6,No more Single Moms for me :(,dating_advice,12048,https://reddit.com/r/dating_advice/comments/k489w6/no_more_single_moms_for_me/,ge88q13,fompty1988,828,"Wow this comment is amazing... yes you are right I shouldn’t group everyone together. When I posted this I was so frustrated and it became a rant. I do care about this girl and I really wanted to give it a chance. Unfortunately I don’t think she’s ready to commit to a relationship. She wants to focus on her kid and I respect that, but I don’t feel I can be apart of that at this moment in my life. But thank you for your words.",https://reddit.com/r/dating_advice/comments/k489w6/_/ge88q13/,General / Other
k489w6,No more Single Moms for me :(,dating_advice,12048,https://reddit.com/r/dating_advice/comments/k489w6/no_more_single_moms_for_me/,ge7xgl2,[deleted],683,As a single dad i endorse and support this message,https://reddit.com/r/dating_advice/comments/k489w6/_/ge7xgl2/,General / Other
k489w6,No more Single Moms for me :(,dating_advice,12048,https://reddit.com/r/dating_advice/comments/k489w6/no_more_single_moms_for_me/,ge7ekzj,fompty1988,311,"Sorry to hear that. This girl told me the same too at the beginning. She was kind of hoping a male figure would help the kid grow. But every time I tried to put in my two cents she would get very defensive. So I just felt it wasn’t my place to tell her how to parent the child. Sucks too because the kid is super smart and when he’s not throwing a tantrum, he’s really cute and funny.",https://reddit.com/r/dating_advice/comments/k489w6/_/ge7ekzj/,General / Other
k489w6,No more Single Moms for me :(,dating_advice,12048,https://reddit.com/r/dating_advice/comments/k489w6/no_more_single_moms_for_me/,ge7qgw8,outline8668,188,"I'm a single dad and I appreciate my kid's mother shares 50% custody so I have opportunities for a social life outside of family time. If I had sole custody I don't think I would even bother with dating. Opportunities for outings would be limited to whenever I could arrange child care. That would pretty much be untenable. Nor would I want a potential date intruding on my family time so I get how she's stuck.

In your scenario some of the issue is her in that she should be able to put her kid to bed around 8pm and at least you two would have a bit of time after to yourselves. Was there a reason that wasn't happening? I only ask because in normal families after bedtime is the only grown-up time mom's and dads get.",https://reddit.com/r/dating_advice/comments/k489w6/_/ge7qgw8/,General / Other
k489w6,No more Single Moms for me :(,dating_advice,12048,https://reddit.com/r/dating_advice/comments/k489w6/no_more_single_moms_for_me/,ge8a09j,fompty1988,98,"Yeah not my manliest hour I’ll admit, but I really liked this girl and was willing to work on the relationship. So I waited and tried to plan other weekend outings but they would never pan out with her. She pretty much told me one day she wanted to have sex more often, but was also afraid I’d just sleep with her several times and leave her like the kid’s dad did...",https://reddit.com/r/dating_advice/comments/k489w6/_/ge8a09j/,General / Other
k489w6,No more Single Moms for me :(,dating_advice,12048,https://reddit.com/r/dating_advice/comments/k489w6/no_more_single_moms_for_me/,ge89cj9,fompty1988,92,"There were so many nights I offered a baby sitter so we could get dinner and be alone. Covid was a big excuse and sure, this was a shitty year to start a relationship but her mom doesn’t live far and more effort could have been made on her part...

Regarding the evening, this was a major issue. I would purposely come over at 10 pm when normally the kid would be asleep, and he would know ahead of time I was coming over and stay awake on purpose so when I got there we’d have to watch a show together or something. And since kids weren’t going to school, he could “stay up.” I am not making this shit up. So there were several nights we would be together but the kid would be there with us interrupting and not letting us talk. 10-20 minutes of “talking” with the kid, okay I can do. But we all kno",https://reddit.com/r/dating_advice/comments/k489w6/_/ge89cj9/,General / Other
k489w6,No more Single Moms for me :(,dating_advice,12048,https://reddit.com/r/dating_advice/comments/k489w6/no_more_single_moms_for_me/,ge83qp8,CrazyVih,39,"Man, sorry it didnt work out.
I've been going out with my girlfriend for 2 months, she's a 7yo nephew (his mother abandoned him with her mother and my gf when he was 2), so I'm not in the same position that you were, however the kid is really close and sees his aunt as a mother, and I see a lot of him I your post. Last Saturday we were watching a movie in her mother's place, the kid was in the living room with us playing on his phone, whenever my gf would hug or kiss me he'd jump on us or start complaining loudly about his game, then girlfriend tell him to keep it down and he would start to kick the couch or make a really unpleasant face (I play with the kid quite a lot, I feel sorry for him so I like to give him some attention, but whenever I tell I want to sit or relax, he makes the same",https://reddit.com/r/dating_advice/comments/k489w6/_/ge83qp8/,Coping with physical loneliness
k489w6,No more Single Moms for me :(,dating_advice,12048,https://reddit.com/r/dating_advice/comments/k489w6/no_more_single_moms_for_me/,ge8hy7d,jayda92,26,"Yeah, I used to say that while I was still dating. I always told everyone that I would never ever date a single father, unless the ex is literally dead. And even then? Why would I waste such beautiful years on raising someone else's family?! I do that already and it's called 'work'. I totally understand you, but most men who have children really don't seem to understand why we don't volunteer to be free childcare bangmaids.

Some people think that's really cruel to say, but I just don't like it when they already fucked up a family/home with someone else. Especially when there's kids involved..",https://reddit.com/r/dating_advice/comments/k489w6/_/ge8hy7d/,General / Other
k489w6,No more Single Moms for me :(,dating_advice,12048,https://reddit.com/r/dating_advice/comments/k489w6/no_more_single_moms_for_me/,ge8awmq,fompty1988,25,"It’s attention-seeking behavior and happens with most kids. But if it’s not addressed then yeah the kid gets unbearable and sees you as a threat. Good luck with that man, it seems at least your girl recognizes the behavior, mine didn’t or chose not to.",https://reddit.com/r/dating_advice/comments/k489w6/_/ge8awmq/,General / Other
k489w6,No more Single Moms for me :(,dating_advice,12048,https://reddit.com/r/dating_advice/comments/k489w6/no_more_single_moms_for_me/,ge8fh5i,fompty1988,22,"Wow this sounded like me to a tee. And yes, I’ve come to resent the kid, which then makes me feel even shittier because I’m hating on a kid... But yeah even when I left last night my last goodbye (which I didn’t realize at the time) the kid shushed me because his movie was on. Fuck that!",https://reddit.com/r/dating_advice/comments/k489w6/_/ge8fh5i/,General / Other
k489w6,No more Single Moms for me :(,dating_advice,12048,https://reddit.com/r/dating_advice/comments/k489w6/no_more_single_moms_for_me/,ge88ore,ShampooMonK,21,"Wait, hold up...

You dealt with all that bullshit for a year and ONLY got laid once?

I don't even understand why you even stayed that long homie.

&gt;I tell him sternly not to do that (we were in my car) and a minute later my girlfriend, annoyed, told me to not get mad at him because he “didn’t know” (really??).  
&gt;  
&gt;We get to her apartment and the kid sits on the couch and puts on Hulu. I’m talking to my girlfriend in the kitchen and he tells us to be quiet because he’s watching a movie. She moves us to the bathroom to “show me what the plumber did” and as soon as we get in there we start making out.

What? I would've been out **A S A** FUCKING **P**. 

&amp;#x200B;

&gt;At that moment I had the realization that if I continue with this relationship, I would be at the mercy of a",https://reddit.com/r/dating_advice/comments/k489w6/_/ge88ore/,General / Other
k489w6,No more Single Moms for me :(,dating_advice,12048,https://reddit.com/r/dating_advice/comments/k489w6/no_more_single_moms_for_me/,ge8bq5e,Dear_Dahlia_,20,"This was me only with a single dad. Three kids. We got married and I was the nanny, caretaker, maid, chauffeur, you name it. I don’t have kids of my own despite being a mid30  female. 

I expect kids to come first in many things. But not at the expense of your marriage. They’re kids and you’re not there to be their friend. You’re their parent and you don’t let them do whatever they want and rule everything. But that seems to be what happens more often than not. I won’t date a single dad again. I’m sorry but not after the last 6 years of my life being devoted to him and his kids who were absolutely disrespectful and rude. 

In short I get it in my own ways, man. It sucks. Sorry to hear about your experience.",https://reddit.com/r/dating_advice/comments/k489w6/_/ge8bq5e/,General / Other
m6qp7n,Asked out waitress and she said yes🙌,dating_advice,8483,https://reddit.com/r/dating_advice/comments/m6qp7n/asked_out_waitress_and_she_said_yes/,gr8eex6,vovchik-z,243,True...props to her for helping out her family.,https://reddit.com/r/dating_advice/comments/m6qp7n/_/gr8eex6/,General / Other
m6qp7n,Asked out waitress and she said yes🙌,dating_advice,8483,https://reddit.com/r/dating_advice/comments/m6qp7n/asked_out_waitress_and_she_said_yes/,gr7s5mp,Intelligent-Stop-239,38,"Congrats my man. My only worry is that you ruin one of your goto places. I’m a bartender and my girlfriend is a bartender to and we often discuss “shitting where you eat”. You like her, she likes you hopefully lol and I hope it goes incredibly well but I hope for you, it doesn’t go bad and ruin your goto restaurant or cause a shift in their work dynamic.",https://reddit.com/r/dating_advice/comments/m6qp7n/_/gr7s5mp/,General / Other
m6qp7n,Asked out waitress and she said yes🙌,dating_advice,8483,https://reddit.com/r/dating_advice/comments/m6qp7n/asked_out_waitress_and_she_said_yes/,gr8ekw0,vovchik-z,15,"This...towards the end we were becoming friends more or less so I definitely felt more comfortable, I guess I lied a bit in the last sentence because she wasn’t technically a stranger to me.",https://reddit.com/r/dating_advice/comments/m6qp7n/_/gr8ekw0/,General / Other
m6qp7n,Asked out waitress and she said yes🙌,dating_advice,8483,https://reddit.com/r/dating_advice/comments/m6qp7n/asked_out_waitress_and_she_said_yes/,gr9yj36,vovchik-z,7,"I made small talk with her until she felt comfortable enough to have a conversation with me, and we bonded a bit over shared interests (we both like dogs and playing piano). Then when I asked her out it was no longer weird and kind of felt like asking out a friend.",https://reddit.com/r/dating_advice/comments/m6qp7n/_/gr9yj36/,Getting over approach anxiety
hqca7e,"Even if you don't think you are attractive, that doesn't mean you aren't attractive in other people's eyes",dating_advice,5805,https://reddit.com/r/dating_advice/comments/hqca7e/even_if_you_dont_think_you_are_attractive_that/,fxxgmkp,[deleted],156,"The most good looking girl I've ever dated (so beautiful that when I simply showed her picture to my then-girlfriend after, she was visibly jealous for couple of weeks) was the girl who thought I was the hottest guy alive. She was going on and on how hard being beautiful is, she doesn't care about looks of a guy, but she never thought she could find a guy as attractive as I am etc. 

Inside I was like ""Really, are you talking about ME? Like ME ME?""",https://reddit.com/r/dating_advice/comments/hqca7e/_/fxxgmkp/,General / Other
hqca7e,"Even if you don't think you are attractive, that doesn't mean you aren't attractive in other people's eyes",dating_advice,5805,https://reddit.com/r/dating_advice/comments/hqca7e/even_if_you_dont_think_you_are_attractive_that/,fxzc71u,entirely-unsure,27,"This is funny because my (23M) friends are so surprised when I tell them I’ve never felt like a girl was “out of my league,” before in my life. It like, baffles them. 

But really the whole “league,” thing is a just a stupid, obsolete, dating-world jargon.  It doesn’t exist unless you *allow* it to exist. 

Once you’re past this, you truly feel like you can approach anyone for anything, even outside of the context of dating. This helps with careers/jobs immensely.",https://reddit.com/r/dating_advice/comments/hqca7e/_/fxzc71u/,Getting over approach anxiety
hqca7e,"Even if you don't think you are attractive, that doesn't mean you aren't attractive in other people's eyes",dating_advice,5805,https://reddit.com/r/dating_advice/comments/hqca7e/even_if_you_dont_think_you_are_attractive_that/,fxylymz,Boeing77W,18,Totally agree. It's usually physical attraction that gets things started though.,https://reddit.com/r/dating_advice/comments/hqca7e/_/fxylymz/,General / Other
izs2mb,A girl I met with from Tinder showed me her Tinder account and WHAT,dating_advice,5768,https://reddit.com/r/dating_advice/comments/izs2mb/a_girl_i_met_with_from_tinder_showed_me_her/,g6ko7mw,LeftHovercraft,485,"yeah that’s the thing for guys, the first message is kinda important i think. just because of how many matches women get, you kinda have to stand out. it’s weird.

sometimes i’ll message based on her bio, and hopefully get the ball rolling that way. but on the other hand, i have a friend who’s opening line is “hi how are you” and it seems to get responses consistently. he’s also pretty attractive so that helps i guess 😂",https://reddit.com/r/dating_advice/comments/izs2mb/_/g6ko7mw/,General / Other
izs2mb,A girl I met with from Tinder showed me her Tinder account and WHAT,dating_advice,5768,https://reddit.com/r/dating_advice/comments/izs2mb/a_girl_i_met_with_from_tinder_showed_me_her/,g6l6t24,LeftHovercraft,47,"yeah it really does suck. i personally would def rather have some sort of connection w someone than some meaningless sex right now, but yeah i mean if girls constantly get berated with sexual stuff, i’m not surprised they lose faith in men on dating apps in general",https://reddit.com/r/dating_advice/comments/izs2mb/_/g6l6t24/,Finding where to meet women
izs2mb,A girl I met with from Tinder showed me her Tinder account and WHAT,dating_advice,5768,https://reddit.com/r/dating_advice/comments/izs2mb/a_girl_i_met_with_from_tinder_showed_me_her/,g6lg5vt,bylonely,34,"I am a guy and have 3 'likes' and 2 matches right now. I wrote these 2 marches and they didn't response (I am not sure but I guess it is called ""ghosting"" enlight me pls)

About that 3 likes, well after I got each of them I paid more attention to pics of people and swipe right more person than I normally do just because not want miss them. I am using passport feature and so after I got the 3rd like, I even changed my location to all the locations I used so far to find and match with that 3rd but I guess I swiped her/hım left by mistake and couldn't find her/hım either.

And after a while the 2nd like's blur picture looks like it is a man picture... I know that I am not that handsome and skilled to talk especially online but it still sucks you know 😔 I hope you understood how hopeless I am",https://reddit.com/r/dating_advice/comments/izs2mb/_/g6lg5vt/,Understanding rejection
izs2mb,A girl I met with from Tinder showed me her Tinder account and WHAT,dating_advice,5768,https://reddit.com/r/dating_advice/comments/izs2mb/a_girl_i_met_with_from_tinder_showed_me_her/,g6nv2t0,Luckoland88,20,"At least in my experience as a guy this is exactly the same with girls, other than it being blank most conventionally attractive girls will put their social media and that's it. I share your pain :(",https://reddit.com/r/dating_advice/comments/izs2mb/_/g6nv2t0/,Dealing with comparison pain
izs2mb,A girl I met with from Tinder showed me her Tinder account and WHAT,dating_advice,5768,https://reddit.com/r/dating_advice/comments/izs2mb/a_girl_i_met_with_from_tinder_showed_me_her/,g6m9y9o,LeftHovercraft,14,"yeah that’s what annoys me, the constant pressure of being “interesting” or “original”

i know i prob won’t stand out with a simple “hi how are you” text, so i try to think of something original and unique to say. even if that works and the conversation starts going there’s always that pressure of not being a dry texter. having a genuine connection on Tinder is really hit or miss",https://reddit.com/r/dating_advice/comments/izs2mb/_/g6m9y9o/,Finding where to meet women
jvtjih,I’m[28M] going to ask a girl out that I think is way out of my league. [final update],dating_advice,4997,https://reddit.com/r/dating_advice/comments/jvtjih/im28m_going_to_ask_a_girl_out_that_i_think_is_way/,gclzrs5,imused2it,600,"Thank you. Even though it didn’t go how I wanted, I still feel so empowered. I think this is the turning of a new leaf.",https://reddit.com/r/dating_advice/comments/jvtjih/_/gclzrs5/,General / Other
jvtjih,I’m[28M] going to ask a girl out that I think is way out of my league. [final update],dating_advice,4997,https://reddit.com/r/dating_advice/comments/jvtjih/im28m_going_to_ask_a_girl_out_that_i_think_is_way/,gcmlkdy,imused2it,113,"We’re gonna do group things. And I’ll be fine. I’m very attracted to her, but I’m okay with being friends. It’s not going to bother me at all.",https://reddit.com/r/dating_advice/comments/jvtjih/_/gcmlkdy/,General / Other
jvtjih,I’m[28M] going to ask a girl out that I think is way out of my league. [final update],dating_advice,4997,https://reddit.com/r/dating_advice/comments/jvtjih/im28m_going_to_ask_a_girl_out_that_i_think_is_way/,gcm88ag,imused2it,41,"I’m sorry to hear that, man. That’s exactly what I’m terrified of having happen. There’s not a the one, though, so if you haven’t already I’m sure you’ll find someone just as awesome.",https://reddit.com/r/dating_advice/comments/jvtjih/_/gcm88ag/,General / Other
jvtjih,I’m[28M] going to ask a girl out that I think is way out of my league. [final update],dating_advice,4997,https://reddit.com/r/dating_advice/comments/jvtjih/im28m_going_to_ask_a_girl_out_that_i_think_is_way/,gcmnla1,imused2it,34,We all have things that are hard to deal with. For me it’s getting the nerve to even ask. But I’m fortunate that once I finally ask I’m okay with whatever the results are,https://reddit.com/r/dating_advice/comments/jvtjih/_/gcmnla1/,Getting over approach anxiety
jvtjih,I’m[28M] going to ask a girl out that I think is way out of my league. [final update],dating_advice,4997,https://reddit.com/r/dating_advice/comments/jvtjih/im28m_going_to_ask_a_girl_out_that_i_think_is_way/,gcm2dpm,imused2it,12,I just had to face my fear. I think someone on this sub said the regret is worse than the rejection. That resonated with me.,https://reddit.com/r/dating_advice/comments/jvtjih/_/gcm2dpm/,Understanding rejection
jvtjih,I’m[28M] going to ask a girl out that I think is way out of my league. [final update],dating_advice,4997,https://reddit.com/r/dating_advice/comments/jvtjih/im28m_going_to_ask_a_girl_out_that_i_think_is_way/,gcmi8m7,imused2it,8,"No need to be sorry. I’m not upset at all. I would be happier if I got a yes, but I’m very proud of myself for trying.",https://reddit.com/r/dating_advice/comments/jvtjih/_/gcmi8m7/,General / Other
jvtjih,I’m[28M] going to ask a girl out that I think is way out of my league. [final update],dating_advice,4997,https://reddit.com/r/dating_advice/comments/jvtjih/im28m_going_to_ask_a_girl_out_that_i_think_is_way/,gcmqmgp,imused2it,6,That’s what I think as well!,https://reddit.com/r/dating_advice/comments/jvtjih/_/gcmqmgp/,General / Other
jvtjih,I’m[28M] going to ask a girl out that I think is way out of my league. [final update],dating_advice,4997,https://reddit.com/r/dating_advice/comments/jvtjih/im28m_going_to_ask_a_girl_out_that_i_think_is_way/,gcmth3n,imused2it,5,"It’s something I definitely understand. One of my best friends is a girl and she tells me all the time that she expects me to marry a model because of my confidence. But I’m only confident around people like her, that i don’t see romantically. I need to find a way to transfer that to the dating world.",https://reddit.com/r/dating_advice/comments/jvtjih/_/gcmth3n/,Building self-worth
jvtjih,I’m[28M] going to ask a girl out that I think is way out of my league. [final update],dating_advice,4997,https://reddit.com/r/dating_advice/comments/jvtjih/im28m_going_to_ask_a_girl_out_that_i_think_is_way/,gcmxpfy,imused2it,3,"That’s such an awesome concept. Also, can we talk about asking a girl out at the gym? I’ve considered it, but I’ve been told it might not be the best place to do it.

How did you do it without it being weird?",https://reddit.com/r/dating_advice/comments/jvtjih/_/gcmxpfy/,Getting over approach anxiety
jvtjih,I’m[28M] going to ask a girl out that I think is way out of my league. [final update],dating_advice,4997,https://reddit.com/r/dating_advice/comments/jvtjih/im28m_going_to_ask_a_girl_out_that_i_think_is_way/,gcn7hxf,imused2it,3,"Thank you for such a detailed response. This is exactly the advice I was looking for. I have noticed people will compliment my form/physique more if I don’t have my headphones in that day. So, the comment about headphones has lots of merit. 

I’ve actually had a few girls approach me and say almost exactly what you said for me to say. Now I’m wondering if I was taking their kindness with actual interest in me. I am one of the most aloof people. Lol 

There’s a girl there I’d like to ask out, but she’s always on the treadmill. So I’ll have to figure out a way to make it work.",https://reddit.com/r/dating_advice/comments/jvtjih/_/gcn7hxf/,Getting over approach anxiety
jvtjih,I’m[28M] going to ask a girl out that I think is way out of my league. [final update],dating_advice,4997,https://reddit.com/r/dating_advice/comments/jvtjih/im28m_going_to_ask_a_girl_out_that_i_think_is_way/,gcmt32u,imused2it,3,"Luckily, I’m good at making people laugh. I’ll keep that in mind.",https://reddit.com/r/dating_advice/comments/jvtjih/_/gcmt32u/,General / Other
jvtjih,I’m[28M] going to ask a girl out that I think is way out of my league. [final update],dating_advice,4997,https://reddit.com/r/dating_advice/comments/jvtjih/im28m_going_to_ask_a_girl_out_that_i_think_is_way/,gcm1bvp,imused2it,3,Lots of people have told me that. That’s just the title since that’s what it was the first time I made the post.,https://reddit.com/r/dating_advice/comments/jvtjih/_/gcm1bvp/,Fear of intimacy after abstinence
inzv4o,Men love it when women initiate the dating scene!,dating_advice,4364,https://reddit.com/r/dating_advice/comments/inzv4o/men_love_it_when_women_initiate_the_dating_scene/,g4b2ebo,saintgordon,237,"My current girlfriend originally asked me out on a kayaking date. I loved it. Right then and there, I knew she was gonna be a keeper.",https://reddit.com/r/dating_advice/comments/inzv4o/_/g4b2ebo/,General / Other
inzv4o,Men love it when women initiate the dating scene!,dating_advice,4364,https://reddit.com/r/dating_advice/comments/inzv4o/men_love_it_when_women_initiate_the_dating_scene/,g4ay2h6,Vanishingastronaut,87,As a man I’ve never heard another man say any of that. It sounds like some of these men are overly “masculine” having a woman ask a man out shouldn’t be a game changer. Personally I would appreciate a change of pace and wouldn’t be offended by having a woman ask me out. I know other men that feel the same. I understand how you can become jaded when your personal experience says other wise though. Lord knows I’ve had my own personal experiences.,https://reddit.com/r/dating_advice/comments/inzv4o/_/g4ay2h6/,General / Other
inzv4o,Men love it when women initiate the dating scene!,dating_advice,4364,https://reddit.com/r/dating_advice/comments/inzv4o/men_love_it_when_women_initiate_the_dating_scene/,g4b1psg,Oozex,30,"Dunno, personally as a guy, I've been approached and done the approaching. I've definitely been rejected waaaay more than I've had people approach me. If you do the approaching, you're bound to get rejected if they're not interested. Doesn't mean it doesn't work or that guys dislike it. It just means that there wasn't a mutual attraction there. 

In the situations where I've been approached, I'd make it very clear if I wasn't interested in the most polite way possible. Leading people on just to be polite isn't right IMO. On the other hand, the girls that approached me that I was interested in, usually turned into something more. Usually makes for a good ""how did you meet"" story as the women that do approach are generally more confident and outgoing.",https://reddit.com/r/dating_advice/comments/inzv4o/_/g4b1psg/,Getting over approach anxiety
inzv4o,Men love it when women initiate the dating scene!,dating_advice,4364,https://reddit.com/r/dating_advice/comments/inzv4o/men_love_it_when_women_initiate_the_dating_scene/,g4bjmvv,MediocreMrFoxx,25,I never thought about this point- unfortunately a lot of people are just nasty horndogs. Keep looking and you will find the right person!,https://reddit.com/r/dating_advice/comments/inzv4o/_/g4bjmvv/,General / Other
inzv4o,Men love it when women initiate the dating scene!,dating_advice,4364,https://reddit.com/r/dating_advice/comments/inzv4o/men_love_it_when_women_initiate_the_dating_scene/,g4b7o4r,[deleted],22,"That’s illuminating. Wow, as a man though, I say that’s just silly on their ends!",https://reddit.com/r/dating_advice/comments/inzv4o/_/g4b7o4r/,General / Other
inzv4o,Men love it when women initiate the dating scene!,dating_advice,4364,https://reddit.com/r/dating_advice/comments/inzv4o/men_love_it_when_women_initiate_the_dating_scene/,g4b767m,Razirra,12,"I’ve asked out guys usually works okay. But in the beginning I was taught that crushing on a guy and complimenting was flattering no matter what. Oh wow was that wrong, I definitely made this college dude super uncomfortable by flirting with him every week and arranging time for us to spend together. He was too nice to say no or something turns out and eventually his more assertive girlfriend came along and kissed him in front of me and I was like oh... oops. And suddenly realized that yeah, he was nervous because he was shy, but he was also nervous because he didn’t know how to say no. 

So yeah it’s not universally liked and some guys don’t know how to reject girls because that’s just... not how our society goes as often.",https://reddit.com/r/dating_advice/comments/inzv4o/_/g4b767m/,General / Other
inzv4o,Men love it when women initiate the dating scene!,dating_advice,4364,https://reddit.com/r/dating_advice/comments/inzv4o/men_love_it_when_women_initiate_the_dating_scene/,g4bk1vm,MediocreMrFoxx,11,Sometimes women asking men out doesn’t fit everyone’s preferences. I 100% respect that :),https://reddit.com/r/dating_advice/comments/inzv4o/_/g4bk1vm/,Getting over approach anxiety
inzv4o,Men love it when women initiate the dating scene!,dating_advice,4364,https://reddit.com/r/dating_advice/comments/inzv4o/men_love_it_when_women_initiate_the_dating_scene/,g4b0ky3,Redhood_102,9,"Last year there was a fest in our neighboring college my friends asked me did I(18M) want to go. I said no. Later while leaving I saw the girl I was interested, she was with her friend, went and talked to her for a few minutes. After leaving campus I receive a call from an unknown number, I pick up by hearing her voice I immediately understood it was her, she asked whether I wanted to go to our college fest ( idk if it was asking out or just wanted to go a event and wanted someone). I said no saying I was tired maybe some other time, she tried to convince me but I was just tired and afraid( first time a girl asking me in such a way).
Later when I sat in train only then did I realize what happened, immediately regretted my decision.

Sometimes boys reject out of fear thinking that how can t",https://reddit.com/r/dating_advice/comments/inzv4o/_/g4b0ky3/,Getting over approach anxiety
f1spwd,"It's better to be loved by 1 and disliked by 99, than to be ""kind of alright"" to all 100",dating_advice,3921,https://reddit.com/r/dating_advice/comments/f1spwd/its_better_to_be_loved_by_1_and_disliked_by_99/,fh8qpqb,sad_panda91,226,"Love the quote! I was actually inspired by game design, funnily enough!

""if your game is liked by all but loved by none, it will fail"", a quote by Mark Rosewater, head designer of magic the gathering. Very similar notion.",https://reddit.com/r/dating_advice/comments/f1spwd/_/fh8qpqb/,General / Other
f1spwd,"It's better to be loved by 1 and disliked by 99, than to be ""kind of alright"" to all 100",dating_advice,3921,https://reddit.com/r/dating_advice/comments/f1spwd/its_better_to_be_loved_by_1_and_disliked_by_99/,fh8xtcd,sad_panda91,83,"I mean, my bro here actually plays guitar in a hobbyist prog rock/metal band and he doesn't even mention it because he's afraid it might be off-putting for some. Which is bonkers to me. ""Then put them the hell off, who cares?!""

Who knows how many men on online dating platforms think like my buddy.",https://reddit.com/r/dating_advice/comments/f1spwd/_/fh8xtcd/,General / Other
f1spwd,"It's better to be loved by 1 and disliked by 99, than to be ""kind of alright"" to all 100",dating_advice,3921,https://reddit.com/r/dating_advice/comments/f1spwd/its_better_to_be_loved_by_1_and_disliked_by_99/,fh8z2h7,sad_panda91,30,"It was all a ploy, I'm actually trying to find metalhead chicks for my buddy on Reddit :P

Best of luck to you, you'll find your metalhead, I'm sure! A big cheers to all who don't hide their quirks!",https://reddit.com/r/dating_advice/comments/f1spwd/_/fh8z2h7/,General / Other
f1spwd,"It's better to be loved by 1 and disliked by 99, than to be ""kind of alright"" to all 100",dating_advice,3921,https://reddit.com/r/dating_advice/comments/f1spwd/its_better_to_be_loved_by_1_and_disliked_by_99/,fh8s0ai,sad_panda91,30,"That's great, don't get me wrong. Not saying that never works. If you say that was just you, then maybe your profile still had some kind of genuine vibe to it which your girl was into. Whatever it may be, that's great to hear!

EDIT: just realized I literally wrote that no one swipes right on this... Woops. Sorry mate, I was just using hyperbole to make a point, didn't mean to discredit anybody :/",https://reddit.com/r/dating_advice/comments/f1spwd/_/fh8s0ai/,Dating app fatigue
f1spwd,"It's better to be loved by 1 and disliked by 99, than to be ""kind of alright"" to all 100",dating_advice,3921,https://reddit.com/r/dating_advice/comments/f1spwd/its_better_to_be_loved_by_1_and_disliked_by_99/,fha6fch,sad_panda91,6,"""semi-professional"" is a bit of a stretch for ""playing with your friends in your living room for fun"". Also you are kind making my point here. He hid all the cool stuff about him and all that was left was the fat, nice guy.",https://reddit.com/r/dating_advice/comments/f1spwd/_/fha6fch/,General / Other
g00795,Anyone else think Tinder is depressing?,dating_advice,3262,https://reddit.com/r/dating_advice/comments/g00795/anyone_else_think_tinder_is_depressing/,fn7t4h9,FreeImportance8,66,"Hi, thank you for your comment. Yeah I’ve deleted tinder now but I just know I’ll cave in and download it again at some point! As others have pointed out on this thread, I never usually put a bio and my pictures aren’t great since it’s usually a couple of selfies (including a mirror selfie) and group pics with my mates. So if I’m being honest with myself, it’s fair to say that’s not helping me out lol",https://reddit.com/r/dating_advice/comments/g00795/_/fn7t4h9/,Finding where to meet women
g00795,Anyone else think Tinder is depressing?,dating_advice,3262,https://reddit.com/r/dating_advice/comments/g00795/anyone_else_think_tinder_is_depressing/,fn7n59m,FreeImportance8,53,"Thank you for this comment. I understand that I’m still young, I guess at times it just feels a little soul destroying using dating apps! I’m trying to work on myself in the meantime.",https://reddit.com/r/dating_advice/comments/g00795/_/fn7n59m/,Finding where to meet women
g00795,Anyone else think Tinder is depressing?,dating_advice,3262,https://reddit.com/r/dating_advice/comments/g00795/anyone_else_think_tinder_is_depressing/,fn73pa1,HumbleActor,26,"There's a right and wrong way to do Tinder. Sounds like you're doing it wrong. In order to get more responses you have to have high value pictures that make you look good and pre select you as a guy who's worth being curious about. The bio should exercise this as well.

There's a way to text that leads to a meetup as opposed to having boring conversation that leads to mundane rambling that eventually gets you ghosted and unmatched.",https://reddit.com/r/dating_advice/comments/g00795/_/fn73pa1/,Finding where to meet women
g00795,Anyone else think Tinder is depressing?,dating_advice,3262,https://reddit.com/r/dating_advice/comments/g00795/anyone_else_think_tinder_is_depressing/,fn7cqt5,FreeImportance8,19,"It feels to me that tinder is simply an app where girls often have a multitude of guys all trying the same thing or saying the same stuff. And that there usually seems to be someone better, so like you said, it’s very easy to ghost.",https://reddit.com/r/dating_advice/comments/g00795/_/fn7cqt5/,Finding where to meet women
g00795,Anyone else think Tinder is depressing?,dating_advice,3262,https://reddit.com/r/dating_advice/comments/g00795/anyone_else_think_tinder_is_depressing/,fn7wkzx,FreeImportance8,16,Just think of how worth it that beer or coffee would be on the 7200th swipe.,https://reddit.com/r/dating_advice/comments/g00795/_/fn7wkzx/,Dating app fatigue
g00795,Anyone else think Tinder is depressing?,dating_advice,3262,https://reddit.com/r/dating_advice/comments/g00795/anyone_else_think_tinder_is_depressing/,fn7e10n,FreeImportance8,15,Hmm that sounds very negative but I also understand it! I always fear being rejected or ghosted by who I’m talking to but I wouldn’t say I expect it every time. The thing with tinder is that usually there’s always someone better or seems more interesting than you so it becomes very easy to ghost people.,https://reddit.com/r/dating_advice/comments/g00795/_/fn7e10n/,Finding where to meet women
g00795,Anyone else think Tinder is depressing?,dating_advice,3262,https://reddit.com/r/dating_advice/comments/g00795/anyone_else_think_tinder_is_depressing/,fn7dj09,FreeImportance8,13,"Thank you for your comment, sounds like good advice! It may sound weird but I definitely feel like I’ve lost my previous intention of looking for a relationship and it’s now come down to just wanting to talk to a few girls? Not sure whether that’s tinder in general or the recent experiences I’ve had where the girls I was seeing wanted something more casual than a serious relationship. I’m not sure as to the figures but I definitely agree with what you said that tinder isn’t very useful for proper relationships.",https://reddit.com/r/dating_advice/comments/g00795/_/fn7dj09/,Finding where to meet women
g00795,Anyone else think Tinder is depressing?,dating_advice,3262,https://reddit.com/r/dating_advice/comments/g00795/anyone_else_think_tinder_is_depressing/,fn7ucn1,FreeImportance8,11,"Hey thanks for your comment, that’s sweet of you! It’s the effect it has on you afterwards, it’ll sound a bit pathetic but as someone who values self pride a lot, being ghosted by someone I’ve been on several dates with and then seeing them on tinder when I re downloaded it, that was pretty bad. It genuinely embarrassed me that the last girl I was dating would have seen my profile back on there. Appreciate your point though, and I’m glad it’s worked out for you!!",https://reddit.com/r/dating_advice/comments/g00795/_/fn7ucn1/,Processing the shame of being late
g00795,Anyone else think Tinder is depressing?,dating_advice,3262,https://reddit.com/r/dating_advice/comments/g00795/anyone_else_think_tinder_is_depressing/,fn7rx9c,mewkew,7,"Thats the problem with tinder &amp; co, you have to have very good looks and and excellent textgame, in order to succeed as a male on these apps. Obviously, those atributes actually give you a lot of options in real life, you dont need tinder, but ofc course your outreach is far larger.

If you are just above or worse, average looking and not a good writer, your chances of matches are very very low, and date chances are next to zero.

&amp;#x200B;

In conclusion: The womanizer has a great time on tinder, the desperate average joe gets even more deppressed and frustrated.

&amp;#x200B;

The reason is obvious, bascially all dating apps i know are just catered towards women. This is purely emant as a fact, no bashing intended. But if you understand how dating apps work, its always the same, a",https://reddit.com/r/dating_advice/comments/g00795/_/fn7rx9c/,Finding where to meet women
g00795,Anyone else think Tinder is depressing?,dating_advice,3262,https://reddit.com/r/dating_advice/comments/g00795/anyone_else_think_tinder_is_depressing/,fn94sox,YouHaveLostThePlot,6,"As a guy in late 20s in UK, ive had much more success IRL than on tinder. Don't think that traditiional dating procedure is no longer valid",https://reddit.com/r/dating_advice/comments/g00795/_/fn94sox/,Finding where to meet women
g00795,Anyone else think Tinder is depressing?,dating_advice,3262,https://reddit.com/r/dating_advice/comments/g00795/anyone_else_think_tinder_is_depressing/,fn826xx,FreeImportance8,6,"I had Hinge briefly a few months ago but to me it seemed like a less brutal version of tinder, but with fewer people on there. I didn’t really give it much of a chance though tbf.",https://reddit.com/r/dating_advice/comments/g00795/_/fn826xx/,Finding where to meet women
g00795,Anyone else think Tinder is depressing?,dating_advice,3262,https://reddit.com/r/dating_advice/comments/g00795/anyone_else_think_tinder_is_depressing/,fn7nk76,FreeImportance8,5,"Haha well I am 6’2 so at least that’s one of those boxes ticked lol! I certainly agree with your point though, I often feel that when I speak to an attractive girl on tinder or Insta/Snapchat, there’s several other guys trying the same thing.",https://reddit.com/r/dating_advice/comments/g00795/_/fn7nk76/,Finding where to meet women
fu7gpm,Why do men always see me as the “side girl” or the back up?,dating_advice,2934,https://reddit.com/r/dating_advice/comments/fu7gpm/why_do_men_always_see_me_as_the_side_girl_or_the/,fmbl7kl,sunkissed135,99,My ex who is married with two children really disappointed me. He has a 9 month old!!! It’s like What the heck is wrong with you!!,https://reddit.com/r/dating_advice/comments/fu7gpm/_/fmbl7kl/,General / Other
fu7gpm,Why do men always see me as the “side girl” or the back up?,dating_advice,2934,https://reddit.com/r/dating_advice/comments/fu7gpm/why_do_men_always_see_me_as_the_side_girl_or_the/,fmcpq1b,80sBowlCut,27,"Definitely a good move for you. As a guy, we think a one in a million chance is still a chance (Dumb &amp; Dumber). Being this blunt is hard for us to hear and I’m sure much harder for you to say but it absolutely gets the point across. You respected yourself, your BF and your relationship, placing them in the #1 spot and you deserve kudos. Cheers to you 🍻",https://reddit.com/r/dating_advice/comments/fu7gpm/_/fmcpq1b/,General / Other
fu7gpm,Why do men always see me as the “side girl” or the back up?,dating_advice,2934,https://reddit.com/r/dating_advice/comments/fu7gpm/why_do_men_always_see_me_as_the_side_girl_or_the/,fmc2a2c,nantucketsleigh23,23,Single guy here.   Feel like I'm the only one NOT getting hit on.,https://reddit.com/r/dating_advice/comments/fu7gpm/_/fmc2a2c/,General / Other
fu7gpm,Why do men always see me as the “side girl” or the back up?,dating_advice,2934,https://reddit.com/r/dating_advice/comments/fu7gpm/why_do_men_always_see_me_as_the_side_girl_or_the/,fmbffm1,sunkissed135,23,I feel invisible to anyone who’s not a cheater. It’s somewhat nice feeling desired but it also makes me feel cheap because I’m not worthy of being number one.,https://reddit.com/r/dating_advice/comments/fu7gpm/_/fmbffm1/,General / Other
fu7gpm,Why do men always see me as the “side girl” or the back up?,dating_advice,2934,https://reddit.com/r/dating_advice/comments/fu7gpm/why_do_men_always_see_me_as_the_side_girl_or_the/,fmbwbmz,sunkissed135,16,This is actually very helpful. Thanks!,https://reddit.com/r/dating_advice/comments/fu7gpm/_/fmbwbmz/,General / Other
fu7gpm,Why do men always see me as the “side girl” or the back up?,dating_advice,2934,https://reddit.com/r/dating_advice/comments/fu7gpm/why_do_men_always_see_me_as_the_side_girl_or_the/,fmblf1k,sunkissed135,14,It was ridiculous. I don’t care what kind of sex it is. I don’t care if it’s pictures of HIM naked. You’re married dude. Back off.,https://reddit.com/r/dating_advice/comments/fu7gpm/_/fmblf1k/,General / Other
fu7gpm,Why do men always see me as the “side girl” or the back up?,dating_advice,2934,https://reddit.com/r/dating_advice/comments/fu7gpm/why_do_men_always_see_me_as_the_side_girl_or_the/,fmbjfa7,[deleted],7,"Because hookup culture which is actually pretty bad for society as whole because it makes procreation into a pastime devalues women. A lot of women I speak to admit they love having sex (who wouldn’t) but they feel devalued when a man doesn’t stick around or stops talking to them after. It damages their self esteem, while the man walks away feeling like a king. 

Why get married/settle down as a man and have kids when you can get cheap, easy sex from emotionally vulnerable women? Plus, this is modern masculinity now. Sleeping with as many women as you can, whereas decades ago it was being a family man with two or three kids, a white fence and a housewife.

What you’re observing is civilization is becoming *uncivilized*. Animals have promiscuous sex without much afterthought or consideratio",https://reddit.com/r/dating_advice/comments/fu7gpm/_/fmbjfa7/,Building self-worth
fu7gpm,Why do men always see me as the “side girl” or the back up?,dating_advice,2934,https://reddit.com/r/dating_advice/comments/fu7gpm/why_do_men_always_see_me_as_the_side_girl_or_the/,fmbf8jl,sunkissed135,5,"Yea, if I am presenting myself in anyway, I wish I could fix it. I’ll figure it out. It’s prob may not so much me as yourself and others have said too",https://reddit.com/r/dating_advice/comments/fu7gpm/_/fmbf8jl/,General / Other
wdmfdl,Dating as a man is so expensive,dating_advice,2844,https://reddit.com/r/dating_advice/comments/wdmfdl/dating_as_a_man_is_so_expensive/,iij5483,aruapost,262,"Yeah coffee date is good just a bit harder to get on the right schedule unless you're going for coffee at like 7pm, which isn't crazy I guess.",https://reddit.com/r/dating_advice/comments/wdmfdl/_/iij5483/,General / Other
wdmfdl,Dating as a man is so expensive,dating_advice,2844,https://reddit.com/r/dating_advice/comments/wdmfdl/dating_as_a_man_is_so_expensive/,iijn2bo,thechillpoint,66,"That’s usually a big indication that she was never interested in you in the first place, and you weeded them out before it costed you money. I’ve learned over the years that you need to have pretty thick skin to regularly date as a guy, and you can’t be afraid to tell someone no. The problem is a lot of guys struggle to get matches, so when a girl shows even a tiny bit of interest and tells them to jump, they instantly reply “how high??”. It’s really sad when you think about it",https://reddit.com/r/dating_advice/comments/wdmfdl/_/iijn2bo/,General / Other
wdmfdl,Dating as a man is so expensive,dating_advice,2844,https://reddit.com/r/dating_advice/comments/wdmfdl/dating_as_a_man_is_so_expensive/,iij9cib,aruapost,41,"Only 1/3 is from OLD. I agree in both situations anyways, but I just think the cheaper options like a walk are only an option for certain types of women.",https://reddit.com/r/dating_advice/comments/wdmfdl/_/iij9cib/,General / Other
wdmfdl,Dating as a man is so expensive,dating_advice,2844,https://reddit.com/r/dating_advice/comments/wdmfdl/dating_as_a_man_is_so_expensive/,iij8hkd,chestyCough94,39,"The thing is as a man, regardless of how cheap you go, it tally's up. If i go on 5 dates for 20 dollars each and all 5 girls decide theyre not interested. Thats a 100 dollars down the drain.

Another thing is, a lot of women will disqualify the guy if the date is too cheap. Ive heard it countless times ""oh he took me to (name venue here) he must be broke"". I hear the point youre making but the reality of dating is different",https://reddit.com/r/dating_advice/comments/wdmfdl/_/iij8hkd/,General / Other
wdmfdl,Dating as a man is so expensive,dating_advice,2844,https://reddit.com/r/dating_advice/comments/wdmfdl/dating_as_a_man_is_so_expensive/,iij2133,aruapost,29,"Idk I live in a really expensive area so just dinner and a drink each is going to be like $80. But yeah that's not a bad idea, ice cream or coffee dates",https://reddit.com/r/dating_advice/comments/wdmfdl/_/iij2133/,General / Other
wdmfdl,Dating as a man is so expensive,dating_advice,2844,https://reddit.com/r/dating_advice/comments/wdmfdl/dating_as_a_man_is_so_expensive/,iijd649,inaribi,29,Dating as a man is only expensive if your type is the kind that like an expensive lifestyle. The first date of my current bf was a jog and taking a break and eating at a nearby food stall. There are plenty of girls that like and would appreciate an inexpensive dates as long as thought went into it.,https://reddit.com/r/dating_advice/comments/wdmfdl/_/iijd649/,Learning the mechanics of dating
wdmfdl,Dating as a man is so expensive,dating_advice,2844,https://reddit.com/r/dating_advice/comments/wdmfdl/dating_as_a_man_is_so_expensive/,iij8yyw,aruapost,27,"Definitely true in my area, many women who aren't treated  on a first date will be getting a lot of ""you deserve better"" from their friends afterwards.",https://reddit.com/r/dating_advice/comments/wdmfdl/_/iij8yyw/,Learning the mechanics of dating
wdmfdl,Dating as a man is so expensive,dating_advice,2844,https://reddit.com/r/dating_advice/comments/wdmfdl/dating_as_a_man_is_so_expensive/,iij7q4d,aruapost,26,"This is the vibes I get. They don't want to see me trying to find a cheap way to date.

TBF the women I go for are generally looking for a guy that lives a lifestyle that reflects success, and they seem to also make good money too.",https://reddit.com/r/dating_advice/comments/wdmfdl/_/iij7q4d/,General / Other
wdmfdl,Dating as a man is so expensive,dating_advice,2844,https://reddit.com/r/dating_advice/comments/wdmfdl/dating_as_a_man_is_so_expensive/,iij6ha2,aruapost,20,"hahaha so fucking true. Here's a 6-hour take home project we want you to complete in the next 24 hours.

""Oh you did fine but we just don't think you'll be a good fit.""",https://reddit.com/r/dating_advice/comments/wdmfdl/_/iij6ha2/,General / Other
wdmfdl,Dating as a man is so expensive,dating_advice,2844,https://reddit.com/r/dating_advice/comments/wdmfdl/dating_as_a_man_is_so_expensive/,iij8x31,aruapost,18,"Agreed, my situation is just one of many. Even men who are just doing a picnic are still spending money.",https://reddit.com/r/dating_advice/comments/wdmfdl/_/iij8x31/,General / Other
wdmfdl,Dating as a man is so expensive,dating_advice,2844,https://reddit.com/r/dating_advice/comments/wdmfdl/dating_as_a_man_is_so_expensive/,iij9m5v,aruapost,11,"Not offended, but not impressed.

And I agree, but I guess the women I pursue do care about these things. It is what it is",https://reddit.com/r/dating_advice/comments/wdmfdl/_/iij9m5v/,General / Other
wdmfdl,Dating as a man is so expensive,dating_advice,2844,https://reddit.com/r/dating_advice/comments/wdmfdl/dating_as_a_man_is_so_expensive/,iij3yr5,agnastyx,11,"I've got 3 dates this week (I know, humble brag, but that's not the point). Pump those numbers up, those are rookie numbers \\s .  Dating all around is an elective activity, if its expensive to you; focus on yourself. Work on getting a higher paying job so dates are less expensive to you; AND you are more attractive as a man with a good paying job, win win. That aside there are TONs of cheap dates to go on and most are actually more thoughtful than just spending money at a restaurant or something! First, study the potential suitor, are they artistic? museum, local art show/gallery are suuuper cheap dates. Are they athletic? invite them for a jog in the park, outdoor gym, swimming, all super cheap dates. Do they like video games? Take them to a cool arcade, relatively cheap. Those kinds of ",https://reddit.com/r/dating_advice/comments/wdmfdl/_/iij3yr5/,General / Other
uyr0h1,Is it ok to become boyfriend and girlfriend after a week or two?,dating_advice,2616,https://reddit.com/r/dating_advice/comments/uyr0h1/is_it_ok_to_become_boyfriend_and_girlfriend_after/,l24loos,BigCoggleFish,7,"Yes we absolutely are. After I graduated college she got a job close to where I was living and we have now been living in an apartment together for about a year now. She has far and beyond exceeded my expectations for a perfect match.

  
I'm planning on asking her to marry me soon.",https://reddit.com/r/dating_advice/comments/uyr0h1/_/l24loos/,General / Other
uyr0h1,Is it ok to become boyfriend and girlfriend after a week or two?,dating_advice,2616,https://reddit.com/r/dating_advice/comments/uyr0h1/is_it_ok_to_become_boyfriend_and_girlfriend_after/,ia6mtyr,neuma327,4,"I met my current girlfriend of 2+ years on Tinder. The first date was like 3 hours and I was hooked. I think after a few dates and just hanging out, we were official. I was all about it and we’re still going strong over 2 years later. Trust your gut, and don’t rush anything. Let it all come naturally, and it feels like nows the right time to make it official, go for it. You got this!",https://reddit.com/r/dating_advice/comments/uyr0h1/_/ia6mtyr/,Learning the mechanics of dating
uyr0h1,Is it ok to become boyfriend and girlfriend after a week or two?,dating_advice,2616,https://reddit.com/r/dating_advice/comments/uyr0h1/is_it_ok_to_become_boyfriend_and_girlfriend_after/,ia7cxcx,Manunitedfan1998,4,"You’re doing fine man, I asked my current girlfriend out after only 4 dates and we’ll be celebrating two years in a couple of months. Sometimes when the feelings right it’s just right and as long as you don’t see any red flags I’d say go on and have fun at that wedding!",https://reddit.com/r/dating_advice/comments/uyr0h1/_/ia7cxcx/,General / Other
uyr0h1,Is it ok to become boyfriend and girlfriend after a week or two?,dating_advice,2616,https://reddit.com/r/dating_advice/comments/uyr0h1/is_it_ok_to_become_boyfriend_and_girlfriend_after/,ia6oc87,Ok_Literature3034,1,"I think,... you may have found a perfect girlfriend.

CONGRATULATIONS🥳🥳",https://reddit.com/r/dating_advice/comments/uyr0h1/_/ia6oc87/,General / Other
uyr0h1,Is it ok to become boyfriend and girlfriend after a week or two?,dating_advice,2616,https://reddit.com/r/dating_advice/comments/uyr0h1/is_it_ok_to_become_boyfriend_and_girlfriend_after/,ia6t7ux,[deleted],1,"I once met a girl, we became friends really quickly, hung almost constantly for about 2 weeks like you, OP. Then I figured there was no point in dancing around what we both clearly wanted and I asked her to be my girlfriend and she said yes.

We’ve been together 16 years, married for almost 12, and have a 4 year old boy. So no, I don’t think you moved too fast; you moved at the pace that seemed right for both of you. There’s no need to go through all the arbitrary “stages” of starting a relationship.",https://reddit.com/r/dating_advice/comments/uyr0h1/_/ia6t7ux/,General / Other
hjwhtc,I (M23) treat my dates like I do my friends... and unsurprisingly that leads me to being friendzoned. How do I even begin to change this?,dating_advice,2476,https://reddit.com/r/dating_advice/comments/hjwhtc/i_m23_treat_my_dates_like_i_do_my_friends_and/,fwoykx5,GhostDivision123,520,"Thanks. First two points are something I feel like I could achieve quite easily. However, I feel like I am aware of the third part already, but I'm just unable to do it because of how nervous I am and I don't know how to hold someone's hand, for example.",https://reddit.com/r/dating_advice/comments/hjwhtc/_/fwoykx5/,General / Other
hjwhtc,I (M23) treat my dates like I do my friends... and unsurprisingly that leads me to being friendzoned. How do I even begin to change this?,dating_advice,2476,https://reddit.com/r/dating_advice/comments/hjwhtc/i_m23_treat_my_dates_like_i_do_my_friends_and/,fwpbs0n,GhostDivision123,45,"We met through Tinder, so there was no confusion about it being a date. For all my issues, I do think I make it pretty clear that it's a date and not a friendly hangout.",https://reddit.com/r/dating_advice/comments/hjwhtc/_/fwpbs0n/,Finding where to meet women
hjwhtc,I (M23) treat my dates like I do my friends... and unsurprisingly that leads me to being friendzoned. How do I even begin to change this?,dating_advice,2476,https://reddit.com/r/dating_advice/comments/hjwhtc/i_m23_treat_my_dates_like_i_do_my_friends_and/,fwpe5j8,GhostDivision123,40,I hope you're right. I guess I'll just need to keep going out with people.,https://reddit.com/r/dating_advice/comments/hjwhtc/_/fwpe5j8/,General / Other
hjwhtc,I (M23) treat my dates like I do my friends... and unsurprisingly that leads me to being friendzoned. How do I even begin to change this?,dating_advice,2476,https://reddit.com/r/dating_advice/comments/hjwhtc/i_m23_treat_my_dates_like_i_do_my_friends_and/,fwpwxze,SilverRock75,39,"I'm also 23M, and I've actually had quite a lot of success, and I still treat girls a lot like friends.

The first step is flirting early on into interactions. Direct compliments, specifically about decisions they've made. You can compliment a hair style, or jewelry, or nails, or something they actually did. Complimenting eye color is okay, but the person didn't make a choice in that, it's just the way they are. Try to avoid direct body compliments until you're more acquainted with the person.

Second step is spending time getting to know who they are, or rather who they think they are. Ask questions about personality, goals, and keep digging for things you two have in common and share yours as well. Hopefully by this point they should be returning questions as well. If not, they may just ",https://reddit.com/r/dating_advice/comments/hjwhtc/_/fwpwxze/,General / Other
hjwhtc,I (M23) treat my dates like I do my friends... and unsurprisingly that leads me to being friendzoned. How do I even begin to change this?,dating_advice,2476,https://reddit.com/r/dating_advice/comments/hjwhtc/i_m23_treat_my_dates_like_i_do_my_friends_and/,fwqc0gs,GhostDivision123,4,"Thankfully I've recently befriended someone (a girlfriend of a friend) who is very touchy with her friends, and she likes to hug everyone. I admit I feel a bit uncomfortable when she does that, but hopefully in time it makes me feel more comfortable with being touched.",https://reddit.com/r/dating_advice/comments/hjwhtc/_/fwqc0gs/,Coping with physical loneliness
p4i9gl,What is the big deal with hating on unattractive people who talk about their struggles?,dating_advice,2070,https://reddit.com/r/dating_advice/comments/p4i9gl/what_is_the_big_deal_with_hating_on_unattractive/,h8z25rs,J_Want98,176,"Not much more to say really, OP pretty much hit the nail on the head!!!

It's very frustrating that people assume just because I'm (22m) an ugly person that makes me a bad person or someone with an ugly personality! I've spoken on here in the past about times were I was rejected solely based off looks. Like just one example was when I tried to approach a girl at this party I attended and her response was ""eww no, please just don't even try talking to me."" This response was based purely on my unattractiveness and occurred immediately, before I'd even opened my mouth to speak, so quite clearly had nothing to do with personality...

Rejections like this are a very real reality for objectively unattractivene people like myself and from my personal experience, occur far more often than not. It'",https://reddit.com/r/dating_advice/comments/p4i9gl/_/h8z25rs/,Getting over approach anxiety
p4i9gl,What is the big deal with hating on unattractive people who talk about their struggles?,dating_advice,2070,https://reddit.com/r/dating_advice/comments/p4i9gl/what_is_the_big_deal_with_hating_on_unattractive/,h8zgt3h,[deleted],148,"Ugly lonely male here. 

I never been with a girl in my life, and probably never will. Ive been active on this sub for a while, and all i get told is how I must be awful or deserving of mistreatment by women because.... ""my personality"". 

I get told it ""MUST be my fault"", and ""im the common denominator"". 

When I wonder or am curious on how dating works, ""crawl out your moms basement! have you tried that""!?

I live alone and work full time and am working on a degree. I am 100% independent and YES, i shower daily. 

The thing is, I think these people hear that you struggle with dating, therefore you must be... undesirable, so its then ok to treat you like shit. 

Think about it, your a woman browsing this sub, and see a man addressing his issue, if hes having issues you think ""oh, he must ",https://reddit.com/r/dating_advice/comments/p4i9gl/_/h8zgt3h/,General / Other
p4i9gl,What is the big deal with hating on unattractive people who talk about their struggles?,dating_advice,2070,https://reddit.com/r/dating_advice/comments/p4i9gl/what_is_the_big_deal_with_hating_on_unattractive/,h8ywgvw,Frequent_Lychee1228,81,"I do see that too. I think it is the way those posts come off. It sounds like a tantrum or very whiny. Like they sound like they are entitled or deserve to have chances and that it is society's fault. It feels like a lot of blame deflection on other people. Whereas it could be more humble. Like not blaming other people, taking responsibility for one self, and putting effort to improve.

Just as an example usually posts sound like
""29 and have never got a girlfriend. I work out, have a job, decent hygiene, and about average look, but no girl wants me. I am losing hope that no girl likes me because I am not good looking enough. Yada yada yada more rhetoric."" 

It kind of just sounds like these people feel like having a job, good hygiene, and working out should give them a chance to get a gf.",https://reddit.com/r/dating_advice/comments/p4i9gl/_/h8ywgvw/,General / Other
p4i9gl,What is the big deal with hating on unattractive people who talk about their struggles?,dating_advice,2070,https://reddit.com/r/dating_advice/comments/p4i9gl/what_is_the_big_deal_with_hating_on_unattractive/,h8z5246,IvoRiot,59,"First off I'd like to say that I'm really sorry to hear that. I've never in my life had something like this happen to me and I can only imagine how much that hurt to experience. Hanging out with certain friends I've seen this happen myself. Good guys who dont even get a chance and they do everything right. I really hope people learn how to be a bit more cognizant of their privileges and lack of awareness. 

Either way, you're still a king brother 🙏🏽☝🏽",https://reddit.com/r/dating_advice/comments/p4i9gl/_/h8z5246/,General / Other
p4i9gl,What is the big deal with hating on unattractive people who talk about their struggles?,dating_advice,2070,https://reddit.com/r/dating_advice/comments/p4i9gl/what_is_the_big_deal_with_hating_on_unattractive/,h8z9s84,IvoRiot,52,"Yeah I've noticed that unfortunately.

It needs to stop",https://reddit.com/r/dating_advice/comments/p4i9gl/_/h8z9s84/,General / Other
p4i9gl,What is the big deal with hating on unattractive people who talk about their struggles?,dating_advice,2070,https://reddit.com/r/dating_advice/comments/p4i9gl/what_is_the_big_deal_with_hating_on_unattractive/,h8yzrxx,IvoRiot,26,"I do want to ask though. What advice would you give to the ugly guy who genuinely tries his best, a good guy through and through, who just cant catch a break? I mean yeah no one like a whiner, but we dont know how hard they've tried. Idk I guess I just dont like being that guy who only walks in my own shoes.",https://reddit.com/r/dating_advice/comments/p4i9gl/_/h8yzrxx/,General / Other
p4i9gl,What is the big deal with hating on unattractive people who talk about their struggles?,dating_advice,2070,https://reddit.com/r/dating_advice/comments/p4i9gl/what_is_the_big_deal_with_hating_on_unattractive/,h8zfs23,IvoRiot,19,"Well I hope it changes. And of course. 

Just because I dont go through it doesnt mean I shouldn't speak up against it ☝🏽",https://reddit.com/r/dating_advice/comments/p4i9gl/_/h8zfs23/,General / Other
p4i9gl,What is the big deal with hating on unattractive people who talk about their struggles?,dating_advice,2070,https://reddit.com/r/dating_advice/comments/p4i9gl/what_is_the_big_deal_with_hating_on_unattractive/,h8yy9gc,IvoRiot,18,"This actually makes a lot of sense. I agree. Yes of course your looks may let you get your foot in the door but it's how you overall present yourself as a human being that's most important. All of those modifiers or you outward appearance have an effect on perception but only so much.

And the superficial point is so real. The saddest part of that is they're only doing that because they've seen the more attractive people do it or suggest it. Of course those things help but they do become a bit too invested. I've noticed  the less attractive people just overall have a harder time integrating into society and all.",https://reddit.com/r/dating_advice/comments/p4i9gl/_/h8yy9gc/,General / Other
p4i9gl,What is the big deal with hating on unattractive people who talk about their struggles?,dating_advice,2070,https://reddit.com/r/dating_advice/comments/p4i9gl/what_is_the_big_deal_with_hating_on_unattractive/,h8yvvk6,IvoRiot,14,"Fair enough. It would be nice if everyone were built to overcome, but I dont think it's wrong to voice anything.",https://reddit.com/r/dating_advice/comments/p4i9gl/_/h8yvvk6/,General / Other
p4i9gl,What is the big deal with hating on unattractive people who talk about their struggles?,dating_advice,2070,https://reddit.com/r/dating_advice/comments/p4i9gl/what_is_the_big_deal_with_hating_on_unattractive/,h8zwhn8,IvoRiot,14,"So unattractive people arent allowed to feel bad about anything? This isnt a jab, I'm genuinely asking. Now I'm not saying there arent unattractive people who are overall shitty people. There are. But is every unattractive person that bad for talking about their bad experiences and wanting some relief?",https://reddit.com/r/dating_advice/comments/p4i9gl/_/h8zwhn8/,General / Other
p4i9gl,What is the big deal with hating on unattractive people who talk about their struggles?,dating_advice,2070,https://reddit.com/r/dating_advice/comments/p4i9gl/what_is_the_big_deal_with_hating_on_unattractive/,h8zf3pt,IvoRiot,13,Absolutely. I'll admit though I try to assume that they're putting in genuine effort since I dont really know their story.,https://reddit.com/r/dating_advice/comments/p4i9gl/_/h8zf3pt/,General / Other
p4i9gl,What is the big deal with hating on unattractive people who talk about their struggles?,dating_advice,2070,https://reddit.com/r/dating_advice/comments/p4i9gl/what_is_the_big_deal_with_hating_on_unattractive/,h8zna17,IvoRiot,12,"Exactly this. I'll never get behind the rhetoric of ""I'm a nice guy and I deserve cooch"" but I can't pretend people arent given the shit end of the stick.",https://reddit.com/r/dating_advice/comments/p4i9gl/_/h8zna17/,General / Other
p4i9gl,What is the big deal with hating on unattractive people who talk about their struggles?,dating_advice,2070,https://reddit.com/r/dating_advice/comments/p4i9gl/what_is_the_big_deal_with_hating_on_unattractive/,h8zbn3u,IvoRiot,10,Damn. You're right.,https://reddit.com/r/dating_advice/comments/p4i9gl/_/h8zbn3u/,General / Other
p4i9gl,What is the big deal with hating on unattractive people who talk about their struggles?,dating_advice,2070,https://reddit.com/r/dating_advice/comments/p4i9gl/what_is_the_big_deal_with_hating_on_unattractive/,h8z8487,IvoRiot,9,"All valid points. But then again why assume that a person isnt trying to be their best selves at all times? Yes, good guys can be lazy, boring, socially awkward, maybe even depressed and unmotivated. But they can also be hardworking, charismatic, live interesting lives.... 

I agree with you on all fronts. Believe me I do. But honestly what about the person who does everything within their power to change and improve? 

I mean if it were that easy there wouldnt be such sad posts by a lot of these guys.",https://reddit.com/r/dating_advice/comments/p4i9gl/_/h8z8487/,General / Other
p4i9gl,What is the big deal with hating on unattractive people who talk about their struggles?,dating_advice,2070,https://reddit.com/r/dating_advice/comments/p4i9gl/what_is_the_big_deal_with_hating_on_unattractive/,h8z7l2z,IvoRiot,9,"That's not the problem. The problem is with unattractive people they're automatically labeled as uninteresting or lame or perhaps boring. You as an attractive person dont have that particular vice to deal with. I dont consider myself very attractive but I know that I could get dates and maybe relationships with a little work. 

And I get that. It sucks to see people complain about something you also struggle with. Especially if you feel like you have advantages that you know they dont. And yes you're right. There are unattractive people who have had success. But they unfortunately dont make up the majority. And they usually have one amazing thing that they've perfected over their lifetime. I guess I just empathize because I have the privilege of not having to struggle like they do.",https://reddit.com/r/dating_advice/comments/p4i9gl/_/h8z7l2z/,Destigmatizing the experience
o79c3q,"I got rejected, and it felt good.",dating_advice,1995,https://reddit.com/r/dating_advice/comments/o79c3q/i_got_rejected_and_it_felt_good/,h5yykk7,Deadpool27,2,"Hey man, I completely understand. I’m by no means the most qualified to give any advice on this, but in terms of just meeting people, I’d see about pursuing group recreational activities. D&amp;D, improv, a dance class, a comedy club, all are great places to meet people. Just hang in there.",https://reddit.com/r/dating_advice/comments/o79c3q/_/h5yykk7/,General / Other
o79c3q,"I got rejected, and it felt good.",dating_advice,1995,https://reddit.com/r/dating_advice/comments/o79c3q/i_got_rejected_and_it_felt_good/,h31brt4,Deadpool27,2,Good lord 😂,https://reddit.com/r/dating_advice/comments/o79c3q/_/h31brt4/,General / Other
dzpb20,I [23M] have never been in a relationship or had sex and don't know where to start.,dating_advice,1734,https://reddit.com/r/dating_advice/comments/dzpb20/i_23m_have_never_been_in_a_relationship_or_had/,f8a8d1b,[deleted],135,"I was once a 23M virgin. I took the ""Focus on yourself and it will happen when it happens."" route and now I'm a 27M virgin. Take my advice whatever way you want. I may not know what works, but I sure as hell know what *doesn't* work.

Firstly, I would ignore any comment here that's telling you to try and solve the problem from within. By solving it from within, I mean anyone that's telling you to ""focus on your confidence"", ""learn to love yourself"", or ""realize there's nothing wrong with you"". Those are feel good tropes that won't change anything. Instead, focus on the material conditions of you being a single virgin. By material conditions I mean, what is the actual structure of your life? What do you do on a day to day basis and how often do you come within close physical proximity of wo",https://reddit.com/r/dating_advice/comments/dzpb20/_/f8a8d1b/,Building self-worth
dzpb20,I [23M] have never been in a relationship or had sex and don't know where to start.,dating_advice,1734,https://reddit.com/r/dating_advice/comments/dzpb20/i_23m_have_never_been_in_a_relationship_or_had/,f89a5b1,23goingon13,43,"Thanks so much for responding. I know that I need to work on loving myself and my self-confidence in dating, I'm just not sure exactly *how* to do it.",https://reddit.com/r/dating_advice/comments/dzpb20/_/f89a5b1/,Building self-worth
dzpb20,I [23M] have never been in a relationship or had sex and don't know where to start.,dating_advice,1734,https://reddit.com/r/dating_advice/comments/dzpb20/i_23m_have_never_been_in_a_relationship_or_had/,f89ai2c,23goingon13,40,I appreciate the response but as I said in the post I've heard things like this before and tell myself these things frequently but it doesn't change much. I can't seem to accept the position I'm in as normal. Do you have any advice for working on this?,https://reddit.com/r/dating_advice/comments/dzpb20/_/f89ai2c/,General / Other
dzpb20,I [23M] have never been in a relationship or had sex and don't know where to start.,dating_advice,1734,https://reddit.com/r/dating_advice/comments/dzpb20/i_23m_have_never_been_in_a_relationship_or_had/,f8adz4e,snorlaxisahomophobe,33,"I think you’re over analyzing it. For example, I don’t see myself as an overly confident person. While I consider myself successful, I sometimes struggle to speak to women. But guess what? I have a girlfriend and we love each other dearly. 

We found each other at work (different departments) and I was very comfortable around her because I love what I do and I’m really good at it, therefore it made it easy to establish a connection to her in a work setting.

When people talk about “talking to women” the first thing everyone thinks of is approaching girls at a bar. Well some guys are really good at this. Why? Because those are the same guys that go to bars every single weekend. It’s what they know and what they’re good at and that’s my point, meetings girls in an environment that you feel t",https://reddit.com/r/dating_advice/comments/dzpb20/_/f8adz4e/,Getting over approach anxiety
dzpb20,I [23M] have never been in a relationship or had sex and don't know where to start.,dating_advice,1734,https://reddit.com/r/dating_advice/comments/dzpb20/i_23m_have_never_been_in_a_relationship_or_had/,f89e45e,23goingon13,31,"I don't think 'normal' is the right term here. I know that plenty of people go right into their 30s without being in a relationship. I'm struggling for a better one, 'average'? maybe? 'expected'? Yeah expected I think. It was certainly not my own expectation to be in this position. I remember when I was 16 thinking my life through quite a lot; I'd lose my virginity at University, date a few women, be in a committed relationship by 25, get a house etc. Little did I know it was basically the exact opposite of that. Never had sex or dated in any real capacity, I wasted three years at university before dropping out and now I'm back in education with people 7 years younger than me that have lived more than I have. I'm comparing again. Ugh.",https://reddit.com/r/dating_advice/comments/dzpb20/_/f89e45e/,General / Other
dzpb20,I [23M] have never been in a relationship or had sex and don't know where to start.,dating_advice,1734,https://reddit.com/r/dating_advice/comments/dzpb20/i_23m_have_never_been_in_a_relationship_or_had/,f89d1m9,23goingon13,20,"I agree that comparing myself to others is a bad idea, I've known this for a while but as you said it's very hard to stop it. I've been to counselling for depression before so I know the benefits of professional help and I have considered it. But again, the self-doubt came in: ""This isn't something worth going to therapy over."" ""Just get over it."" ""Man up."" etc. etc. Another aspect of that is financial, I haven't looked it up but I imagine it's quite expensive (I'm in the UK) for a qualified therapist and it's obviously not covered by the NHS unless its a diagnosed medical disorder. I'll think about it more though.",https://reddit.com/r/dating_advice/comments/dzpb20/_/f89d1m9/,General / Other
dzpb20,I [23M] have never been in a relationship or had sex and don't know where to start.,dating_advice,1734,https://reddit.com/r/dating_advice/comments/dzpb20/i_23m_have_never_been_in_a_relationship_or_had/,f89g5ny,23goingon13,17,"Yes I'm definitely interested in a relationship, I've had a conversation with someone else in PMs about considering casual dating rather than diving into relationships which I might try as well. My age has something to do with it but it's mostly just a feeling of wanting to share my life with someone else.",https://reddit.com/r/dating_advice/comments/dzpb20/_/f89g5ny/,General / Other
dzpb20,I [23M] have never been in a relationship or had sex and don't know where to start.,dating_advice,1734,https://reddit.com/r/dating_advice/comments/dzpb20/i_23m_have_never_been_in_a_relationship_or_had/,f8bbwd5,23goingon13,16,"For me this is easier said than done. When I've talked about things I've done in the past to a counsellor they congratulated me on doing something so well. I instantly countered by saying that it wasn't hard and it was expected of me, that I didn't deserve any gratitude for something I achieved. That was a couple years ago and I still do this, I do something and literally *can't see* that I should be proud of it, I feel like things are too easy or I don't do them well enough. I frequently rate my performance lower than my reviews at work, I tell my coach that I feel my lifting technique has gotten worse even though they tell me it improves week after week. I now realise this is an issue that I need professional help with, but I can't see how I could get past it without lying to myself abou",https://reddit.com/r/dating_advice/comments/dzpb20/_/f8bbwd5/,General / Other
dzpb20,I [23M] have never been in a relationship or had sex and don't know where to start.,dating_advice,1734,https://reddit.com/r/dating_advice/comments/dzpb20/i_23m_have_never_been_in_a_relationship_or_had/,f8bed4y,23goingon13,7,"Thanks for this, I really needed a kick in the arse so to speak haha. I'm going to join a few groups soon and just force myself into situations where I talk to women, what the hell do I have to lose except my v-card right?

Yeah I'm not really worried about how I perform my first time, cross that bridge y'know?",https://reddit.com/r/dating_advice/comments/dzpb20/_/f8bed4y/,Fear of intimacy after abstinence
dzpb20,I [23M] have never been in a relationship or had sex and don't know where to start.,dating_advice,1734,https://reddit.com/r/dating_advice/comments/dzpb20/i_23m_have_never_been_in_a_relationship_or_had/,f8ab2fk,[deleted],7,"Idk, honestly as of now I'm doing fine in my life. I have a good amount of friends, working towards a good career, and I have an internship lined up. Really only thing I'm missing is a girlfriend, but that's because I'm in stem school which is like 75% male. So meeting girls (let alone single ones who are attracted to you and you find attractive) is next to impossible, especially if you're not super outgoing.

&amp;#x200B;

I do go on online dates but it pretty much never works out lol. Flaked on today as a matter of fact.

&amp;#x200B;

If it wasn't for being 6'1"" and having passable looks it would be over for me.

&amp;#x200B;

If I was say, 5'5"", that'd be the end of it, for me at least. I think most people act like it's reasonably possible for most people to escape this predicament. Po",https://reddit.com/r/dating_advice/comments/dzpb20/_/f8ab2fk/,General / Other
dzpb20,I [23M] have never been in a relationship or had sex and don't know where to start.,dating_advice,1734,https://reddit.com/r/dating_advice/comments/dzpb20/i_23m_have_never_been_in_a_relationship_or_had/,f8bfww2,23goingon13,6,"I am doing things that I think are challenging right now. The problem comes when I achieve the goal. The instant I reflect on what I did I can't see the positive side, just what I didn't do correctly. It's not that I even consciously do this, I literally *don't see* the positive once it's been done.",https://reddit.com/r/dating_advice/comments/dzpb20/_/f8bfww2/,General / Other
dzpb20,I [23M] have never been in a relationship or had sex and don't know where to start.,dating_advice,1734,https://reddit.com/r/dating_advice/comments/dzpb20/i_23m_have_never_been_in_a_relationship_or_had/,f8baynv,23goingon13,4,"This really sums up the advice in the whole thread and I just love it. I need more confidence talking to women and the only real way of doing this properly is through putting myself in situations around others where I am confident or can grow confident over time. I have a hard time realising my own accomplishments too, this is something I've noticed time and again and it's recently coming to a head in many areas of my life at once. This is something I might see a professional about as I think it's quite a deep set issue and it's really holding me back. I'm feeling a lot more positive about things now that I know there's things I can work on, now I've got to put it in action!",https://reddit.com/r/dating_advice/comments/dzpb20/_/f8baynv/,Building self-worth
1r02r5x,I accidentally saw my date's Hinge notification count.,dating_advice,1704,https://reddit.com/r/dating_advice/comments/1r02r5x/i_accidentally_saw_my_dates_hinge_notification/,o4f8c4d,Paulfradk,174,"I actually forgot to put that in my post and i 100% agree.

Im just trying to move on, theres nothing much i can do but just carry on with whatever i feel like. 
I was surprised, but thinking more about it now, i may just be overreacting.

I just had to get this off of my shoulders.",https://reddit.com/r/dating_advice/comments/1r02r5x/_/o4f8c4d/,General / Other
1r02r5x,I accidentally saw my date's Hinge notification count.,dating_advice,1704,https://reddit.com/r/dating_advice/comments/1r02r5x/i_accidentally_saw_my_dates_hinge_notification/,o4fyyvy,_Dingaloo,30,"I'm a dude so maybe different, but I can tell pretty quickly if a conversation isn't worth it. Like 90% of my matches by message 5 I'm not interested in the person at all anymore",https://reddit.com/r/dating_advice/comments/1r02r5x/_/o4fyyvy/,General / Other
1r02r5x,I accidentally saw my date's Hinge notification count.,dating_advice,1704,https://reddit.com/r/dating_advice/comments/1r02r5x/i_accidentally_saw_my_dates_hinge_notification/,o4f9yfw,Paulfradk,27,"Ah, i wasnt even aware about the match limit.",https://reddit.com/r/dating_advice/comments/1r02r5x/_/o4f9yfw/,General / Other
1r02r5x,I accidentally saw my date's Hinge notification count.,dating_advice,1704,https://reddit.com/r/dating_advice/comments/1r02r5x/i_accidentally_saw_my_dates_hinge_notification/,o4f9pwc,Paulfradk,19,"Yeah, im thinking the same",https://reddit.com/r/dating_advice/comments/1r02r5x/_/o4f9pwc/,General / Other
1r02r5x,I accidentally saw my date's Hinge notification count.,dating_advice,1704,https://reddit.com/r/dating_advice/comments/1r02r5x/i_accidentally_saw_my_dates_hinge_notification/,o4ga1oc,Saurid,6,"Yeah and on average you will have as a guy more luck on the aggregate. Like yeah I had some disaster dates but if I look at the percentages of shit dates and matches to good matches its like 50/50. Let's go low for arguments sake and say its 25/75, with good I dont mean you get alid or get a relationship I mean you had a nice enough evening you dont feel like you wasted your damn time.

Woman have from my knowledge like a similar experience ... for dates alone, some worse some vetter depends a lot on how soon they go on dates, if we include just matches, it will probably go down to 1/100?

Its just as demorilzing, demeaning and feels bad. Its just differnet no one has it worse than the other gender. Both ahve equally bad experiences just for differnet reasons and any man or woman who think",https://reddit.com/r/dating_advice/comments/1r02r5x/_/o4ga1oc/,General / Other
m3gynb,My best friend told me he loves me!,dating_advice,1563,https://reddit.com/r/dating_advice/comments/m3gynb/my_best_friend_told_me_he_loves_me/,gqp22ua,theliloutkast,21,"We weren't kissing regularly. We would fool around, do other things, but we had only kissed maybe a a handful of times before that.",https://reddit.com/r/dating_advice/comments/m3gynb/_/gqp22ua/,General / Other
m3gynb,My best friend told me he loves me!,dating_advice,1563,https://reddit.com/r/dating_advice/comments/m3gynb/my_best_friend_told_me_he_loves_me/,gqpzz14,Vaginitits,20,"Damn, I know there’s nothing I can say to help, but I wish you the best. Even leaving my girlfriend of 10 years was incredibly difficult. Nothing will ever replace those times, but she would want you to live your best life regardless.",https://reddit.com/r/dating_advice/comments/m3gynb/_/gqpzz14/,General / Other
m3gynb,My best friend told me he loves me!,dating_advice,1563,https://reddit.com/r/dating_advice/comments/m3gynb/my_best_friend_told_me_he_loves_me/,gqp27kt,theliloutkast,18,"Yeah, I was trying to convince myself they were friend feelings, and it was something I had to get over",https://reddit.com/r/dating_advice/comments/m3gynb/_/gqp27kt/,General / Other
1o38g38,To men mid-20s+ who have never had a relationship: it won't 'just happen',dating_advice,1546,https://reddit.com/r/dating_advice/comments/1o38g38/to_men_mid20s_who_have_never_had_a_relationship/,nitbxks,Legitimate_Sink_687,207,"Sadly, a relationship doesn't happen even if you do put effort in. I've experienced that the hard way - 35M with no relationship or date. Worked on myself, went to therapy, and approached women in different environments and events. 

Still, to no avail. No one's fault - just bad luck and not seen as an option. Some people are just at the bottom of the pile and have to accept it. It's harsh but so is this world.",https://reddit.com/r/dating_advice/comments/1o38g38/_/nitbxks/,Getting over approach anxiety
1o38g38,To men mid-20s+ who have never had a relationship: it won't 'just happen',dating_advice,1546,https://reddit.com/r/dating_advice/comments/1o38g38/to_men_mid20s_who_have_never_had_a_relationship/,niteq2k,[deleted],58,"You're not wrong, but to ask enough women out that *one* would say yes, in my small town would probably give me the reputation as some kind of creep. I'd worry it would, anyway.

Also, I hate to say it, but although being single for ever admittedly sounds very scary, having to explain to a woman that I probably only know a little bit why I've never had a girlfriend by my early 30's sounds absolutely terrifying.",https://reddit.com/r/dating_advice/comments/1o38g38/_/niteq2k/,Breaking the inexperience loop
1o38g38,To men mid-20s+ who have never had a relationship: it won't 'just happen',dating_advice,1546,https://reddit.com/r/dating_advice/comments/1o38g38/to_men_mid20s_who_have_never_had_a_relationship/,nixcdu0,AquariusAlternative,27,"34m here. After a rejection (not directly, in fact very very indirect, like a missed chance she wasn’t aware of) was the final straw. Had to take drastic action. Now im somewhat in a situationship but i think im winning.",https://reddit.com/r/dating_advice/comments/1o38g38/_/nixcdu0/,Understanding rejection
1o38g38,To men mid-20s+ who have never had a relationship: it won't 'just happen',dating_advice,1546,https://reddit.com/r/dating_advice/comments/1o38g38/to_men_mid20s_who_have_never_had_a_relationship/,nittodt,Front_Statistician38,21,Totally agree from 2008-2012 I approached 3000 women and got a girlfriend and lost her after a month and half because I was to addicted to meeting new women,https://reddit.com/r/dating_advice/comments/1o38g38/_/nittodt/,Getting over approach anxiety
1o38g38,To men mid-20s+ who have never had a relationship: it won't 'just happen',dating_advice,1546,https://reddit.com/r/dating_advice/comments/1o38g38/to_men_mid20s_who_have_never_had_a_relationship/,nith5to,paradoxoclock,21,"Occasionally women will initiate, but it's too sporadic to count on. As you say, you can't afford to be a passive introverted guy. You've got to make the first move 95% of the time.",https://reddit.com/r/dating_advice/comments/1o38g38/_/nith5to/,General / Other
1o38g38,To men mid-20s+ who have never had a relationship: it won't 'just happen',dating_advice,1546,https://reddit.com/r/dating_advice/comments/1o38g38/to_men_mid20s_who_have_never_had_a_relationship/,nityqey,paradoxoclock,20,"Yeah, I think it's a comfortable lie people tell you because they're too polite to tell you you're doing something wrong. That, or they genuinely forget that they had put some effort in to find their own partner.",https://reddit.com/r/dating_advice/comments/1o38g38/_/nityqey/,General / Other
1o38g38,To men mid-20s+ who have never had a relationship: it won't 'just happen',dating_advice,1546,https://reddit.com/r/dating_advice/comments/1o38g38/to_men_mid20s_who_have_never_had_a_relationship/,nitw5mj,paradoxoclock,7,"Low, but obviously not prohibitively low, or hardly anyone would have a girlfriend. In reality, most guys play the numbers game enough that they manage to find anywhere between one and a handful of girlfriends over their dating life.",https://reddit.com/r/dating_advice/comments/1o38g38/_/nitw5mj/,General / Other
1o38g38,To men mid-20s+ who have never had a relationship: it won't 'just happen',dating_advice,1546,https://reddit.com/r/dating_advice/comments/1o38g38/to_men_mid20s_who_have_never_had_a_relationship/,nitkrzi,paradoxoclock,6,"Exactly. And I think most men do understand that they have to put in effort to get a girlfriend. But for whatever reason, some men - like me for a long time - don't grasp this reality. And those men have sporadic or no results.",https://reddit.com/r/dating_advice/comments/1o38g38/_/nitkrzi/,General / Other
1o38g38,To men mid-20s+ who have never had a relationship: it won't 'just happen',dating_advice,1546,https://reddit.com/r/dating_advice/comments/1o38g38/to_men_mid20s_who_have_never_had_a_relationship/,nj0mxw4,Jman155,5,"Well said, as a man you gotta make it happen, plain and simple",https://reddit.com/r/dating_advice/comments/1o38g38/_/nj0mxw4/,General / Other
kt06h1,Dating feels like emotional overload and I don't know how to deal.,dating_advice,1526,https://reddit.com/r/dating_advice/comments/kt06h1/dating_feels_like_emotional_overload_and_i_dont/,gillta7,dramaminefield,8,"I have been to therapy, and when I was younger had some pretty severe social phobias - in college I really broke out of my shell and forced myself to go to parties, took public speaking classes, so I'm in a pretty good spot now honestly with a good job and lots of friends. For some reason though the thought of being in a relationship just brings that scared kid back out in me... Like there's this line where I'm very comfortable talking to women and joking around, but soon as there's a hint of it going further I hide back in my shell.",https://reddit.com/r/dating_advice/comments/kt06h1/_/gillta7/,General / Other
kt06h1,Dating feels like emotional overload and I don't know how to deal.,dating_advice,1526,https://reddit.com/r/dating_advice/comments/kt06h1/dating_feels_like_emotional_overload_and_i_dont/,gijuo15,derricks350z,4,"Don't forget being single makes life a lot less complicated, 44 y/o male here. Be aware there's lots of rotten apples out there and only a few good ones, so don't get discouraged if it takes a while to find someone worth your time. Good luck buddy",https://reddit.com/r/dating_advice/comments/kt06h1/_/gijuo15/,General / Other
kt06h1,Dating feels like emotional overload and I don't know how to deal.,dating_advice,1526,https://reddit.com/r/dating_advice/comments/kt06h1/dating_feels_like_emotional_overload_and_i_dont/,gillcmv,dramaminefield,3,I've been on Step 1 for about a year and a half now lol - I like this though.,https://reddit.com/r/dating_advice/comments/kt06h1/_/gillcmv/,General / Other
kt06h1,Dating feels like emotional overload and I don't know how to deal.,dating_advice,1526,https://reddit.com/r/dating_advice/comments/kt06h1/dating_feels_like_emotional_overload_and_i_dont/,gikmaaj,dramaminefield,2,"Thanks for this, I've heard of attachment styles before and maybe it would help to diagnose the root cause - I'll check this out!",https://reddit.com/r/dating_advice/comments/kt06h1/_/gikmaaj/,General / Other
nnn0n7,Girl (25) I am dating just told me (25M) that she is asexual,dating_advice,1509,https://reddit.com/r/dating_advice/comments/nnn0n7/girl_25_i_am_dating_just_told_me_25m_that_she_is/,gzvs5oy,charlesborneoat,35,Yeah I want to talk more with her before I decide anything for sure,https://reddit.com/r/dating_advice/comments/nnn0n7/_/gzvs5oy/,General / Other
nnn0n7,Girl (25) I am dating just told me (25M) that she is asexual,dating_advice,1509,https://reddit.com/r/dating_advice/comments/nnn0n7/girl_25_i_am_dating_just_told_me_25m_that_she_is/,gzvs3vs,charlesborneoat,9,"No, nothing at all. So I suppose in that sense I'm already used to it lol",https://reddit.com/r/dating_advice/comments/nnn0n7/_/gzvs3vs/,General / Other
nnn0n7,Girl (25) I am dating just told me (25M) that she is asexual,dating_advice,1509,https://reddit.com/r/dating_advice/comments/nnn0n7/girl_25_i_am_dating_just_told_me_25m_that_she_is/,gzyh4rs,yas9in,7,"A bit unrelated, but may I ask how one can know he/she is asexual? I had a girlfriend who was unable to orgasm and the intensity of sexual stimulus would make her want to stop after a few minutes, and have been wondering if she was asexual.",https://reddit.com/r/dating_advice/comments/nnn0n7/_/gzyh4rs/,General / Other
cl2krc,I'm not sure if this is appropriate to post here. I'm hopelessly in love with a friend of mine and need some advice.,dating_advice,1378,https://reddit.com/r/dating_advice/comments/cl2krc/im_not_sure_if_this_is_appropriate_to_post_here/,evshw7l,OrickJagstone,207,"You're totally right man. Like I said at the end of my post, i just needed to vent this out. I'm working on managing it. The old axum ""old feelings die hard"". Its going to take some time, some personal work. I'll manage it, find some constructive ways to vent these feelings.",https://reddit.com/r/dating_advice/comments/cl2krc/_/evshw7l/,General / Other
cl2krc,I'm not sure if this is appropriate to post here. I'm hopelessly in love with a friend of mine and need some advice.,dating_advice,1378,https://reddit.com/r/dating_advice/comments/cl2krc/im_not_sure_if_this_is_appropriate_to_post_here/,evsiu7p,OrickJagstone,109,"This is totally a tactic. Like I'm pretty sure if I was really casual just like said hey, in case you didn't pick up on this already, I'm kinda crazy about you. Even if shes like ""we are just friends and that's all we will ever be"" at least I'll loose some of the turmoil I have in my head.",https://reddit.com/r/dating_advice/comments/cl2krc/_/evsiu7p/,Escaping the friend zone
cl2krc,I'm not sure if this is appropriate to post here. I'm hopelessly in love with a friend of mine and need some advice.,dating_advice,1378,https://reddit.com/r/dating_advice/comments/cl2krc/im_not_sure_if_this_is_appropriate_to_post_here/,evsjhsh,OrickJagstone,44,"Like you said, if we have a strong friendship it will survive. And we do. Like I'm not going to be crushed if shes like I just vaule your friendship, I love my boyfriend, let's just be friends. I would literally just respond to that by saying, honestly I just needed to let you know, it's been bugging me for a while and I just needed to get it off my chest.",https://reddit.com/r/dating_advice/comments/cl2krc/_/evsjhsh/,General / Other
cl2krc,I'm not sure if this is appropriate to post here. I'm hopelessly in love with a friend of mine and need some advice.,dating_advice,1378,https://reddit.com/r/dating_advice/comments/cl2krc/im_not_sure_if_this_is_appropriate_to_post_here/,evsjppa,OrickJagstone,37,I'll probably pull the trigger this weekend.,https://reddit.com/r/dating_advice/comments/cl2krc/_/evsjppa/,General / Other
cl2krc,I'm not sure if this is appropriate to post here. I'm hopelessly in love with a friend of mine and need some advice.,dating_advice,1378,https://reddit.com/r/dating_advice/comments/cl2krc/im_not_sure_if_this_is_appropriate_to_post_here/,evuc35z,tangledturnip313,28,"I know this feeling exactly, one of the guys in my friend group a few years ago was my whole world for two years. When he got a girlfriend that wasn’t me I was shattered(sounds exaggerated but me and so many of my friends thought we wouldve gotten together), it took me almost a year to cut ties (eventually realized we couldn’t stay friends because he treated me the same as he did while single and I felt like he was leading me on still) it was one of the hardest thing I’ve done because we had been so close for so long texting almost 24/7/365. And even after I finally let go it’s been almost another year to finally start feeling whole again, like he wasnt missing from me anymore. 

All I’m saying is that shits hard to deal with, you tell yourself it shouldn’t hurt this much since you were ne",https://reddit.com/r/dating_advice/comments/cl2krc/_/evuc35z/,Learning the mechanics of dating
cl2krc,I'm not sure if this is appropriate to post here. I'm hopelessly in love with a friend of mine and need some advice.,dating_advice,1378,https://reddit.com/r/dating_advice/comments/cl2krc/im_not_sure_if_this_is_appropriate_to_post_here/,evsiexy,OrickJagstone,28,"Again I'll say this, I know life isnt a sitcom. Still I feel like I'm in a Jim and Pam situation except Roy isn't an asshole he's a really nice guy. Sometimes man, there's like these moments, I catch her looking at me, or like some body language. Like here is an example this literally just happened. It's a little chilly this morning shes rocking her usual tank and short shorts and is freezing. I put my hands on her arms and like rubbed them real fast. She just looked at me and smiled. Like ugh, why do I do this shit to myself.",https://reddit.com/r/dating_advice/comments/cl2krc/_/evsiexy/,General / Other
cl2krc,I'm not sure if this is appropriate to post here. I'm hopelessly in love with a friend of mine and need some advice.,dating_advice,1378,https://reddit.com/r/dating_advice/comments/cl2krc/im_not_sure_if_this_is_appropriate_to_post_here/,evt5qzt,OrickJagstone,11,"Dude, thank you. All these comments about how I'm wasting my time. Or that I'm not in the right state of mind to be her friend, or that im really not her friend im just into her. We are both so close and have such a great friendship this is excatly my highest hope now. 

I tell her and she will listen. She will kindly explain to me that either she is very invested in her current relationship, and or she doesn't share these feelings. 

Then I'll just have some emotional management to do. Maybe take some time off talking to her to adjust my feelings. Learn to manage this in a way that it doesn't cause me stress. 

I think all the shitty feelings I'm having are just coming from the fact that there is a chance that she just doesn't know. She's so cool I'm positive this isnt going to end in a """,https://reddit.com/r/dating_advice/comments/cl2krc/_/evt5qzt/,General / Other
cl2krc,I'm not sure if this is appropriate to post here. I'm hopelessly in love with a friend of mine and need some advice.,dating_advice,1378,https://reddit.com/r/dating_advice/comments/cl2krc/im_not_sure_if_this_is_appropriate_to_post_here/,evsjw1k,[deleted],8,"I was in a similar situation. I asked her out and she said she's going away and can't go with mě. Basicly turning me down gently. Well, I met her a few times after that randomly and it was akward as fuck. Then like a week ago after almost a year we met again randomly with a group of mutual friends and we talked without the akwardness. So I guess we're fine. I won't try this again but I cannot say I am over her without lying to myself.",https://reddit.com/r/dating_advice/comments/cl2krc/_/evsjw1k/,General / Other
cvm9w7,My first date.,dating_advice,1303,https://reddit.com/r/dating_advice/comments/cvm9w7/my_first_date/,ey513y2,TheOkaysian,349,"Wow. Presented like that, it does sound not quite as bad. You're right, I should focus as you say on the positive side. Thank you.",https://reddit.com/r/dating_advice/comments/cvm9w7/_/ey513y2/,General / Other
cvm9w7,My first date.,dating_advice,1303,https://reddit.com/r/dating_advice/comments/cvm9w7/my_first_date/,ey50waz,TheOkaysian,63,"Thanks for the reply. I don't really know about the one night stand. I mean, she probably would have been more  tactile/physical if that was the case ?

But yeah. I'll admit I took it pretty hard on the moment, but I think one day or two and I'll be all good. Go to keep my routine going. As another post mentioned it, the suns keeps rising.",https://reddit.com/r/dating_advice/comments/cvm9w7/_/ey50waz/,General / Other
cvm9w7,My first date.,dating_advice,1303,https://reddit.com/r/dating_advice/comments/cvm9w7/my_first_date/,ey5l7l7,TheOkaysian,38,"Well I'm sure you'll get that too one day, man :)

And yeah, I am grateful she actually answered and didn't just leave me hanging.",https://reddit.com/r/dating_advice/comments/cvm9w7/_/ey5l7l7/,General / Other
cvm9w7,My first date.,dating_advice,1303,https://reddit.com/r/dating_advice/comments/cvm9w7/my_first_date/,ey5cnvg,TheOkaysian,30,"&gt; I can relate to this so much. But at the same time, it's such a joy to feel you facing your fears in real time. 

I remember the surge of pride walking away after that moment :D Something I'll keep in mind from now on !

&gt; Dude, your writing skills are on a fucking point. I enjoyed reading this and totally felt synced with you. And the ending ruined my day. That's so ~~bad~~ sad. 

Thank you so much! English is not my mother tongue but I really felt I had to tell this story , as much for some feedback from Reddit, but also for myself.

&gt; But hey, look at the bright side, you actually fucking moved form your stagnant zone. You did not make a mistake. You were honest and kind, and had fun. 

I did have fun. And well, honest and kind? I like to believe the majority of us try to be ",https://reddit.com/r/dating_advice/comments/cvm9w7/_/ey5cnvg/,General / Other
cvm9w7,My first date.,dating_advice,1303,https://reddit.com/r/dating_advice/comments/cvm9w7/my_first_date/,ey5duzj,TheOkaysian,27,"Plenty of fish in the ocean, is that what people say ? :D 

But yeah. Lots of potential dates. Thank you for reminding me !",https://reddit.com/r/dating_advice/comments/cvm9w7/_/ey5duzj/,General / Other
cvm9w7,My first date.,dating_advice,1303,https://reddit.com/r/dating_advice/comments/cvm9w7/my_first_date/,ey5drct,gayqwertykeyboard,21,"She would most likely not be more physical regardless of whether she wants a one night stand or not. Most of the time as a guy, you just gotta make the first move and take the lead. She will give you subtle hints at most, but sometimes girls won’t even do that much. Don’t be afraid to go for more (if that’s what you want). 

In any case, don’t sweat it man, you have balls to do what you did. Keep doing it, keep getting practice in, go on lots of dates, you’ll learn how to read the signs. Believe it or not, dating is a skill that you build up over time through practice and experience. The more you do it, the better you’ll be at it. Every rejection is just a lesson learned. You got this.",https://reddit.com/r/dating_advice/comments/cvm9w7/_/ey5drct/,Understanding rejection
cvm9w7,My first date.,dating_advice,1303,https://reddit.com/r/dating_advice/comments/cvm9w7/my_first_date/,ey53sq3,TheOkaysian,21,"Hum, not hesitate I don't think so, but I surely will tell myself I can do it :D",https://reddit.com/r/dating_advice/comments/cvm9w7/_/ey53sq3/,General / Other
cvm9w7,My first date.,dating_advice,1303,https://reddit.com/r/dating_advice/comments/cvm9w7/my_first_date/,ey5581w,TheOkaysian,12,"Thanks for the compliment. I do try to keep something my father told me once, it wasn't even for dating (rarely talked about girls with him actually), but more a general, life advice he gave: Be *respectful*, and *respectable*. 

And you're probably right about her, not really a *her problem* per se but as /u/Eclipse3344 said, she just didn't feel the sparks I did. I'm already feeling better thanks to you guys, too.",https://reddit.com/r/dating_advice/comments/cvm9w7/_/ey5581w/,General / Other
cvm9w7,My first date.,dating_advice,1303,https://reddit.com/r/dating_advice/comments/cvm9w7/my_first_date/,ey60c0j,TheOkaysian,7,"Thank you :D

Maybe the next one will be the last, yeah, who knows \^\^",https://reddit.com/r/dating_advice/comments/cvm9w7/_/ey60c0j/,General / Other
cvm9w7,My first date.,dating_advice,1303,https://reddit.com/r/dating_advice/comments/cvm9w7/my_first_date/,ey5pwoc,TheOkaysian,7,"I didn't think about that... I'd say I don't think so, but again, as someone said... You can't really know. But I do appreciate the idea that she took the date because she found me attractive, that's for sure :p

I hope what happened to you won't happen again. Sounds like a hell of a thing to go through emotionally :/",https://reddit.com/r/dating_advice/comments/cvm9w7/_/ey5pwoc/,General / Other
cvm9w7,My first date.,dating_advice,1303,https://reddit.com/r/dating_advice/comments/cvm9w7/my_first_date/,ey5g82f,TheOkaysian,6,"&gt; She will give you subtle hints at most.

Eeesh. I managed to see the moment for the kiss that night, but I hope sometimes hints can be not so subtle.. \^\^'

&gt; Believe it or not, dating is a skill that you build up over time through practice and experience. The more you do it, the better you’ll be at it. 

Noted, I'll keep that in mind.

Thank you for the advice !",https://reddit.com/r/dating_advice/comments/cvm9w7/_/ey5g82f/,General / Other
cvm9w7,My first date.,dating_advice,1303,https://reddit.com/r/dating_advice/comments/cvm9w7/my_first_date/,ey5wnpu,TheOkaysian,5,"Thanks for all the advices :o
I try to be ""gender neutral"" when it comes to making friends. What makes it difficult is the domaine of work I'm in, which is predominantly male. And, all the female friends I have are in couple ^^' but yes I get the point.
And I have to admit I did have a lower self esteem several years ago. But I like to believe it's not the case anymore. Not to say I'm ultra confident, of course, but I know myself, I know what I like and I'm proud of my hobbies :) I actually like to cook, too ! Although I'm not a really skilled chef yet :p
Thanks again for the support :)",https://reddit.com/r/dating_advice/comments/cvm9w7/_/ey5wnpu/,Building self-worth
cvm9w7,My first date.,dating_advice,1303,https://reddit.com/r/dating_advice/comments/cvm9w7/my_first_date/,ey5cv5a,TheOkaysian,5,"Actually, I'm currently considering the possibility of texting her one last time, specifying it's not an attempt at seeing her again, but simply to understand why, as I felt everything went great and she seemed to enjoy as much as I did (at least from my point).",https://reddit.com/r/dating_advice/comments/cvm9w7/_/ey5cv5a/,Learning the mechanics of dating
cvm9w7,My first date.,dating_advice,1303,https://reddit.com/r/dating_advice/comments/cvm9w7/my_first_date/,ey5ggua,TheOkaysian,5,"Yeah I don't want to be pushy.. But if it's actually something particular that I did that she thought about afterwards that didn't please her, well I'd like to know about it so that I don't do it again :/

I'll decide in a few days I think, if it's still on my mind.",https://reddit.com/r/dating_advice/comments/cvm9w7/_/ey5ggua/,General / Other
cvm9w7,My first date.,dating_advice,1303,https://reddit.com/r/dating_advice/comments/cvm9w7/my_first_date/,ey5qgf1,TheOkaysian,4,"Well, even if (as you could read) I'm not that experienced when it comes to dating, if you want to talk about it, don't hesitate to pm me !",https://reddit.com/r/dating_advice/comments/cvm9w7/_/ey5qgf1/,General / Other
cvm9w7,My first date.,dating_advice,1303,https://reddit.com/r/dating_advice/comments/cvm9w7/my_first_date/,ey5eg52,TheOkaysian,4,"Ouch. Didn't even have the cuddle. Yeah it fucking sucks, but thanks to Reddit people I think I'll be fine in a few days (actually feeling better already). I'm sure you'll be fine too. Internet hugs to you my man.",https://reddit.com/r/dating_advice/comments/cvm9w7/_/ey5eg52/,Coping with physical loneliness
cvm9w7,My first date.,dating_advice,1303,https://reddit.com/r/dating_advice/comments/cvm9w7/my_first_date/,ey5ccdr,TheOkaysian,3,"Haha, I love your enthusiasm ! Thank for the encouragements :D",https://reddit.com/r/dating_advice/comments/cvm9w7/_/ey5ccdr/,General / Other
cvm9w7,My first date.,dating_advice,1303,https://reddit.com/r/dating_advice/comments/cvm9w7/my_first_date/,ey5euur,TheOkaysian,3,"Ah man. That last paragraph almost made me cry (and I'm at work.) 

&gt;Rejection does not mean failure.

I think I'll write that down somewhere. Need to keep it in mind.  
Thank you so much for your words. I definitely will try and go up and talk next time I notice a cute girl.",https://reddit.com/r/dating_advice/comments/cvm9w7/_/ey5euur/,Understanding rejection
cvm9w7,My first date.,dating_advice,1303,https://reddit.com/r/dating_advice/comments/cvm9w7/my_first_date/,ey5fly4,TheOkaysian,3,"Is that something people do? Asking people out again after a rejection? :o

And I see what you mean. Now in hindsight, I think maybe the two mistakes I did were paying for the restaurant, and calling her so soon.

Thank you for the advice.",https://reddit.com/r/dating_advice/comments/cvm9w7/_/ey5fly4/,Getting over approach anxiety
cvm9w7,My first date.,dating_advice,1303,https://reddit.com/r/dating_advice/comments/cvm9w7/my_first_date/,ey5e74l,TheOkaysian,3,"Yeah, actually something a friend of mine said was that I don't know much, everybody's got their own story... Maybe she just had a breakup, maybe the difference of her studying/me already working full time, maybe she's just not ready for a relation. But yeah, we both had a great first date and that's something I'll keep in mind. Thanks \^\^",https://reddit.com/r/dating_advice/comments/cvm9w7/_/ey5e74l/,Learning the mechanics of dating
wtb4np,Dating less attractive people doesn't mean they'll treat you better,dating_advice,1239,https://reddit.com/r/dating_advice/comments/wtb4np/dating_less_attractive_people_doesnt_mean_theyll/,il361y9,thechillpoint,3,"That advice doesn’t really apply for men dating women. A lot of times an unattractive and/or obese woman will be just as arrogant (if not more) than an attractive woman, as you’ve already seen. Even though they’re unattractive, they’re still getting lots of sexual attention from attractive men, which deludes them into thinking that they are attractive themselves",https://reddit.com/r/dating_advice/comments/wtb4np/_/il361y9/,General / Other
cnqoin,"Dating a single mom (22/F), need advice please. (29/m)",dating_advice,1230,https://reddit.com/r/dating_advice/comments/cnqoin/dating_a_single_mom_22f_need_advice_please_29m/,ewd0z1y,DatingandConfused198,368,"Oh, I know. I'm just a little rusty. Also, I'm Asperger's, so I don't always understand nonverbal cues. Like... ""should I kiss her now?"" based on her body language. But, she does seem to lean into me when I put an arm around her. Even I know that's a good sign.",https://reddit.com/r/dating_advice/comments/cnqoin/_/ewd0z1y/,Managing neurodivergence in dating
cnqoin,"Dating a single mom (22/F), need advice please. (29/m)",dating_advice,1230,https://reddit.com/r/dating_advice/comments/cnqoin/dating_a_single_mom_22f_need_advice_please_29m/,ewd2sk5,DatingandConfused198,89,"I'm perfectly willing to step into that role. I really like this woman, and I really think I could be happy with her.",https://reddit.com/r/dating_advice/comments/cnqoin/_/ewd2sk5/,General / Other
cnqoin,"Dating a single mom (22/F), need advice please. (29/m)",dating_advice,1230,https://reddit.com/r/dating_advice/comments/cnqoin/dating_a_single_mom_22f_need_advice_please_29m/,ewdxgzn,DatingandConfused198,33,"That's not what I mean. What I'm saying is that if we continue to get along, and start a relationship, I am willing to step into that role. Right now? not so much.",https://reddit.com/r/dating_advice/comments/cnqoin/_/ewdxgzn/,General / Other
cnqoin,"Dating a single mom (22/F), need advice please. (29/m)",dating_advice,1230,https://reddit.com/r/dating_advice/comments/cnqoin/dating_a_single_mom_22f_need_advice_please_29m/,ewd3a42,DatingandConfused198,16,I haven't met the baby yet (it's 11 months old).,https://reddit.com/r/dating_advice/comments/cnqoin/_/ewd3a42/,General / Other
cnqoin,"Dating a single mom (22/F), need advice please. (29/m)",dating_advice,1230,https://reddit.com/r/dating_advice/comments/cnqoin/dating_a_single_mom_22f_need_advice_please_29m/,ewe4ifg,DatingandConfused198,4,"I do have the benefit of knowing she's into me because she has agreed to dates. Actually, about 15 minutes ago, she asked if I could come to her apartment after our next hiking date so we can cook supper together.",https://reddit.com/r/dating_advice/comments/cnqoin/_/ewe4ifg/,General / Other
cnqoin,"Dating a single mom (22/F), need advice please. (29/m)",dating_advice,1230,https://reddit.com/r/dating_advice/comments/cnqoin/dating_a_single_mom_22f_need_advice_please_29m/,ewdbt60,aetherr666,4,"just be yourself, communicate and dont pressure her and be honest about your feelings

&amp;#x200B;

also ask about her child show an interest, as a single father i love it when the person im flirting with asks about my daughter it gives me the feeling they are genuinely interested in what i get upto and its a sign of acceptance and maturity which parents sometimes worry about when dating",https://reddit.com/r/dating_advice/comments/cnqoin/_/ewdbt60/,General / Other
a4aid5,Talked to my beautiful colleague I have a crush on and feeling good about it.,dating_advice,1131,https://reddit.com/r/dating_advice/comments/a4aid5/talked_to_my_beautiful_colleague_i_have_a_crush/,ebexcan,swedishjizz,7,"I am an old chap now, so I guess ""How do you do, fellow kids?""",https://reddit.com/r/dating_advice/comments/a4aid5/_/ebexcan/,General / Other
a4aid5,Talked to my beautiful colleague I have a crush on and feeling good about it.,dating_advice,1131,https://reddit.com/r/dating_advice/comments/a4aid5/talked_to_my_beautiful_colleague_i_have_a_crush/,ebex7tc,swedishjizz,3,Thanks! Potentially the best pressie of all time. I won't forget to update my post.,https://reddit.com/r/dating_advice/comments/a4aid5/_/ebex7tc/,General / Other
a4aid5,Talked to my beautiful colleague I have a crush on and feeling good about it.,dating_advice,1131,https://reddit.com/r/dating_advice/comments/a4aid5/talked_to_my_beautiful_colleague_i_have_a_crush/,ebey8qj,swedishjizz,3,"Thanks for your genuine concern, but you don't have to worry. I work at the headquarters with more than 1,200 employees and 4 buildings. We are located in two different buildings and belong to totally different departments, so our chances to work together are close to zero. Also, here in Europe there is no pressure nor concern about the whole metoo and sexual harassment thing.",https://reddit.com/r/dating_advice/comments/a4aid5/_/ebey8qj/,General / Other
a4aid5,Talked to my beautiful colleague I have a crush on and feeling good about it.,dating_advice,1131,https://reddit.com/r/dating_advice/comments/a4aid5/talked_to_my_beautiful_colleague_i_have_a_crush/,ebex9pe,swedishjizz,2,Thanks! I will make treasure of this advice.,https://reddit.com/r/dating_advice/comments/a4aid5/_/ebex9pe/,General / Other
a4aid5,Talked to my beautiful colleague I have a crush on and feeling good about it.,dating_advice,1131,https://reddit.com/r/dating_advice/comments/a4aid5/talked_to_my_beautiful_colleague_i_have_a_crush/,ebexf15,swedishjizz,2,"Totally agree. I should focus on each photogram, rather than on the final movie. I will take it bit by bit and enjoy the ride!",https://reddit.com/r/dating_advice/comments/a4aid5/_/ebexf15/,General / Other
a4aid5,Talked to my beautiful colleague I have a crush on and feeling good about it.,dating_advice,1131,https://reddit.com/r/dating_advice/comments/a4aid5/talked_to_my_beautiful_colleague_i_have_a_crush/,ebexjoh,swedishjizz,2,"It's always hard mode for me, I'm afraid.",https://reddit.com/r/dating_advice/comments/a4aid5/_/ebexjoh/,General / Other
a4aid5,Talked to my beautiful colleague I have a crush on and feeling good about it.,dating_advice,1131,https://reddit.com/r/dating_advice/comments/a4aid5/talked_to_my_beautiful_colleague_i_have_a_crush/,ebeydzh,swedishjizz,2,"&gt;Thanks for your genuine concern, but you don't have to worry. I work at the headquarters with more than 1,200 employees and 4 buildings. We are located in two different buildings and belong to totally different departments, so our chances to work together are close to zero.

The psycho aspect applies to every girl. What if you meet a psycho not at your workplace? She can be equally dangerous: she might know where I live, what my car looks like etcc... I guess what I mean is that you can meet psychos anywhere so you always have to watch out for such people.",https://reddit.com/r/dating_advice/comments/a4aid5/_/ebeydzh/,General / Other
a4aid5,Talked to my beautiful colleague I have a crush on and feeling good about it.,dating_advice,1131,https://reddit.com/r/dating_advice/comments/a4aid5/talked_to_my_beautiful_colleague_i_have_a_crush/,ebeyfr4,swedishjizz,2,Thanks! Which markets did you visit?,https://reddit.com/r/dating_advice/comments/a4aid5/_/ebeyfr4/,General / Other
a4aid5,Talked to my beautiful colleague I have a crush on and feeling good about it.,dating_advice,1131,https://reddit.com/r/dating_advice/comments/a4aid5/talked_to_my_beautiful_colleague_i_have_a_crush/,ebeyhk5,swedishjizz,2,My guy!,https://reddit.com/r/dating_advice/comments/a4aid5/_/ebeyhk5/,General / Other
a4aid5,Talked to my beautiful colleague I have a crush on and feeling good about it.,dating_advice,1131,https://reddit.com/r/dating_advice/comments/a4aid5/talked_to_my_beautiful_colleague_i_have_a_crush/,ebeyj29,swedishjizz,2,"Thanks, and sorry for your relationship. I hope it wasn't too hard and you got over it. If you need to talk, DM me.",https://reddit.com/r/dating_advice/comments/a4aid5/_/ebeyj29/,General / Other
a4aid5,Talked to my beautiful colleague I have a crush on and feeling good about it.,dating_advice,1131,https://reddit.com/r/dating_advice/comments/a4aid5/talked_to_my_beautiful_colleague_i_have_a_crush/,ebeylke,swedishjizz,2,"I will focus on enjoying every moment, I promise :)",https://reddit.com/r/dating_advice/comments/a4aid5/_/ebeylke/,General / Other
a4aid5,Talked to my beautiful colleague I have a crush on and feeling good about it.,dating_advice,1131,https://reddit.com/r/dating_advice/comments/a4aid5/talked_to_my_beautiful_colleague_i_have_a_crush/,ebeynd1,swedishjizz,2,"I was shitting my pants and feeling so insecure, but I preferred rejection than doubt.",https://reddit.com/r/dating_advice/comments/a4aid5/_/ebeynd1/,Understanding rejection
a4aid5,Talked to my beautiful colleague I have a crush on and feeling good about it.,dating_advice,1131,https://reddit.com/r/dating_advice/comments/a4aid5/talked_to_my_beautiful_colleague_i_have_a_crush/,ebeyr6k,swedishjizz,2,"Thanks, I will!",https://reddit.com/r/dating_advice/comments/a4aid5/_/ebeyr6k/,General / Other
a4aid5,Talked to my beautiful colleague I have a crush on and feeling good about it.,dating_advice,1131,https://reddit.com/r/dating_advice/comments/a4aid5/talked_to_my_beautiful_colleague_i_have_a_crush/,ebeyw48,swedishjizz,2,"I like this Darwin approach, thanks!",https://reddit.com/r/dating_advice/comments/a4aid5/_/ebeyw48/,Getting over approach anxiety
a4aid5,Talked to my beautiful colleague I have a crush on and feeling good about it.,dating_advice,1131,https://reddit.com/r/dating_advice/comments/a4aid5/talked_to_my_beautiful_colleague_i_have_a_crush/,ebeyy24,swedishjizz,2,"Thanks! This hit close home because I actually have a couple tshirts with videogames stuff on it. I wasn't planning to wear them anyway, just saying :)",https://reddit.com/r/dating_advice/comments/a4aid5/_/ebeyy24/,General / Other
a4aid5,Talked to my beautiful colleague I have a crush on and feeling good about it.,dating_advice,1131,https://reddit.com/r/dating_advice/comments/a4aid5/talked_to_my_beautiful_colleague_i_have_a_crush/,ebeyykm,swedishjizz,2,Thanks!,https://reddit.com/r/dating_advice/comments/a4aid5/_/ebeyykm/,General / Other
a4aid5,Talked to my beautiful colleague I have a crush on and feeling good about it.,dating_advice,1131,https://reddit.com/r/dating_advice/comments/a4aid5/talked_to_my_beautiful_colleague_i_have_a_crush/,ebeyzt8,swedishjizz,2,"Thanks! That is my impression, but you never know what is really going on in people's heads, right?",https://reddit.com/r/dating_advice/comments/a4aid5/_/ebeyzt8/,General / Other
a4aid5,Talked to my beautiful colleague I have a crush on and feeling good about it.,dating_advice,1131,https://reddit.com/r/dating_advice/comments/a4aid5/talked_to_my_beautiful_colleague_i_have_a_crush/,ebez80c,swedishjizz,2,"Thanks! I once met a person that was in that group so I approached this person to ask how she was doing. Then I introduced to everybody else and immediately started talking to Her. I might have come across a bit strange but who cares. She was my objective and I went for it. Even if I am afraid that some dude in the group was trying to tell me something , but I was focused on her like a motherfucking hawk.",https://reddit.com/r/dating_advice/comments/a4aid5/_/ebez80c/,Getting over approach anxiety
a4aid5,Talked to my beautiful colleague I have a crush on and feeling good about it.,dating_advice,1131,https://reddit.com/r/dating_advice/comments/a4aid5/talked_to_my_beautiful_colleague_i_have_a_crush/,ebezcbp,swedishjizz,2,"Thanks! I am sorry for your relationship and I am happy that my story gave you some hope. If you need to talk, DM me.",https://reddit.com/r/dating_advice/comments/a4aid5/_/ebezcbp/,General / Other
a4aid5,Talked to my beautiful colleague I have a crush on and feeling good about it.,dating_advice,1131,https://reddit.com/r/dating_advice/comments/a4aid5/talked_to_my_beautiful_colleague_i_have_a_crush/,ebezled,swedishjizz,2,Thanks! That is a pro tip. I could give her this small present before christmas holidays.,https://reddit.com/r/dating_advice/comments/a4aid5/_/ebezled/,General / Other
a4aid5,Talked to my beautiful colleague I have a crush on and feeling good about it.,dating_advice,1131,https://reddit.com/r/dating_advice/comments/a4aid5/talked_to_my_beautiful_colleague_i_have_a_crush/,ebexgbz,swedishjizz,1,"I will. I am enjoying the buildup a lot, even though I am anxious af..",https://reddit.com/r/dating_advice/comments/a4aid5/_/ebexgbz/,General / Other
a4aid5,Talked to my beautiful colleague I have a crush on and feeling good about it.,dating_advice,1131,https://reddit.com/r/dating_advice/comments/a4aid5/talked_to_my_beautiful_colleague_i_have_a_crush/,ebey00j,swedishjizz,1,Thanks!,https://reddit.com/r/dating_advice/comments/a4aid5/_/ebey00j/,General / Other
a4aid5,Talked to my beautiful colleague I have a crush on and feeling good about it.,dating_advice,1131,https://reddit.com/r/dating_advice/comments/a4aid5/talked_to_my_beautiful_colleague_i_have_a_crush/,ebexywz,swedishjizz,1,"Thanks! I am nervous about the whole idea to dedicate myself to a person again, but I am totally ok to do so if I feel it's right.",https://reddit.com/r/dating_advice/comments/a4aid5/_/ebexywz/,General / Other
a4aid5,Talked to my beautiful colleague I have a crush on and feeling good about it.,dating_advice,1131,https://reddit.com/r/dating_advice/comments/a4aid5/talked_to_my_beautiful_colleague_i_have_a_crush/,ebexzo0,swedishjizz,1,Which ones have you visited?,https://reddit.com/r/dating_advice/comments/a4aid5/_/ebexzo0/,General / Other
a4aid5,Talked to my beautiful colleague I have a crush on and feeling good about it.,dating_advice,1131,https://reddit.com/r/dating_advice/comments/a4aid5/talked_to_my_beautiful_colleague_i_have_a_crush/,ebey0wi,swedishjizz,1,"Thanks, I will.",https://reddit.com/r/dating_advice/comments/a4aid5/_/ebey0wi/,General / Other
a4aid5,Talked to my beautiful colleague I have a crush on and feeling good about it.,dating_advice,1131,https://reddit.com/r/dating_advice/comments/a4aid5/talked_to_my_beautiful_colleague_i_have_a_crush/,ebey132,swedishjizz,1,Thanks!,https://reddit.com/r/dating_advice/comments/a4aid5/_/ebey132/,General / Other
a4aid5,Talked to my beautiful colleague I have a crush on and feeling good about it.,dating_advice,1131,https://reddit.com/r/dating_advice/comments/a4aid5/talked_to_my_beautiful_colleague_i_have_a_crush/,ebeyey6,swedishjizz,1,Thanks!,https://reddit.com/r/dating_advice/comments/a4aid5/_/ebeyey6/,General / Other
a4aid5,Talked to my beautiful colleague I have a crush on and feeling good about it.,dating_advice,1131,https://reddit.com/r/dating_advice/comments/a4aid5/talked_to_my_beautiful_colleague_i_have_a_crush/,ebeyg16,swedishjizz,1,I will.,https://reddit.com/r/dating_advice/comments/a4aid5/_/ebeyg16/,General / Other
a4aid5,Talked to my beautiful colleague I have a crush on and feeling good about it.,dating_advice,1131,https://reddit.com/r/dating_advice/comments/a4aid5/talked_to_my_beautiful_colleague_i_have_a_crush/,ebezfkp,swedishjizz,1,Thanks! I will be a good boi.,https://reddit.com/r/dating_advice/comments/a4aid5/_/ebezfkp/,General / Other
a4aid5,Talked to my beautiful colleague I have a crush on and feeling good about it.,dating_advice,1131,https://reddit.com/r/dating_advice/comments/a4aid5/talked_to_my_beautiful_colleague_i_have_a_crush/,ebeygh5,swedishjizz,1,Thanks! I will update in the post.,https://reddit.com/r/dating_advice/comments/a4aid5/_/ebeygh5/,General / Other
a4aid5,Talked to my beautiful colleague I have a crush on and feeling good about it.,dating_advice,1131,https://reddit.com/r/dating_advice/comments/a4aid5/talked_to_my_beautiful_colleague_i_have_a_crush/,ebeyh9a,swedishjizz,1,"Yes, maybe we all should :) I hope that too.",https://reddit.com/r/dating_advice/comments/a4aid5/_/ebeyh9a/,General / Other
a4aid5,Talked to my beautiful colleague I have a crush on and feeling good about it.,dating_advice,1131,https://reddit.com/r/dating_advice/comments/a4aid5/talked_to_my_beautiful_colleague_i_have_a_crush/,ebeyjdq,swedishjizz,1,Thanks!,https://reddit.com/r/dating_advice/comments/a4aid5/_/ebeyjdq/,General / Other
a4aid5,Talked to my beautiful colleague I have a crush on and feeling good about it.,dating_advice,1131,https://reddit.com/r/dating_advice/comments/a4aid5/talked_to_my_beautiful_colleague_i_have_a_crush/,ebeyjlv,swedishjizz,1,Thanks!,https://reddit.com/r/dating_advice/comments/a4aid5/_/ebeyjlv/,General / Other
a4aid5,Talked to my beautiful colleague I have a crush on and feeling good about it.,dating_advice,1131,https://reddit.com/r/dating_advice/comments/a4aid5/talked_to_my_beautiful_colleague_i_have_a_crush/,ebeylto,swedishjizz,1,Thanks!,https://reddit.com/r/dating_advice/comments/a4aid5/_/ebeylto/,General / Other
a4aid5,Talked to my beautiful colleague I have a crush on and feeling good about it.,dating_advice,1131,https://reddit.com/r/dating_advice/comments/a4aid5/talked_to_my_beautiful_colleague_i_have_a_crush/,ebeypk4,swedishjizz,1,Thanks! I am completely over my breakup. It was painless because the relationship came to a natural end. I was lucky that I didn't have to deal with a lot of pain.,https://reddit.com/r/dating_advice/comments/a4aid5/_/ebeypk4/,Starting over after loss
a4aid5,Talked to my beautiful colleague I have a crush on and feeling good about it.,dating_advice,1131,https://reddit.com/r/dating_advice/comments/a4aid5/talked_to_my_beautiful_colleague_i_have_a_crush/,ebeyq5t,swedishjizz,1,Did you also ask a girl out?,https://reddit.com/r/dating_advice/comments/a4aid5/_/ebeyq5t/,General / Other
1lcr7b5,"To young men: Applying pressure is a myth, just move on",dating_advice,1098,https://reddit.com/r/dating_advice/comments/1lcr7b5/to_young_men_applying_pressure_is_a_myth_just/,my2k9yo,kungfutrucker,312,"OP - Your post resonates with me. I (70m) was in college and I liked a woman that I met in class. At a freshman, I was away from home for the first time and inexperienced with women. So for a two month period, I called this woman three separate times, chatted casually, then asker her to do an activity.

Each time, she was busy. She was polite and fun but each time she gave a valid excuse which made perfect sense to me. I finally got the message (though it didn’t sink in until months later) when she said that she had to wash her hair so she could not go out Friday night.

I accepted her excuse politely and never called her again. But in highsight, I was dense as a bag of bricks and couldn’t see that she did not want to go out with me.",https://reddit.com/r/dating_advice/comments/1lcr7b5/_/my2k9yo/,Breaking the inexperience loop
1lcr7b5,"To young men: Applying pressure is a myth, just move on",dating_advice,1098,https://reddit.com/r/dating_advice/comments/1lcr7b5/to_young_men_applying_pressure_is_a_myth_just/,my3wnzf,GWPtheTrilogy1,81,"This isn't healthy or mature tho. I don't want someone I approach respectfully to tell me no because they want the to ""try harder"" that is incredibly immature and unattractive you dodged a bullet.",https://reddit.com/r/dating_advice/comments/1lcr7b5/_/my3wnzf/,Getting over approach anxiety
1lcr7b5,"To young men: Applying pressure is a myth, just move on",dating_advice,1098,https://reddit.com/r/dating_advice/comments/1lcr7b5/to_young_men_applying_pressure_is_a_myth_just/,my45wid,GWPtheTrilogy1,30,"Sure in general...but this scenario is just pure immaturity and toxicity. If I approach someone who is interested in me respectfully and they say no but they really wanted to say yes, I didn't do anything wrong, they did. I'm also going to feel like I dodged a bullet if their thought process is ""I wanted him but I hoped he'd just try harder and not accept my no"" that has nothing to do with discernment, thats NASTY work.",https://reddit.com/r/dating_advice/comments/1lcr7b5/_/my45wid/,Getting over approach anxiety
1lcr7b5,"To young men: Applying pressure is a myth, just move on",dating_advice,1098,https://reddit.com/r/dating_advice/comments/1lcr7b5/to_young_men_applying_pressure_is_a_myth_just/,my2jhd2,GWPtheTrilogy1,27,"This is exactly it. Getting a win to what end? If I'm not really valued and a woman just says ""sure, I guess"" cause you tried super hard. That's definitely not what I want in a partner.",https://reddit.com/r/dating_advice/comments/1lcr7b5/_/my2jhd2/,Building self-worth
1lcr7b5,"To young men: Applying pressure is a myth, just move on",dating_advice,1098,https://reddit.com/r/dating_advice/comments/1lcr7b5/to_young_men_applying_pressure_is_a_myth_just/,my2mr3p,GWPtheTrilogy1,17,Exactly. You can't pressure your way into a woman's affections. You get called needy and clingy then. When she wants you it's good communication but when she doesn't you're the guy who won't stop texting her.,https://reddit.com/r/dating_advice/comments/1lcr7b5/_/my2mr3p/,Learning the mechanics of dating
1lcr7b5,"To young men: Applying pressure is a myth, just move on",dating_advice,1098,https://reddit.com/r/dating_advice/comments/1lcr7b5/to_young_men_applying_pressure_is_a_myth_just/,my2hvch,GWPtheTrilogy1,16,And it's completely ridiculous when you have to practically beg for someone's attention. I know that's not what I want.,https://reddit.com/r/dating_advice/comments/1lcr7b5/_/my2hvch/,General / Other
1lcr7b5,"To young men: Applying pressure is a myth, just move on",dating_advice,1098,https://reddit.com/r/dating_advice/comments/1lcr7b5/to_young_men_applying_pressure_is_a_myth_just/,my2p537,GWPtheTrilogy1,13,"Thank you for the excellent addition, this is exactly it.",https://reddit.com/r/dating_advice/comments/1lcr7b5/_/my2p537/,General / Other
1lcr7b5,"To young men: Applying pressure is a myth, just move on",dating_advice,1098,https://reddit.com/r/dating_advice/comments/1lcr7b5/to_young_men_applying_pressure_is_a_myth_just/,my57rhy,GWPtheTrilogy1,3,"Of course it does.

I'm a man speaking to other men. There was nothing said nor implied that this doesn't happen to women. I am not a woman. If you'd like to make that post you're more than welcome. I'd be happy to support it.",https://reddit.com/r/dating_advice/comments/1lcr7b5/_/my57rhy/,General / Other
ck8ods,"I (32M) am really tired of only being the ""best friend"" or ""big brother"" to every woman I know. How do I break out of that and become more?",dating_advice,1083,https://reddit.com/r/dating_advice/comments/ck8ods/i_32m_am_really_tired_of_only_being_the_best/,evkxrj8,InitialShare,367,"Hmm, okay.  So what kind of things can I do that don't cross boundaries that can excite a lady?",https://reddit.com/r/dating_advice/comments/ck8ods/_/evkxrj8/,General / Other
ck8ods,"I (32M) am really tired of only being the ""best friend"" or ""big brother"" to every woman I know. How do I break out of that and become more?",dating_advice,1083,https://reddit.com/r/dating_advice/comments/ck8ods/i_32m_am_really_tired_of_only_being_the_best/,evluqka,InitialShare,76,FOR HARAMBE.,https://reddit.com/r/dating_advice/comments/ck8ods/_/evluqka/,General / Other
ck8ods,"I (32M) am really tired of only being the ""best friend"" or ""big brother"" to every woman I know. How do I break out of that and become more?",dating_advice,1083,https://reddit.com/r/dating_advice/comments/ck8ods/i_32m_am_really_tired_of_only_being_the_best/,evkjn7l,InitialShare,68,"I think I look good, I feel pretty confident about that.  I work out and eat well and am in great shape.  I also like how I dress and how I look in general.  I'm always kind of switching things up and trying new things too.  I'm not so sure that's the problem.

As far as interest,  recognizing it and putting it out there, that may be more of the issue.  I'm unapologetically myself, which often is kind of silly and out there.  I've always been able to make people laugh and help them have a good time.  Whether or not that's ""sexy,"" I don't know.  Probably not.  Women tend to gravitate to me to laugh and cut up, not for much else.",https://reddit.com/r/dating_advice/comments/ck8ods/_/evkjn7l/,General / Other
ck8ods,"I (32M) am really tired of only being the ""best friend"" or ""big brother"" to every woman I know. How do I break out of that and become more?",dating_advice,1083,https://reddit.com/r/dating_advice/comments/ck8ods/i_32m_am_really_tired_of_only_being_the_best/,evm4rrb,InitialShare,50,Evidently not the kind that this sub thinks would do me good!  I feel like I'm a charismatic and likable guy though.  My go-to is always making a girl laugh.,https://reddit.com/r/dating_advice/comments/ck8ods/_/evm4rrb/,General / Other
ck8ods,"I (32M) am really tired of only being the ""best friend"" or ""big brother"" to every woman I know. How do I break out of that and become more?",dating_advice,1083,https://reddit.com/r/dating_advice/comments/ck8ods/i_32m_am_really_tired_of_only_being_the_best/,evki2op,InitialShare,44,"That's kind of a chicken and egg thing I guess.  Often I don't know if I'm interested until I get to know them, at which point we've usually become friends anyways.",https://reddit.com/r/dating_advice/comments/ck8ods/_/evki2op/,General / Other
ck8ods,"I (32M) am really tired of only being the ""best friend"" or ""big brother"" to every woman I know. How do I break out of that and become more?",dating_advice,1083,https://reddit.com/r/dating_advice/comments/ck8ods/i_32m_am_really_tired_of_only_being_the_best/,evltwo7,InitialShare,41,"No, I'm 6ft and 175lbs.",https://reddit.com/r/dating_advice/comments/ck8ods/_/evltwo7/,General / Other
ck8ods,"I (32M) am really tired of only being the ""best friend"" or ""big brother"" to every woman I know. How do I break out of that and become more?",dating_advice,1083,https://reddit.com/r/dating_advice/comments/ck8ods/i_32m_am_really_tired_of_only_being_the_best/,evlvke5,InitialShare,30,I do both! :),https://reddit.com/r/dating_advice/comments/ck8ods/_/evlvke5/,General / Other
ck8ods,"I (32M) am really tired of only being the ""best friend"" or ""big brother"" to every woman I know. How do I break out of that and become more?",dating_advice,1083,https://reddit.com/r/dating_advice/comments/ck8ods/i_32m_am_really_tired_of_only_being_the_best/,evkxzv0,InitialShare,18,"I'm just trying to be super careful about that in the current climate.  It seems that what might have been seen in the past as misinterpreting signals can easily be seen recently as ""being creepy.""",https://reddit.com/r/dating_advice/comments/ck8ods/_/evkxzv0/,General / Other
ck8ods,"I (32M) am really tired of only being the ""best friend"" or ""big brother"" to every woman I know. How do I break out of that and become more?",dating_advice,1083,https://reddit.com/r/dating_advice/comments/ck8ods/i_32m_am_really_tired_of_only_being_the_best/,evkl3oh,InitialShare,17,"I get some of that from a lot of women actually.  Stuff like paying attention to me, slapping me on the shoulder, stuff like that.  But that's from the same women who ask me for advice or help with life things, including potential boyfriends.  So I guess I'm pretty confused.",https://reddit.com/r/dating_advice/comments/ck8ods/_/evkl3oh/,General / Other
ck8ods,"I (32M) am really tired of only being the ""best friend"" or ""big brother"" to every woman I know. How do I break out of that and become more?",dating_advice,1083,https://reddit.com/r/dating_advice/comments/ck8ods/i_32m_am_really_tired_of_only_being_the_best/,evkjxev,InitialShare,16,"This may be the point where I'm having issues.  I fear overstepping bounds, especially in the Me Too era where a lot of women are reasonably sensitive to that.",https://reddit.com/r/dating_advice/comments/ck8ods/_/evkjxev/,General / Other
ck8ods,"I (32M) am really tired of only being the ""best friend"" or ""big brother"" to every woman I know. How do I break out of that and become more?",dating_advice,1083,https://reddit.com/r/dating_advice/comments/ck8ods/i_32m_am_really_tired_of_only_being_the_best/,evm8f2m,InitialShare,13,"I really don't have standards in terms of looks.  I mean that's great and all but the thing that attracts me to a girl more than anything is if she's funny and outgoing.  I'm attracted to somebody who I can laugh with and have a good time with.  Most of the women I know can be funny sometimes, but not as much as my ex or other girls I've had crushes on.",https://reddit.com/r/dating_advice/comments/ck8ods/_/evm8f2m/,General / Other
ck8ods,"I (32M) am really tired of only being the ""best friend"" or ""big brother"" to every woman I know. How do I break out of that and become more?",dating_advice,1083,https://reddit.com/r/dating_advice/comments/ck8ods/i_32m_am_really_tired_of_only_being_the_best/,evkzb0k,InitialShare,13,"This is what kind of makes me apprehensive, everyone seems to have wildly different ideas of what is and isn't appropriate.  Some people don't care, with others you kind of have to walk on eggshells.  It's hard to know which, so I've kind of erred on the side of caution to this point.",https://reddit.com/r/dating_advice/comments/ck8ods/_/evkzb0k/,General / Other
ck8ods,"I (32M) am really tired of only being the ""best friend"" or ""big brother"" to every woman I know. How do I break out of that and become more?",dating_advice,1083,https://reddit.com/r/dating_advice/comments/ck8ods/i_32m_am_really_tired_of_only_being_the_best/,evm983t,InitialShare,6,"No, I know that pitfall.  I miss her, but I don't compare anyone to her.  Someone a little different is fine to me.",https://reddit.com/r/dating_advice/comments/ck8ods/_/evm983t/,General / Other
ck8ods,"I (32M) am really tired of only being the ""best friend"" or ""big brother"" to every woman I know. How do I break out of that and become more?",dating_advice,1083,https://reddit.com/r/dating_advice/comments/ck8ods/i_32m_am_really_tired_of_only_being_the_best/,evluugk,InitialShare,6,"No, not at all.  I try to treat everyone with respect.  I've just gotten advice from good lady friends that you have to be super careful about this kind of thing lately.",https://reddit.com/r/dating_advice/comments/ck8ods/_/evluugk/,General / Other
ck8ods,"I (32M) am really tired of only being the ""best friend"" or ""big brother"" to every woman I know. How do I break out of that and become more?",dating_advice,1083,https://reddit.com/r/dating_advice/comments/ck8ods/i_32m_am_really_tired_of_only_being_the_best/,evm9eh9,InitialShare,5,"Thanks, that's good stuff to know, I may try that soon!",https://reddit.com/r/dating_advice/comments/ck8ods/_/evm9eh9/,General / Other
ck8ods,"I (32M) am really tired of only being the ""best friend"" or ""big brother"" to every woman I know. How do I break out of that and become more?",dating_advice,1083,https://reddit.com/r/dating_advice/comments/ck8ods/i_32m_am_really_tired_of_only_being_the_best/,evm6wve,InitialShare,4,"Aw, thank you, that's really nice of you to say!

And I follow what you mean.  There's some wild stories I have to tell from some of my travels I certainly don't share very often!",https://reddit.com/r/dating_advice/comments/ck8ods/_/evm6wve/,General / Other
1qilaak,Ex GF texted me (31M)after 8yrs no contact,dating_advice,1035,https://reddit.com/r/dating_advice/comments/1qilaak/ex_gf_texted_me_31mafter_8yrs_no_contact/,o0sjakm,DonVinku,258,I agree definitely feel like no response is my mindset. I think if it had been within a year of breakup maybe my younger self would have needed it but 31 yr old me is just numb and feels nothing really. I don’t even feel like any validation more like acceptance.,https://reddit.com/r/dating_advice/comments/1qilaak/_/o0sjakm/,Understanding rejection
1qilaak,Ex GF texted me (31M)after 8yrs no contact,dating_advice,1035,https://reddit.com/r/dating_advice/comments/1qilaak/ex_gf_texted_me_31mafter_8yrs_no_contact/,o0sgl57,DonVinku,189,I’m mostly leaning towards not responding. Maybe there’s like a 1% feeling of wanting to say something. But yea I think no response is the best thing,https://reddit.com/r/dating_advice/comments/1qilaak/_/o0sgl57/,Understanding rejection
1qilaak,Ex GF texted me (31M)after 8yrs no contact,dating_advice,1035,https://reddit.com/r/dating_advice/comments/1qilaak/ex_gf_texted_me_31mafter_8yrs_no_contact/,o0sm9mt,DonVinku,76,I didn’t delete the text message as I am still processing but yea too many years have passed so no response is still what my inner self is telling me,https://reddit.com/r/dating_advice/comments/1qilaak/_/o0sm9mt/,Understanding rejection
1qilaak,Ex GF texted me (31M)after 8yrs no contact,dating_advice,1035,https://reddit.com/r/dating_advice/comments/1qilaak/ex_gf_texted_me_31mafter_8yrs_no_contact/,o0sn864,DonVinku,52,We were friends for 5yrs first before things evolved back then but yea no need to look behind after this many yrs,https://reddit.com/r/dating_advice/comments/1qilaak/_/o0sn864/,General / Other
1qilaak,Ex GF texted me (31M)after 8yrs no contact,dating_advice,1035,https://reddit.com/r/dating_advice/comments/1qilaak/ex_gf_texted_me_31mafter_8yrs_no_contact/,o0sgqzn,DonVinku,30,I agree I do feel like no response is for the best.,https://reddit.com/r/dating_advice/comments/1qilaak/_/o0sgqzn/,Understanding rejection
1qilaak,Ex GF texted me (31M)after 8yrs no contact,dating_advice,1035,https://reddit.com/r/dating_advice/comments/1qilaak/ex_gf_texted_me_31mafter_8yrs_no_contact/,o0sh1ri,DonVinku,28,I’m definitely not hung up on her. Maybe I would’ve been if it was within the first year or so of the breakup. Now it’s just like “somebody that I used to know” with maybe a small pang of pain and nostalgia of better times. And yea I also felt like this is some kind of therapist homework that she finally got to doing but the timing is just weird and unexpected,https://reddit.com/r/dating_advice/comments/1qilaak/_/o0sh1ri/,Starting over after loss
1qilaak,Ex GF texted me (31M)after 8yrs no contact,dating_advice,1035,https://reddit.com/r/dating_advice/comments/1qilaak/ex_gf_texted_me_31mafter_8yrs_no_contact/,o0sgem2,DonVinku,22,The timing is not good for sure.,https://reddit.com/r/dating_advice/comments/1qilaak/_/o0sgem2/,General / Other
1qilaak,Ex GF texted me (31M)after 8yrs no contact,dating_advice,1035,https://reddit.com/r/dating_advice/comments/1qilaak/ex_gf_texted_me_31mafter_8yrs_no_contact/,o0snzd9,DonVinku,8,I have no feelings 💯,https://reddit.com/r/dating_advice/comments/1qilaak/_/o0snzd9/,General / Other
1qilaak,Ex GF texted me (31M)after 8yrs no contact,dating_advice,1035,https://reddit.com/r/dating_advice/comments/1qilaak/ex_gf_texted_me_31mafter_8yrs_no_contact/,o0smxeu,DonVinku,7,Glad I could help in some form and hope you are moving forward with a clear mind for your situation too,https://reddit.com/r/dating_advice/comments/1qilaak/_/o0smxeu/,General / Other
1seya03,The dog park meta is real and I think more people need to hear this,dating_advice,1025,https://reddit.com/r/dating_advice/comments/1seya03/the_dog_park_meta_is_real_and_i_think_more_people/,oeu0s1w,Alert-Seaweed-3862,207,Unfortunately I can’t think of an equivalent for cats😔,https://reddit.com/r/dating_advice/comments/1seya03/_/oeu0s1w/,General / Other
1seya03,The dog park meta is real and I think more people need to hear this,dating_advice,1025,https://reddit.com/r/dating_advice/comments/1seya03/the_dog_park_meta_is_real_and_i_think_more_people/,oeu7c3n,Alert-Seaweed-3862,84,"That makes sense. I think though approaches at parks are much easier and more natural than during hobbies or clubs. I rock climb 4x a week, and find it much more daunting to approach someone I may be interested in there. Point taken, but thought it was worth a share",https://reddit.com/r/dating_advice/comments/1seya03/_/oeu7c3n/,Getting over approach anxiety
1seya03,The dog park meta is real and I think more people need to hear this,dating_advice,1025,https://reddit.com/r/dating_advice/comments/1seya03/the_dog_park_meta_is_real_and_i_think_more_people/,oeu2okg,Alert-Seaweed-3862,55,"There are definitely these kinds of parks out there. In my experience, each park attracts different sets of people. In this one, many of us know each other well, and will stand up for the dogs and owners. But I agree with your points",https://reddit.com/r/dating_advice/comments/1seya03/_/oeu2okg/,General / Other
1seya03,The dog park meta is real and I think more people need to hear this,dating_advice,1025,https://reddit.com/r/dating_advice/comments/1seya03/the_dog_park_meta_is_real_and_i_think_more_people/,oeu0hom,Alert-Seaweed-3862,39,Seems like many could’ve used this kind of advice but thanks!,https://reddit.com/r/dating_advice/comments/1seya03/_/oeu0hom/,General / Other
1seya03,The dog park meta is real and I think more people need to hear this,dating_advice,1025,https://reddit.com/r/dating_advice/comments/1seya03/the_dog_park_meta_is_real_and_i_think_more_people/,oeu0m04,Alert-Seaweed-3862,19,"Agreed, I just have never dated as an adult and this has been my first time experiencing it and thought it would be helpful to share:)",https://reddit.com/r/dating_advice/comments/1seya03/_/oeu0m04/,Breaking the inexperience loop
1seya03,The dog park meta is real and I think more people need to hear this,dating_advice,1025,https://reddit.com/r/dating_advice/comments/1seya03/the_dog_park_meta_is_real_and_i_think_more_people/,oeux4yx,Alert-Seaweed-3862,15,"Thanks for saying that! I’m a naturally shy person as well, and had a ton of trouble talking to people I was interested in my younger days. I got lucky with my ex fiance of 6 years because we were friends prior to that. Given those reasons my troubles approaching people came right back after being single again. I find it much easier at parks as opposed to other places, you never know who is open to being approached",https://reddit.com/r/dating_advice/comments/1seya03/_/oeux4yx/,Getting over approach anxiety
1seya03,The dog park meta is real and I think more people need to hear this,dating_advice,1025,https://reddit.com/r/dating_advice/comments/1seya03/the_dog_park_meta_is_real_and_i_think_more_people/,oeu1i7m,Alert-Seaweed-3862,13,So true. You can also tell a lot about a person given how their dog acts as well. In my experience those with misbehaved dogs tend to not care for them properly. Can give you a lot of insight into how they are as a person. Of course some dogs are just a little crazy and the owner isn’t to blame.,https://reddit.com/r/dating_advice/comments/1seya03/_/oeu1i7m/,General / Other
1seya03,The dog park meta is real and I think more people need to hear this,dating_advice,1025,https://reddit.com/r/dating_advice/comments/1seya03/the_dog_park_meta_is_real_and_i_think_more_people/,oeu1wgc,Alert-Seaweed-3862,12,It is genuinely an amazing time. Even if not looking for dates being able to grab a beer at the park loosens everyone up. It is the most social park I’ve ever been to!,https://reddit.com/r/dating_advice/comments/1seya03/_/oeu1wgc/,General / Other
1seya03,The dog park meta is real and I think more people need to hear this,dating_advice,1025,https://reddit.com/r/dating_advice/comments/1seya03/the_dog_park_meta_is_real_and_i_think_more_people/,oeu0xzm,Alert-Seaweed-3862,11,Ha! Luckily I have both a dog and cat. I wish there was something similar for the cat owners out there,https://reddit.com/r/dating_advice/comments/1seya03/_/oeu0xzm/,General / Other
1seya03,The dog park meta is real and I think more people need to hear this,dating_advice,1025,https://reddit.com/r/dating_advice/comments/1seya03/the_dog_park_meta_is_real_and_i_think_more_people/,oeu9rbr,Alert-Seaweed-3862,6,Thanks man I appreciate it! Good luck with the move! I think your pups will enjoy that area a lot more:),https://reddit.com/r/dating_advice/comments/1seya03/_/oeu9rbr/,General / Other
1seya03,The dog park meta is real and I think more people need to hear this,dating_advice,1025,https://reddit.com/r/dating_advice/comments/1seya03/the_dog_park_meta_is_real_and_i_think_more_people/,oeu6k80,Alert-Seaweed-3862,5,"Oh okay you were talking about dogs detecting kindness. Understood, I mostly agree with that. I was more defending the point of seeing how the owners treat their own dogs.",https://reddit.com/r/dating_advice/comments/1seya03/_/oeu6k80/,General / Other
1seya03,The dog park meta is real and I think more people need to hear this,dating_advice,1025,https://reddit.com/r/dating_advice/comments/1seya03/the_dog_park_meta_is_real_and_i_think_more_people/,oeu164u,Alert-Seaweed-3862,5,Haha true. You may be able to pass it off as just a side gig/hobby. Saying you love dogs but can’t commit to being an owner at the moment?,https://reddit.com/r/dating_advice/comments/1seya03/_/oeu164u/,General / Other
1seya03,The dog park meta is real and I think more people need to hear this,dating_advice,1025,https://reddit.com/r/dating_advice/comments/1seya03/the_dog_park_meta_is_real_and_i_think_more_people/,oeu2d3z,Alert-Seaweed-3862,5,"This is something I’ve already contended with. I personally did not start going with the goals of getting dates, I just love the park and love having my pup get the social interaction. These all happened naturally. I still am not going with that specific goal in mind, but I do dread the inevitable day that girls I’ve went out with are there at the same time, not sure how that would go.",https://reddit.com/r/dating_advice/comments/1seya03/_/oeu2d3z/,General / Other
1seya03,The dog park meta is real and I think more people need to hear this,dating_advice,1025,https://reddit.com/r/dating_advice/comments/1seya03/the_dog_park_meta_is_real_and_i_think_more_people/,oeu4zue,Alert-Seaweed-3862,4,"To each their own but that’s my personal experience. A dog takes a lot of time and effort. The decision to adopt/get a dog shouldn’t be taken lightly. I think that if you really care for something you CHOSE to take on, you will spend the time to train it the right way. Mine is very well behaved, but is a Malinois. Without over a year of consistent training, taking her for runs, and playing with her daily, her personality would be aggressive and completely different. But as I mentioned not every dog is the same and some just have behavioral issues that aren’t on the owner. At that point, you shouldn’t be at the park at all. So I think this still applies. If you are in that group and still choose to take your dog to the park, that still tells you about the person’s level of respect for other",https://reddit.com/r/dating_advice/comments/1seya03/_/oeu4zue/,General / Other
1seya03,The dog park meta is real and I think more people need to hear this,dating_advice,1025,https://reddit.com/r/dating_advice/comments/1seya03/the_dog_park_meta_is_real_and_i_think_more_people/,oev188e,Alert-Seaweed-3862,4,"Agreed. I personally have a Malinois who I found in a dumpster when she was 8 weeks old. While I always wanted to wait to have a house until I got a dog, I decided that she was better off living in my two bedroom apartment than dead in a dumpster. It is a lot more work having to take her on 4+ walks a day and the park every other day instead of just letting her out back, but I’m confident she has as good of a life as she could possibly have with me",https://reddit.com/r/dating_advice/comments/1seya03/_/oev188e/,General / Other
1seya03,The dog park meta is real and I think more people need to hear this,dating_advice,1025,https://reddit.com/r/dating_advice/comments/1seya03/the_dog_park_meta_is_real_and_i_think_more_people/,oexeotz,Alert-Seaweed-3862,3,Thank you! I do take a lot of pride in my girl. Funny thing is when I found her I had no idea she was a Malinois. She was abandoned in the bottom of a dumpster at just 8 weeks old. Consistent work with her has made her the best dog I’ve ever had:),https://reddit.com/r/dating_advice/comments/1seya03/_/oexeotz/,General / Other
1seya03,The dog park meta is real and I think more people need to hear this,dating_advice,1025,https://reddit.com/r/dating_advice/comments/1seya03/the_dog_park_meta_is_real_and_i_think_more_people/,oeu2w9r,Alert-Seaweed-3862,3,"Thanks for saying that! I do think it is the simplest thing to say, but everywhere I look people are complaining about their dating life while simultaneously only really trying apps. It’s time to cut that out and go back to human interactions",https://reddit.com/r/dating_advice/comments/1seya03/_/oeu2w9r/,General / Other
1seya03,The dog park meta is real and I think more people need to hear this,dating_advice,1025,https://reddit.com/r/dating_advice/comments/1seya03/the_dog_park_meta_is_real_and_i_think_more_people/,oezitw7,Alert-Seaweed-3862,3,"This was 100% geared towards people who already have a dog, in the original post I don’t think I suggested anywhere to get a dog to improve your dating life. Last paragraph specifically says, “So if you have a dog…” I’ve had my pup for two years, I definitely didn’t get her for this reason.",https://reddit.com/r/dating_advice/comments/1seya03/_/oezitw7/,General / Other
1ssmfy0,The Bar is So Low,dating_advice,1024,https://reddit.com/r/dating_advice/comments/1ssmfy0/the_bar_is_so_low/,ohn9hwj,cain721,27,"Tldr: treat women like people, don't have a baby dick(in general), and dont take offense when you hear men suck, a lot do, you dont have to be one. 

I have never been more certain that dudes suck.

I am a dude(30m). Most of my coworkers are women. After hearing their stories, seeing how creepy dudes are with them, I understand where they are coming from.

Ive worked really really hard to make women feel safe around me at work, i dont hit on them, i don't judge, and I try to keep a level head.

There is the obvious stressor, that men are pound for pound stronger than women. There is the next most obvious that 1 in 3 women either have been raped, or know someone who has.

When was the last time you worried about getting raped?

For us, it's not nearly as prevalent. 
Women are sexualized con",https://reddit.com/r/dating_advice/comments/1ssmfy0/_/ohn9hwj/,General / Other
1lzdrup,Just say it,dating_advice,1005,https://reddit.com/r/dating_advice/comments/1lzdrup/just_say_it/,n318u26,psaiymia,97,"Firstly I want you to know that your feelings are incredibly valid. Silent indirect rejection is painful. I’ve both been ghosted and ghosted others when I was younger. I’ve stated this in other replies the reason why women tend to ghost, please feel free to find them on my profile but basically it boils down to that most men, not all men but enough men, have created such a terrifying environment for women to exist in. I personally was almost assaulted bc I let a man pay for our date and he insisted that entitled him to my body. He FA’d and found out real HARD im not the one. Rejecting men is a tricky fragile game to play, bc insecurity is drowning and those who can’t swim in it tend to drag others down if they can’t make them float. Women can be just as terrible and unstable as men too, I’",https://reddit.com/r/dating_advice/comments/1lzdrup/_/n318u26/,Understanding rejection
1lzdrup,Just say it,dating_advice,1005,https://reddit.com/r/dating_advice/comments/1lzdrup/just_say_it/,n310hdf,psaiymia,24,"Yeah I had a similar situation at least 3x in the last year. Two weeks ago a man said something racist, I called it out respectfully like “hey i didnt appreciate that comment can we switch topics” he doubled down and just was disgusting in his language then blocked me. Trash took itself out haha. Last year i went on a date and told him i didnt feel attraction and he started blowing me up insisting he had skills and i didnt give him a chance blah blah basically mad I didnt sleep with him and if I did then I’d be attracted to him. According to him. But like personally for me attraction needs to happen first before i sleep with someone haha. I have an insatiable need for closure that im working on, and my brain says “what if they need closure too? They spent time with you, you owe them that m",https://reddit.com/r/dating_advice/comments/1lzdrup/_/n310hdf/,General / Other
1lzdrup,Just say it,dating_advice,1005,https://reddit.com/r/dating_advice/comments/1lzdrup/just_say_it/,n31279c,psaiymia,19,"Honestly I was a ghoster when I was younger in the dating game. Like a teenager. Im 27 now and I just feel too old to not be honest with my feelings in every aspect of my life. I’ll keep it respectful, but honest nonetheless.",https://reddit.com/r/dating_advice/comments/1lzdrup/_/n31279c/,Processing the shame of being late
1lzdrup,Just say it,dating_advice,1005,https://reddit.com/r/dating_advice/comments/1lzdrup/just_say_it/,n30zo06,[deleted],4,"As a guy maybe I haven’t gone on enough dates to figure this one out but I’ve truly never understood how and why people ghost each other. Maybe someone could fill me in lol.

The last few dates I’ve been in the last year or so I knew weren’t going anywhere but I still put in effort during the date even after I knew and sent them a respectful text after. The fact that this isn’t the default thing for people to do seems fairly sad and pathetic to me.

If it was online only and you never even met up that’s one thing, but you literally met this person I just don’t understand how anyone could ever ghost.",https://reddit.com/r/dating_advice/comments/1lzdrup/_/n30zo06/,Understanding rejection
1lzdrup,Just say it,dating_advice,1005,https://reddit.com/r/dating_advice/comments/1lzdrup/just_say_it/,n3bg60j,psaiymia,3,"Respectfully, you posted a whole movie script and I will not be reading that. As for FA’d- “fucked around” i assumed it would be kinda obvious bc i said “he FA’d and found out” bc the phrase is fucked around and found out.",https://reddit.com/r/dating_advice/comments/1lzdrup/_/n3bg60j/,General / Other
1lzdrup,Just say it,dating_advice,1005,https://reddit.com/r/dating_advice/comments/1lzdrup/just_say_it/,n314z3d,psaiymia,3,"I hope you misunderstood my post, I’ve edited to clarify.",https://reddit.com/r/dating_advice/comments/1lzdrup/_/n314z3d/,General / Other
1lzdrup,Just say it,dating_advice,1005,https://reddit.com/r/dating_advice/comments/1lzdrup/just_say_it/,n35kzec,psaiymia,3,"Were you there in the car with us? Bc I actually did have a great time. What disappointed me was that I felt the lifestyles between us were too different for me to get past. If you look at what I’ve said about him in other replies you’ll know how great of a guy he is. I just don’t date religious people. I have my hard limits with lifestyles and differences between myself and potential partners. I don’t date religious people, I don’t date people struggling with alcoholism or hard addiction, I don’t date people that have been to jail or arrested multiple times, I don’t date felons bc I have my own weapons registered to me and they can’t be in a home with a felon, etc. some of these things don’t get shared the first week of talking bc they are deal breakers for a lot of people and they come o",https://reddit.com/r/dating_advice/comments/1lzdrup/_/n35kzec/,General / Other
kyfn2s,"I did it, guys, I did it!",dating_advice,908,https://reddit.com/r/dating_advice/comments/kyfn2s/i_did_it_guys_i_did_it/,gjgjziw,[deleted],145,"Well, I think this is a good moment to give you some important advice, considering this is your first relationship.

First of, congrats on your first girlfriend :) I am happy for you , and want you to be happy to :)

Secondly, there are few things you should know when you enter a relationship: 

1) Always be honest, especially with yourself.

2) If something bothers you, speak up. Don't tolerate bad behavior for the sake of getting some, or because you're afraid of upseting her.
How do you know it bothers you ? You usually feel it in your gut. 

3) Your happiness is paramount. If she isn't making you happy, you should leave. Loving a person is not enough basis to keep a relationship going. You should also get along with your partner. The reason I say this is because many guys are afraid to",https://reddit.com/r/dating_advice/comments/kyfn2s/_/gjgjziw/,General / Other
kyfn2s,"I did it, guys, I did it!",dating_advice,908,https://reddit.com/r/dating_advice/comments/kyfn2s/i_did_it_guys_i_did_it/,gjgqzbo,szilaspart,19,"Wow, thank you really much for your advices and your support!",https://reddit.com/r/dating_advice/comments/kyfn2s/_/gjgqzbo/,General / Other
kyfn2s,"I did it, guys, I did it!",dating_advice,908,https://reddit.com/r/dating_advice/comments/kyfn2s/i_did_it_guys_i_did_it/,gjfu2i7,szilaspart,19,"You're right, I never thought that it was easy. I have to deal with a lot of uncertainty now and we have to define the basics of this relationship.",https://reddit.com/r/dating_advice/comments/kyfn2s/_/gjfu2i7/,General / Other
kyfn2s,"I did it, guys, I did it!",dating_advice,908,https://reddit.com/r/dating_advice/comments/kyfn2s/i_did_it_guys_i_did_it/,gjg3ryn,szilaspart,9,Thank you!,https://reddit.com/r/dating_advice/comments/kyfn2s/_/gjg3ryn/,General / Other
kyfn2s,"I did it, guys, I did it!",dating_advice,908,https://reddit.com/r/dating_advice/comments/kyfn2s/i_did_it_guys_i_did_it/,gjg0dui,szilaspart,6,Thank you!,https://reddit.com/r/dating_advice/comments/kyfn2s/_/gjg0dui/,General / Other
kyfn2s,"I did it, guys, I did it!",dating_advice,908,https://reddit.com/r/dating_advice/comments/kyfn2s/i_did_it_guys_i_did_it/,gjg4lb3,szilaspart,6,Thanks!,https://reddit.com/r/dating_advice/comments/kyfn2s/_/gjg4lb3/,General / Other
kyfn2s,"I did it, guys, I did it!",dating_advice,908,https://reddit.com/r/dating_advice/comments/kyfn2s/i_did_it_guys_i_did_it/,gjh8v9j,szilaspart,5,"Thanks for the support!

Yes, I'm the living example that there's hope even for the most hopeless guys.",https://reddit.com/r/dating_advice/comments/kyfn2s/_/gjh8v9j/,General / Other
kyfn2s,"I did it, guys, I did it!",dating_advice,908,https://reddit.com/r/dating_advice/comments/kyfn2s/i_did_it_guys_i_did_it/,gjgr8ui,szilaspart,5,"Thank you!!

I don't really want to wake up.",https://reddit.com/r/dating_advice/comments/kyfn2s/_/gjgr8ui/,General / Other
kyfn2s,"I did it, guys, I did it!",dating_advice,908,https://reddit.com/r/dating_advice/comments/kyfn2s/i_did_it_guys_i_did_it/,gjgcuqn,szilaspart,3,"Thank you, bro!",https://reddit.com/r/dating_advice/comments/kyfn2s/_/gjgcuqn/,General / Other
kyfn2s,"I did it, guys, I did it!",dating_advice,908,https://reddit.com/r/dating_advice/comments/kyfn2s/i_did_it_guys_i_did_it/,gjgfa2o,szilaspart,3,Thank you!,https://reddit.com/r/dating_advice/comments/kyfn2s/_/gjgfa2o/,General / Other
kyfn2s,"I did it, guys, I did it!",dating_advice,908,https://reddit.com/r/dating_advice/comments/kyfn2s/i_did_it_guys_i_did_it/,gjh8r2s,szilaspart,3,"Exactly, thank you!",https://reddit.com/r/dating_advice/comments/kyfn2s/_/gjh8r2s/,General / Other
kyfn2s,"I did it, guys, I did it!",dating_advice,908,https://reddit.com/r/dating_advice/comments/kyfn2s/i_did_it_guys_i_did_it/,gjgr58c,szilaspart,3,Thank you! I guess it's never really late.,https://reddit.com/r/dating_advice/comments/kyfn2s/_/gjgr58c/,General / Other
1ilhe2m,"I genuinely understand women’s perspective on being bought dinner now, and it’s not because of “what’s fair.”",dating_advice,880,https://reddit.com/r/dating_advice/comments/1ilhe2m/i_genuinely_understand_womens_perspective_on/,mbuuau8,0hreallyn0w,45,"To your point, this birthday dinner certainly wasn’t a first date, maybe a 3rd or 4th when we did have some established care.

I appreciate that you want to make that first interaction as equitable as possible! It shows you want to be there for sure, and is appreciated. I think I wanted to express *why* someone buying you a drink on a first date feels good, outside of it being a societal expectation. If it wasn’t an expectation then that gesture would be a lot more clearly meaningful imo, and you’re helping make that the case 🫡",https://reddit.com/r/dating_advice/comments/1ilhe2m/_/mbuuau8/,Learning the mechanics of dating
1ilhe2m,"I genuinely understand women’s perspective on being bought dinner now, and it’s not because of “what’s fair.”",dating_advice,880,https://reddit.com/r/dating_advice/comments/1ilhe2m/i_genuinely_understand_womens_perspective_on/,mbuqr6n,ExcitableSarcasm,34,"I love this mindset. Honestly this mindset is so appreciated as a guy.

I'm not blaming women for wanting the guy to pay for the first date, but as a guy it's so hard to tell who's just conservative and who's just using you for a cheap meal.",https://reddit.com/r/dating_advice/comments/1ilhe2m/_/mbuqr6n/,Learning the mechanics of dating
1ilhe2m,"I genuinely understand women’s perspective on being bought dinner now, and it’s not because of “what’s fair.”",dating_advice,880,https://reddit.com/r/dating_advice/comments/1ilhe2m/i_genuinely_understand_womens_perspective_on/,mbxxuak,Felixdapussycat,10,"You’d actually end up with no relationships if that were to be the case. As long as you’re speaking from a woman’s perspective you’ll never understand what dating from a man’s perspective is like. Using myself as anecdotal evidence, I’ve been living my life to my fullest; fitness, school, fashion; everyone always tells me I’m a catch. Yet here I am at 25 having never been on a date or so much as held hands with a woman in my life. I never get swipes in dating apps, meeting people in real life never leads to anything. As a guy when you get an opportunity unless there’s a legitimate reason to say no or pass her up you don’t. You don’t have a line of women waiting to date you, once you blow your shit with one your off to a dry spell that could last years.",https://reddit.com/r/dating_advice/comments/1ilhe2m/_/mbxxuak/,Coping with physical loneliness
1ilhe2m,"I genuinely understand women’s perspective on being bought dinner now, and it’s not because of “what’s fair.”",dating_advice,880,https://reddit.com/r/dating_advice/comments/1ilhe2m/i_genuinely_understand_womens_perspective_on/,mbxzd4l,Geekman2528,7,"Having a female friend, who i KNEW was struggling and working her ass off to make her money… insist strongly on paying for a dinner between us, was difficult for me. We have playfully fought for years on who gets the check and what i never realized in hindsight is that she actually values me and appreciates my time…. Not as a man who has a wallet to pay for a good time. But as a person, with qualities she appreciates. 


Holy fuck was that a revelation for me, who is generally insecure, often a few fuckups away from shutting myself out and isolating, marginal sense of self worth except when I can do something for anybody else. 

I can’t possibly thank her enough.",https://reddit.com/r/dating_advice/comments/1ilhe2m/_/mbxzd4l/,Building self-worth
1ilhe2m,"I genuinely understand women’s perspective on being bought dinner now, and it’s not because of “what’s fair.”",dating_advice,880,https://reddit.com/r/dating_advice/comments/1ilhe2m/i_genuinely_understand_womens_perspective_on/,mbxr89f,SilentAirline6611,6,"Guy here yea I’m glad that you had a nice dinner and that you didn’t have to spend any money but this scenario is completely different from dating especially in the early stages. 

You being taking out for your birthday but your girlfriend that you’ve mostly like already spent money on. Is completely different from a woman being taking out on a date from someone she doesn’t know or a man “courting a woman.” These are two completely different situations.

Besides like I said earlier I’m sure you had to spend money on her first, dates, gifts, buying her stuff etc, to even get her to take you out on your birthday.

So I’m sorry but no you don’t understand women’s perspective because your girlfriend took you out on your birthday not even close.

Now here’s where I stand on this it doesn’t matt",https://reddit.com/r/dating_advice/comments/1ilhe2m/_/mbxr89f/,General / Other
1ilhe2m,"I genuinely understand women’s perspective on being bought dinner now, and it’s not because of “what’s fair.”",dating_advice,880,https://reddit.com/r/dating_advice/comments/1ilhe2m/i_genuinely_understand_womens_perspective_on/,mbuvb6m,0hreallyn0w,5,"I definitely appreciate your approach, and by removing the expectation you’re doing a lot to create the opportunity for someone to show they *want* to do something nice, which I think is a win-win!",https://reddit.com/r/dating_advice/comments/1ilhe2m/_/mbuvb6m/,Getting over approach anxiety
1ilhe2m,"I genuinely understand women’s perspective on being bought dinner now, and it’s not because of “what’s fair.”",dating_advice,880,https://reddit.com/r/dating_advice/comments/1ilhe2m/i_genuinely_understand_womens_perspective_on/,mcm99l2,0hreallyn0w,3,"It’s nice that you get to decide when to start showing care for the person you’re dating. 

In my experience from the other side, it can be really draining to put in the majority of the effort to prove to the other person (who you’re just getting to know) that you’re working hard to attract them for the first few weeks.

Maybe that emotional tug of war is just how it goes though, and if it’s working for you then it’s working I suppose.",https://reddit.com/r/dating_advice/comments/1ilhe2m/_/mcm99l2/,General / Other
9maf4q,"I’m not desperate for sex, I’m desperate for a connection",dating_advice,849,https://reddit.com/r/dating_advice/comments/9maf4q/im_not_desperate_for_sex_im_desperate_for_a/,e7dhtj8,guymcguy2323,243,"Couldn’t have said it better. You remind me of my sister, telling me what I need to hear not what I want to hear. I appreciate brash and direct responses. Aka kick my ass",https://reddit.com/r/dating_advice/comments/9maf4q/_/e7dhtj8/,General / Other
9maf4q,"I’m not desperate for sex, I’m desperate for a connection",dating_advice,849,https://reddit.com/r/dating_advice/comments/9maf4q/im_not_desperate_for_sex_im_desperate_for_a/,e7ddyis,guymcguy2323,63,I have listened to his podcasts. Wait is he the one at the beginning where he’s like “ Matthew hussey here with Mathew hussey” and I’m just like “Doug dimmadome owner of the dimmadome”,https://reddit.com/r/dating_advice/comments/9maf4q/_/e7ddyis/,General / Other
9maf4q,"I’m not desperate for sex, I’m desperate for a connection",dating_advice,849,https://reddit.com/r/dating_advice/comments/9maf4q/im_not_desperate_for_sex_im_desperate_for_a/,e7dimnu,guymcguy2323,61,Seriously very profound words I’m reading them over..I should probly get that shit tattooed on my arm so I don’t forget it,https://reddit.com/r/dating_advice/comments/9maf4q/_/e7dimnu/,General / Other
9maf4q,"I’m not desperate for sex, I’m desperate for a connection",dating_advice,849,https://reddit.com/r/dating_advice/comments/9maf4q/im_not_desperate_for_sex_im_desperate_for_a/,e7diha5,guymcguy2323,21,Glad I’m not the only one ☝️ thank you,https://reddit.com/r/dating_advice/comments/9maf4q/_/e7diha5/,General / Other
9maf4q,"I’m not desperate for sex, I’m desperate for a connection",dating_advice,849,https://reddit.com/r/dating_advice/comments/9maf4q/im_not_desperate_for_sex_im_desperate_for_a/,e7diax2,guymcguy2323,17,Ugh thankyou ^,https://reddit.com/r/dating_advice/comments/9maf4q/_/e7diax2/,General / Other
9maf4q,"I’m not desperate for sex, I’m desperate for a connection",dating_advice,849,https://reddit.com/r/dating_advice/comments/9maf4q/im_not_desperate_for_sex_im_desperate_for_a/,e7d9462,guymcguy2323,16,"I completely understand. I’ve told myself I have high standards too. The only reason I made it so detailed was because I’ve heard writing it down helps use the law of attraction to identify what you really want. Overall I really would like to think that I just want to be attracted to you and be able to have fun with you and click and laugh and have good chemistry is really all I want 

But I completely understand what you’re saying and I know I’m not anywhere near a perfect guy either",https://reddit.com/r/dating_advice/comments/9maf4q/_/e7d9462/,General / Other
9maf4q,"I’m not desperate for sex, I’m desperate for a connection",dating_advice,849,https://reddit.com/r/dating_advice/comments/9maf4q/im_not_desperate_for_sex_im_desperate_for_a/,e7d8js4,guymcguy2323,16,I go to school part time and work full time. Have my own car. Have a 3 bedroom apartment with 2 other Roomate’s,https://reddit.com/r/dating_advice/comments/9maf4q/_/e7d8js4/,General / Other
9maf4q,"I’m not desperate for sex, I’m desperate for a connection",dating_advice,849,https://reddit.com/r/dating_advice/comments/9maf4q/im_not_desperate_for_sex_im_desperate_for_a/,e7d9nqx,guymcguy2323,13,"What fucks me up the most is focusing on myself and when a girl pops up I’m like “this is the one 😍” “I obviously have to try now.” *low key throw myself at her* “I want to take you on a date” “good morning” etc..not blowing up her phone but kind of obsessed in my mind and I hurt myself all over again 

A girl pops up I should turn her down?",https://reddit.com/r/dating_advice/comments/9maf4q/_/e7d9nqx/,General / Other
9maf4q,"I’m not desperate for sex, I’m desperate for a connection",dating_advice,849,https://reddit.com/r/dating_advice/comments/9maf4q/im_not_desperate_for_sex_im_desperate_for_a/,e7e9j0s,guymcguy2323,10,Laughed out loud,https://reddit.com/r/dating_advice/comments/9maf4q/_/e7e9j0s/,General / Other
9maf4q,"I’m not desperate for sex, I’m desperate for a connection",dating_advice,849,https://reddit.com/r/dating_advice/comments/9maf4q/im_not_desperate_for_sex_im_desperate_for_a/,e7d7uh3,guymcguy2323,10,26,https://reddit.com/r/dating_advice/comments/9maf4q/_/e7d7uh3/,General / Other
9maf4q,"I’m not desperate for sex, I’m desperate for a connection",dating_advice,849,https://reddit.com/r/dating_advice/comments/9maf4q/im_not_desperate_for_sex_im_desperate_for_a/,e7dicw0,guymcguy2323,6,"That’s true, feels like the friend zone is an impossible place though no?",https://reddit.com/r/dating_advice/comments/9maf4q/_/e7dicw0/,Escaping the friend zone
9maf4q,"I’m not desperate for sex, I’m desperate for a connection",dating_advice,849,https://reddit.com/r/dating_advice/comments/9maf4q/im_not_desperate_for_sex_im_desperate_for_a/,e7de438,guymcguy2323,6,I like it but I don’t at the same time. It’s all I’ve wanted in life is to love and be loved  and I *hate* the thought of I gotta put off trying even longer and have my parents ask why I don’t have a gf at Christmas every year you know but I know deep down you’re right,https://reddit.com/r/dating_advice/comments/9maf4q/_/e7de438/,General / Other
9maf4q,"I’m not desperate for sex, I’m desperate for a connection",dating_advice,849,https://reddit.com/r/dating_advice/comments/9maf4q/im_not_desperate_for_sex_im_desperate_for_a/,e7dgc2b,guymcguy2323,6,I don’t get it. That’s how I take it and here I am years later the same person,https://reddit.com/r/dating_advice/comments/9maf4q/_/e7dgc2b/,General / Other
9maf4q,"I’m not desperate for sex, I’m desperate for a connection",dating_advice,849,https://reddit.com/r/dating_advice/comments/9maf4q/im_not_desperate_for_sex_im_desperate_for_a/,e7dg7mq,guymcguy2323,6,Yes I do feel lonely. All of the above actually. Now what?,https://reddit.com/r/dating_advice/comments/9maf4q/_/e7dg7mq/,General / Other
9maf4q,"I’m not desperate for sex, I’m desperate for a connection",dating_advice,849,https://reddit.com/r/dating_advice/comments/9maf4q/im_not_desperate_for_sex_im_desperate_for_a/,e7d8tgc,guymcguy2323,6,"The thing is, I’ve gone thru hundreds of girls even in the past 4-5 years and nothing has stuck...so obviously I know it’s a me problem not them..but I don’t know the solution I just don’t..be comfortable with my self? Well how do I do that? I don’t want to be comfortable with myself I want a relationship",https://reddit.com/r/dating_advice/comments/9maf4q/_/e7d8tgc/,General / Other
9maf4q,"I’m not desperate for sex, I’m desperate for a connection",dating_advice,849,https://reddit.com/r/dating_advice/comments/9maf4q/im_not_desperate_for_sex_im_desperate_for_a/,e7dwmue,potatosconeman,5,"I’m the exact same, I’m 26M, the idea of just having meaningless sex isn’t appealing to me in the slightest 

All I want is to be with someone I have chemistry with and I’m attracted to. Just to be able to show and receive affection would be enough for me atm - sex would obviously be part of the deal and that’s great, but it’s not just that I need

It reminds me of lyrics from one of my favourite ever songs - “it takes more than f*cking someone you don’t know to keep yourself warm”",https://reddit.com/r/dating_advice/comments/9maf4q/_/e7dwmue/,General / Other
9maf4q,"I’m not desperate for sex, I’m desperate for a connection",dating_advice,849,https://reddit.com/r/dating_advice/comments/9maf4q/im_not_desperate_for_sex_im_desperate_for_a/,e7dh5en,guymcguy2323,4,"I do like that advice it’s funny because I believe I manifested having more friends that are girls, recently I put it out to the universe and now I have two different pretty good friends that are girls that I hang out with outside of work..and hooked up with their friends a little bit nothing more so far...but I do value them",https://reddit.com/r/dating_advice/comments/9maf4q/_/e7dh5en/,Building self-worth
9maf4q,"I’m not desperate for sex, I’m desperate for a connection",dating_advice,849,https://reddit.com/r/dating_advice/comments/9maf4q/im_not_desperate_for_sex_im_desperate_for_a/,e7dedfn,guymcguy2323,4,Another big problem I have in achieving this is seeing so many attractive girls and I just die on the inside of not trying. So I try. And I’m like an addict I don’t ever learn my lesson so I continue to pursue knowing the consequences and I’m aware enough to know I’m gonna do it again or maybe I can break it this time,https://reddit.com/r/dating_advice/comments/9maf4q/_/e7dedfn/,General / Other
9maf4q,"I’m not desperate for sex, I’m desperate for a connection",dating_advice,849,https://reddit.com/r/dating_advice/comments/9maf4q/im_not_desperate_for_sex_im_desperate_for_a/,e7dha5i,guymcguy2323,4,^^^hard facts,https://reddit.com/r/dating_advice/comments/9maf4q/_/e7dha5i/,General / Other
9maf4q,"I’m not desperate for sex, I’m desperate for a connection",dating_advice,849,https://reddit.com/r/dating_advice/comments/9maf4q/im_not_desperate_for_sex_im_desperate_for_a/,e7ewn4b,guymcguy2323,3,"Thanks, gives me hope:)",https://reddit.com/r/dating_advice/comments/9maf4q/_/e7ewn4b/,General / Other
1nba47d,Date had a panic attack and I am really struggling with what happened,dating_advice,842,https://reddit.com/r/dating_advice/comments/1nba47d/date_had_a_panic_attack_and_i_am_really/,nd0cej2,Border-Worried,360,"I spent the day looking through my insurance plan to see what therapists are in network. I am actually an incredibly happy person, but this really caused a spiral",https://reddit.com/r/dating_advice/comments/1nba47d/_/nd0cej2/,General / Other
1nba47d,Date had a panic attack and I am really struggling with what happened,dating_advice,842,https://reddit.com/r/dating_advice/comments/1nba47d/date_had_a_panic_attack_and_i_am_really/,nd2h4v7,Border-Worried,2,I never said I was a freak lol 😂,https://reddit.com/r/dating_advice/comments/1nba47d/_/nd2h4v7/,General / Other
1nba47d,Date had a panic attack and I am really struggling with what happened,dating_advice,842,https://reddit.com/r/dating_advice/comments/1nba47d/date_had_a_panic_attack_and_i_am_really/,nd3h5jt,Border-Worried,2,"I get it, mine look different and are super rare. I haven’t really had one in years when I realized that I made a mistake switching jobs. I had only known what I have had which is blatantly obvious that it’s a panic attack. Like hyperventilating and body locking up",https://reddit.com/r/dating_advice/comments/1nba47d/_/nd3h5jt/,General / Other
1nba47d,Date had a panic attack and I am really struggling with what happened,dating_advice,842,https://reddit.com/r/dating_advice/comments/1nba47d/date_had_a_panic_attack_and_i_am_really/,nd4rbgd,nintendhoe_64,2,"I have severe PTSD from an assault that happened to me and I understand what this woman is going through. I know it is really overwhelming for the person on the recieving end. You try to move on and this nice man is driving you somewhere. But sometimes something about a sound or smell just brings you back into a horrible moment again.

You also don't know when to bring up something that is a big part of what happened to you. Strangers can also cause a lot of hypervigilance. There is nothing you could have done to prevent this. I think as a man it makes you question whether or not you make women feel safe. I try to dip my toe back into dating sometimes but then I notice a trigger sometimes that I need to work through. But I can't do it without actually dating which sucks for the other perso",https://reddit.com/r/dating_advice/comments/1nba47d/_/nd4rbgd/,Fear of intimacy after abstinence
1nba47d,Date had a panic attack and I am really struggling with what happened,dating_advice,842,https://reddit.com/r/dating_advice/comments/1nba47d/date_had_a_panic_attack_and_i_am_really/,ndao4ua,Mother_Gas_9887,1,"Not your fault broski. Some people are just broken, it is not her fault either. You dont wana date or (worse) marry someone like that. You deserve better. At least she gave you an explanation and 

  
This was a loose loose situation for you. You werent thinking about really dating a woman that is 4 years your senior, did you? Why even consider settling for a woman that is mucb older than you?",https://reddit.com/r/dating_advice/comments/1nba47d/_/ndao4ua/,General / Other
1p84dyi,Dating is dying,dating_advice,535,https://reddit.com/r/dating_advice/comments/1p84dyi/dating_is_dying/,nr4matp,Commissar_David,17,"As a guy I can relate, it feels like we're the ones who are expected to do all the work with approaching flirting and indicating that we're interested all for nothing in return. Even in relationships, we're expected to initiate everything, and it gets exhausting.",https://reddit.com/r/dating_advice/comments/1p84dyi/_/nr4matp/,Getting over approach anxiety
1p84dyi,Dating is dying,dating_advice,535,https://reddit.com/r/dating_advice/comments/1p84dyi/dating_is_dying/,nr2dsj0,One-Discipline641,16,"Focus on yourself. I just found the girl in my dreams after being married for 9 years got a divorce and was dating for 1.5 years. I am only now going to speak from a male perspective to women plus excuse me. 

1. Women get messaged and liked all the times on the apps so they have a million choices. Especially in their 20s. There standards are high and often unrealistic. They have to shuffle through a lot of men. You have to be the man that stands out. Don’t put all your time and attention in one until you guys are exclusive. As a man you always have to have options just like they keep their options open. You WILL be ghosted a lot, match with girls that don’t respond back and constantly tested. Never get emotional. It’s part of the game. 

2. Dating is your side mission- not your main missi",https://reddit.com/r/dating_advice/comments/1p84dyi/_/nr2dsj0/,Understanding rejection
1p84dyi,Dating is dying,dating_advice,535,https://reddit.com/r/dating_advice/comments/1p84dyi/dating_is_dying/,nr3vrrq,Uniqueusername610,15,I'm going to say this in the nicest and most respectful way dating isn't dying it's probably just your profile sucks. As a man it's easy just to throw up pictures of ourselves and a bio but often times those pictures and bios suck because the average man doesn't have experience in taking good pictures that appeal to the female gaze or writing a bio that has personality. Once you figure those things out a whole new world will open up to you.,https://reddit.com/r/dating_advice/comments/1p84dyi/_/nr3vrrq/,General / Other
1p84dyi,Dating is dying,dating_advice,535,https://reddit.com/r/dating_advice/comments/1p84dyi/dating_is_dying/,nr6mf3v,Jonteman93,7,"I am a man in early 30s who's only blaming myself for being without a single date for 13 years 
I just can't find out what exactly is wrong with me but it must be severe.",https://reddit.com/r/dating_advice/comments/1p84dyi/_/nr6mf3v/,Understanding what is blocking them
1p84dyi,Dating is dying,dating_advice,535,https://reddit.com/r/dating_advice/comments/1p84dyi/dating_is_dying/,nr5onpc,mr_quincy27,6,"Im 33m and have been single my whole life. While I don't think dying is the correct word, it's definitely more challenging now and I do think you'll see a large number of people now stay single forever",https://reddit.com/r/dating_advice/comments/1p84dyi/_/nr5onpc/,General / Other
1p84dyi,Dating is dying,dating_advice,535,https://reddit.com/r/dating_advice/comments/1p84dyi/dating_is_dying/,nr67wzi,MasterrShake93,3,"It's horribly depressing. Im 32M and was engaged up until Sept 24. Prior to my ex fiancée, I didn't really have many long term relationships. Kinda picky when it comes to values... now that my ex cheated and left me high and dry, im terrified I might not find someone I truly connect with again. Im a bit of a hopeless romantic, and the thought of never sharing life with someone again makes me sick. I hate what has happened to our world.",https://reddit.com/r/dating_advice/comments/1p84dyi/_/nr67wzi/,Building self-worth
14pkxwh,Is it normal for average looking guy to get zero likes or matches,dating_advice,530,https://reddit.com/r/dating_advice/comments/14pkxwh/is_it_normal_for_average_looking_guy_to_get_zero/,jqillva,TrevorLahey93,118,💯thanks for making me feel better about the cats haha,https://reddit.com/r/dating_advice/comments/14pkxwh/_/jqillva/,General / Other
14pkxwh,Is it normal for average looking guy to get zero likes or matches,dating_advice,530,https://reddit.com/r/dating_advice/comments/14pkxwh/is_it_normal_for_average_looking_guy_to_get_zero/,jqikhe4,TrevorLahey93,67,"Good call out. 

Obese was maybe too strong a word. I was normal sized guy but had a beer gut and big thighs, but lost about 25 pounds since then and have been lifting weights 6 days week for about 3 months. I have a lot of muscle mass from newbie gains I’ve added, otherwise probably woulda dropped more weight.",https://reddit.com/r/dating_advice/comments/14pkxwh/_/jqikhe4/,General / Other
14pkxwh,Is it normal for average looking guy to get zero likes or matches,dating_advice,530,https://reddit.com/r/dating_advice/comments/14pkxwh/is_it_normal_for_average_looking_guy_to_get_zero/,jqig9hm,TrevorLahey93,66,"Good point, thank you for the response.",https://reddit.com/r/dating_advice/comments/14pkxwh/_/jqig9hm/,General / Other
14pkxwh,Is it normal for average looking guy to get zero likes or matches,dating_advice,530,https://reddit.com/r/dating_advice/comments/14pkxwh/is_it_normal_for_average_looking_guy_to_get_zero/,jqim3k4,TrevorLahey93,66,"Oh yeah I don’t wanna put my info on Reddit but let’s say suburb of a crappy town. That probably is impacting me and I didn’t think about it thanks.

Honestly might start attending different types of in person activities and making new friends instead of this online dating.",https://reddit.com/r/dating_advice/comments/14pkxwh/_/jqim3k4/,General / Other
14pkxwh,Is it normal for average looking guy to get zero likes or matches,dating_advice,530,https://reddit.com/r/dating_advice/comments/14pkxwh/is_it_normal_for_average_looking_guy_to_get_zero/,jqigoik,TrevorLahey93,35,"Thanks for the response.

Surprisingly enough I do swipe on a lot of girls I would call average or even below average. I felt like I should give them a chance to show off their personalities before I outright deny them. 

But yeah I will put in more effort and try to make my profile stand out. Appreciate it!",https://reddit.com/r/dating_advice/comments/14pkxwh/_/jqigoik/,Dating app fatigue
14pkxwh,Is it normal for average looking guy to get zero likes or matches,dating_advice,530,https://reddit.com/r/dating_advice/comments/14pkxwh/is_it_normal_for_average_looking_guy_to_get_zero/,jqis4df,TrevorLahey93,17,I thought they were okay but as a clueless guy maybe I don’t understand what makes a good picture. I will reevaluate that!,https://reddit.com/r/dating_advice/comments/14pkxwh/_/jqis4df/,General / Other
14pkxwh,Is it normal for average looking guy to get zero likes or matches,dating_advice,530,https://reddit.com/r/dating_advice/comments/14pkxwh/is_it_normal_for_average_looking_guy_to_get_zero/,jqir2rm,TrevorLahey93,12,"Wow beautiful to read this and so much perspective!

Thank you so much for responding in detail! 

I can’t control all single people, but I am going to focus more on hobbies and interests in public environments!",https://reddit.com/r/dating_advice/comments/14pkxwh/_/jqir2rm/,General / Other
14pkxwh,Is it normal for average looking guy to get zero likes or matches,dating_advice,530,https://reddit.com/r/dating_advice/comments/14pkxwh/is_it_normal_for_average_looking_guy_to_get_zero/,jqirhif,TrevorLahey93,12,If you mean minority as in race then yes I have that factor. I didn’t even think of that impacting me.,https://reddit.com/r/dating_advice/comments/14pkxwh/_/jqirhif/,General / Other
14pkxwh,Is it normal for average looking guy to get zero likes or matches,dating_advice,530,https://reddit.com/r/dating_advice/comments/14pkxwh/is_it_normal_for_average_looking_guy_to_get_zero/,jqkgk89,Individual_Section_6,6,"Not necessarily, because with online dating women are looking for any excuse to swipe left and not give a guy a chance.  So there are many women who after going out with him would have not let having cats be a deal breaker.  And the fact that he posts pictures of them on his profile makes it an even bigger turn off than if he just casually mentioned it during  a date.  How many women have boyfriends that don’t have 100% what they desire?  All of them, but they are pickier with apps.",https://reddit.com/r/dating_advice/comments/14pkxwh/_/jqkgk89/,Dating app fatigue
14pkxwh,Is it normal for average looking guy to get zero likes or matches,dating_advice,530,https://reddit.com/r/dating_advice/comments/14pkxwh/is_it_normal_for_average_looking_guy_to_get_zero/,jqirowe,TrevorLahey93,4,Great point! Thanks!,https://reddit.com/r/dating_advice/comments/14pkxwh/_/jqirowe/,General / Other
14pkxwh,Is it normal for average looking guy to get zero likes or matches,dating_advice,530,https://reddit.com/r/dating_advice/comments/14pkxwh/is_it_normal_for_average_looking_guy_to_get_zero/,jqir55m,TrevorLahey93,3,Hahah thanks appreciate it!,https://reddit.com/r/dating_advice/comments/14pkxwh/_/jqir55m/,General / Other
1nv3msb,Do guys really pull back from their girlfriend when life gets heavy?,dating_advice,516,https://reddit.com/r/dating_advice/comments/1nv3msb/do_guys_really_pull_back_from_their_girlfriend/,nh5phi0,Icy-Construction1043,48,do you think he’ll come back? if he’s ready to love again,https://reddit.com/r/dating_advice/comments/1nv3msb/_/nh5phi0/,General / Other
1nv3msb,Do guys really pull back from their girlfriend when life gets heavy?,dating_advice,516,https://reddit.com/r/dating_advice/comments/1nv3msb/do_guys_really_pull_back_from_their_girlfriend/,nh5sr19,Icy-Construction1043,34,oh i don’t think he’ll come back cuz he’s blocking me on everything,https://reddit.com/r/dating_advice/comments/1nv3msb/_/nh5sr19/,General / Other
1nv3msb,Do guys really pull back from their girlfriend when life gets heavy?,dating_advice,516,https://reddit.com/r/dating_advice/comments/1nv3msb/do_guys_really_pull_back_from_their_girlfriend/,nh5qpu6,Icy-Construction1043,34,i did what i could to make him stay but he just don’t want the relationship anymore,https://reddit.com/r/dating_advice/comments/1nv3msb/_/nh5qpu6/,General / Other
1nv3msb,Do guys really pull back from their girlfriend when life gets heavy?,dating_advice,516,https://reddit.com/r/dating_advice/comments/1nv3msb/do_guys_really_pull_back_from_their_girlfriend/,nh6m124,Icy-Construction1043,16,"thanks for sharing this, i’ll definitely check it out. i know i deserve better, just need time to really let it sink in",https://reddit.com/r/dating_advice/comments/1nv3msb/_/nh6m124/,General / Other
1nv3msb,Do guys really pull back from their girlfriend when life gets heavy?,dating_advice,516,https://reddit.com/r/dating_advice/comments/1nv3msb/do_guys_really_pull_back_from_their_girlfriend/,nh5pb22,Icy-Construction1043,16,"no, we don’t live together. he still lives with his parents. he doesn’t have a job and is fully supported by his parents because they’re rich.",https://reddit.com/r/dating_advice/comments/1nv3msb/_/nh5pb22/,General / Other
1nv3msb,Do guys really pull back from their girlfriend when life gets heavy?,dating_advice,516,https://reddit.com/r/dating_advice/comments/1nv3msb/do_guys_really_pull_back_from_their_girlfriend/,nh6lt6o,Icy-Construction1043,9,"yeah i’m trying to, i think i need to focus on myself first before jumping into a new relationship",https://reddit.com/r/dating_advice/comments/1nv3msb/_/nh6lt6o/,General / Other
1nv3msb,Do guys really pull back from their girlfriend when life gets heavy?,dating_advice,516,https://reddit.com/r/dating_advice/comments/1nv3msb/do_guys_really_pull_back_from_their_girlfriend/,nhaga57,Icy-Construction1043,4,"i told him if he needed space i could give it, but he said he didn’t want the relationship anymore. i begged him to stay, but he already made up his mind so i just let him go.",https://reddit.com/r/dating_advice/comments/1nv3msb/_/nhaga57/,General / Other
1nv3msb,Do guys really pull back from their girlfriend when life gets heavy?,dating_advice,516,https://reddit.com/r/dating_advice/comments/1nv3msb/do_guys_really_pull_back_from_their_girlfriend/,nh6egxx,Icy-Construction1043,4,"yeah, but still, i could’ve given him space if he needed time for himself, just not by ending things. feels like all the effort i put into the relationship just went to waste",https://reddit.com/r/dating_advice/comments/1nv3msb/_/nh6egxx/,General / Other
1nv3msb,Do guys really pull back from their girlfriend when life gets heavy?,dating_advice,516,https://reddit.com/r/dating_advice/comments/1nv3msb/do_guys_really_pull_back_from_their_girlfriend/,nh62wws,Icy-Construction1043,3,what 😭,https://reddit.com/r/dating_advice/comments/1nv3msb/_/nh62wws/,General / Other
gy59sc,"Not asking for advice, but giving it. Be independant and you will make a stronger relationship.",dating_advice,515,https://reddit.com/r/dating_advice/comments/gy59sc/not_asking_for_advice_but_giving_it_be/,ft9xber,acehole818,10,"Compromise and adjustments are going to happen in any relationship. The important thing is that neither of you have to sacrifice your own goals in order for the other to achieve their own.

Your ex doesn't seem to be very mature and will likely struggle for the rest of her life. I'm glad the two of you decided to split. You'll go much further and achieve much more without her.

Legos? Really?",https://reddit.com/r/dating_advice/comments/gy59sc/_/ft9xber/,General / Other
gy59sc,"Not asking for advice, but giving it. Be independant and you will make a stronger relationship.",dating_advice,515,https://reddit.com/r/dating_advice/comments/gy59sc/not_asking_for_advice_but_giving_it_be/,ft9wymq,acehole818,4,"I'm glad it impacted you in a positive way. If you ever need to talk, I'll be here.",https://reddit.com/r/dating_advice/comments/gy59sc/_/ft9wymq/,General / Other
gy59sc,"Not asking for advice, but giving it. Be independant and you will make a stronger relationship.",dating_advice,515,https://reddit.com/r/dating_advice/comments/gy59sc/not_asking_for_advice_but_giving_it_be/,ft9y263,acehole818,4,"Compatibility goes further than just similar goals. If you have insecurities, jealousy, or other toxic traits, you need to take a step back and work on yourself for a while. This may require counseling and self reflection. Get to the root of where the insecurities come from. Once you know what's causing them, you'll know how to fix the issues you have. Until then, it is unlikely that you'll be able to have a healthy relationship where you both support one another and trust fully.",https://reddit.com/r/dating_advice/comments/gy59sc/_/ft9y263/,General / Other
gy59sc,"Not asking for advice, but giving it. Be independant and you will make a stronger relationship.",dating_advice,515,https://reddit.com/r/dating_advice/comments/gy59sc/not_asking_for_advice_but_giving_it_be/,ft9yuxu,acehole818,4,"That is NOT a knock against you. That is a knock against them, their insecurities, and their dependence on you. They are not emotionally mature enough to be in a healthy relationship. Do not feel like that in any way is your fault. You are not responsible for how other people feel or act. You can only be yourself and you can only truly be loved for who you are.

If the people you've been dating are saying these things, they are being clingy, or can not function without constant attention from you, then you are better off without them.",https://reddit.com/r/dating_advice/comments/gy59sc/_/ft9yuxu/,Fear of intimacy after abstinence
gy59sc,"Not asking for advice, but giving it. Be independant and you will make a stronger relationship.",dating_advice,515,https://reddit.com/r/dating_advice/comments/gy59sc/not_asking_for_advice_but_giving_it_be/,ft9yg27,acehole818,3,"I'm sorry she's like that, and I'm glad you're able to finally be free of her. I'm sure you'll achieve a lot in life.",https://reddit.com/r/dating_advice/comments/gy59sc/_/ft9yg27/,General / Other
gy59sc,"Not asking for advice, but giving it. Be independant and you will make a stronger relationship.",dating_advice,515,https://reddit.com/r/dating_advice/comments/gy59sc/not_asking_for_advice_but_giving_it_be/,ft9xjdh,acehole818,3,"The first step is to admit you have to change. Slowly, but surely, you'll start to chip away at that half that is - at this point - incapable of accepting the truth. Unfortunately, there is no magic potion you can take that will make you change overnight. It's a process and it takes work.
If you ever need to talk, I'll be here.",https://reddit.com/r/dating_advice/comments/gy59sc/_/ft9xjdh/,General / Other
gy59sc,"Not asking for advice, but giving it. Be independant and you will make a stronger relationship.",dating_advice,515,https://reddit.com/r/dating_advice/comments/gy59sc/not_asking_for_advice_but_giving_it_be/,ft9ze7m,acehole818,3,"Losing a SO is always heartbreaking. The reason for that is not just the absence of the partner you grew attached to, but also the absence of the future you imaged with them. Losing your future and having to build a new one from scratch is painful.

You may not be the perfect person for her (or for anyone) right now because you need to reflect on yourself and your insecurities, but once you work through them and become a better version of yourself, you will be the perfect person for someone. I promise you that.",https://reddit.com/r/dating_advice/comments/gy59sc/_/ft9ze7m/,Coping with physical loneliness
gy59sc,"Not asking for advice, but giving it. Be independant and you will make a stronger relationship.",dating_advice,515,https://reddit.com/r/dating_advice/comments/gy59sc/not_asking_for_advice_but_giving_it_be/,fta8asm,acehole818,3,"I am sorry to hear that you were in pain, but I am happy that you both broke it off before it was too late.
I don't think he would have ""held you back"" necessarily, but I do believe you would have missed out on a lot of what you want to do to make sure he got to do what he wanted.
I know in my heart this was the best decision for both of you.",https://reddit.com/r/dating_advice/comments/gy59sc/_/fta8asm/,Coping with physical loneliness
gy59sc,"Not asking for advice, but giving it. Be independant and you will make a stronger relationship.",dating_advice,515,https://reddit.com/r/dating_advice/comments/gy59sc/not_asking_for_advice_but_giving_it_be/,fta8tkt,acehole818,3,"This makes me happy. I am glad you're in a nurturing, thriving, loving relationship.

Don't look at him wanting you to go to the gym as a negative thing. He loves you already knowing what you look like, chub and all! If he loves the gym, he may be trying to get you to join him on an activity he loves. Like building model air planes together. Alternatively, he could be worried about your health in the long run. That is the ultimate sign of love because he wants to spend more time with you. He literally wants to have a long, happy relationship and can't imagine losing you because of health issues associated with being overweight. He wants to hold on to you for as long as possible.
That's a beautiful thing.",https://reddit.com/r/dating_advice/comments/gy59sc/_/fta8tkt/,General / Other
e39iuw,IT'S WORTH THE NERVES!,dating_advice,496,https://reddit.com/r/dating_advice/comments/e39iuw/its_worth_the_nerves/,f92mld6,Obi_Wank_nooby,2,"That's exactly what has been going on for me (M19) in the last 2 months.

I feel exactly like you do, thanks for the wholesome post brother!",https://reddit.com/r/dating_advice/comments/e39iuw/_/f92mld6/,General / Other
e39iuw,IT'S WORTH THE NERVES!,dating_advice,496,https://reddit.com/r/dating_advice/comments/e39iuw/its_worth_the_nerves/,f93jk7n,shyguynumber240,1,Absolutely will make sure to do this! Thank you for your your kind words!,https://reddit.com/r/dating_advice/comments/e39iuw/_/f93jk7n/,General / Other
1olwmzx,My friend said I'm too ugly and poor to date...,dating_advice,494,https://reddit.com/r/dating_advice/comments/1olwmzx/my_friend_said_im_too_ugly_and_poor_to_date/,nms1umj,[deleted],2,"This comment is funny  . Why do ppl think attractiveness equals no discipline. I’ve seen dudes that are not even the best looking and have a beautiful girlfriend and still run their girlfriend through the mud.. I don’t know where people got this from ,attractiveness yes you might have a lot of options, but if you lack discipline, whether you look good or not that’s not gonna matter. Yall be making it seem like attractive people are evil or something. I’ve met attractive women and men that have discipline they’re not just gonna talk to anyone that thinks they’re attractive. That’s something I think a person that doesn’t think they’re attractive would do… lord",https://reddit.com/r/dating_advice/comments/1olwmzx/_/nms1umj/,General / Other
1olwmzx,My friend said I'm too ugly and poor to date...,dating_advice,494,https://reddit.com/r/dating_advice/comments/1olwmzx/my_friend_said_im_too_ugly_and_poor_to_date/,nml45er,OfcHesCanadian,2,"26M, 6'4, 200lbs. I used to be 400lbs, be the tall fat teddy bear, everyone loves to be around, funny, etc. Then I lost the weight, and the personality stayed, but the looks improved.

On dating apps, the environment is toxic, it is not healthy, and it is overall negative. Unless you can approach it from the mindset of a match is a W, not a date, not sex, just matching. I could have a negative view on how people swipe, but in my experience most men and a fair amount of women are only looking at your physical looks. 

Devils advocate myself here, the women I am matching with do usually tell me that they look at every prompt and the about me. But the women I hear about, tell a different story. I am also more picky now with my swipes, because I am no longer starving for the social attention.
",https://reddit.com/r/dating_advice/comments/1olwmzx/_/nml45er/,Getting over approach anxiety
1b7nhk3,I (19m) lost my virginity to a prostitute because I felt bad about being a virgin but now I feel worse feel so fucking sick and ashamed by it.,dating_advice,491,https://reddit.com/r/dating_advice/comments/1b7nhk3/i_19m_lost_my_virginity_to_a_prostitute_because_i/,ktk6l1x,nipslippinjizzsippin,92,"&gt;if I ever get a girlfriend or any future partners, I will have to either tell them how my first time went or lie to their face about it.  


you know... it doesnt actually come up that often i dont think i ever told my wife about my first time, never told any other girlfriends.",https://reddit.com/r/dating_advice/comments/1b7nhk3/_/ktk6l1x/,Fear of intimacy after abstinence
1b7nhk3,I (19m) lost my virginity to a prostitute because I felt bad about being a virgin but now I feel worse feel so fucking sick and ashamed by it.,dating_advice,491,https://reddit.com/r/dating_advice/comments/1b7nhk3/i_19m_lost_my_virginity_to_a_prostitute_because_i/,ktk9p8r,_Ghost_Mantis_,20,I did but man... my first time has fucking killed my spirit and self esteem.,https://reddit.com/r/dating_advice/comments/1b7nhk3/_/ktk9p8r/,Building self-worth
1b7nhk3,I (19m) lost my virginity to a prostitute because I felt bad about being a virgin but now I feel worse feel so fucking sick and ashamed by it.,dating_advice,491,https://reddit.com/r/dating_advice/comments/1b7nhk3/i_19m_lost_my_virginity_to_a_prostitute_because_i/,ktkhtdx,[deleted],10,"Don’t defend this shit head, he’s over here crying while she is in a position where she performs illegal sex work for money. Odds are she is an immigrant who has to pay off debts for getting brought here. He has the caucasity “ poor me I can’t get a girlfriend so I paid for it but she wasn’t hot so I’m pathetic” as if the woman he paid wasn’t human. I hope he is disgusted with himself. He doesn’t deserve to nut, nor is he obligated to one.",https://reddit.com/r/dating_advice/comments/1b7nhk3/_/ktkhtdx/,General / Other
1pyw0dz,Are single women avoiding social clubs due to the amount of single guys?,dating_advice,452,https://reddit.com/r/dating_advice/comments/1pyw0dz/are_single_women_avoiding_social_clubs_due_to_the/,nwlonvz,BisonBull,36,What year did you meet your current GF?,https://reddit.com/r/dating_advice/comments/1pyw0dz/_/nwlonvz/,General / Other
1pyw0dz,Are single women avoiding social clubs due to the amount of single guys?,dating_advice,452,https://reddit.com/r/dating_advice/comments/1pyw0dz/are_single_women_avoiding_social_clubs_due_to_the/,nwlvc6o,darexinfinity,20,"As a guy, I definitely can tell quickly if I want to date a woman or not. Playing the long game by being friends first is quite unnecessary for me. And I when do I it, it usually means getting more attached to a woman which makes it more painful when I finally do ask her out and get rejected. It's just emotionally safer to be honest with my intentions.",https://reddit.com/r/dating_advice/comments/1pyw0dz/_/nwlvc6o/,Coping with physical loneliness
1pyw0dz,Are single women avoiding social clubs due to the amount of single guys?,dating_advice,452,https://reddit.com/r/dating_advice/comments/1pyw0dz/are_single_women_avoiding_social_clubs_due_to_the/,nworkcd,BisonBull,12,"Honestly, I think dating coworkers should, and is, getting normalized in this era.",https://reddit.com/r/dating_advice/comments/1pyw0dz/_/nworkcd/,General / Other
1pyw0dz,Are single women avoiding social clubs due to the amount of single guys?,dating_advice,452,https://reddit.com/r/dating_advice/comments/1pyw0dz/are_single_women_avoiding_social_clubs_due_to_the/,nwoqnwg,BisonBull,6,"Jeez, that's awful.. I regularly go out with friends and things like that tend to happen (especially with crowded nightclubs). Thankfully the bar I go to is really chill and protective of anyone who feels uncomfortable.

But yeah, I don't know how yoga classes, bookclubs, hobby groups would be much different at this point. Hell, I'd assume it's too much work for a single woman to sign up to sausage fest ""meetups"". In public, I pretty much ALWAYS see women out with they're boyfriend.

So yeah, I'm thinking bars and dating apps will be my main methods of finding potential relationships.",https://reddit.com/r/dating_advice/comments/1pyw0dz/_/nwoqnwg/,Finding where to meet women
1pyw0dz,Are single women avoiding social clubs due to the amount of single guys?,dating_advice,452,https://reddit.com/r/dating_advice/comments/1pyw0dz/are_single_women_avoiding_social_clubs_due_to_the/,nwrodfi,ch4insmoker,5,"As a man, growing up, I was told to avoid getting romantically involved with coworkers. ""Don't shit where you eat,"" as my grandfather put it.
His logic is that it'll mess up your life if ""things get messy""",https://reddit.com/r/dating_advice/comments/1pyw0dz/_/nwrodfi/,General / Other
1pyw0dz,Are single women avoiding social clubs due to the amount of single guys?,dating_advice,452,https://reddit.com/r/dating_advice/comments/1pyw0dz/are_single_women_avoiding_social_clubs_due_to_the/,nwosojl,BisonBull,3,"At least it sounds like women actually attend those events! Unfortunately, there's absolutely zero of those happening in my small town. 😂",https://reddit.com/r/dating_advice/comments/1pyw0dz/_/nwosojl/,General / Other
8tjdm6,"Awful sex experience, nice guy? Should I give him a chance? (Micropenis, hygiene issues, confidence issues)",dating_advice,450,https://reddit.com/r/dating_advice/comments/8tjdm6/awful_sex_experience_nice_guy_should_i_give_him_a/,e181g04,wild-cheeseburgers,100,"On its own I don't think it's a deal-breaker, it's just the combo that concerns me I guess.",https://reddit.com/r/dating_advice/comments/8tjdm6/_/e181g04/,General / Other
8tjdm6,"Awful sex experience, nice guy? Should I give him a chance? (Micropenis, hygiene issues, confidence issues)",dating_advice,450,https://reddit.com/r/dating_advice/comments/8tjdm6/awful_sex_experience_nice_guy_should_i_give_him_a/,e186p7z,wild-cheeseburgers,87,"Thanks, I needed to hear that, haha. 

I actually have an issue with co-dependence and find myself drawn to/in relationships with men who have mental health or substance abuse issues where I take responsibility for their emotional states. I didn't realize I was falling into my same trap again...",https://reddit.com/r/dating_advice/comments/8tjdm6/_/e186p7z/,General / Other
8tjdm6,"Awful sex experience, nice guy? Should I give him a chance? (Micropenis, hygiene issues, confidence issues)",dating_advice,450,https://reddit.com/r/dating_advice/comments/8tjdm6/awful_sex_experience_nice_guy_should_i_give_him_a/,e1800fu,wild-cheeseburgers,59,"I guess I was a little harsh just recounting that experience. I will say that we do have a connection, I wouldn't have gotten this far with him if we didn't. We have a lot in common and enjoy similar things. I find his personality attractive. And then his body is *visually* quite attractive as well (just the armpit smell and up-close hairy situation down there was unappealing).",https://reddit.com/r/dating_advice/comments/8tjdm6/_/e1800fu/,General / Other
8tjdm6,"Awful sex experience, nice guy? Should I give him a chance? (Micropenis, hygiene issues, confidence issues)",dating_advice,450,https://reddit.com/r/dating_advice/comments/8tjdm6/awful_sex_experience_nice_guy_should_i_give_him_a/,e186n3f,[deleted],9,You’re not a practice dummy. He’s seems like a nice person but this isn’t the person for you. I was in a similar situation where I kept going on dates with this guy because he was nice but we were not compatible at all. My friends said I didn’t *have* to date him just because I felt like I owed him for being nice.,https://reddit.com/r/dating_advice/comments/8tjdm6/_/e186n3f/,General / Other
13f4hmr,Date didn’t tell me about his eight year old kid!!,dating_advice,449,https://reddit.com/r/dating_advice/comments/13f4hmr/date_didnt_tell_me_about_his_eight_year_old_kid/,jjttjo7,Affectionate_Most_64,61,"Yes he should have. I am a single father and 100% put that out. Being a parent changes a lot when it comes to a relationship. First is the time it takes to raise my two chaos muppets. I am not free for a lot of my life. It’s not only my 50% custody but it’s cheer, hockey, football, Christmas pageants at school, sick days, the list goes on and that is a huge factor in what I can offer to a partner. Second is what you said, you may want to be a mom, but a step mom to a child who is half way to college may be not what you want and that is ok. There are so many other people and facets involved in raising kids (the mom, grandparents, education/religion/medical choices, etc. this list goes on and on as well) that a step mom, no matter how involved, will not get a final decision. So then it’s bei",https://reddit.com/r/dating_advice/comments/13f4hmr/_/jjttjo7/,Coping with physical loneliness
13f4hmr,Date didn’t tell me about his eight year old kid!!,dating_advice,449,https://reddit.com/r/dating_advice/comments/13f4hmr/date_didnt_tell_me_about_his_eight_year_old_kid/,jjtni70,derff44,42,"As a single dad, yes. All of this. Don't ever think it's just guys going after kids. I'll tell you when I'm ready, but usually before the first date. I'm not looking to waste either of our times, but I will protect my child.",https://reddit.com/r/dating_advice/comments/13f4hmr/_/jjtni70/,Learning the mechanics of dating
13f4hmr,Date didn’t tell me about his eight year old kid!!,dating_advice,449,https://reddit.com/r/dating_advice/comments/13f4hmr/date_didnt_tell_me_about_his_eight_year_old_kid/,jjtrec8,bamfomet,6,"As a guy, I go back and forth with laying it all out there vs. not. But I always felt the need to disclose that I had kids because it's huge. Sure, it limits your ""success,"" but what's the point of wasting someone's time who knows they don't want to date a dad?

My thinking is that if you want to play that game, go meet people out and about, where you aren't expected to walk around with a sign that says divorced with kids or w/e. The (one) nice thing about online is you can just put it out there and not have to worry about rejection after a few dates due to big things like that.

Maybe he thought his killer charm would overshadow your potential dealbreaker on kids? Maybe he hasn't really thought about how his child may eventually get along with the women he dates, or vice versa. Maybe he i",https://reddit.com/r/dating_advice/comments/13f4hmr/_/jjtrec8/,Coping with physical loneliness
728f5h,"Ever wonder why guys can't ""just be friends"" after getting turned down? Here why ladies!",dating_advice,432,https://reddit.com/r/dating_advice/comments/728f5h/ever_wonder_why_guys_cant_just_be_friends_after/,dnhgsyn,The_Guyzer1,44,"I actually don't even believe in the friendzone. I think it's just an excuse guys use on girls who they think owe them something. The only person who can friendzone you is yourself because to be in the friendzone means you have to agree to just being friends which is something I never do when I want to date a girl and she gives me the let's just be friends speech. I kindly decline her friendship offer and tell her to call me if she changes her mind and that I'm not interested in just being friends with her, then I just move on to other women.",https://reddit.com/r/dating_advice/comments/728f5h/_/dnhgsyn/,Escaping the friend zone
728f5h,"Ever wonder why guys can't ""just be friends"" after getting turned down? Here why ladies!",dating_advice,432,https://reddit.com/r/dating_advice/comments/728f5h/ever_wonder_why_guys_cant_just_be_friends_after/,dnguf3c,The_Guyzer1,30,"It not really that weird, after all the ONLY reason we couldn't be friends anymore is because of thoes feelings, once time has passed and we no longer have thoes feelings or found someone else there's no reason we can't be friends again. Feelings were the only thing holding up the friendship once that's completely out of the way the friendship can resume.",https://reddit.com/r/dating_advice/comments/728f5h/_/dnguf3c/,General / Other
728f5h,"Ever wonder why guys can't ""just be friends"" after getting turned down? Here why ladies!",dating_advice,432,https://reddit.com/r/dating_advice/comments/728f5h/ever_wonder_why_guys_cant_just_be_friends_after/,dngt6ag,The_Guyzer1,29,"Only he knows that answer, and it's not impossible to be friends again after rejection. It's just very very unlikely, sounds like you're a rare case, either that or he found someone who he's crazy about and doesn't think of you in a romantic way anymore.",https://reddit.com/r/dating_advice/comments/728f5h/_/dngt6ag/,Understanding rejection
728f5h,"Ever wonder why guys can't ""just be friends"" after getting turned down? Here why ladies!",dating_advice,432,https://reddit.com/r/dating_advice/comments/728f5h/ever_wonder_why_guys_cant_just_be_friends_after/,dngxypo,The_Guyzer1,20,"Feelings aren't ulterior motives. They're just feeling and they can develop at any time for any amounts of different reasons. It's has never been the lack of sex with a female friend whom I've suddenly developed feelings for that drove me away from the friendship but the unrequited feeling in her end that did. I know she didn't do anything wrong by turning me down and that she probably didn't want to hurt me by doing that, still I can't be friends with a woman if I have legitimate feelings for her. It's painful, I'd rather keep a safe distance from her in order to keep from getting hurt over and over again. If I just wanted to get her pants getting rejected by her wouldn't bother me at all, hell I'd even make her my wingman and have her introduce me to her cute single friends lol.",https://reddit.com/r/dating_advice/comments/728f5h/_/dngxypo/,Understanding rejection
728f5h,"Ever wonder why guys can't ""just be friends"" after getting turned down? Here why ladies!",dating_advice,432,https://reddit.com/r/dating_advice/comments/728f5h/ever_wonder_why_guys_cant_just_be_friends_after/,dngv4w2,The_Guyzer1,18,"I can tell you just skimmed and didn't read the entire post. your entire reply is just an assumption of what you think this post is really about... And for the record I have a ton of female friends who I'd never think of dating and most of them are very attractive young women, I just can't see us dating for compatibility reasons.",https://reddit.com/r/dating_advice/comments/728f5h/_/dngv4w2/,General / Other
728f5h,"Ever wonder why guys can't ""just be friends"" after getting turned down? Here why ladies!",dating_advice,432,https://reddit.com/r/dating_advice/comments/728f5h/ever_wonder_why_guys_cant_just_be_friends_after/,dngybhh,The_Guyzer1,17,"If you want to test that theory Invite any of your single male friends to sleep with you. You will be very shocked to see how many will agree to it without a second thought... Lol however I do agree with you to an extent. You're right, romantic feelings aren't needed to be friends and there is such thing as plotonic friendships between men and women but they are very RARE! I'm willing to bet almost all of your guy friends have pictured sleeping with you at least a few times, even the ones who genuinely care about you. That's just how we are, we are biological designed to mate with females, we can't help or ignore this part of our male psyche.",https://reddit.com/r/dating_advice/comments/728f5h/_/dngybhh/,General / Other
728f5h,"Ever wonder why guys can't ""just be friends"" after getting turned down? Here why ladies!",dating_advice,432,https://reddit.com/r/dating_advice/comments/728f5h/ever_wonder_why_guys_cant_just_be_friends_after/,dngype0,The_Guyzer1,17,"If a straight guy does these things with a female friend, he's into you. You seriously can't be that clueless can you? Ask him if he like you as more than a friend, you will be shocked his answer because he definitely is into you? What are you in high school or something?? Lol",https://reddit.com/r/dating_advice/comments/728f5h/_/dngype0/,General / Other
728f5h,"Ever wonder why guys can't ""just be friends"" after getting turned down? Here why ladies!",dating_advice,432,https://reddit.com/r/dating_advice/comments/728f5h/ever_wonder_why_guys_cant_just_be_friends_after/,dnhp110,Andynonomous,15,"I think this comes down to maturity and security. A man who is mature and emotionwlly stable will probably have no problem continuing to be friends, they will know there are 'plenty of fish' ouy there and get over it quick. If the man is insecure, or is emotionally dependent however I think OP is fairly accutately describing what often happens. Every relationship is different and I think its too broad to say that these situations always play out the same way. Im a man who was able to stay friends with a woman I had unrequited feelings for, but it did involve a lot of internal emotional turmoil.",https://reddit.com/r/dating_advice/comments/728f5h/_/dnhp110/,General / Other
728f5h,"Ever wonder why guys can't ""just be friends"" after getting turned down? Here why ladies!",dating_advice,432,https://reddit.com/r/dating_advice/comments/728f5h/ever_wonder_why_guys_cant_just_be_friends_after/,dngrkvf,The_Guyzer1,12,You should go for it if you really like her. It's way better to shoot and miss than not to shoot at all. You'll be wondering for the rest of your life whether or not she would have dated you if you just simply asked. Rejection stings like mad but the pain isn't permanent where are regret last a life time. If you really like her man up and tell her and accept her answer whatever it may be. For all you know she could feel the same way about you but you'll never know until you ask her out.,https://reddit.com/r/dating_advice/comments/728f5h/_/dngrkvf/,Understanding rejection
728f5h,"Ever wonder why guys can't ""just be friends"" after getting turned down? Here why ladies!",dating_advice,432,https://reddit.com/r/dating_advice/comments/728f5h/ever_wonder_why_guys_cant_just_be_friends_after/,dnh9boy,[deleted],10,"I am a guy.

I must say I have been rejected almost as much as I have been accepted and neverless I still to this day friends with most of these people.

When I get rejected, I understand, I move on and still try to keep our friendship intact.",https://reddit.com/r/dating_advice/comments/728f5h/_/dnh9boy/,Understanding rejection
728f5h,"Ever wonder why guys can't ""just be friends"" after getting turned down? Here why ladies!",dating_advice,432,https://reddit.com/r/dating_advice/comments/728f5h/ever_wonder_why_guys_cant_just_be_friends_after/,dngn5i8,The_Guyzer1,8,Thank you!,https://reddit.com/r/dating_advice/comments/728f5h/_/dngn5i8/,General / Other
728f5h,"Ever wonder why guys can't ""just be friends"" after getting turned down? Here why ladies!",dating_advice,432,https://reddit.com/r/dating_advice/comments/728f5h/ever_wonder_why_guys_cant_just_be_friends_after/,dnhndhg,GalaticLinestrider,6,"And this is why I don't truly trust my male friends. I run the risk of them putting me in the potential fuck toy or girlfriend zone. It doesn't matter if I only date women. Men are famous for rationalizing it and thinking they have a chance even if it's just not possible. And it's never really a flattering offer. It's just because they're bored or extremely lonely. (With me at least. I'm average looking and honestly that's not as horrible thing to me.)

Wether it be entitlement or biological imperative, it doesn't matter. A woman has to keep her guard up and keep male friends at a distance. Which is sad because I find dudes easier to talk to sometimes.",https://reddit.com/r/dating_advice/comments/728f5h/_/dnhndhg/,Escaping the friend zone
728f5h,"Ever wonder why guys can't ""just be friends"" after getting turned down? Here why ladies!",dating_advice,432,https://reddit.com/r/dating_advice/comments/728f5h/ever_wonder_why_guys_cant_just_be_friends_after/,dnhthn2,The_Guyzer1,6,"Some guys are like that but most aren't. Attraction and feelings are not something you can control. They could actually be into you not just want to bang you. If that's the case it's not something they can control no more than the fact that you can't control that you just don't see them that way. It's no one's fault and no one party is at blame here. If you think of it this way you will see that not all men are sex hungry pigs, we just have no control over our attraction towards you. That is the biggest danger between male and female friendships ""uncontrollable feelings""",https://reddit.com/r/dating_advice/comments/728f5h/_/dnhthn2/,General / Other
728f5h,"Ever wonder why guys can't ""just be friends"" after getting turned down? Here why ladies!",dating_advice,432,https://reddit.com/r/dating_advice/comments/728f5h/ever_wonder_why_guys_cant_just_be_friends_after/,dngz2oz,The_Guyzer1,4,"I agree with you and I didn't say that they JUST want to fuck them, i simply said the they WOULD. I have a few really good female friends that I absolutely love to death and don't have any feelings for them at all. I respect them all as amazing women; still if the opportunity were to present itself I'd sleep with a few of them and still be able to just see them as friends.",https://reddit.com/r/dating_advice/comments/728f5h/_/dngz2oz/,General / Other
728f5h,"Ever wonder why guys can't ""just be friends"" after getting turned down? Here why ladies!",dating_advice,432,https://reddit.com/r/dating_advice/comments/728f5h/ever_wonder_why_guys_cant_just_be_friends_after/,dnh0e9n,The_Guyzer1,4,Oh trust me man I know that all too well.,https://reddit.com/r/dating_advice/comments/728f5h/_/dnh0e9n/,General / Other
728f5h,"Ever wonder why guys can't ""just be friends"" after getting turned down? Here why ladies!",dating_advice,432,https://reddit.com/r/dating_advice/comments/728f5h/ever_wonder_why_guys_cant_just_be_friends_after/,dni82t6,The_Guyzer1,4,"I've stated that many times through out this post! No you didn't do anything wrong and no it isn't your fault at all! But do realize that despite all of this he still may be too hurt to want to be friends with you. You could literally be the greatest friend in the world and he still wouldn't want a thing to do with you after getting turned down if he's really that hurt by it. Personally I'd never pretend to be friends with a girl I want to date out of respect for her and myself. It just isn't right, I'd kindly distance myself while still being friendly to her if I do happen to bump into her somewhere.",https://reddit.com/r/dating_advice/comments/728f5h/_/dni82t6/,General / Other
728f5h,"Ever wonder why guys can't ""just be friends"" after getting turned down? Here why ladies!",dating_advice,432,https://reddit.com/r/dating_advice/comments/728f5h/ever_wonder_why_guys_cant_just_be_friends_after/,dngssor,The_Guyzer1,3,You didn't understand what I wrote at all.... I made it explicitly clear to him to ask her out but still accept her answer if she turned him down. When did I ever mention to become a stalker or a creep? In fact I wrote this entire post just to say why it's better we go our separate ways with women who turn us down instead of sticking around...,https://reddit.com/r/dating_advice/comments/728f5h/_/dngssor/,General / Other
728f5h,"Ever wonder why guys can't ""just be friends"" after getting turned down? Here why ladies!",dating_advice,432,https://reddit.com/r/dating_advice/comments/728f5h/ever_wonder_why_guys_cant_just_be_friends_after/,dngyius,The_Guyzer1,3,Dude I wasn't talking about the kind of regret that you think about every day and that eats you alive. It's not THAT serious. Just a slight regret that you think about evey now and again and after facepalming yourself you just kinda laugh off,https://reddit.com/r/dating_advice/comments/728f5h/_/dngyius/,General / Other
728f5h,"Ever wonder why guys can't ""just be friends"" after getting turned down? Here why ladies!",dating_advice,432,https://reddit.com/r/dating_advice/comments/728f5h/ever_wonder_why_guys_cant_just_be_friends_after/,dnhj426,The_Guyzer1,3,"I agree with you, you should try actually reading the post before commenting next time.",https://reddit.com/r/dating_advice/comments/728f5h/_/dnhj426/,General / Other
728f5h,"Ever wonder why guys can't ""just be friends"" after getting turned down? Here why ladies!",dating_advice,432,https://reddit.com/r/dating_advice/comments/728f5h/ever_wonder_why_guys_cant_just_be_friends_after/,dnhfqzr,The_Guyzer1,3,"Females have a lot easier time being just friends after he getting turned down by a guy friend then when a guy gets turned down by one of his female friends. Not entirely sure why this is, I guess we're just that different mentality and emotionally. You can't control how a guy friend will take rejection so never feel like it's your fault when he calls off the friendship, he is most likely just hurt and just being around you makes him feel pretty shitty. It's not a fun feeling.",https://reddit.com/r/dating_advice/comments/728f5h/_/dnhfqzr/,Escaping the friend zone
juau4h,My Rant on Terrible Dating Advice &amp; Other Aspects of Modern Dating (28M's Perspective),dating_advice,424,https://reddit.com/r/dating_advice/comments/juau4h/my_rant_on_terrible_dating_advice_other_aspects/,gcau57i,Adadum,24,"thank you and thank you for reading. I just... had to brain dump it all and get it all out of my system, ya know?",https://reddit.com/r/dating_advice/comments/juau4h/_/gcau57i/,General / Other
juau4h,My Rant on Terrible Dating Advice &amp; Other Aspects of Modern Dating (28M's Perspective),dating_advice,424,https://reddit.com/r/dating_advice/comments/juau4h/my_rant_on_terrible_dating_advice_other_aspects/,gcdi4gc,Adadum,7,"oh look, a married old lady commenting defensively because she can't put herself in a man's shoes.",https://reddit.com/r/dating_advice/comments/juau4h/_/gcdi4gc/,General / Other
juau4h,My Rant on Terrible Dating Advice &amp; Other Aspects of Modern Dating (28M's Perspective),dating_advice,424,https://reddit.com/r/dating_advice/comments/juau4h/my_rant_on_terrible_dating_advice_other_aspects/,gcckmyj,Adadum,6,"Alright. When ever you have the time, can you expand on why do you disagreed on these? If you want we can discuss this via PMs instead of here.",https://reddit.com/r/dating_advice/comments/juau4h/_/gcckmyj/,General / Other
juau4h,My Rant on Terrible Dating Advice &amp; Other Aspects of Modern Dating (28M's Perspective),dating_advice,424,https://reddit.com/r/dating_advice/comments/juau4h/my_rant_on_terrible_dating_advice_other_aspects/,gcdio5b,Adadum,6,I'm just ranting about terrible dating advice and following dating rules that directly or indirectly make relationships fail.,https://reddit.com/r/dating_advice/comments/juau4h/_/gcdio5b/,General / Other
juau4h,My Rant on Terrible Dating Advice &amp; Other Aspects of Modern Dating (28M's Perspective),dating_advice,424,https://reddit.com/r/dating_advice/comments/juau4h/my_rant_on_terrible_dating_advice_other_aspects/,gccl5is,Adadum,4,"Actually, one thing I recommend is going to a dating coach OR a relationship therapist. Relationship therapists help out singles as well.",https://reddit.com/r/dating_advice/comments/juau4h/_/gccl5is/,General / Other
juau4h,My Rant on Terrible Dating Advice &amp; Other Aspects of Modern Dating (28M's Perspective),dating_advice,424,https://reddit.com/r/dating_advice/comments/juau4h/my_rant_on_terrible_dating_advice_other_aspects/,kg98n77,wesley-david,3,"The biggest fraud in dating advice is that most of it applies to *relationships.* But we are living in this fucking dystopia now where - if you are out of college and / or don't have some ginormous friend group (themselves, as you get older, who go out less, have kids, are busy etc) - the main way to meet people is on apps, and the proximity to actually ""getting into a relationship"" is so rare, so arduous, and so mediated by fucking text messages.  

It is amazing that Boomer psychologists don't just drop what they're doing and commit more research to the SMS as the sheer mediating agent of modern love and human mating rituals. Being ghosted, senseless rejection and mind games, and just the general rarity (as a man, in hetero relationships) of going through the entire farce of endless swip",https://reddit.com/r/dating_advice/comments/juau4h/_/kg98n77/,Understanding rejection
ngvjbg,[M/27] Virgin. How do i start anything?,dating_advice,412,https://reddit.com/r/dating_advice/comments/ngvjbg/m27_virgin_how_do_i_start_anything/,gytgva6,dpanther93,35,I’m actually on kinda an expirement for myself. I isolate myself from everything and keep focusing on myself. Especially hitting the gym. I wanna see where i am after 6 months or after a year.,https://reddit.com/r/dating_advice/comments/ngvjbg/_/gytgva6/,General / Other
ngvjbg,[M/27] Virgin. How do i start anything?,dating_advice,412,https://reddit.com/r/dating_advice/comments/ngvjbg/m27_virgin_how_do_i_start_anything/,gyszun4,dpanther93,28,"That’s a good advice, but i’m fighting anxiety too. I do little steps.",https://reddit.com/r/dating_advice/comments/ngvjbg/_/gyszun4/,General / Other
ngvjbg,[M/27] Virgin. How do i start anything?,dating_advice,412,https://reddit.com/r/dating_advice/comments/ngvjbg/m27_virgin_how_do_i_start_anything/,gyth665,dpanther93,13,"If i would just look for sex i could’ve paid for it already, right? I’m not desperate, i’m looking for a relationship with spice. And i care aboyt people a lot, i always treat them also if it’s strangers. I’m a too kind person i’d say. I even pay for women sometimes dinner or whatever even if it’s just friends and welcomend and treated my old roommates with snacks and cooked food from me. I can cook quiet good.",https://reddit.com/r/dating_advice/comments/ngvjbg/_/gyth665/,Escaping the friend zone
ngvjbg,[M/27] Virgin. How do i start anything?,dating_advice,412,https://reddit.com/r/dating_advice/comments/ngvjbg/m27_virgin_how_do_i_start_anything/,gytvxei,dpanther93,9,"I totally agree man i just need to go out, but i feel like i have a little me which is holding me like an anchor a ship.",https://reddit.com/r/dating_advice/comments/ngvjbg/_/gytvxei/,General / Other
ngvjbg,[M/27] Virgin. How do i start anything?,dating_advice,412,https://reddit.com/r/dating_advice/comments/ngvjbg/m27_virgin_how_do_i_start_anything/,gyth0np,dpanther93,9,it’s true unfortunately,https://reddit.com/r/dating_advice/comments/ngvjbg/_/gyth0np/,General / Other
ngvjbg,[M/27] Virgin. How do i start anything?,dating_advice,412,https://reddit.com/r/dating_advice/comments/ngvjbg/m27_virgin_how_do_i_start_anything/,gyt0eu7,dpanther93,8,You are right. I started smoking weed 4 months ago and i feel like really good advantages of it. I care really much less about what other people think of me and i’m not that anxious. I know i won’t smoke forever or need it. It’s just a tool now. I get confidence boost from some other things too.,https://reddit.com/r/dating_advice/comments/ngvjbg/_/gyt0eu7/,Building self-worth
ngvjbg,[M/27] Virgin. How do i start anything?,dating_advice,412,https://reddit.com/r/dating_advice/comments/ngvjbg/m27_virgin_how_do_i_start_anything/,gytyb9y,dpanther93,5,"I say good morning, good evening and hi to everyone. Even to strangers. Casually. I am really kind always. Like 24/7. People here in the comments pretend like i have no manners. I may dress like however i want but i am a good guy even tho i wasn’t raised anyway good.",https://reddit.com/r/dating_advice/comments/ngvjbg/_/gytyb9y/,General / Other
ngvjbg,[M/27] Virgin. How do i start anything?,dating_advice,412,https://reddit.com/r/dating_advice/comments/ngvjbg/m27_virgin_how_do_i_start_anything/,gyt1l0p,dpanther93,4,Thank you for the advice,https://reddit.com/r/dating_advice/comments/ngvjbg/_/gyt1l0p/,General / Other
ngvjbg,[M/27] Virgin. How do i start anything?,dating_advice,412,https://reddit.com/r/dating_advice/comments/ngvjbg/m27_virgin_how_do_i_start_anything/,gytgkmw,dpanther93,4,"yeah, i kinda knew that women take me as a friend because i also act just like a friend.",https://reddit.com/r/dating_advice/comments/ngvjbg/_/gytgkmw/,General / Other
ngvjbg,[M/27] Virgin. How do i start anything?,dating_advice,412,https://reddit.com/r/dating_advice/comments/ngvjbg/m27_virgin_how_do_i_start_anything/,gyu0grr,dpanther93,3,"Thank you for taking your time to write this and i absolutely agree with you. I just learned that very late and feel like i can’t change my life anymore and i’m stuck in my past, but recently i’m figuring out to get out of this by hitting the gym and get more comfortable with my body. I am also in some points kinda good to go with my body. I’m not like a skinny weak guy, but very skinny but also fit.",https://reddit.com/r/dating_advice/comments/ngvjbg/_/gyu0grr/,General / Other
ngvjbg,[M/27] Virgin. How do i start anything?,dating_advice,412,https://reddit.com/r/dating_advice/comments/ngvjbg/m27_virgin_how_do_i_start_anything/,gytmbok,dpanther93,3,"That’s exactly what i know. When i find a girl she will be this much interested and understand me. It’s not that a woman needs to be patient with me. That’s the whole opposite. We can start right away, but i need to get kinda teached.",https://reddit.com/r/dating_advice/comments/ngvjbg/_/gytmbok/,Coping with physical loneliness
ngvjbg,[M/27] Virgin. How do i start anything?,dating_advice,412,https://reddit.com/r/dating_advice/comments/ngvjbg/m27_virgin_how_do_i_start_anything/,gytiugy,dpanther93,3,"That’s what i’m facing. I was never able to change the fact. I was best in sports in school times, but always picked the last. I was never popular. People tend to look at me like “meh” or avoid me. When i walk on the streets people always look over their shoulders when i’m behind them, but not only once. Seems like they’re scared or disguised. Idk really",https://reddit.com/r/dating_advice/comments/ngvjbg/_/gytiugy/,General / Other
ngvjbg,[M/27] Virgin. How do i start anything?,dating_advice,412,https://reddit.com/r/dating_advice/comments/ngvjbg/m27_virgin_how_do_i_start_anything/,gyto91w,dpanther93,3,"I totally agree man i just feel like a weener. A little more confident than before but still a weener. I can only do little steps. But i’m not feared of talking to strangers or talking to women when i want something i just can’t in a flirty/sexual way or how to be attractive. I’m real, honest, kind and calm as hell. I don’t stress about anything or usual stuff. That’s why i don’t talk much. People around me talk about everyday stuff and complaints. I don’t complain about anything in real life, except for the internet my sad life.",https://reddit.com/r/dating_advice/comments/ngvjbg/_/gyto91w/,Finding where to meet women
157bgwx,Am I (26m) wrong for not wanting to date single mothers?,dating_advice,405,https://reddit.com/r/dating_advice/comments/157bgwx/am_i_26m_wrong_for_not_wanting_to_date_single/,jt41g8k,NEK0SAM,44,"Thank you. I have nothing against single mothers it's just not something I'm willing to deal with for my own financial state, as well as mothers and child's. It wouldn't be fair if I dated a single mother and xouldbt support or help them either. You're right though, but some single mothers DO argue about dating men and be rather...obnoxious about it. Or act entitled. It probably a small minority but I know one single mother out of maybe 10 than doesn't care about it",https://reddit.com/r/dating_advice/comments/157bgwx/_/jt41g8k/,General / Other
157bgwx,Am I (26m) wrong for not wanting to date single mothers?,dating_advice,405,https://reddit.com/r/dating_advice/comments/157bgwx/am_i_26m_wrong_for_not_wanting_to_date_single/,jt3xpz4,NEK0SAM,17,"I make them, and they're deemed as being a problem. I've bought this up to women and they've more or less said that it's wrong and unfair",https://reddit.com/r/dating_advice/comments/157bgwx/_/jt3xpz4/,General / Other
157bgwx,Am I (26m) wrong for not wanting to date single mothers?,dating_advice,405,https://reddit.com/r/dating_advice/comments/157bgwx/am_i_26m_wrong_for_not_wanting_to_date_single/,jt40gc4,tack50,11,"No, that is perfectly acceptable. I do wonder why you seem to perceive that that cuts your dating possibilities significantly. The average woman has children a bit older than that, and accounting for the fact that relations still take a bit of time to fail, I imagine you'd need to be dating women in their 30s at least so that singlle mums enter the picture in significant numbers?",https://reddit.com/r/dating_advice/comments/157bgwx/_/jt40gc4/,General / Other
157bgwx,Am I (26m) wrong for not wanting to date single mothers?,dating_advice,405,https://reddit.com/r/dating_advice/comments/157bgwx/am_i_26m_wrong_for_not_wanting_to_date_single/,jt3vz2z,NEK0SAM,9,"Because I've been told by friends (who are single mothers) that it's unfair and shouldn't matter and it got me thinking. 

That's what I thought",https://reddit.com/r/dating_advice/comments/157bgwx/_/jt3vz2z/,General / Other
157bgwx,Am I (26m) wrong for not wanting to date single mothers?,dating_advice,405,https://reddit.com/r/dating_advice/comments/157bgwx/am_i_26m_wrong_for_not_wanting_to_date_single/,jt5l3sg,Desert_butterfries,8,"Jealous of the kid, or jealous that someone else got her pregnant? 

It sounds immature (I been called immature a jillion times, it is what it is) but I do get envious when a single dad can't give me all their love and attention. I tried dating a single dad before and I lost patience. I wanted to cuddle and fuck 😂 2 weeks go by and apparently he doesn't have time for any intimacy, but has time to go out for dinner with his boy, baby mama, and baby mama's mom. Not for me.",https://reddit.com/r/dating_advice/comments/157bgwx/_/jt5l3sg/,General / Other
157bgwx,Am I (26m) wrong for not wanting to date single mothers?,dating_advice,405,https://reddit.com/r/dating_advice/comments/157bgwx/am_i_26m_wrong_for_not_wanting_to_date_single/,jt452r0,NEK0SAM,7,Thank you! A lot of single women I know tend to introduce the guy close to right away which is...not a good idea. I'd rather not screw up a child's life by giving them false hope and or be unable to support them,https://reddit.com/r/dating_advice/comments/157bgwx/_/jt452r0/,General / Other
157bgwx,Am I (26m) wrong for not wanting to date single mothers?,dating_advice,405,https://reddit.com/r/dating_advice/comments/157bgwx/am_i_26m_wrong_for_not_wanting_to_date_single/,jt42bq9,NEK0SAM,7,"Not in UK they don't. Seemingly more than 1/3 of the women on dating apps mention having children in the bios and ones I meet in real life is about same ratio as well, or it's a phenomena with my generation where there's LOADS more than normal?",https://reddit.com/r/dating_advice/comments/157bgwx/_/jt42bq9/,Finding where to meet women
157bgwx,Am I (26m) wrong for not wanting to date single mothers?,dating_advice,405,https://reddit.com/r/dating_advice/comments/157bgwx/am_i_26m_wrong_for_not_wanting_to_date_single/,jt3warj,NEK0SAM,6,"Absolutely. Like I get told its unfair, that I won't date single mothers...I don't think I'll meet anyone frankly, so my prefences/standards are pretty flexible.  Part of it is that I've been exposed to my cousin whose same age with 3 kids by 3 different men, with the 4th with a different father on the way...and it's not just her in the world like this.",https://reddit.com/r/dating_advice/comments/157bgwx/_/jt3warj/,General / Other
157bgwx,Am I (26m) wrong for not wanting to date single mothers?,dating_advice,405,https://reddit.com/r/dating_advice/comments/157bgwx/am_i_26m_wrong_for_not_wanting_to_date_single/,jt3zdey,NEK0SAM,4,"You're not wrong, it is.

Every time I've been in US I've had women talk to me and show Interest a lot. Probably beat I'm moving in a few years because it's getting worse and worse!",https://reddit.com/r/dating_advice/comments/157bgwx/_/jt3zdey/,General / Other
157bgwx,Am I (26m) wrong for not wanting to date single mothers?,dating_advice,405,https://reddit.com/r/dating_advice/comments/157bgwx/am_i_26m_wrong_for_not_wanting_to_date_single/,jt45pr7,Carib0ul0u,4,"See I have only ever been with people who I know for a fact do not want kids. Since high school I have made a great effort to NEVER even have it on the table as a possibility to have kids. My last girlfriend I had to be 100% sure she was on the same page before we had sex. So I’ve avoided it my whole life because I think a kid is literally the worst thing that could happen to me on my journey, so I could never be with someone who has a kid. I’ve just made to much effort for my entire life to accept that.",https://reddit.com/r/dating_advice/comments/157bgwx/_/jt45pr7/,General / Other
rcxsgv,Is becoming a 'sugar daddy' a one-way road? Will it be difficult to date vanilla in the future?,dating_advice,379,https://reddit.com/r/dating_advice/comments/rcxsgv/is_becoming_a_sugar_daddy_a_oneway_road_will_it/,hny1cdr,YesManGL,93,"I've become attracted to women that I wasn't initially interested in once I got to know them. 

I will say that I know I am an attractive person overall, so would like a partner who brought something to the table - but it doesn't have to be looks. If a 4/10 doctor wanted to hit me up, or a 4/10 that's very engaged with non-profit work wanted to chat, I'd be all ears.",https://reddit.com/r/dating_advice/comments/rcxsgv/_/hny1cdr/,General / Other
rcxsgv,Is becoming a 'sugar daddy' a one-way road? Will it be difficult to date vanilla in the future?,dating_advice,379,https://reddit.com/r/dating_advice/comments/rcxsgv/is_becoming_a_sugar_daddy_a_oneway_road_will_it/,hny4e8b,YesManGL,37,"This is something I've also considered. Definitely worth looking into, and I think it could help me find people who share my ambition/drive and goals. Thanks for reminding me of this option!",https://reddit.com/r/dating_advice/comments/rcxsgv/_/hny4e8b/,General / Other
rcxsgv,Is becoming a 'sugar daddy' a one-way road? Will it be difficult to date vanilla in the future?,dating_advice,379,https://reddit.com/r/dating_advice/comments/rcxsgv/is_becoming_a_sugar_daddy_a_oneway_road_will_it/,hnxztj6,ficuspolo,33,"That won't work either, as a man can't choose who he is attracted to physically. 

As the OP seems very ambitious, I think it is safe to say he would never settle with another 4/10 not only due to the lack of attraction but also the lack in pride upon publicly dating an ugly partner.

This may sound bleak but I don't think true love is likely for him. Unless he can find an attractive successful woman on his financial level who likes him for his looks and not the idea of being a power couple or a sucker to  absolve her of working once the kids get birthed, he's destined to be single.

Sugaring comes with a lack of being in control, and part of what makes sex and dating desirable is validation, and transactional relationships are not that. If he is willing to choose the dark side he can dang",https://reddit.com/r/dating_advice/comments/rcxsgv/_/hnxztj6/,General / Other
rcxsgv,Is becoming a 'sugar daddy' a one-way road? Will it be difficult to date vanilla in the future?,dating_advice,379,https://reddit.com/r/dating_advice/comments/rcxsgv/is_becoming_a_sugar_daddy_a_oneway_road_will_it/,hnxvnua,YesManGL,29,I certainly wouldn't be letting anyone stay in my apartment unless I knew them for a significant period of time. I plan on staying vigilant regarding fraud and scams and such. Thank you!,https://reddit.com/r/dating_advice/comments/rcxsgv/_/hnxvnua/,General / Other
rcxsgv,Is becoming a 'sugar daddy' a one-way road? Will it be difficult to date vanilla in the future?,dating_advice,379,https://reddit.com/r/dating_advice/comments/rcxsgv/is_becoming_a_sugar_daddy_a_oneway_road_will_it/,hnxuhqb,YesManGL,25,"I already have these things, and it's not helped with my dating life. There's not much on this earth that can fill the void for human connection/affection. I'm not just looking for someone to fuck - I want to enjoy more typical relationship stuff like dinners out and movie nights or whatever.",https://reddit.com/r/dating_advice/comments/rcxsgv/_/hnxuhqb/,General / Other
rcxsgv,Is becoming a 'sugar daddy' a one-way road? Will it be difficult to date vanilla in the future?,dating_advice,379,https://reddit.com/r/dating_advice/comments/rcxsgv/is_becoming_a_sugar_daddy_a_oneway_road_will_it/,hnz0375,Aggravating-List4265,21,"I am in the same situation as you. I am the less physically attractive boyfriend. I sometimes see pictures of my girlfriend and I together and wonder how we ever got together in the first place. Then I remember. I make her laugh. She is attracted to my personality in a way I have never experienced before and that makes me more physically attractive to her. I might be objectively a 4 but she sees me with different eyes. 

So OP, if you are reading this,it can happen. It is possible to find someone physically attractive to love you, even if you are not so attractive yourself. I would suggest you keep looking if love is what you are after. If you just want a physical relationship  (no judgement) then your way might be a solution.",https://reddit.com/r/dating_advice/comments/rcxsgv/_/hnz0375/,General / Other
rcxsgv,Is becoming a 'sugar daddy' a one-way road? Will it be difficult to date vanilla in the future?,dating_advice,379,https://reddit.com/r/dating_advice/comments/rcxsgv/is_becoming_a_sugar_daddy_a_oneway_road_will_it/,hnxuqn5,YesManGL,19,Hahaha - I struggled to get a date even when I did flash money!,https://reddit.com/r/dating_advice/comments/rcxsgv/_/hnxuqn5/,General / Other
rcxsgv,Is becoming a 'sugar daddy' a one-way road? Will it be difficult to date vanilla in the future?,dating_advice,379,https://reddit.com/r/dating_advice/comments/rcxsgv/is_becoming_a_sugar_daddy_a_oneway_road_will_it/,hnyjrbd,YesManGL,17,Easier said than done!,https://reddit.com/r/dating_advice/comments/rcxsgv/_/hnyjrbd/,General / Other
rcxsgv,Is becoming a 'sugar daddy' a one-way road? Will it be difficult to date vanilla in the future?,dating_advice,379,https://reddit.com/r/dating_advice/comments/rcxsgv/is_becoming_a_sugar_daddy_a_oneway_road_will_it/,hnyeugo,YesManGL,13,"? I said I'm a 4/10 lol. You can put lipstick on a pig, as they say haha",https://reddit.com/r/dating_advice/comments/rcxsgv/_/hnyeugo/,General / Other
rcxsgv,Is becoming a 'sugar daddy' a one-way road? Will it be difficult to date vanilla in the future?,dating_advice,379,https://reddit.com/r/dating_advice/comments/rcxsgv/is_becoming_a_sugar_daddy_a_oneway_road_will_it/,hnxwko8,YesManGL,12,"I'd like to think I am a nice person, and also pretty relaxed! But it's been 7 years since I've been in a relationship, and it's a little lonely 😅",https://reddit.com/r/dating_advice/comments/rcxsgv/_/hnxwko8/,General / Other
rcxsgv,Is becoming a 'sugar daddy' a one-way road? Will it be difficult to date vanilla in the future?,dating_advice,379,https://reddit.com/r/dating_advice/comments/rcxsgv/is_becoming_a_sugar_daddy_a_oneway_road_will_it/,hnxv1k3,YesManGL,10,"I appreciate your comment! I think I'm an attractive 'person' and I am proud of myself! I'm just not 'physically' attractive - which is a surprisingly consistent metric across cultures. I'm a goofy looking white dude whose face isn't particularly symmetrical, which I'm fine with!",https://reddit.com/r/dating_advice/comments/rcxsgv/_/hnxv1k3/,General / Other
rcxsgv,Is becoming a 'sugar daddy' a one-way road? Will it be difficult to date vanilla in the future?,dating_advice,379,https://reddit.com/r/dating_advice/comments/rcxsgv/is_becoming_a_sugar_daddy_a_oneway_road_will_it/,hny9x7q,YesManGL,9,"I'm 29, and probably wouldn't date anyone under 22 at the very minimum, but I get you.",https://reddit.com/r/dating_advice/comments/rcxsgv/_/hny9x7q/,General / Other
rcxsgv,Is becoming a 'sugar daddy' a one-way road? Will it be difficult to date vanilla in the future?,dating_advice,379,https://reddit.com/r/dating_advice/comments/rcxsgv/is_becoming_a_sugar_daddy_a_oneway_road_will_it/,hnxyl2v,YesManGL,8,"I don't have any issue dating a woman my own age - most just aren't interested in me or are in different stages in their life. I've also invested about as much as into my appearance as I can without going fully into plastic surgery, which isn't something I'm interested in.",https://reddit.com/r/dating_advice/comments/rcxsgv/_/hnxyl2v/,General / Other
rcxsgv,Is becoming a 'sugar daddy' a one-way road? Will it be difficult to date vanilla in the future?,dating_advice,379,https://reddit.com/r/dating_advice/comments/rcxsgv/is_becoming_a_sugar_daddy_a_oneway_road_will_it/,hnyey2x,YesManGL,7,"Funnily enough, one of my main hobbies is salsa/bachata! Unfortunately, not a source of success in that regard, but still a ton of fun!",https://reddit.com/r/dating_advice/comments/rcxsgv/_/hnyey2x/,General / Other
rcxsgv,Is becoming a 'sugar daddy' a one-way road? Will it be difficult to date vanilla in the future?,dating_advice,379,https://reddit.com/r/dating_advice/comments/rcxsgv/is_becoming_a_sugar_daddy_a_oneway_road_will_it/,hnxtzyp,YesManGL,5,:( Why?,https://reddit.com/r/dating_advice/comments/rcxsgv/_/hnxtzyp/,General / Other
rcxsgv,Is becoming a 'sugar daddy' a one-way road? Will it be difficult to date vanilla in the future?,dating_advice,379,https://reddit.com/r/dating_advice/comments/rcxsgv/is_becoming_a_sugar_daddy_a_oneway_road_will_it/,hny8wk4,YesManGL,4,"That's a fair point. My understanding is that most sugar daddies aren't very respectful people. I'd like to think I could break that mold, but I imagine it would be hard to break the association for future vanilla partners.",https://reddit.com/r/dating_advice/comments/rcxsgv/_/hny8wk4/,General / Other
rcxsgv,Is becoming a 'sugar daddy' a one-way road? Will it be difficult to date vanilla in the future?,dating_advice,379,https://reddit.com/r/dating_advice/comments/rcxsgv/is_becoming_a_sugar_daddy_a_oneway_road_will_it/,hnzxxzd,YesManGL,3,Face is important!,https://reddit.com/r/dating_advice/comments/rcxsgv/_/hnzxxzd/,General / Other
rcxsgv,Is becoming a 'sugar daddy' a one-way road? Will it be difficult to date vanilla in the future?,dating_advice,379,https://reddit.com/r/dating_advice/comments/rcxsgv/is_becoming_a_sugar_daddy_a_oneway_road_will_it/,hnzwvbr,YesManGL,3,I think I'm going to try that route before pursuing sugar dating.,https://reddit.com/r/dating_advice/comments/rcxsgv/_/hnzwvbr/,General / Other
1orx96j,Is it overkill to bring home made cookies to a first date?,dating_advice,377,https://reddit.com/r/dating_advice/comments/1orx96j/is_it_overkill_to_bring_home_made_cookies_to_a/,nntcprg,starcap,491,"I have a feeling that all of the “do it” responses are from men and all the “don’t do it” responses are from women.

Edit to clarify: OP is asking how a man would interpret this. And therein lies your answer. As a man I am fully on board team cookies.",https://reddit.com/r/dating_advice/comments/1orx96j/_/nntcprg/,General / Other
1orx96j,Is it overkill to bring home made cookies to a first date?,dating_advice,377,https://reddit.com/r/dating_advice/comments/1orx96j/is_it_overkill_to_bring_home_made_cookies_to_a/,nnux833,turntobeer,12,"57m here. That's downright adorable. 

*A quick observation on the other replies. Many, if not most of the positive comments are from users whose post history indicates they are male, the negative ones from females. Haters gonna hate*

**Team Cookies for the win** 🍪🍪🍪",https://reddit.com/r/dating_advice/comments/1orx96j/_/nnux833/,General / Other
1orx96j,Is it overkill to bring home made cookies to a first date?,dating_advice,377,https://reddit.com/r/dating_advice/comments/1orx96j/is_it_overkill_to_bring_home_made_cookies_to_a/,nntsrzp,Reddit-SN,10,I'm a male and I second this,https://reddit.com/r/dating_advice/comments/1orx96j/_/nntsrzp/,General / Other
1orx96j,Is it overkill to bring home made cookies to a first date?,dating_advice,377,https://reddit.com/r/dating_advice/comments/1orx96j/is_it_overkill_to_bring_home_made_cookies_to_a/,nnuutqo,EverydayGaming,6,Guessing you're a woman. As a guy I find this incredibly sweet and endearing.,https://reddit.com/r/dating_advice/comments/1orx96j/_/nnuutqo/,General / Other
1orx96j,Is it overkill to bring home made cookies to a first date?,dating_advice,377,https://reddit.com/r/dating_advice/comments/1orx96j/is_it_overkill_to_bring_home_made_cookies_to_a/,nnveqxs,naokiyamada,5,"I don’t see it that way. As a guy it would show that she’s super thoughtful, attentive, and shows that she cares. She would be a keeper in my books.",https://reddit.com/r/dating_advice/comments/1orx96j/_/nnveqxs/,General / Other
1orx96j,Is it overkill to bring home made cookies to a first date?,dating_advice,377,https://reddit.com/r/dating_advice/comments/1orx96j/is_it_overkill_to_bring_home_made_cookies_to_a/,nnuwsk7,mobjack,5,"It is risky.


As a man, I am not going to base my decision to go on a second date from a gift from a woman.


I might get turned off if it comes off as desperate or clingy.",https://reddit.com/r/dating_advice/comments/1orx96j/_/nnuwsk7/,Fear of intimacy after abstinence
1orx96j,Is it overkill to bring home made cookies to a first date?,dating_advice,377,https://reddit.com/r/dating_advice/comments/1orx96j/is_it_overkill_to_bring_home_made_cookies_to_a/,nnvxauw,OneEyedWonderWiesel,3,"Male here - yes. Do it

Being called a pick me in dating is weird. Isn’t that the point? You’re trying to find someone to pick and they are too? What the hell else do you do?",https://reddit.com/r/dating_advice/comments/1orx96j/_/nnvxauw/,General / Other
khlocb,Just learnt that I [M21] am not very attractive.,dating_advice,362,https://reddit.com/r/dating_advice/comments/khlocb/just_learnt_that_i_m21_am_not_very_attractive/,ggm9oi2,carltheman5467,10,I met my girlfriend on tinder? Its really a lot more common than you think,https://reddit.com/r/dating_advice/comments/khlocb/_/ggm9oi2/,Finding where to meet women
khlocb,Just learnt that I [M21] am not very attractive.,dating_advice,362,https://reddit.com/r/dating_advice/comments/khlocb/just_learnt_that_i_m21_am_not_very_attractive/,gglr8cr,throwawyay17282,6,"Lol, I thought puberty would have done me some sort of favour but I guess not",https://reddit.com/r/dating_advice/comments/khlocb/_/gglr8cr/,General / Other
khlocb,Just learnt that I [M21] am not very attractive.,dating_advice,362,https://reddit.com/r/dating_advice/comments/khlocb/just_learnt_that_i_m21_am_not_very_attractive/,ggmx2g8,[deleted],4,I know exactly how you feel. I have it worse actually. In 31 and I’ve never had a girlfriend. My success rate with tinder and okcupid is exactly zero. I’ve had 2 first dates my whole life. no second ones. So no matter how bad you feel just remember that there’s a guy out there who’s got it worse. It sucks but over time you learn to accept it.,https://reddit.com/r/dating_advice/comments/khlocb/_/ggmx2g8/,Breaking the inexperience loop
1qxjurx,"I left a risky note for my library crush, But a friend told me I came off as ""insecure and creepy."" How do I handle the first message to fix this?",dating_advice,351,https://reddit.com/r/dating_advice/comments/1qxjurx/i_left_a_risky_note_for_my_library_crush_but_a/,o3yffbr,dappdeer,98,Lol thanks for this awesome comment I really appreciate it!,https://reddit.com/r/dating_advice/comments/1qxjurx/_/o3yffbr/,General / Other
1qxjurx,"I left a risky note for my library crush, But a friend told me I came off as ""insecure and creepy."" How do I handle the first message to fix this?",dating_advice,351,https://reddit.com/r/dating_advice/comments/1qxjurx/i_left_a_risky_note_for_my_library_crush_but_a/,o3yhg7t,dappdeer,3,"I wasn't able to read your original comment as I got deleted! 
But the reason I gave her the note was because we have been saying just Hello for over 6 to 7 weeks, we meet when we're either in the library where we can't talk or in Cafes where we are in our own friends! Where approaching will add extreme pressure! 

So yah I was just interested in knowing more about the deal behind saying Hello consistently, from where I'm from we don't generally/really say Hello to other if you just saw them in the Library a couple of times!",https://reddit.com/r/dating_advice/comments/1qxjurx/_/o3yhg7t/,Getting over approach anxiety
1qxjurx,"I left a risky note for my library crush, But a friend told me I came off as ""insecure and creepy."" How do I handle the first message to fix this?",dating_advice,351,https://reddit.com/r/dating_advice/comments/1qxjurx/i_left_a_risky_note_for_my_library_crush_but_a/,o44w6lc,dappdeer,2,"Can you elaborate more, want to get your thoughts!",https://reddit.com/r/dating_advice/comments/1qxjurx/_/o44w6lc/,General / Other
1qxjurx,"I left a risky note for my library crush, But a friend told me I came off as ""insecure and creepy."" How do I handle the first message to fix this?",dating_advice,351,https://reddit.com/r/dating_advice/comments/1qxjurx/i_left_a_risky_note_for_my_library_crush_but_a/,o43f5bh,TheLastOneDoesWin,2,"A really good note, (as a guy) i would really appreciate this kind of note.",https://reddit.com/r/dating_advice/comments/1qxjurx/_/o43f5bh/,General / Other
1qxjurx,"I left a risky note for my library crush, But a friend told me I came off as ""insecure and creepy."" How do I handle the first message to fix this?",dating_advice,351,https://reddit.com/r/dating_advice/comments/1qxjurx/i_left_a_risky_note_for_my_library_crush_but_a/,o44wok3,dappdeer,1,Wat 😂,https://reddit.com/r/dating_advice/comments/1qxjurx/_/o44wok3/,General / Other
1qxjurx,"I left a risky note for my library crush, But a friend told me I came off as ""insecure and creepy."" How do I handle the first message to fix this?",dating_advice,351,https://reddit.com/r/dating_advice/comments/1qxjurx/i_left_a_risky_note_for_my_library_crush_but_a/,o44y1dk,dappdeer,1,"🥺 wish someone dose the same for you! 

The thing I learned now is that most of the Girls actually find it sweet from such a small gesture!",https://reddit.com/r/dating_advice/comments/1qxjurx/_/o44y1dk/,General / Other
1qxjurx,"I left a risky note for my library crush, But a friend told me I came off as ""insecure and creepy."" How do I handle the first message to fix this?",dating_advice,351,https://reddit.com/r/dating_advice/comments/1qxjurx/i_left_a_risky_note_for_my_library_crush_but_a/,o450lst,dappdeer,1,"Oh man, That would have been really cringe! 

But if we were going out it's ok ish that  I would ask her out to be my Valentine or something similar!",https://reddit.com/r/dating_advice/comments/1qxjurx/_/o450lst/,Dealing with comparison pain
1qxjurx,"I left a risky note for my library crush, But a friend told me I came off as ""insecure and creepy."" How do I handle the first message to fix this?",dating_advice,351,https://reddit.com/r/dating_advice/comments/1qxjurx/i_left_a_risky_note_for_my_library_crush_but_a/,o44vqt5,dappdeer,1,"'Lust' is just a normal German word for having the 'mood' or 'inclination' to do something.

 It doesn't mean the same thing as it does in English. :)",https://reddit.com/r/dating_advice/comments/1qxjurx/_/o44vqt5/,General / Other
1qxjurx,"I left a risky note for my library crush, But a friend told me I came off as ""insecure and creepy."" How do I handle the first message to fix this?",dating_advice,351,https://reddit.com/r/dating_advice/comments/1qxjurx/i_left_a_risky_note_for_my_library_crush_but_a/,oi7yl3v,dappdeer,1,"Hey everyone, just wanted to give you a quick update! Soon after my vacation, I finally went for it and asked her out for a coffee. It turns out she has been dating someone for a while. 😐
​She was really polite and direct about it. This is exactly what she wrote to me:
'...möchte aber ehrlich zu dir sein, ich date seit längerem, also Kaffee außerhalb der Uni eher nicht.' (For non-German speakers: she basically said she wants to be honest, has been dating someone for a while, so getting coffee outside of uni is a no.)
​Overall, I gained some solid experience on how to put myself out there and how not to be creepy.",https://reddit.com/r/dating_advice/comments/1qxjurx/_/oi7yl3v/,General / Other
1rsk4u6,She slept with someone before we were exclusive,dating_advice,348,https://reddit.com/r/dating_advice/comments/1rsk4u6/she_slept_with_someone_before_we_were_exclusive/,oa7f9zb,Anxious_Watercress86,152,"Love that comparison, thanks for your input! Yeah things are great now and you know how it is in early dating so I dont feel that she did anything wrong",https://reddit.com/r/dating_advice/comments/1rsk4u6/_/oa7f9zb/,General / Other
1rsk4u6,She slept with someone before we were exclusive,dating_advice,348,https://reddit.com/r/dating_advice/comments/1rsk4u6/she_slept_with_someone_before_we_were_exclusive/,oa815wt,Anxious_Watercress86,87,Yeah she is great and I love spending time with her and im a logical person and I honestly don't think she did anything wrong,https://reddit.com/r/dating_advice/comments/1rsk4u6/_/oa815wt/,General / Other
1rsk4u6,She slept with someone before we were exclusive,dating_advice,348,https://reddit.com/r/dating_advice/comments/1rsk4u6/she_slept_with_someone_before_we_were_exclusive/,oa7y6p5,Anxious_Watercress86,77,We were basically strangers at the point of our first date,https://reddit.com/r/dating_advice/comments/1rsk4u6/_/oa7y6p5/,Learning the mechanics of dating
1rsk4u6,She slept with someone before we were exclusive,dating_advice,348,https://reddit.com/r/dating_advice/comments/1rsk4u6/she_slept_with_someone_before_we_were_exclusive/,oa84fl1,Anxious_Watercress86,28,Thanks for the comment! We do plenty of things together and when we do that I pretty much forget about this,https://reddit.com/r/dating_advice/comments/1rsk4u6/_/oa84fl1/,General / Other
1rsk4u6,She slept with someone before we were exclusive,dating_advice,348,https://reddit.com/r/dating_advice/comments/1rsk4u6/she_slept_with_someone_before_we_were_exclusive/,oa7dyls,Anxious_Watercress86,13,"That's a great explanation, thanks! I honestly dont feel that I can blame her at all so it's on me all the overthinking and first dates are early days anyway",https://reddit.com/r/dating_advice/comments/1rsk4u6/_/oa7dyls/,Learning the mechanics of dating
1rsk4u6,She slept with someone before we were exclusive,dating_advice,348,https://reddit.com/r/dating_advice/comments/1rsk4u6/she_slept_with_someone_before_we_were_exclusive/,oa8s6am,Anxious_Watercress86,8,I think I need to keep this in mind,https://reddit.com/r/dating_advice/comments/1rsk4u6/_/oa8s6am/,General / Other
1rsk4u6,She slept with someone before we were exclusive,dating_advice,348,https://reddit.com/r/dating_advice/comments/1rsk4u6/she_slept_with_someone_before_we_were_exclusive/,oa87fvq,Anxious_Watercress86,5,"That's so smart, thanks!",https://reddit.com/r/dating_advice/comments/1rsk4u6/_/oa87fvq/,General / Other
1rsk4u6,She slept with someone before we were exclusive,dating_advice,348,https://reddit.com/r/dating_advice/comments/1rsk4u6/she_slept_with_someone_before_we_were_exclusive/,oa8svok,Anxious_Watercress86,4,"I dont think thats it, I think women and men are the same when it comes to sex and I am definitely against shaming women for sleeping with many men",https://reddit.com/r/dating_advice/comments/1rsk4u6/_/oa8svok/,General / Other
1rsk4u6,She slept with someone before we were exclusive,dating_advice,348,https://reddit.com/r/dating_advice/comments/1rsk4u6/she_slept_with_someone_before_we_were_exclusive/,oa9d8xy,AssetEater,3,"So my now girlfriend and I had a similar situation. She was talking to someone else, but I caught her attention more. She was still doing stuff with him while we were talking and she told me pretty early. I dwelled on it at first and it ruined the vibe and we ended things for a month. I was talking to others too at the time, but never did anything sexually. A month after us breaking things off when the tension died down, she came back apologizing because she never wanted things to end or end the way they did. We have been going steady again since September. Let the past be the past. If a woman is choosing you, don’t let your mind race over dumb shit like who she’s slept with. Moral of the story: don’t dwell on things, especially if it’s something you would do yourself.",https://reddit.com/r/dating_advice/comments/1rsk4u6/_/oa9d8xy/,General / Other
1rsk4u6,She slept with someone before we were exclusive,dating_advice,348,https://reddit.com/r/dating_advice/comments/1rsk4u6/she_slept_with_someone_before_we_were_exclusive/,oa7y2rh,Anxious_Watercress86,3,"We had a chat about that last week and she said thst she felt bad about sleeping with him after it happened and she was apologetic and she said that she really appreciates me, the connection we have etc. What do you think?",https://reddit.com/r/dating_advice/comments/1rsk4u6/_/oa7y2rh/,General / Other
1ixbtci,Dating has made me more heartless.,dating_advice,339,https://reddit.com/r/dating_advice/comments/1ixbtci/dating_has_made_me_more_heartless/,mel8iys,No_Anteater8156,59,"The dating market is cruel. As a man I know this and this is why you have to be cruel as well. Eat or be eaten. The power of options have ruined dating, people are not allowed to have imperfections, be vulnerable, show their nicer side, everyone has to be on alert and also be in search of the next because until you get that “bf/gf” title, you guys are still single and for all you know, the person you’re seeing is still out shopping for a better person. 

I cut people off bc they didn’t text me for a day or are a dry texter or made plans and rainchecked an hour before or treat me like I owe them something only weeks after we met, the list goes on. I’m sorry, I have to be cruel as well in this dating climate 

I’m 28 and I’ve learnt to take it with a grain of salt, have fun with it and if it",https://reddit.com/r/dating_advice/comments/1ixbtci/_/mel8iys/,General / Other
1ixbtci,Dating has made me more heartless.,dating_advice,339,https://reddit.com/r/dating_advice/comments/1ixbtci/dating_has_made_me_more_heartless/,mel7szr,Spare_Air9406,15,That’s exactly what gets you pushed away as a man,https://reddit.com/r/dating_advice/comments/1ixbtci/_/mel7szr/,General / Other
1ixbtci,Dating has made me more heartless.,dating_advice,339,https://reddit.com/r/dating_advice/comments/1ixbtci/dating_has_made_me_more_heartless/,melazh2,Straight_Bet_8245,8,Yessir I respect you for being real. You understand bro. Thank you for the authenticity. You're right eat or be eaten. She's not yours its just your turn.,https://reddit.com/r/dating_advice/comments/1ixbtci/_/melazh2/,General / Other
1ixbtci,Dating has made me more heartless.,dating_advice,339,https://reddit.com/r/dating_advice/comments/1ixbtci/dating_has_made_me_more_heartless/,mel8ubj,Straight_Bet_8245,7,"Facts bro, women are always saying stuff like  “why don't you open up to me?”, “tell me whats on your mind”, “its ok for men to share their feelings.” yeah not falling for that again. Bro its like the say the exact opposite of what they want.",https://reddit.com/r/dating_advice/comments/1ixbtci/_/mel8ubj/,General / Other
1ixbtci,Dating has made me more heartless.,dating_advice,339,https://reddit.com/r/dating_advice/comments/1ixbtci/dating_has_made_me_more_heartless/,melktgw,Straight_Bet_8245,7,Yeah it really be like that. I didn’t know women experience the same thing. Thanks for the perspective. I think we just live in a fake world built on lies so people are subconsciously conditioned to like being lied to. Once they see some realness it scares them.,https://reddit.com/r/dating_advice/comments/1ixbtci/_/melktgw/,General / Other
1ixbtci,Dating has made me more heartless.,dating_advice,339,https://reddit.com/r/dating_advice/comments/1ixbtci/dating_has_made_me_more_heartless/,menunq0,Remarkable-Pizza8299,6,"Holy fuck, this is a depressing thread. If you're looking for a relationship, bring vulnerable is a part of it. If the woman doesn't want to deal with it, then she's not the one for you. 

Why do so many people give up so early in life. I just found my soul mate last year at 29. I had a 3 shitty relationships before all ended with my ex gf's cheating. Sure, I was bitter for like a year after those, but guess what? I'm a grown man, and I can move on and not let the past affect me. Just made me notice the red flags of those toxic ppl. Plus, what i really wanted in a partner.

All the guys saying you have to be ruthless and emotionless who the fuck hurt you? Go to therapy or least find someone to talk to that is outside your friends group.

 Dating apps, Snapchat, insta has led to hook up cul",https://reddit.com/r/dating_advice/comments/1ixbtci/_/menunq0/,Finding where to meet women
1ixbtci,Dating has made me more heartless.,dating_advice,339,https://reddit.com/r/dating_advice/comments/1ixbtci/dating_has_made_me_more_heartless/,memm4y8,iLordDeath,5,"I went on the hinge subreddit today and first thread was like a bunch of women in their 30s with these  mental checklists they were sharing that they use to filter out men. People have way more qualities than a few stringent conditions on a checklist, but somehow dating in their 30s completely warps their perception of men to be conditions on a checklist with no redemption. Dating women in their 20s I've definitely never met anyone with such a harsh outlook on dating. If OP waits to date until his 30s he's going to be even more resentful towards dating, having to deal with people like that...",https://reddit.com/r/dating_advice/comments/1ixbtci/_/memm4y8/,Finding where to meet women
1ixbtci,Dating has made me more heartless.,dating_advice,339,https://reddit.com/r/dating_advice/comments/1ixbtci/dating_has_made_me_more_heartless/,mel6sse,[deleted],4,"I gotta tell ya brother I don’t have any solutions, but plenty of empathy. My advice? Try and touch base in your mind with the aspirations you had before romance and a partner were thrown into the thought process, and pursue those aspirations. Whether they’re jobs, hobbies, goals, or literally bullshit bucket list items, make it a point to get a bit SELSFISH with your time investments; not out of spite (god please no), but out of curiosity and self-care.

This may just be bullshit to your ears, and you may already have everything else in your life right where you want it (no offense though dude but at 23 I highly doubt it, 26M and I’m certainly not that guy), but for me personally my crave and desire for a true romantic partnership is always at its worst when there’s a significant issue I’",https://reddit.com/r/dating_advice/comments/1ixbtci/_/mel6sse/,Coping with physical loneliness
1ixbtci,Dating has made me more heartless.,dating_advice,339,https://reddit.com/r/dating_advice/comments/1ixbtci/dating_has_made_me_more_heartless/,memnwo5,iLordDeath,3,"im 6'2 and career oriented law student but dating at 23 still hasn't been good at all xd zero relationships 4 years into law school, feels like i've devoted my entire life to work and career preparation being told it'd help me get a girlfriend but i've gained nothing from it",https://reddit.com/r/dating_advice/comments/1ixbtci/_/memnwo5/,General / Other
1ixbtci,Dating has made me more heartless.,dating_advice,339,https://reddit.com/r/dating_advice/comments/1ixbtci/dating_has_made_me_more_heartless/,men8f7e,Yourunclesbestftiend,3,"I’m 33m and I just don’t care lol. On the plus side, I’ve made a lot of new friends! But yeah, I’m take it or leave it, I’m not chasing anyone except for my cat around my house.",https://reddit.com/r/dating_advice/comments/1ixbtci/_/men8f7e/,General / Other
1ixbtci,Dating has made me more heartless.,dating_advice,339,https://reddit.com/r/dating_advice/comments/1ixbtci/dating_has_made_me_more_heartless/,mepzr65,Straight_Bet_8245,3,Facts bro. Learned the lesson the hard way. Won't forget it now.,https://reddit.com/r/dating_advice/comments/1ixbtci/_/mepzr65/,General / Other
1sl9c3p,"If you are good looking as a guy, you might just have it hard enough as well.",dating_advice,329,https://reddit.com/r/dating_advice/comments/1sl9c3p/if_you_are_good_looking_as_a_guy_you_might_just/,og51gh3,Annual_Word5240,54,"true. I still agree with that, its just when people deny them to begin with.",https://reddit.com/r/dating_advice/comments/1sl9c3p/_/og51gh3/,General / Other
1sl9c3p,"If you are good looking as a guy, you might just have it hard enough as well.",dating_advice,329,https://reddit.com/r/dating_advice/comments/1sl9c3p/if_you_are_good_looking_as_a_guy_you_might_just/,og546dn,BecretAlbatross,16,"Nah this is a skill issue. Conventionally attractive guy here. If you can't quickly convince women you aren't a douche/player then you just lack communication skills. You have a huge amount of leverage so you have to lead the interaction. For the record, I agree with what you're saying but I'm saying there is not better alternative to the setup itself so you have to take accountability. Men who aren't attractive still have to convince women to like them PLUS that they're safe so it's even harder.",https://reddit.com/r/dating_advice/comments/1sl9c3p/_/og546dn/,Coping with physical loneliness
1sl9c3p,"If you are good looking as a guy, you might just have it hard enough as well.",dating_advice,329,https://reddit.com/r/dating_advice/comments/1sl9c3p/if_you_are_good_looking_as_a_guy_you_might_just/,og5a09v,Annual_Word5240,9,"super positive. thanks. didnt mean to compare, and every time i was forced into it i conceded.",https://reddit.com/r/dating_advice/comments/1sl9c3p/_/og5a09v/,General / Other
1sl9c3p,"If you are good looking as a guy, you might just have it hard enough as well.",dating_advice,329,https://reddit.com/r/dating_advice/comments/1sl9c3p/if_you_are_good_looking_as_a_guy_you_might_just/,og55knm,Annual_Word5240,5,"i guess I came across as someone ungrateful, and in some sense i really am. But srsly i genuinely understand looks in dating or otherwise are a net positive. by a big margin.",https://reddit.com/r/dating_advice/comments/1sl9c3p/_/og55knm/,General / Other
1sl9c3p,"If you are good looking as a guy, you might just have it hard enough as well.",dating_advice,329,https://reddit.com/r/dating_advice/comments/1sl9c3p/if_you_are_good_looking_as_a_guy_you_might_just/,og53vsz,Annual_Word5240,4,"yea its not a vent more so just like it really isnt that simple, the thing is a lot of the stigma around handsome guys is very much warranted, because they tend to be exploitive, shallow whatever more so than others. That said, there are so many of them that just want a genuine relationship, and they are the ones who pay for the stigma.",https://reddit.com/r/dating_advice/comments/1sl9c3p/_/og53vsz/,Destigmatizing the experience
1sl9c3p,"If you are good looking as a guy, you might just have it hard enough as well.",dating_advice,329,https://reddit.com/r/dating_advice/comments/1sl9c3p/if_you_are_good_looking_as_a_guy_you_might_just/,og57un5,Annual_Word5240,3,you are correct. it does sound a lot like that.,https://reddit.com/r/dating_advice/comments/1sl9c3p/_/og57un5/,General / Other
1sl9c3p,"If you are good looking as a guy, you might just have it hard enough as well.",dating_advice,329,https://reddit.com/r/dating_advice/comments/1sl9c3p/if_you_are_good_looking_as_a_guy_you_might_just/,og53jke,Annual_Word5240,3,this.,https://reddit.com/r/dating_advice/comments/1sl9c3p/_/og53jke/,General / Other
1sl9c3p,"If you are good looking as a guy, you might just have it hard enough as well.",dating_advice,329,https://reddit.com/r/dating_advice/comments/1sl9c3p/if_you_are_good_looking_as_a_guy_you_might_just/,og56j1y,Annual_Word5240,3,"Yea i get what you mean, even if its slightly harder the privilege is enough for me to not cry about it and keep trying to win a girl's trust. in some cases tho u just can't.",https://reddit.com/r/dating_advice/comments/1sl9c3p/_/og56j1y/,General / Other
1sl9c3p,"If you are good looking as a guy, you might just have it hard enough as well.",dating_advice,329,https://reddit.com/r/dating_advice/comments/1sl9c3p/if_you_are_good_looking_as_a_guy_you_might_just/,og53bt0,Annual_Word5240,3,"thats not it come on. more like ""shallow is easy, something with more depth is harder"" ?",https://reddit.com/r/dating_advice/comments/1sl9c3p/_/og53bt0/,General / Other
1qhf7vm,"35M, never had a girlfriend, good career, but dating feels like a locked door",dating_advice,325,https://reddit.com/r/dating_advice/comments/1qhf7vm/35m_never_had_a_girlfriend_good_career_but_dating/,o0kgo27,[deleted],123,"I’m right there with you bro and the older we get, the harder we are on ourselves about it because no one else can relate. 

I’m 34 and never had a girlfriend before. I’m not a virgin, but I’ve been fortunate to get a tiny bit of interest here and there over long stretches of time, but anything romantic…forget about it. I haven’t been on a proper first date in 3 years. 

Like yourself I’m in sales, talk to people all day for a living with decent social skills, but I feel like I’m just missing some sort of secret sauce. I know other men who don’t have to do anything and women just flock to them. Then you have guys like me who on paper, seem like they’d make great partners but get no interest. 

Most of it I feel like is opportunity. There are  just some men out there who have great built in",https://reddit.com/r/dating_advice/comments/1qhf7vm/_/o0kgo27/,Breaking the inexperience loop
1qhf7vm,"35M, never had a girlfriend, good career, but dating feels like a locked door",dating_advice,325,https://reddit.com/r/dating_advice/comments/1qhf7vm/35m_never_had_a_girlfriend_good_career_but_dating/,o0ltj8d,Immortalkickass,51,"i had my first girlfriend at 34, we're together for 3 years now. 

I dont know what moved the needle for me, thinking back, i was never desperate for a gf in my 20s. Didnt chase, didnt do all the self improvement stuff that this sub talks about. Its only when i hit 30s i started trying to date. I tried dating apps, but no dice. It was hard to build a connection with random people. 

Then this girl came out of nowhere. I knew her from my university days, we worked together on an assignment. We had a catch up chat, and i thought, why not ask her out on a date? She accepted, and the rest was history. It feels like dumb luck, so im not sure if its helpful for you. But most people have similar stories about meeting their SO. You can meet them from anywhere. 

Thinking back, sometimes i do feel ",https://reddit.com/r/dating_advice/comments/1qhf7vm/_/o0ltj8d/,Finding where to meet women
1qhf7vm,"35M, never had a girlfriend, good career, but dating feels like a locked door",dating_advice,325,https://reddit.com/r/dating_advice/comments/1qhf7vm/35m_never_had_a_girlfriend_good_career_but_dating/,o0jonvw,Mr_Wallet,12,"As 38M never had a girlfriend, I may be a bad source of advice, but I think you need to work on getting rid of that switch.

I already have nothing ever happen; I can't _imagine_ how much worse it would be if I was also too anxious to be fun, to be myself, to give her my number.

So my advice to remove _one_ major roadblock: find alternative areas of life for you to commit and kick ass in, and get that confidence.",https://reddit.com/r/dating_advice/comments/1qhf7vm/_/o0jonvw/,Breaking the inexperience loop
1qhf7vm,"35M, never had a girlfriend, good career, but dating feels like a locked door",dating_advice,325,https://reddit.com/r/dating_advice/comments/1qhf7vm/35m_never_had_a_girlfriend_good_career_but_dating/,o0jlg2l,Worldly-Net-165,12,"My only hesitation is that I worry being that honest right away might make some women think there’s something “wrong” with me, instead of just seeing it as inexperience. I’m not ashamed of it, but I’m not sure it’s something I’d want to put on the table immediately before someone even knows me as a person.",https://reddit.com/r/dating_advice/comments/1qhf7vm/_/o0jlg2l/,Breaking the inexperience loop
1qhf7vm,"35M, never had a girlfriend, good career, but dating feels like a locked door",dating_advice,325,https://reddit.com/r/dating_advice/comments/1qhf7vm/35m_never_had_a_girlfriend_good_career_but_dating/,o0lhvme,zeez1011,4,"I disagree. I'm horrible at first impressions but dating apps allowed me to get to know someone well enough that it made conversation in-person much easier, not to mention easing tensions because I knew going into the encounter that we were meeting specifically to gauge compatibility in a potential relationship. It obviously wasn't always easy but I had way more success that way than I ever did approaching women in person.

For the record, I did not have a real girlfriend until I was 28. It didn't work out but the following year I met the woman I'm now married to with a son. I consider myself lucky but I also knew I made it happen.",https://reddit.com/r/dating_advice/comments/1qhf7vm/_/o0lhvme/,Getting over approach anxiety
1qhf7vm,"35M, never had a girlfriend, good career, but dating feels like a locked door",dating_advice,325,https://reddit.com/r/dating_advice/comments/1qhf7vm/35m_never_had_a_girlfriend_good_career_but_dating/,o0milg8,Altruistic-Patient-8,3,"Thats my thing too; I know we all have stuff going on, but once a month is reasonable. Also why I want a girlfriend myself; someone I get too see almost daily.",https://reddit.com/r/dating_advice/comments/1qhf7vm/_/o0milg8/,General / Other
1mebs1r,"Never dated before, should I admit that?",dating_advice,322,https://reddit.com/r/dating_advice/comments/1mebs1r/never_dated_before_should_i_admit_that/,n6i9iqb,ServantofMenoth,5,"I've always struggled with socialising mainly because I'm autistic so it's difficult for me to read body language and facial cues. But also I never felt that a woman could be interested in me romantically or physically so I never expressed interest, I always figured that if I knew their answer would be ""no"" (and how could it be anything else) why bother asking and making someone who's done nothing wrong uncomfortable. 

But I do want to find love, and people have told me better late than never. So I'm going to give it a try.",https://reddit.com/r/dating_advice/comments/1mebs1r/_/n6i9iqb/,Managing neurodivergence in dating
1mebs1r,"Never dated before, should I admit that?",dating_advice,322,https://reddit.com/r/dating_advice/comments/1mebs1r/never_dated_before_should_i_admit_that/,n6ia588,ServantofMenoth,2,"I know in my head that it's not unusual, but in practice it definitely doesn't feel that way. Everyone I know my age is either in a relationship or has been in one or more than one. I'm the only person I know who's never experienced kissing or intimacy and never dated at all.",https://reddit.com/r/dating_advice/comments/1mebs1r/_/n6ia588/,Breaking the inexperience loop
1mebs1r,"Never dated before, should I admit that?",dating_advice,322,https://reddit.com/r/dating_advice/comments/1mebs1r/never_dated_before_should_i_admit_that/,n6i9wi4,ServantofMenoth,2,"I wouldn't just blurt it out, but I just wonder if I should admit it even if asked directly. It's not something I'm ashamed of but I'm not proud of it either.",https://reddit.com/r/dating_advice/comments/1mebs1r/_/n6i9wi4/,Processing the shame of being late
1mebs1r,"Never dated before, should I admit that?",dating_advice,322,https://reddit.com/r/dating_advice/comments/1mebs1r/never_dated_before_should_i_admit_that/,n6i9mr5,ServantofMenoth,2,"I've always struggled with socialising mainly because I'm autistic so it's difficult for me to read body language and facial cues. But also I never felt that a woman could be interested in me romantically or physically so I never expressed interest, I always figured that if I knew their answer would be ""no"" (and how could it be anything else) why bother asking and making someone who's done nothing wrong uncomfortable. 

But I do want to find love, and people have told me better late than never. So I'm going to give it a try.",https://reddit.com/r/dating_advice/comments/1mebs1r/_/n6i9mr5/,Managing neurodivergence in dating
171k3lj,"Dating someone with a wandering eye, is this a deal breaker?",dating_advice,313,https://reddit.com/r/dating_advice/comments/171k3lj/dating_someone_with_a_wandering_eye_is_this_a/,k3rvnbi,Melimelo3220,80,"Awwww Sorry to disappoint, your comment did make me laugh tho :)",https://reddit.com/r/dating_advice/comments/171k3lj/_/k3rvnbi/,General / Other
171k3lj,"Dating someone with a wandering eye, is this a deal breaker?",dating_advice,313,https://reddit.com/r/dating_advice/comments/171k3lj/dating_someone_with_a_wandering_eye_is_this_a/,k3s0lya,mr_j936,37,"No it's not normal in guys. Some men do it, my dad does it and I find it disturbing. I(34m) would never do that, regardless of if my SO is with me or not. It's just thirsty and disrespectful.",https://reddit.com/r/dating_advice/comments/171k3lj/_/k3s0lya/,General / Other
171k3lj,"Dating someone with a wandering eye, is this a deal breaker?",dating_advice,313,https://reddit.com/r/dating_advice/comments/171k3lj/dating_someone_with_a_wandering_eye_is_this_a/,k3u0fuq,[deleted],6,As a guy we all want to look but out of respect of who we are with we don’t. It’s pretty rude actually and if a chick was doing similar I’d bail,https://reddit.com/r/dating_advice/comments/171k3lj/_/k3u0fuq/,General / Other
w2bot7,I recently started dating a virgin who has never had a gf. Advice?,dating_advice,309,https://reddit.com/r/dating_advice/comments/w2bot7/i_recently_started_dating_a_virgin_who_has_never/,igpdvie,Zetawilky,124,"Advice? Honestly I think you're handling the whole relationship pretty damn well, as a male if I was in his situation I would want to learn how to do this right, even if this relationship doesn't work put for any reason in the future, you have helped teach him so much that will help build his confidence up and he has opened your eyes to different kind of guy / experience as well.",https://reddit.com/r/dating_advice/comments/w2bot7/_/igpdvie/,Building self-worth
w2bot7,I recently started dating a virgin who has never had a gf. Advice?,dating_advice,309,https://reddit.com/r/dating_advice/comments/w2bot7/i_recently_started_dating_a_virgin_who_has_never/,igpiy8s,isanyoneoutthere791,72,"I’ve just been trying to be sweet to him since I was told he doesn’t have much dating experience. I didn’t know that it was literally 0. However, I’ve really liked not having to play the mind games that most people play these days with dating. Usually if I’m nice like I want to be, I get walked all over. If I’m a stuck up bitch, I get treated better. I don’t like that and I’m getting to old to deal with that. I’d rather be alone that play that.

It’s nice that I can just be nice and myself with him without it causing him to be a dick to me. I plan out fun activities for us to go do and cook fancy snacks at home (I’m a big foodie) for when we’re watching shows. He was open about some tummy troubles he has, which was nice because I opened up to him about a similar issue and made sure he can ",https://reddit.com/r/dating_advice/comments/w2bot7/_/igpiy8s/,General / Other
w2bot7,I recently started dating a virgin who has never had a gf. Advice?,dating_advice,309,https://reddit.com/r/dating_advice/comments/w2bot7/i_recently_started_dating_a_virgin_who_has_never/,igp8aq5,isanyoneoutthere791,39,"We were set up by friends of friends. I was tired of dating and have been really focused on investments and work, but decided to give it a chance. He planned an incredible first date, though. Not sure if we would’ve met organically, but I was more open since I knew people who spoke highly of his character.",https://reddit.com/r/dating_advice/comments/w2bot7/_/igp8aq5/,Learning the mechanics of dating
w2bot7,I recently started dating a virgin who has never had a gf. Advice?,dating_advice,309,https://reddit.com/r/dating_advice/comments/w2bot7/i_recently_started_dating_a_virgin_who_has_never/,igqgugo,isanyoneoutthere791,11,"Thank you!💞 Things are uncertain especially with the career path I’ve chosen, but if both people really want something then they find a way to make it work.",https://reddit.com/r/dating_advice/comments/w2bot7/_/igqgugo/,General / Other
w2bot7,I recently started dating a virgin who has never had a gf. Advice?,dating_advice,309,https://reddit.com/r/dating_advice/comments/w2bot7/i_recently_started_dating_a_virgin_who_has_never/,igpkvc5,isanyoneoutthere791,10,"communication is definitely key. I’m very communicative on my thoughts and feelings and it seems like he is, too. He hasn’t asked anything about my past, which is also really refreshing since I have had a really traumatic life that I don’t like to share with many people. I’m living for the life I’ve created now and he seems more than happy to be a part of just that. 

I’m just trying to show him the ropes now with all the basics and I’ll be patient with him with the bedroom. I did sleep in a t-shirt and thong last night since my sweats got too hot and he didn’t try to touch me at all. Very respectful.",https://reddit.com/r/dating_advice/comments/w2bot7/_/igpkvc5/,Coping with physical loneliness
w2bot7,I recently started dating a virgin who has never had a gf. Advice?,dating_advice,309,https://reddit.com/r/dating_advice/comments/w2bot7/i_recently_started_dating_a_virgin_who_has_never/,igpcam7,isanyoneoutthere791,9,"I think I could definitely teach him the ropes. He is really receptive to feedback. I just don’t want him trying some crazy porno stuff since that never goes perfectly the first time, even for experienced people like myself😂 just want to make sure he’s comfortable and I don’t know the kind of mental process that goes alone with losing your v-card as a guy in their 20s.",https://reddit.com/r/dating_advice/comments/w2bot7/_/igpcam7/,Fear of intimacy after abstinence
w2bot7,I recently started dating a virgin who has never had a gf. Advice?,dating_advice,309,https://reddit.com/r/dating_advice/comments/w2bot7/i_recently_started_dating_a_virgin_who_has_never/,igph8oq,isanyoneoutthere791,9,"Oh dear lord. That is quite the story😂

I once had a guy crack my rib by pressing down on it too hard. That was fun to deal with for several weeks lol.",https://reddit.com/r/dating_advice/comments/w2bot7/_/igph8oq/,General / Other
w2bot7,I recently started dating a virgin who has never had a gf. Advice?,dating_advice,309,https://reddit.com/r/dating_advice/comments/w2bot7/i_recently_started_dating_a_virgin_who_has_never/,igpqfeq,isanyoneoutthere791,9,"Thank you I appreciate that! I usually take his body language as indicators for when he wants to kiss or snuggle. I’ll lead and wait to see if he reciprocates, but I can start asking more directly especially moving forward with more stuff so that he’s comfortable.

I appreciate it! We’ll see where it goes🤗",https://reddit.com/r/dating_advice/comments/w2bot7/_/igpqfeq/,General / Other
w2bot7,I recently started dating a virgin who has never had a gf. Advice?,dating_advice,309,https://reddit.com/r/dating_advice/comments/w2bot7/i_recently_started_dating_a_virgin_who_has_never/,igpdd88,isanyoneoutthere791,8,"Usually the first time I ever sleep with someone, it’s extremely quick. So I’m assuming this will be even faster - if he can perform because not sure if he’ll be too nervous. I’ve never been with a virgin. 

I was thinking for the first time just keeping it sex only with no oral just so I don’t overwhelm him. I’m not sure what experience he has with that. Oh no how did you end up in the hospital?",https://reddit.com/r/dating_advice/comments/w2bot7/_/igpdd88/,Fear of intimacy after abstinence
w2bot7,I recently started dating a virgin who has never had a gf. Advice?,dating_advice,309,https://reddit.com/r/dating_advice/comments/w2bot7/i_recently_started_dating_a_virgin_who_has_never/,igp8qv3,isanyoneoutthere791,8,"He’s slept over 2-3 times now. Again, it’s hard during the week since I work 9-5 and he works nights. He’s a light sleeper and I’m a heavy sleeper (I snore probably since I sleep on my belly). But we haven’t slept without clothes on and usually just make out &amp; cuddle a bit before falling asleep. He has mentioned being open to it but not wanting to pressure me or ever touch me in a way I’m not ok with, which I really appreciate. However after learning that he’s a virgin I’m more concerned with making him comfortable.",https://reddit.com/r/dating_advice/comments/w2bot7/_/igp8qv3/,Coping with physical loneliness
w2bot7,I recently started dating a virgin who has never had a gf. Advice?,dating_advice,309,https://reddit.com/r/dating_advice/comments/w2bot7/i_recently_started_dating_a_virgin_who_has_never/,igs4b0n,Another_Basic_NPC,8,"This is such a blessing to read. I'm a guy (29) and in the same boat as this lad before you came along.  I've had a few good dates but nothing really ever goes past that. I've invited girls over for dinner after a few dates and to watch a movie, but I think most times they think it's a ""netflix and chill"" even if nothing was hinted at, and I was pretty up front about making a pizza and laughing at a movie. I honestly wish I could get the same mutal friend setup, sounds like both of you did well.",https://reddit.com/r/dating_advice/comments/w2bot7/_/igs4b0n/,General / Other
w2bot7,I recently started dating a virgin who has never had a gf. Advice?,dating_advice,309,https://reddit.com/r/dating_advice/comments/w2bot7/i_recently_started_dating_a_virgin_who_has_never/,igq1cmx,isanyoneoutthere791,8,"I’d rather be with someone who is inexperienced but is open to learning and treats me well rather than some douche that is a sex god but an asshole to me lol. My mom always told me that you never marry the best sex of your life. 

Also, hookup culture is toxic as hell so I can respect someone for not getting caught up in that.",https://reddit.com/r/dating_advice/comments/w2bot7/_/igq1cmx/,Breaking the inexperience loop
w2bot7,I recently started dating a virgin who has never had a gf. Advice?,dating_advice,309,https://reddit.com/r/dating_advice/comments/w2bot7/i_recently_started_dating_a_virgin_who_has_never/,igpaqog,isanyoneoutthere791,7,"We had to work up to the first kiss (not sure what his experience was there - he was not good at all). I initiated it because he looked like he wanted to kiss, and then just let him know that I’m okay with him going for it or just asking. Now he does quite frequently. He’s definitely trainable and kept asking how he could improve when I said it could use a little work. 

Of course I will definitely give him encouragement. I know how fickle that can be for normal guys, let alone a virgin. He’s even been open to me about some tummy troubles and I do what I can to make him comfortable in my home with that. 

Maybe I’ll just put it on the table and let him make the call on how/when he wants it to go if I feel like we are heading in that direction one night.",https://reddit.com/r/dating_advice/comments/w2bot7/_/igpaqog/,General / Other
w2bot7,I recently started dating a virgin who has never had a gf. Advice?,dating_advice,309,https://reddit.com/r/dating_advice/comments/w2bot7/i_recently_started_dating_a_virgin_who_has_never/,igq0knc,isanyoneoutthere791,7,"Hmm kissing is honestly hard. I learned from a looot of experience. Now every time I always get told I’m the best kisser people have ever had. 

I guess I’d say be gentle and slow with it. Some people try moving really quickly and tense up their mouth in the process. Just go super slow. Start off with just lips but slightly open mouth without tongue. Then when both are comfortable with that,  then you can try implementing tongue but don’t use the muscles too much to make them flexed and hard. As weird as it sounds, but kind of interact it with her tongue softly and slowly kind of like licking an ice cream cone that’s already soft and melted. 


Also going softly and slowly assures there is no teeth hitting (the worst). If I don’t like how someone is kissing, I sometimes will kind of give t",https://reddit.com/r/dating_advice/comments/w2bot7/_/igq0knc/,Fear of intimacy after abstinence
w2bot7,I recently started dating a virgin who has never had a gf. Advice?,dating_advice,309,https://reddit.com/r/dating_advice/comments/w2bot7/i_recently_started_dating_a_virgin_who_has_never/,igqil9y,isanyoneoutthere791,6,"Slow is definitely key. We talk a lot while he’s working so I’m already feeling like the distance won’t be much of an issue. We both work a ton as is. I’m definitely the more hyper-sexual type, but I’ve been restricting myself out of respect for him so that he can get comfortable. It feels like I’m getting to experiment with a clean slate and teach him a lot of new things. I was really done with dating for a while and happy alone until our mutual friends set us up. I had been on plenty of dates that really didn’t seem worth my energy. He was different, so we’ll see what happens. Definitely need to do experimentation to see what he likes.",https://reddit.com/r/dating_advice/comments/w2bot7/_/igqil9y/,General / Other
w2bot7,I recently started dating a virgin who has never had a gf. Advice?,dating_advice,309,https://reddit.com/r/dating_advice/comments/w2bot7/i_recently_started_dating_a_virgin_who_has_never/,igptoic,isanyoneoutthere791,5,Yes you’re totally right. I think he doesn’t try to initiate anything because he’s very big on consent and asking if I’m okay with things. He’s just recently started asking for kisses when he wants them so he’s starting to get it a little bit. I just want him to be totally comfortable and realize that it’s okay to touch me or initiate things because he has my consent and isn’t some douche that would try to hurt me while I’m sleeping or be aggressive or anything. I think he’s just inexperienced and also nervous about crossing a boundary.,https://reddit.com/r/dating_advice/comments/w2bot7/_/igptoic/,Breaking the inexperience loop
w2bot7,I recently started dating a virgin who has never had a gf. Advice?,dating_advice,309,https://reddit.com/r/dating_advice/comments/w2bot7/i_recently_started_dating_a_virgin_who_has_never/,igpw8r6,isanyoneoutthere791,5,"I have definitely made some moves on him. I’ll see him try to put his arm around me or something out of the corner of my eye and then get nervous and pull away or do it hesitantly, so I’ll snuggle up to reassure him. I think he’s getting more confident with that. 

I definitely think he’d be respectful if he did accidentally cross a boundary. I’d also be understanding since he has no experience. I will let him know that💞",https://reddit.com/r/dating_advice/comments/w2bot7/_/igpw8r6/,Breaking the inexperience loop
w2bot7,I recently started dating a virgin who has never had a gf. Advice?,dating_advice,309,https://reddit.com/r/dating_advice/comments/w2bot7/i_recently_started_dating_a_virgin_who_has_never/,igpk6hc,isanyoneoutthere791,5,"Looks are a double edged sword. I love the way I look and am very confident, but I can’t avoid being harassed on a daily basis - work, restaurants, etc. I dress nicely and doll up every morning, but that’s for me. 

I’m just going to see where it goes! I try not to get excited about dating or relationships anymore since I’ve had really bad experiences. Don’t want to get too invested and then it takes a toll on my mental state and affects my work &amp; goals when something goes wrong. Just going with the flow. I’ve recently realized that I’ve never had a normal relationship that didn’t involve some sort of regular basis physical abuse, financial abuse (not being allowed to work or them being an exec), cheating (every damn time), and/or substance abuse. They all sounded and looked like great",https://reddit.com/r/dating_advice/comments/w2bot7/_/igpk6hc/,General / Other
w2bot7,I recently started dating a virgin who has never had a gf. Advice?,dating_advice,309,https://reddit.com/r/dating_advice/comments/w2bot7/i_recently_started_dating_a_virgin_who_has_never/,igpxa53,isanyoneoutthere791,4,"Of course! He’s been so sweet, a gentleman, prioritizing me, and putting forth effort despite him working 12+ hour shifts. He deserves a chance.",https://reddit.com/r/dating_advice/comments/w2bot7/_/igpxa53/,General / Other
w2bot7,I recently started dating a virgin who has never had a gf. Advice?,dating_advice,309,https://reddit.com/r/dating_advice/comments/w2bot7/i_recently_started_dating_a_virgin_who_has_never/,igq1iqt,isanyoneoutthere791,3,Yeah I definitely need to teach him that it’s perfectly okay for him to do those things. I will be more vocal about it and show him🤗,https://reddit.com/r/dating_advice/comments/w2bot7/_/igq1iqt/,General / Other
w2bot7,I recently started dating a virgin who has never had a gf. Advice?,dating_advice,309,https://reddit.com/r/dating_advice/comments/w2bot7/i_recently_started_dating_a_virgin_who_has_never/,igrhgd2,isanyoneoutthere791,3,"we get a lot of looks when we’re out and about but we’ll see. I don’t really get impacted by other people’s opinions, but I’ll keep in mind that he may be different with that.",https://reddit.com/r/dating_advice/comments/w2bot7/_/igrhgd2/,General / Other
w2bot7,I recently started dating a virgin who has never had a gf. Advice?,dating_advice,309,https://reddit.com/r/dating_advice/comments/w2bot7/i_recently_started_dating_a_virgin_who_has_never/,igpvi8c,isanyoneoutthere791,3,"He’s much more respectful than any other guy I’ve ever been out with. I think it’s a combination of being inexperienced and trying to be respectful. He comes from a really good well rounded family. He always brings up the fact that he has a sister, so he wants to make sure I’m comfortable (I know shitty guys sometimes have sisters too, but you get the point). I’d rather deal with someone I have to teach but they respect me than someone who knows all the good tricks but is an ass.",https://reddit.com/r/dating_advice/comments/w2bot7/_/igpvi8c/,Breaking the inexperience loop
w2bot7,I recently started dating a virgin who has never had a gf. Advice?,dating_advice,309,https://reddit.com/r/dating_advice/comments/w2bot7/i_recently_started_dating_a_virgin_who_has_never/,igqjfjw,isanyoneoutthere791,3,"I’ve lightly hinted at religious stuff before in conversation to see what response I would get, and he didn’t engage much with the topic so I don’t think religion is a factor here. He has previously asked about sex subtlety and seemed relieved when I said I’d like to get to an established point before doing that. He said it’s a lot of pressure for a guy. I think I may use that line when he comes over this weekend. I’ll definitely be patient and sweet if he finishes too fast or nerves get the best of him. I was sweet and not critical about the kissing, and have tried to give a lot of different physical touch that he’s really liked (neck kissing, back scratches with my acrylics, etc). My giggly &amp; bubbly persona will definitely help. It will be more about him at first because I know this ",https://reddit.com/r/dating_advice/comments/w2bot7/_/igqjfjw/,Getting over approach anxiety
1k9e3r9,"a dude confessed to my girl, i dont know what my reaction to this should be and what i should be telling her",dating_advice,296,https://reddit.com/r/dating_advice/comments/1k9e3r9/a_dude_confessed_to_my_girl_i_dont_know_what_my/,mpfq0sn,Swablu9114,35,i didnt even think about it like this. thanks.,https://reddit.com/r/dating_advice/comments/1k9e3r9/_/mpfq0sn/,General / Other
1k9e3r9,"a dude confessed to my girl, i dont know what my reaction to this should be and what i should be telling her",dating_advice,296,https://reddit.com/r/dating_advice/comments/1k9e3r9/a_dude_confessed_to_my_girl_i_dont_know_what_my/,mpfptfu,Swablu9114,17,"whenever i tell her something, she doesnt just immediately except it. even in this case, i dont mind telling her that still hanging out with him and not cutting him off is unacceptable to me, but she would for sure ask me why is that, and what it makes me ""feel"". and i dont know what an appropriate answer to that would be other than saying its just very uncomfortable to me. can you put what i might be feeling into words?",https://reddit.com/r/dating_advice/comments/1k9e3r9/_/mpfptfu/,General / Other
1k9e3r9,"a dude confessed to my girl, i dont know what my reaction to this should be and what i should be telling her",dating_advice,296,https://reddit.com/r/dating_advice/comments/1k9e3r9/a_dude_confessed_to_my_girl_i_dont_know_what_my/,mpfr45i,Swablu9114,11,thanks. i do get very insecure sometimes. and i do have trust issues as well. but thanks for saying this.,https://reddit.com/r/dating_advice/comments/1k9e3r9/_/mpfr45i/,General / Other
1k9e3r9,"a dude confessed to my girl, i dont know what my reaction to this should be and what i should be telling her",dating_advice,296,https://reddit.com/r/dating_advice/comments/1k9e3r9/a_dude_confessed_to_my_girl_i_dont_know_what_my/,mpfqsyf,Swablu9114,7,"its just that everytime i tell her, ""as your boyfriend, i dont like you doing xyz. its ofcourse your decesion to do whatever you want, but i just dont confirm to you doing this"". she always asks me what does her doing that certain thing make me feel. and i dont usually have a good answer other that saying it just feels bad or uncomfortable.",https://reddit.com/r/dating_advice/comments/1k9e3r9/_/mpfqsyf/,General / Other
1k9e3r9,"a dude confessed to my girl, i dont know what my reaction to this should be and what i should be telling her",dating_advice,296,https://reddit.com/r/dating_advice/comments/1k9e3r9/a_dude_confessed_to_my_girl_i_dont_know_what_my/,mpfrieu,Swablu9114,7,"about a month for the finals to be done. and its not that he'll be gone forever, post vacations we'll all be back here. also i know both of them are pretty active on chat, and he does live in the same city as her, and has tried to invite her to hang out before. so i want her to know my expectations as soon as possible. but i just dont know how to frame them and make her understand",https://reddit.com/r/dating_advice/comments/1k9e3r9/_/mpfrieu/,General / Other
1k9e3r9,"a dude confessed to my girl, i dont know what my reaction to this should be and what i should be telling her",dating_advice,296,https://reddit.com/r/dating_advice/comments/1k9e3r9/a_dude_confessed_to_my_girl_i_dont_know_what_my/,mpezid4,KingKong-BingBong,7,If it was the other way around and a girl was after you like this how would you handle it? I know how I’ve handled this in the past and I distanced myself without my wife ever needing to say anything. I’m gonna assume you would do the same as I did and the fact that your girlfriend didn’t decide to cut him out of her life is already past the beginning of the end of your relationship. But give her a couple of days to come to this conclusion on her own and if she doesn’t then tell her you need to give her some space so she can decide what she wants because her not cutting this guy out of her life especially since he admitted he manipulated her and tried and succeeded in making distance between you and her is a big slap in the face to you. Then you take that time to adjust to life without her,https://reddit.com/r/dating_advice/comments/1k9e3r9/_/mpezid4/,General / Other
1mx3vri,Some honest feedback for women's dating profiles from a guy's perspective,dating_advice,290,https://reddit.com/r/dating_advice/comments/1mx3vri/some_honest_feedback_for_womens_dating_profiles/,na4adit,Icy_List961,4,"a lot of women have blank profiles.

it seems pretty stupid as a guy to do that though.  a lot of us look the same lol, gotta stick out somehow.",https://reddit.com/r/dating_advice/comments/1mx3vri/_/na4adit/,General / Other
1mx3vri,Some honest feedback for women's dating profiles from a guy's perspective,dating_advice,290,https://reddit.com/r/dating_advice/comments/1mx3vri/some_honest_feedback_for_womens_dating_profiles/,nqxq4er,Downtown-Process-767,1,"One thing I realized when I was optimizing my own profile - it's really hard to see yourself objectively. I ended up using tools like 10XSwipe and Photofeeler to get unbiased feedback, and my match quality improved a lot once I fixed the stuff I couldn't see myself.",https://reddit.com/r/dating_advice/comments/1mx3vri/_/nqxq4er/,Dating app fatigue
14t1wwu,I can't get a single date. Why is so hard even after figuring out everything in life?,dating_advice,280,https://reddit.com/r/dating_advice/comments/14t1wwu/i_cant_get_a_single_date_why_is_so_hard_even/,jr07bzx,elon_fusk,43,It crushes my self-esteem when they show disinterest from the very first moment before I even open my mouth. I usually get cold answers and walk away,https://reddit.com/r/dating_advice/comments/14t1wwu/_/jr07bzx/,Building self-worth
14t1wwu,I can't get a single date. Why is so hard even after figuring out everything in life?,dating_advice,280,https://reddit.com/r/dating_advice/comments/14t1wwu/i_cant_get_a_single_date_why_is_so_hard_even/,jr0eqva,[deleted],33,"1. you're 24, lots of life ahead for you
2. there are so many factors in what determines who dates who, when. Sounds like you're in a major city - I'm in Boston, 37M, and have never experienced anything like some of the stuff I read about on here. I don't let it get to me, I'll find my person when I do.

2a. Some places are just less friendly than others. Here in Boston, everyone is insanely busy focusing on their careers, and we're also not the friendliest/most approachable people to begin with.

2b. This is Reddit. People embellish / lie for karma / validation / bc they're psychopaths all the time. If it sounds too good to be true...

2c, and the most important. if what you're seeing on here is starting to impact your mental health / wellbeing IRL, you should consider stepping back for a",https://reddit.com/r/dating_advice/comments/14t1wwu/_/jr0eqva/,Getting over approach anxiety
14t1wwu,I can't get a single date. Why is so hard even after figuring out everything in life?,dating_advice,280,https://reddit.com/r/dating_advice/comments/14t1wwu/i_cant_get_a_single_date_why_is_so_hard_even/,jr04e7l,elon_fusk,20,I'm trying to gain weight but it's not easy due to my genetics. I'm also short and balding but can't do anything about it. I get rejected in the very first barrier of looks. Don't have issues once people are interested in talking.,https://reddit.com/r/dating_advice/comments/14t1wwu/_/jr04e7l/,Understanding rejection
14t1wwu,I can't get a single date. Why is so hard even after figuring out everything in life?,dating_advice,280,https://reddit.com/r/dating_advice/comments/14t1wwu/i_cant_get_a_single_date_why_is_so_hard_even/,jr096sx,elon_fusk,12,They don't maintain eye contact. Give cold responses and don't ask any questions about me. After a while make some excuse of moving away. Am I reading it the wrong way?,https://reddit.com/r/dating_advice/comments/14t1wwu/_/jr096sx/,General / Other
14t1wwu,I can't get a single date. Why is so hard even after figuring out everything in life?,dating_advice,280,https://reddit.com/r/dating_advice/comments/14t1wwu/i_cant_get_a_single_date_why_is_so_hard_even/,jr0hajz,elon_fusk,10,I'm in the same situation. People are super busy and not friendly,https://reddit.com/r/dating_advice/comments/14t1wwu/_/jr0hajz/,General / Other
14t1wwu,I can't get a single date. Why is so hard even after figuring out everything in life?,dating_advice,280,https://reddit.com/r/dating_advice/comments/14t1wwu/i_cant_get_a_single_date_why_is_so_hard_even/,jr091lf,elon_fusk,10,"No, but if they were interested they'd at least show some signs. If they don't even make eye contact, why would I approach them?",https://reddit.com/r/dating_advice/comments/14t1wwu/_/jr091lf/,Getting over approach anxiety
14t1wwu,I can't get a single date. Why is so hard even after figuring out everything in life?,dating_advice,280,https://reddit.com/r/dating_advice/comments/14t1wwu/i_cant_get_a_single_date_why_is_so_hard_even/,jr1559y,elon_fusk,9,My head isn't in a shape favorable to a bald head. I don't think I'll look good bald. As my height is also short I'll look like a kid.,https://reddit.com/r/dating_advice/comments/14t1wwu/_/jr1559y/,General / Other
14t1wwu,I can't get a single date. Why is so hard even after figuring out everything in life?,dating_advice,280,https://reddit.com/r/dating_advice/comments/14t1wwu/i_cant_get_a_single_date_why_is_so_hard_even/,jr0i07f,elon_fusk,8,Thanks for the motivation 😊,https://reddit.com/r/dating_advice/comments/14t1wwu/_/jr0i07f/,General / Other
14t1wwu,I can't get a single date. Why is so hard even after figuring out everything in life?,dating_advice,280,https://reddit.com/r/dating_advice/comments/14t1wwu/i_cant_get_a_single_date_why_is_so_hard_even/,jr0ocll,elon_fusk,8,"I see, will try to make some changes",https://reddit.com/r/dating_advice/comments/14t1wwu/_/jr0ocll/,General / Other
14t1wwu,I can't get a single date. Why is so hard even after figuring out everything in life?,dating_advice,280,https://reddit.com/r/dating_advice/comments/14t1wwu/i_cant_get_a_single_date_why_is_so_hard_even/,jr0hbsd,elon_fusk,7,How do I look interesting,https://reddit.com/r/dating_advice/comments/14t1wwu/_/jr0hbsd/,General / Other
14t1wwu,I can't get a single date. Why is so hard even after figuring out everything in life?,dating_advice,280,https://reddit.com/r/dating_advice/comments/14t1wwu/i_cant_get_a_single_date_why_is_so_hard_even/,jr13avr,elon_fusk,5,My friends don't have any female friends. They're just like me,https://reddit.com/r/dating_advice/comments/14t1wwu/_/jr13avr/,General / Other
14t1wwu,I can't get a single date. Why is so hard even after figuring out everything in life?,dating_advice,280,https://reddit.com/r/dating_advice/comments/14t1wwu/i_cant_get_a_single_date_why_is_so_hard_even/,jr0hue1,elon_fusk,5,"Recreating the profile already got me Shadow banned, it's a lost cause now",https://reddit.com/r/dating_advice/comments/14t1wwu/_/jr0hue1/,General / Other
14t1wwu,I can't get a single date. Why is so hard even after figuring out everything in life?,dating_advice,280,https://reddit.com/r/dating_advice/comments/14t1wwu/i_cant_get_a_single_date_why_is_so_hard_even/,jr6vrsq,elon_fusk,4,I'm intelligent and passionate too. But where do I meet women who're interested in knowing me?,https://reddit.com/r/dating_advice/comments/14t1wwu/_/jr6vrsq/,General / Other
14t1wwu,I can't get a single date. Why is so hard even after figuring out everything in life?,dating_advice,280,https://reddit.com/r/dating_advice/comments/14t1wwu/i_cant_get_a_single_date_why_is_so_hard_even/,jr0b0tn,elon_fusk,4,Yeah and it's the hardest part,https://reddit.com/r/dating_advice/comments/14t1wwu/_/jr0b0tn/,General / Other
14t1wwu,I can't get a single date. Why is so hard even after figuring out everything in life?,dating_advice,280,https://reddit.com/r/dating_advice/comments/14t1wwu/i_cant_get_a_single_date_why_is_so_hard_even/,jr15uuw,elon_fusk,3,I enjoyed reading your insight. I wish more women would be like you. I give everyone a chance as I know how it feels being ignored by most people.,https://reddit.com/r/dating_advice/comments/14t1wwu/_/jr15uuw/,General / Other
14t1wwu,I can't get a single date. Why is so hard even after figuring out everything in life?,dating_advice,280,https://reddit.com/r/dating_advice/comments/14t1wwu/i_cant_get_a_single_date_why_is_so_hard_even/,jr0igak,modidlee,3,"I don't know. Be unique. Have your own personal style and vibe. As a man when I look at most guys when I'm out I'd say they don't really stand out. They dress the same, have the same hairstyles, talk about the same stuff, etc. Be different. All the women I've ever dated have told me ""you're different. I think you're interesting."" Ever notice how guys who you might think look ""weird"" or ""quirky"" never have an issue attracting women?",https://reddit.com/r/dating_advice/comments/14t1wwu/_/jr0igak/,General / Other
14t1wwu,I can't get a single date. Why is so hard even after figuring out everything in life?,dating_advice,280,https://reddit.com/r/dating_advice/comments/14t1wwu/i_cant_get_a_single_date_why_is_so_hard_even/,jr0o4gu,elon_fusk,3,I've just recently started doing this. I don't think about approaching women anymore. Just focus on building a routine,https://reddit.com/r/dating_advice/comments/14t1wwu/_/jr0o4gu/,Getting over approach anxiety
14t1wwu,I can't get a single date. Why is so hard even after figuring out everything in life?,dating_advice,280,https://reddit.com/r/dating_advice/comments/14t1wwu/i_cant_get_a_single_date_why_is_so_hard_even/,jr073m1,elon_fusk,3,When I initiate the conversation they are not usually interested in talking from the very first moment. They give cold answers.,https://reddit.com/r/dating_advice/comments/14t1wwu/_/jr073m1/,General / Other
14t1wwu,I can't get a single date. Why is so hard even after figuring out everything in life?,dating_advice,280,https://reddit.com/r/dating_advice/comments/14t1wwu/i_cant_get_a_single_date_why_is_so_hard_even/,jr0h1n2,elon_fusk,3,I've extensively tried Meetup. I do go to the gym. Clothing and grooming is fine.,https://reddit.com/r/dating_advice/comments/14t1wwu/_/jr0h1n2/,General / Other
14t1wwu,I can't get a single date. Why is so hard even after figuring out everything in life?,dating_advice,280,https://reddit.com/r/dating_advice/comments/14t1wwu/i_cant_get_a_single_date_why_is_so_hard_even/,jr0nvyf,elon_fusk,3,I'm in UK,https://reddit.com/r/dating_advice/comments/14t1wwu/_/jr0nvyf/,General / Other
ingqjz,Just because you don't have someone doesn't mean you are ugly.,dating_advice,269,https://reddit.com/r/dating_advice/comments/ingqjz/just_because_you_dont_have_someone_doesnt_mean/,g48aalb,grant5512,5,I think its that they are willing to say something,https://reddit.com/r/dating_advice/comments/ingqjz/_/g48aalb/,General / Other
ingqjz,Just because you don't have someone doesn't mean you are ugly.,dating_advice,269,https://reddit.com/r/dating_advice/comments/ingqjz/just_because_you_dont_have_someone_doesnt_mean/,g488t26,grant5512,5,"My Grandmother told me that and  i replied ""F*** shes probably on china""",https://reddit.com/r/dating_advice/comments/ingqjz/_/g488t26/,General / Other
ingqjz,Just because you don't have someone doesn't mean you are ugly.,dating_advice,269,https://reddit.com/r/dating_advice/comments/ingqjz/just_because_you_dont_have_someone_doesnt_mean/,g484vtu,aChocolateFireGuard,3,"It sucks. I broke up with my last girlfriend in 2016, I haven't had one since. This year, I got the balls to ask out a girl, she said she was seeing someone, shes really nice to me and always talks to me for like 15-20 mins. last week, she said my beard was cute. After hovering over the send button for like half an hour, I text her to ask if she was still seeing someone and she never replied. Now I just feel humiliated that I even attempted it, and really bad that I mistook her kindness for interest, and now i'm worried things will just be super awkward.

Last year, I asked a girl out in person and she didn't even say no, she just left the room... as I stood there totally humiliated with my head in my hands I hear someone say ""what are you doing?"" I look through my fingers and shes come ba",https://reddit.com/r/dating_advice/comments/ingqjz/_/g484vtu/,Starting over after loss
ingqjz,Just because you don't have someone doesn't mean you are ugly.,dating_advice,269,https://reddit.com/r/dating_advice/comments/ingqjz/just_because_you_dont_have_someone_doesnt_mean/,g48a7mt,grant5512,3,Who could say no to that sexy bear,https://reddit.com/r/dating_advice/comments/ingqjz/_/g48a7mt/,General / Other
ingqjz,Just because you don't have someone doesn't mean you are ugly.,dating_advice,269,https://reddit.com/r/dating_advice/comments/ingqjz/just_because_you_dont_have_someone_doesnt_mean/,g4899l3,grant5512,3,Sometimes. Right now with the pandemic it isn't the best time to be out there. I do work but my circle has shrunk(a good thing for the circumstases). I did go swing dancing but had to stop when covid hit. I don't really go to bars either.,https://reddit.com/r/dating_advice/comments/ingqjz/_/g4899l3/,General / Other
1oi5s9l,I swear dating in 2025 is not for the weak😕,dating_advice,266,https://reddit.com/r/dating_advice/comments/1oi5s9l/i_swear_dating_in_2025_is_not_for_the_weak/,nlt4em0,smoove_97,14,"Shid happen. I'm in this mess and I'm kinda attached cause of the sex, obviously but the other  part of me feels like everything happened too damn fast",https://reddit.com/r/dating_advice/comments/1oi5s9l/_/nlt4em0/,Coping with physical loneliness
1oi5s9l,I swear dating in 2025 is not for the weak😕,dating_advice,266,https://reddit.com/r/dating_advice/comments/1oi5s9l/i_swear_dating_in_2025_is_not_for_the_weak/,nlt3v0s,smoove_97,7,"Man, you're right cause everything happened too damn fast. While I was ready for a serious relationship, I wasn't planning on sleeping with someone in a week or 2, paying their rent and all that.  It's like I'm stuck cause of the sex but deep down I feel like she's using it to keep me attached tho she seems like a genuine person. I'm just confused man, I don't know what to do in this situation cause relationships have no specific formula to finding the right person. You could go on dates for months with the wrong person or you might sleep with the right person on your first date. It's just complicated and weird at the same time",https://reddit.com/r/dating_advice/comments/1oi5s9l/_/nlt3v0s/,Learning the mechanics of dating
1oi5s9l,I swear dating in 2025 is not for the weak😕,dating_advice,266,https://reddit.com/r/dating_advice/comments/1oi5s9l/i_swear_dating_in_2025_is_not_for_the_weak/,nlu49fv,smoove_97,6,"Actually that's the plan. I was like, since I've already paid the rent then let me enjoy the sex and free home cooked meals and just consciously watch wherever tf this goes. At the end of the month, I will try to talk to her about not being able to pay for the next month and just watch how she will handle that. I think that will expose her true character. If she pays it all and still keeps the communication and everything just like it was then maybe she's a keeper. Just saying y'all smh",https://reddit.com/r/dating_advice/comments/1oi5s9l/_/nlu49fv/,General / Other
1oi5s9l,I swear dating in 2025 is not for the weak😕,dating_advice,266,https://reddit.com/r/dating_advice/comments/1oi5s9l/i_swear_dating_in_2025_is_not_for_the_weak/,nlu2nje,smoove_97,4,"But she didn't cheat in this case. If her story is true then it's true that she's been in a toxic relationship and Maybe that's why she opened up for dating to find someone who could help her out of this situation and in this case, I'm that person. I feel used but also, everything feels like she's genuine. So I'm just stuck at keeping her or just letting this whole thing go",https://reddit.com/r/dating_advice/comments/1oi5s9l/_/nlu2nje/,General / Other
1oi5s9l,I swear dating in 2025 is not for the weak😕,dating_advice,266,https://reddit.com/r/dating_advice/comments/1oi5s9l/i_swear_dating_in_2025_is_not_for_the_weak/,nlt2uh5,smoove_97,3,"Yeah, I felt like it would be great since I don't celebrate birthdays myself so her showing up was kinda cool",https://reddit.com/r/dating_advice/comments/1oi5s9l/_/nlt2uh5/,General / Other
19742rr,"Seeing my ex for the first time in 14 years, and a lot has changed.",dating_advice,251,https://reddit.com/r/dating_advice/comments/19742rr/seeing_my_ex_for_the_first_time_in_14_years_and_a/,ki01qu6,Slight_Day_8888,4,"To be fair, we are not talking about me being a jerk all the time. We are talking about me losing my temper during an argument and calling him an “a-hole” or something. We had a lot of problems that last year, we both needed a lot of support. I watched him lose his dream job and he struggled to restart his life or find meaning to anything. It really got to me because I tried to push him to realize that life wasn’t over and he was once so passionate about life, it changed how he viewed himself. Then we’d have a fight and I’d slam a door and call him an “a-hole” or something. It sounds really immature, because it was. We were 21, both in our first real relationship. As I mentioned I also had surgery during that time and required a lot of help. The arguing remained while our romantic life wen",https://reddit.com/r/dating_advice/comments/19742rr/_/ki01qu6/,General / Other
19742rr,"Seeing my ex for the first time in 14 years, and a lot has changed.",dating_advice,251,https://reddit.com/r/dating_advice/comments/19742rr/seeing_my_ex_for_the_first_time_in_14_years_and_a/,ki08g9w,Slight_Day_8888,4,"I will definitely follow up. The rehearsal and rehearsal dinner is Friday. The wedding is Saturday. It’s a long travel, we are all set up for rooms at a hotel very close to the venue.",https://reddit.com/r/dating_advice/comments/19742rr/_/ki08g9w/,General / Other
19742rr,"Seeing my ex for the first time in 14 years, and a lot has changed.",dating_advice,251,https://reddit.com/r/dating_advice/comments/19742rr/seeing_my_ex_for_the_first_time_in_14_years_and_a/,ki02ait,Slight_Day_8888,3,Thank you! Yes the bride is the one feeding me information. She’s actually really excited to have us both in the same place.,https://reddit.com/r/dating_advice/comments/19742rr/_/ki02ait/,General / Other
19742rr,"Seeing my ex for the first time in 14 years, and a lot has changed.",dating_advice,251,https://reddit.com/r/dating_advice/comments/19742rr/seeing_my_ex_for_the_first_time_in_14_years_and_a/,kip2xf0,Slight_Day_8888,3,"First update hopefully more later…
Tonight was the rehearsal, and rehearsal dinner.  so I got there early which is very common for me. He was also there early. He actually walked right up to me and greeted me, extended out his arm to give me a side hug and I gave him a side hug. Which at first was a little disappointing, I thought. He asked me how I had been, and commented on how long my hair had gotten. We exchanged pleasantries, and I told him it was really good to see him. That was pretty much it for rehearsal. However, at rehearsal dinner it really surprised me when he sat next to me. I’m not reading too much into this, but we did talk a lot during dinner. Not about any of the old stuff, just kind of what we’ve been doing now. He has a new career and seems to be really happy doing it. ",https://reddit.com/r/dating_advice/comments/19742rr/_/kip2xf0/,Coping with physical loneliness
19742rr,"Seeing my ex for the first time in 14 years, and a lot has changed.",dating_advice,251,https://reddit.com/r/dating_advice/comments/19742rr/seeing_my_ex_for_the_first_time_in_14_years_and_a/,kjg5rxv,Slight_Day_8888,3,"Last update, the wedding was amazing… and we have a dinner date this Friday. Thanks for all the comments and support!",https://reddit.com/r/dating_advice/comments/19742rr/_/kjg5rxv/,General / Other
19742rr,"Seeing my ex for the first time in 14 years, and a lot has changed.",dating_advice,251,https://reddit.com/r/dating_advice/comments/19742rr/seeing_my_ex_for_the_first_time_in_14_years_and_a/,ki0txzi,Slight_Day_8888,3,"It’s fine. That comment didn’t even phase me. Firstly, because saying that neither of us had children or got married does not mean I couldn’t have if I wanted to. I have never wanted biological children. My worth isn’t related to my ability to reproduce, period, but especially in an overpopulated world. Secondly, the 2 men I dated since him were wonderful people, but being wonderful people doesn’t mean we had similar goals and ambitions, thus it didn’t work out. Lastly, this person referring to be as “used up” is comical. He knows nothing of my failed relationships. I took 6 years for me while going through school where I wouldn’t have dated for any reason, my focus was my success, which is not associated with my willingness to have a relationship.",https://reddit.com/r/dating_advice/comments/19742rr/_/ki0txzi/,General / Other
7x4dmp,"Girls, can I just cut the bullshit and ask you out on a date? (21M)",dating_advice,249,https://reddit.com/r/dating_advice/comments/7x4dmp/girls_can_i_just_cut_the_bullshit_and_ask_you_out/,du5dw6i,WillieJMR,261,"Guy here FYI, but here's what I'd say.  All girls are different, and you actually seem to have a fairly healthy understanding and mindset of that.  Personally, I don't treat getting a number vs. asking a girl out as mutually exclusive.  If I ask for a number, my intent is to ask a girl out, and I am EXPLICIT when I ask for it.  Literally every time, I'll just be like 'hey would you want to go out sometime?'  If it's a yes, then I ask for her number.  I know guys who ask for snap instead, but I'm not a fan of that and to be honest I don't think most girls are either.  Within a day, I'd shoot her a text letting her know who it is, maybe some small talk for a little bit, and then ask her if she wants to go out this weekend.  There's no point in wasting time.",https://reddit.com/r/dating_advice/comments/7x4dmp/_/du5dw6i/,Getting over approach anxiety
7x4dmp,"Girls, can I just cut the bullshit and ask you out on a date? (21M)",dating_advice,249,https://reddit.com/r/dating_advice/comments/7x4dmp/girls_can_i_just_cut_the_bullshit_and_ask_you_out/,du5pchk,fuhrershanks,51,"Male here.
I feel you on that %100. I'm 21, and i've tried dating a girl who is in college. But they all seem to have this ""young wild and free"" shit goin on. Not that i'm against it, i've just always thought women were the ones who wanted to settle down first before guys?

I now have a girlfriend of 2months. I met her on Tinder, texted a bit, went on four dates after that, and we like each other a lot. She wants a real relationship and so do I.

But I had to go through so, so sosososososososo much bullshit of filrting with other girls to get here.

Brother, in my opinion, it's all luck, and timing.",https://reddit.com/r/dating_advice/comments/7x4dmp/_/du5pchk/,Finding where to meet women
7x4dmp,"Girls, can I just cut the bullshit and ask you out on a date? (21M)",dating_advice,249,https://reddit.com/r/dating_advice/comments/7x4dmp/girls_can_i_just_cut_the_bullshit_and_ask_you_out/,ducmpa3,[deleted],2,"Thank you thank you thank you. Guy here, there is nothing sexier than a woman who has the guts to make the first move. In any situation that is. Go you :)",https://reddit.com/r/dating_advice/comments/7x4dmp/_/ducmpa3/,General / Other
7x4dmp,"Girls, can I just cut the bullshit and ask you out on a date? (21M)",dating_advice,249,https://reddit.com/r/dating_advice/comments/7x4dmp/girls_can_i_just_cut_the_bullshit_and_ask_you_out/,du5ush3,spikesolo,2,As a guy I've used this before and I'm not even swimming in girls. It's just a mutual understanding these days,https://reddit.com/r/dating_advice/comments/7x4dmp/_/du5ush3/,General / Other
87gdkz,I [M45] regret never dating/marrying so badly,dating_advice,247,https://reddit.com/r/dating_advice/comments/87gdkz/i_m45_regret_never_datingmarrying_so_badly/,dwd51h7,[deleted],114,"I rarely reply to posts like this because I don't really feel like I have much to offer in the realm of dating advice, but I feel like I can relate to you in some ways. For years, I was basically going about dating in completely the wrong way. On my 30th birthday, I laid alone in my bed thinking my time was up. I had never had a girlfriend, despite what I thought were several attempts to pursue women that ultimately ended up as friendships rather than relationships. It was my time, I thought, to step aside and let somebody younger and more attractive (from a dating prospective) do what I had always wanted (but failed) to do. I was haunted by depression because of it. My own doubts turned into a bit of a self-fulfilling prophecy. By 33, I wondered who would want to date somebody who had nev",https://reddit.com/r/dating_advice/comments/87gdkz/_/dwd51h7/,Breaking the inexperience loop
87gdkz,I [M45] regret never dating/marrying so badly,dating_advice,247,https://reddit.com/r/dating_advice/comments/87gdkz/i_m45_regret_never_datingmarrying_so_badly/,dwdjyp6,CrazyMike366,1,"In addition to what everyone is saying about getting your confidence up and dating in mid to later life being increasingly common, if becoming a father is truly something you consider to be a life goal, you absolutely have the option to adopt, foster, or volunteer as a mentor. Don’t let anyone tell you that you aren’t capable of raising and loving a child as a single father, regardless of whether or not the kid is biologically your own.",https://reddit.com/r/dating_advice/comments/87gdkz/_/dwdjyp6/,Building self-worth
87gdkz,I [M45] regret never dating/marrying so badly,dating_advice,247,https://reddit.com/r/dating_advice/comments/87gdkz/i_m45_regret_never_datingmarrying_so_badly/,dwdyu0a,rekreid,1,"It is not to late to be a dad or to fall in love and get married. I know so many people who got married late in life, started dating late in life, or had kids late in life. 

If kids are your priority look into adoption. It's harder as a single dad, but it is 100% possible if you are committed. If sex, dating, or marriage is your priority start trying. Tinder or similar apps are a good bet for easy, no strings attached sex. Dating sites are great for (obviously) dating and serious partners. Especially on dating sites, you can easily say what you want and if you are looking for marriage  and kids soon. 


The important thing is that you *need* to put in a serious effort now. Sitting by idly will get you know where, will not make a potential partner notice you, and will just feed you ""this w",https://reddit.com/r/dating_advice/comments/87gdkz/_/dwdyu0a/,Coping with physical loneliness
87gdkz,I [M45] regret never dating/marrying so badly,dating_advice,247,https://reddit.com/r/dating_advice/comments/87gdkz/i_m45_regret_never_datingmarrying_so_badly/,dwemib9,the_shawness,1,"I ""know"" someone (from another site we've never met)  that did this and he is, more than likely, at least 55 yo. I would like to suggest you give your ""home team"", wherever that is, a try first . You really do have time for the ""sex-pat"" option,  and it may be better, in the end,  not to choose someone who wants a visa/citizenship/whatever. The guy online seemed happy, but he got married and had a child really quickly, and it's not over. 

Looks rarely an issue for  men  dating women their own age,  and often,  significantly younger women. Quality people don't date for money and won't be bothered by your situation. Confidence, and maybe some dating skills, is all you really are missing. I think a lot of therapists would work with you on these issues. Start trying something, even if it's ju",https://reddit.com/r/dating_advice/comments/87gdkz/_/dwemib9/,Building self-worth
1gqx111,Fiancé gets lap dance from naked stripper ,dating_advice,224,https://reddit.com/r/dating_advice/comments/1gqx111/fiancé_gets_lap_dance_from_naked_stripper/,lx5nka9,Dazzling_Fox9777,2,Exactly apparently he was showing photos as they thought they had mutual friends being from the same area before she moved overseas. Yea my brother backs him completely. We went to Australia to visit our Family my bother and mum came over with our son too.,https://reddit.com/r/dating_advice/comments/1gqx111/_/lx5nka9/,General / Other
1kk2awe,Getting a girlfriend is impossible,dating_advice,217,https://reddit.com/r/dating_advice/comments/1kk2awe/getting_a_girlfriend_is_impossible/,mrr7wxn,Aesenix,45,"I feel like I constantly get two sides of advice. One side says that I'm not trying enough and I have to attend society meetups and go out more. The other side tells me that I should just live my life and they'll turn up. Ever since 2024 I've tried to talk to many girls and this year I've been a subcommittee member in two societies (general executive for photograph society and events subcommittee for cybersecurity society) and gone to several events. But before this since 2022 I've just been living my life. I feel like I've tried both sides of advice. How much longer do I have to wait?? Is almost 4 years not a very long time? I feel like it should not be this hard :(  
Edit: Maybe I could subconsciously come across as really working for it but I feel like I always feel like I try to be res",https://reddit.com/r/dating_advice/comments/1kk2awe/_/mrr7wxn/,General / Other
1kk2awe,Getting a girlfriend is impossible,dating_advice,217,https://reddit.com/r/dating_advice/comments/1kk2awe/getting_a_girlfriend_is_impossible/,mrrfkc6,Aesenix,19,"That's the thing I am most nervous about, I don't feel pressured or anything but I feel like if now is the best chance and I'm not finding any luck what chance do I have outside of university. I've been working on myself quite a bit for the past couple years 'waiting for the one to come' but it's never happened I feel like anyone who gives this advice either heard from someone else or personally just got very lucky :(",https://reddit.com/r/dating_advice/comments/1kk2awe/_/mrrfkc6/,General / Other
1kk2awe,Getting a girlfriend is impossible,dating_advice,217,https://reddit.com/r/dating_advice/comments/1kk2awe/getting_a_girlfriend_is_impossible/,mrrzf72,Aesenix,11,I take Computer Science so it's a tragedy for me haha. Societies are a must if I want any chance of even making female friends let alone making a girlfriend. I'm in two societies now and I go to events but I only ask a girl out every couple of months because it feels disingenuous for myself to talk to multiple girls like that. I feel like I get emotionally attached to someone and once I do it's very difficult to reciprocate those feelings for others.,https://reddit.com/r/dating_advice/comments/1kk2awe/_/mrrzf72/,Coping with physical loneliness
1kk2awe,Getting a girlfriend is impossible,dating_advice,217,https://reddit.com/r/dating_advice/comments/1kk2awe/getting_a_girlfriend_is_impossible/,mrramqb,Aesenix,10,"I'm into various hobbies and I have various interests but I am always willing to try new things out of my comfort zone, even if I have tried it and know I don't like it I am always willing to do it anyways because I highly value the time I spent with them. I think I could get along with someone with completely different interests but I was just mentioning my interests because I am not someone who has no interests or hobbies or aspirations and not working towards anything. :) I feel like people often say I try too hard but I am only asking one girl out every 3-4+ months. I am just looking for anyone at this point",https://reddit.com/r/dating_advice/comments/1kk2awe/_/mrramqb/,Getting over approach anxiety
1kk2awe,Getting a girlfriend is impossible,dating_advice,217,https://reddit.com/r/dating_advice/comments/1kk2awe/getting_a_girlfriend_is_impossible/,mrtryon,Agreeable_Gold9677,9,"Just give up man, Im (21M) in college too. Women are to complicated and I really don’t want to spend more time trying to figure them out lol",https://reddit.com/r/dating_advice/comments/1kk2awe/_/mrtryon/,General / Other
1kk2awe,Getting a girlfriend is impossible,dating_advice,217,https://reddit.com/r/dating_advice/comments/1kk2awe/getting_a_girlfriend_is_impossible/,mrrxwkd,Aesenix,8,I suspect it's more of a causation response in that having a girlfriend enriches you with confidence with the addition of women knowing that you are significantly less likely to be a creep or someone trying to get to know them for some sort of ulterior motive or hidden agenda whether that be to establish a relationship which is platonic or not. Unfortunately I don't have the luxury of that because I need to have a girlfriend in the first place. Reminds me of entry level job applications having a couple years of experience as a prerequisite hahaha,https://reddit.com/r/dating_advice/comments/1kk2awe/_/mrrxwkd/,Escaping the friend zone
1kk2awe,Getting a girlfriend is impossible,dating_advice,217,https://reddit.com/r/dating_advice/comments/1kk2awe/getting_a_girlfriend_is_impossible/,mrsavrr,Aesenix,6,I feel like I wrote or at least tried to write everything in an objective sense. But regardless I think sometimes I struggle feeling content with myself and I can't help but feel envious when I see other couples in public,https://reddit.com/r/dating_advice/comments/1kk2awe/_/mrsavrr/,Dealing with comparison pain
1kk2awe,Getting a girlfriend is impossible,dating_advice,217,https://reddit.com/r/dating_advice/comments/1kk2awe/getting_a_girlfriend_is_impossible/,mrujpv8,Aesenix,6,Thanks for the comment. Rejection hurts for me short term but I always try to look at things objectively and I don't think they've affected my confidence or competence or sense of self worth in the long run. I often subconsciously try to stay optimistic and try to use things as learning experiences. I only tried dating apps very briefly before I found that the in-person connection is invaluable to me. I think I'll just try to meet as many people as I can,https://reddit.com/r/dating_advice/comments/1kk2awe/_/mrujpv8/,Finding where to meet women
1kk2awe,Getting a girlfriend is impossible,dating_advice,217,https://reddit.com/r/dating_advice/comments/1kk2awe/getting_a_girlfriend_is_impossible/,mrs2sdy,Aesenix,6,"I completely agree, I should have worded that better. I definitely have standards in regards to career prospects or just general dreams or future plans or being family oriented etc. I just find that far too often I'm getting ghosted, and whether that be my fault or not (most likely is my fault) I would like to find someone who reciprocates my energy.",https://reddit.com/r/dating_advice/comments/1kk2awe/_/mrs2sdy/,Understanding rejection
1kk2awe,Getting a girlfriend is impossible,dating_advice,217,https://reddit.com/r/dating_advice/comments/1kk2awe/getting_a_girlfriend_is_impossible/,mrrv16i,Aesenix,6,"Hey, thanks for the response. I feel like historically it's always been very easy for me to make friends but I've personally only struggled with establishing deeper connections with women. Perhaps I am a difficult person to get along with. But I feel like that is most likely not the case because I've never struggled with making friends. i feel like I am a good and genuine person, I don't like to tell white lies and I feel like I try to live a righteous life hahaha. I always try to look at things objectively and I don't ever find that emotions cloud my judgement. Holding out hope one day that I'll meet the one hahaha",https://reddit.com/r/dating_advice/comments/1kk2awe/_/mrrv16i/,General / Other
1kk2awe,Getting a girlfriend is impossible,dating_advice,217,https://reddit.com/r/dating_advice/comments/1kk2awe/getting_a_girlfriend_is_impossible/,mrrgi1k,Aesenix,5,6 figure job hahaha,https://reddit.com/r/dating_advice/comments/1kk2awe/_/mrrgi1k/,General / Other
1kk2awe,Getting a girlfriend is impossible,dating_advice,217,https://reddit.com/r/dating_advice/comments/1kk2awe/getting_a_girlfriend_is_impossible/,mruom6i,Aesenix,5,I don't think I will ever truly give up. I feel like that shows a very feeble mentality. Women are individual people and I don't think anyone should 'give up' on all women from just a handful of interactions. Of course you are more than entitled to do whatever you want. But I don't think completely throwing in the towel is the best move as you're essentially just guaranteeing that you'll stay single,https://reddit.com/r/dating_advice/comments/1kk2awe/_/mruom6i/,General / Other
1kk2awe,Getting a girlfriend is impossible,dating_advice,217,https://reddit.com/r/dating_advice/comments/1kk2awe/getting_a_girlfriend_is_impossible/,mrx5uvn,jonnydash,5,Try being in your 30s as a man. It's horrible unless you wanna be a fucking stepdad...,https://reddit.com/r/dating_advice/comments/1kk2awe/_/mrx5uvn/,General / Other
1kk2awe,Getting a girlfriend is impossible,dating_advice,217,https://reddit.com/r/dating_advice/comments/1kk2awe/getting_a_girlfriend_is_impossible/,mrrg5zl,Aesenix,4,I feel like if I try to get to know a girl as a friend I get friendzoned and when I try to flirt with a girl it gets immediately shut down. Genuinely no idea what they even want or expect from me. I have to be doing something wrong but I cannot figure it out for the life of me. I genuinely do feel like I try to get to know others respectfully as if they already have significant others but all girls eventually just put me in the all too familiar friendzone with the 24+ hour long left on delivered/read followed by an extremely dry response. What do women want??? I feel like if I act too friendly they might be disinterested because they wanted me to flirt with them. But if I flirt with them it immediately gets shut down. Genuinely no clue what I'm supposed to do at this point I've mostly just,https://reddit.com/r/dating_advice/comments/1kk2awe/_/mrrg5zl/,Escaping the friend zone
1kk2awe,Getting a girlfriend is impossible,dating_advice,217,https://reddit.com/r/dating_advice/comments/1kk2awe/getting_a_girlfriend_is_impossible/,mrsim30,Aesenix,3,"Yes I love trying new things! I recently got gifted some books for my birthday and I personally picked up A Clockwork Orange and Blood Meridian which have been on my wishlist for a while. I had a phase where I would just literally try anything new. I picked up basketball, photography, and guitar earlier this year. I feel like because I've tried so many different things, it makes it very easy for me to make friends because I'm almost guaranteed to have multiple things in common. Thank you for your advice!",https://reddit.com/r/dating_advice/comments/1kk2awe/_/mrsim30/,General / Other
1kk2awe,Getting a girlfriend is impossible,dating_advice,217,https://reddit.com/r/dating_advice/comments/1kk2awe/getting_a_girlfriend_is_impossible/,mrscx2z,Aesenix,3,"I try to treat girls as friends but also as if they already have a boyfriend out of respect. I've previously tried talking to girls to be friends, or casually flirting, or a mix in between and I keep getting friendzoned. Maybe there is some underlying subconscious behaviour that I do that I'm not aware of. I feel like there are two hands of advice, trying to meet girls genuinely trying to be friends initially or straight up being upfront with your intentions. My attempts at either one hasn't panned out with any notable results. I do feel like I probably won't be as close as a friend to a woman but I think that is normal because of course they haven't grown up as a man. But as far as decency of course I try to treat everyone with respect and kindness",https://reddit.com/r/dating_advice/comments/1kk2awe/_/mrscx2z/,Escaping the friend zone
1kk2awe,Getting a girlfriend is impossible,dating_advice,217,https://reddit.com/r/dating_advice/comments/1kk2awe/getting_a_girlfriend_is_impossible/,mrriu0x,Aesenix,3,"Maybe I am trying too hard. But also I feel like this is the bare minimum, talking to a girl every 3-4 months. I've tried 'not trying at all' and waiting for someone and just focusing on self improvement and surprise surprise noone showed up :( I feel like it's impossible to start a friendship for me because as soon as I'm trying to get to know a girl they always stop responding and then after 24 hours they reply in the most dry way like ""yea""",https://reddit.com/r/dating_advice/comments/1kk2awe/_/mrriu0x/,General / Other
1oe9zxi,"Women keep ending it after a 1-2 months or say ""they don't feel a spark""",dating_advice,207,https://reddit.com/r/dating_advice/comments/1oe9zxi/women_keep_ending_it_after_a_12_months_or_say/,nkzxzo0,Think_Delivery_9443,10,We did not hook up. We made out on the 2nd date. I asked her to come over after bowing and dinner. We didn't hook up on the third date either. She told me she likes to take things slow.,https://reddit.com/r/dating_advice/comments/1oe9zxi/_/nkzxzo0/,General / Other
1oe9zxi,"Women keep ending it after a 1-2 months or say ""they don't feel a spark""",dating_advice,207,https://reddit.com/r/dating_advice/comments/1oe9zxi/women_keep_ending_it_after_a_12_months_or_say/,nl26z5m,Think_Delivery_9443,8,She did say that she didn't want to waste my time further.,https://reddit.com/r/dating_advice/comments/1oe9zxi/_/nl26z5m/,General / Other
1oe9zxi,"Women keep ending it after a 1-2 months or say ""they don't feel a spark""",dating_advice,207,https://reddit.com/r/dating_advice/comments/1oe9zxi/women_keep_ending_it_after_a_12_months_or_say/,nl11tzh,AnB85,5,"I'm a guy. I have done something similar but I usually call it quits a little earlier. Like I think the spark should be there within the first few dates otherwise it never really will be. There are times when a girl is clearly into me but I am not so much into her. Like sure she is fuckable and kind of attractive but that is not quite good enough for me. I want someone to amaze me, to be someone I could see myself falling in love with. High bar I guess.",https://reddit.com/r/dating_advice/comments/1oe9zxi/_/nl11tzh/,General / Other
1pwn85i,"As a guy, should I just never expect to be pursued or actively shown affection?",dating_advice,206,https://reddit.com/r/dating_advice/comments/1pwn85i/as_a_guy_should_i_just_never_expect_to_be_pursued/,nw56ul8,Impossible-Suspect19,71,"Yip, that's the sad truth as a man, a women will almost never iniate. The majority of them them have too many options.. or they afraid.

I've pretty much learnt that and I largely just lead in dating, I decide where we go, what we do, how we do it.",https://reddit.com/r/dating_advice/comments/1pwn85i/_/nw56ul8/,General / Other
1pwn85i,"As a guy, should I just never expect to be pursued or actively shown affection?",dating_advice,206,https://reddit.com/r/dating_advice/comments/1pwn85i/as_a_guy_should_i_just_never_expect_to_be_pursued/,nw72xo2,Impossible-Suspect19,25,"Good question,  I find society at some point disregards men alot... think about it. Even in movies? They say the women and children should get on the life boat first.

As a man the first thing i learned was that no one is gonna save you in the end of the day.. everything is up to you. Finding a partner, earning enough money, keeping fit. Handling your emotions. Handling others emotions. We get very few breaks. It's just the reality of being  a man.",https://reddit.com/r/dating_advice/comments/1pwn85i/_/nw72xo2/,General / Other
1pwn85i,"As a guy, should I just never expect to be pursued or actively shown affection?",dating_advice,206,https://reddit.com/r/dating_advice/comments/1pwn85i/as_a_guy_should_i_just_never_expect_to_be_pursued/,nw5ka8l,Meterian,18,"As a man, you're going to have to initiate but after that you should just match energy. If that means there's no spark and absolutely nothing happens, then she was never really into you that much. It saves you a whole lot of energy and burnout. When you find the right one, it'll feel really good.",https://reddit.com/r/dating_advice/comments/1pwn85i/_/nw5ka8l/,General / Other
1pwn85i,"As a guy, should I just never expect to be pursued or actively shown affection?",dating_advice,206,https://reddit.com/r/dating_advice/comments/1pwn85i/as_a_guy_should_i_just_never_expect_to_be_pursued/,nw52bwc,[deleted],2,"Yeah I mean I’m 34m and generally speaking, women want you to make the first move. I’ve actually had several that have slid into my dms/came onto me, but more often than not it’s the other way around. It’ll come more naturally the more often you do it",https://reddit.com/r/dating_advice/comments/1pwn85i/_/nw52bwc/,General / Other
1pwn85i,"As a guy, should I just never expect to be pursued or actively shown affection?",dating_advice,206,https://reddit.com/r/dating_advice/comments/1pwn85i/as_a_guy_should_i_just_never_expect_to_be_pursued/,nw9c44r,Defiant-Tough9207,2,"I understand how you feel man. I used to go through exactly this.

I'm still expected to take the lead as a man. What I do is take an integrated approach and vet early.

I initiate conversations, but I do so with this understanding. ""If I like her, I'll go talk to her and see if I'll still like her.""

Because it's you going up to her, you have to spend the first few minutes coming up with conversation starter and continue the thread (This would be different if she shows interest in you right off the bat or she's the one coming up to talk to you). But by that point, she's already had enough time to at least register you in her head. Then you pull back, and observe if she initiates any questions back and what not to start a conversation.

If she does, she's investing into the conversation an",https://reddit.com/r/dating_advice/comments/1pwn85i/_/nw9c44r/,Getting over approach anxiety
1pwn85i,"As a guy, should I just never expect to be pursued or actively shown affection?",dating_advice,206,https://reddit.com/r/dating_advice/comments/1pwn85i/as_a_guy_should_i_just_never_expect_to_be_pursued/,nwbt7uc,ventingandcrying,2,"I’ve seen this comment a few times now and I’m genuinely curious, what’s the thought process? Wanting a partner who likes you and shows it is a woman thing? I can’t even follow the sexism here",https://reddit.com/r/dating_advice/comments/1pwn85i/_/nwbt7uc/,General / Other
1pwn85i,"As a guy, should I just never expect to be pursued or actively shown affection?",dating_advice,206,https://reddit.com/r/dating_advice/comments/1pwn85i/as_a_guy_should_i_just_never_expect_to_be_pursued/,nwcxjpj,TurkishOne,1,"My ex-girlfriend used to tell me that when I brought this up, she said I felt like a man in that relationship. All I wanted was unconditional attention, to feel important and loved, because I was tired of only getting attention when I did something for her. Honestly, I felt like a piece of equipment that would only be loved if I was useful.",https://reddit.com/r/dating_advice/comments/1pwn85i/_/nwcxjpj/,General / Other
zwsdcg,5 things I have learned after almost 8 years as a single [33m].,dating_advice,191,https://reddit.com/r/dating_advice/comments/zwsdcg/5_things_i_have_learned_after_almost_8_years_as_a/,j1xy2li,YoungTomSoy,15,Being comfortable by yourself does not equal you having no drive to better yourself. Your comment feels really reductive.,https://reddit.com/r/dating_advice/comments/zwsdcg/_/j1xy2li/,General / Other
zwsdcg,5 things I have learned after almost 8 years as a single [33m].,dating_advice,191,https://reddit.com/r/dating_advice/comments/zwsdcg/5_things_i_have_learned_after_almost_8_years_as_a/,j1xf9p7,YoungTomSoy,8,"Idk who that is, will you explain your comment? I'm honestly not sure what point you're trying to get across. I don't think being ok with being alone means you'll give up during difficult times. Just means you're comfortable with yourself.",https://reddit.com/r/dating_advice/comments/zwsdcg/_/j1xf9p7/,General / Other
zwsdcg,5 things I have learned after almost 8 years as a single [33m].,dating_advice,191,https://reddit.com/r/dating_advice/comments/zwsdcg/5_things_i_have_learned_after_almost_8_years_as_a/,j1wmuc8,YoungTomSoy,5,I was actually going more for uplifting but I guess my depression is soaking through 😂.,https://reddit.com/r/dating_advice/comments/zwsdcg/_/j1wmuc8/,General / Other
zwsdcg,5 things I have learned after almost 8 years as a single [33m].,dating_advice,191,https://reddit.com/r/dating_advice/comments/zwsdcg/5_things_i_have_learned_after_almost_8_years_as_a/,j1zetsc,YoungTomSoy,1,Just because you go into a relationship with the intent of not being selfish doesn't mean you instantly lose or disregard all your boundaries as a person. You are making a pretty huge leap here in your misunderstanding.,https://reddit.com/r/dating_advice/comments/zwsdcg/_/j1zetsc/,Coping with physical loneliness
zwsdcg,5 things I have learned after almost 8 years as a single [33m].,dating_advice,191,https://reddit.com/r/dating_advice/comments/zwsdcg/5_things_i_have_learned_after_almost_8_years_as_a/,j20h95r,YoungTomSoy,1,I feel like you are either trolling or not understanding what I am saying. Please quote where I said to stick in a toxic relationship.,https://reddit.com/r/dating_advice/comments/zwsdcg/_/j20h95r/,General / Other
zwsdcg,5 things I have learned after almost 8 years as a single [33m].,dating_advice,191,https://reddit.com/r/dating_advice/comments/zwsdcg/5_things_i_have_learned_after_almost_8_years_as_a/,j1zfm42,YoungTomSoy,1,"Women have tons of options on account of the vast majority of matches they will accrue on dating apps, and the fact that men will come up to them in public (for most average or attractive women. I am not saying this will happen for all women).

I look at it like this, if you walk into a grocery store and go into the chip isle to pick a bag of chips. Let's say you're in a foreign country and you've never tried any of these flavors, but there are a hundred to pick from. You will have a hard time making a choice. Even if you start a conversation on Tinder with one guy, then match with 10 others who start conversations with you, it can be hard to choose to keep the conversation with the first guy going even if he doesn't throw up red flags just because you now have 11 conversations to choose f",https://reddit.com/r/dating_advice/comments/zwsdcg/_/j1zfm42/,Finding where to meet women
1irpp9o,GF says I didn’t do enough for v day,dating_advice,188,https://reddit.com/r/dating_advice/comments/1irpp9o/gf_says_i_didnt_do_enough_for_v_day/,mda720q,Own_Inevitable4939,17,She also mentioned lulu lemon leggings (because I was asking where she got hers from a few days back) it seems like she wants a more physical gift rather than experiences,https://reddit.com/r/dating_advice/comments/1irpp9o/_/mda720q/,General / Other
1qudj16,"Introverts who don’t like party or hookup culture , where did you meet your partner?",dating_advice,188,https://reddit.com/r/dating_advice/comments/1qudj16/introverts_who_dont_like_party_or_hookup_culture/,o39jgqp,EquivalentWitness165,13,"If you don’t mind me asking, how did you both realize there was mutual interest and decide to pursue it, especially being introverted?",https://reddit.com/r/dating_advice/comments/1qudj16/_/o39jgqp/,General / Other
1qudj16,"Introverts who don’t like party or hookup culture , where did you meet your partner?",dating_advice,188,https://reddit.com/r/dating_advice/comments/1qudj16/introverts_who_dont_like_party_or_hookup_culture/,o3ae8n9,LowNoiseHighSignal,12,"If I (46M) were your age again, I would get into partner dancing; something like Salsa, Bachata or Kizomba.  You'll meet and dance with some amazing, beautiful women, and it will help with your communication skills and confidence.  If you start now, you'll be an expert by the time you're reaching your peak (late 20s/early 30s) and can likely take your pick at that point.",https://reddit.com/r/dating_advice/comments/1qudj16/_/o3ae8n9/,Building self-worth
1qudj16,"Introverts who don’t like party or hookup culture , where did you meet your partner?",dating_advice,188,https://reddit.com/r/dating_advice/comments/1qudj16/introverts_who_dont_like_party_or_hookup_culture/,o39ksl8,EquivalentWitness165,11,"That makes a lot of sense, thank you for sharing that. I really like the idea of it starting small and natural instead of feeling like a big moment.",https://reddit.com/r/dating_advice/comments/1qudj16/_/o39ksl8/,General / Other
1qudj16,"Introverts who don’t like party or hookup culture , where did you meet your partner?",dating_advice,188,https://reddit.com/r/dating_advice/comments/1qudj16/introverts_who_dont_like_party_or_hookup_culture/,o39gtle,EquivalentWitness165,10,I Appreciate this perspective a lot especially the point about bars not always being party focused. Definitely gives me something to think about.,https://reddit.com/r/dating_advice/comments/1qudj16/_/o39gtle/,General / Other
1qudj16,"Introverts who don’t like party or hookup culture , where did you meet your partner?",dating_advice,188,https://reddit.com/r/dating_advice/comments/1qudj16/introverts_who_dont_like_party_or_hookup_culture/,o39hqqk,EquivalentWitness165,9,"Yeah, that’s probably the part I need to work on more. Thanks.",https://reddit.com/r/dating_advice/comments/1qudj16/_/o39hqqk/,General / Other
1qudj16,"Introverts who don’t like party or hookup culture , where did you meet your partner?",dating_advice,188,https://reddit.com/r/dating_advice/comments/1qudj16/introverts_who_dont_like_party_or_hookup_culture/,o3aza64,EquivalentWitness165,4,"I really appreciate this. Putting myself out there more authentically is honestly something I’ve been struggling with, so this was reassuring to read. I like the idea of being specific and letting people connect over the quieter, niche things. Thanks for sharing your experience.",https://reddit.com/r/dating_advice/comments/1qudj16/_/o3aza64/,General / Other
1qudj16,"Introverts who don’t like party or hookup culture , where did you meet your partner?",dating_advice,188,https://reddit.com/r/dating_advice/comments/1qudj16/introverts_who_dont_like_party_or_hookup_culture/,o39r92u,EquivalentWitness165,3,Thank you,https://reddit.com/r/dating_advice/comments/1qudj16/_/o39r92u/,General / Other
1qudj16,"Introverts who don’t like party or hookup culture , where did you meet your partner?",dating_advice,188,https://reddit.com/r/dating_advice/comments/1qudj16/introverts_who_dont_like_party_or_hookup_culture/,o3aztgd,EquivalentWitness165,3,Appreciate this a lot. Focusing on things I already enjoy and showing up consistently feels way more realistic for me. Thanks for the advice.,https://reddit.com/r/dating_advice/comments/1qudj16/_/o3aztgd/,General / Other
1qudj16,"Introverts who don’t like party or hookup culture , where did you meet your partner?",dating_advice,188,https://reddit.com/r/dating_advice/comments/1qudj16/introverts_who_dont_like_party_or_hookup_culture/,o3afefp,EquivalentWitness165,3,"That sounds really interesting. It honestly feels like a win-win for me since communication is something I know I need to improve on. It definitely sounds scary, but in a good way. Thanks for sharing, I’m going to look into it.",https://reddit.com/r/dating_advice/comments/1qudj16/_/o3afefp/,General / Other
1qudj16,"Introverts who don’t like party or hookup culture , where did you meet your partner?",dating_advice,188,https://reddit.com/r/dating_advice/comments/1qudj16/introverts_who_dont_like_party_or_hookup_culture/,o3a5d0m,EquivalentWitness165,3,"That’s fair, I think I may have been over-associating bars with hookup culture based on other people’s experiences, my own assumptions, and social media. I appreciate the perspective, especially the point about shared spaces and consistency. That makes a lot of sense. I haven’t really been exposed to those kinds of environments much, so it’s helpful to hear how others experience them. I honestly wouldn’t know otherwise.",https://reddit.com/r/dating_advice/comments/1qudj16/_/o3a5d0m/,Dealing with comparison pain
1qudj16,"Introverts who don’t like party or hookup culture , where did you meet your partner?",dating_advice,188,https://reddit.com/r/dating_advice/comments/1qudj16/introverts_who_dont_like_party_or_hookup_culture/,o3b128n,EquivalentWitness165,3,"I really appreciate the advice. Putting myself out there is scary, but it’s something I want. Hearing your perspective gives me confidence to try new things and reminds me I’m not alone.",https://reddit.com/r/dating_advice/comments/1qudj16/_/o3b128n/,Building self-worth
1qudj16,"Introverts who don’t like party or hookup culture , where did you meet your partner?",dating_advice,188,https://reddit.com/r/dating_advice/comments/1qudj16/introverts_who_dont_like_party_or_hookup_culture/,o3agxyi,reaper5632,3,"I would give dating apps a try. That’s where I met my girlfriend. I’m fairly introverted too and honestly dating apps are tough. It’s a matter of meeting the right person which doesn’t happen for everyone on dating apps. It was actually perfect timing when I met my girlfriend. I had been on dating apps for 8 months at this point and when I matched with my girlfriend, I told myself if this doesn’t work out then I’m taking break from dating apps. I was fully ready to delete dating apps. I deleted the dating apps a week after meeting my girlfriend because I was in a place where either we would’ve together or I’m not dating anymore. It ended up working out between us and I truly believe God brought us together. I would pray sometimes and ask God why I’m hating such bad experiences on dating ap",https://reddit.com/r/dating_advice/comments/1qudj16/_/o3agxyi/,Finding where to meet women
1qudj16,"Introverts who don’t like party or hookup culture , where did you meet your partner?",dating_advice,188,https://reddit.com/r/dating_advice/comments/1qudj16/introverts_who_dont_like_party_or_hookup_culture/,o3dnmng,EquivalentWitness165,3,"Thanks for sharing this. I’ll be honest, I don’t have much experience with dating apps, and they feel pretty intimidating to me, especially since I don’t usually put myself out there. But it’s reassuring to hear that Hinge can be more low pressure, because that’s exactly what I’m looking for.",https://reddit.com/r/dating_advice/comments/1qudj16/_/o3dnmng/,Finding where to meet women
1qudj16,"Introverts who don’t like party or hookup culture , where did you meet your partner?",dating_advice,188,https://reddit.com/r/dating_advice/comments/1qudj16/introverts_who_dont_like_party_or_hookup_culture/,o3dq80c,EquivalentWitness165,3,"I think a lot of my stress comes from feeling like I’m late to everything, so this was really reassuring to read. Hearing that even your friends are struggling with this helps put things into perspective. Thank you.",https://reddit.com/r/dating_advice/comments/1qudj16/_/o3dq80c/,General / Other
1pni9cc,Dating Now Just Feels...Impossible [37M],dating_advice,185,https://reddit.com/r/dating_advice/comments/1pni9cc/dating_now_just_feelsimpossible_37m/,nu7wu1b,nluz527,8,"Appreciate the honesty. I think I'm just tired. I'd like to have kids, and I've always had that attitude and been generally optimistic but it gets to you after a while. I know some guys who are genuine manchilds and have great wives and families so maybe there is some envy sneaking in there. I'm also not someone that randomly goes cold and can only pinpoint and am willing to share why something didn't work so I just need to like you said understand that people are individuals and have tons of motivations at any given time but guess trying to find out if its truly something about me, or just that I have terrible luck and dating in your 30s in 2025 is impossible for most people.",https://reddit.com/r/dating_advice/comments/1pni9cc/_/nu7wu1b/,General / Other
1pni9cc,Dating Now Just Feels...Impossible [37M],dating_advice,185,https://reddit.com/r/dating_advice/comments/1pni9cc/dating_now_just_feelsimpossible_37m/,nucderv,nluz527,4,Honestly that's my best skill. Definitely not the issue haha,https://reddit.com/r/dating_advice/comments/1pni9cc/_/nucderv/,General / Other
1pni9cc,Dating Now Just Feels...Impossible [37M],dating_advice,185,https://reddit.com/r/dating_advice/comments/1pni9cc/dating_now_just_feelsimpossible_37m/,nucwhls,nluz527,3,This is so true. This describes my friends to a T!,https://reddit.com/r/dating_advice/comments/1pni9cc/_/nucwhls/,General / Other
1pni9cc,Dating Now Just Feels...Impossible [37M],dating_advice,185,https://reddit.com/r/dating_advice/comments/1pni9cc/dating_now_just_feelsimpossible_37m/,nuceele,nluz527,3,"This is great perspective, thanks. The last woman I described was engaged a year ago and it ended and she said it was toxic and I think i was a rebound and way for her to feel validated and seen while she worked through that as part of it, which I suggested merely as a possibility and she was SUPER defensive, which makes me think I was probably right",https://reddit.com/r/dating_advice/comments/1pni9cc/_/nuceele/,General / Other
1pni9cc,Dating Now Just Feels...Impossible [37M],dating_advice,185,https://reddit.com/r/dating_advice/comments/1pni9cc/dating_now_just_feelsimpossible_37m/,nuchkol,nluz527,3,"Yeah this is one of the best responses I've gotten! I think I just need to force things to slow down and take the lead on a slow burn. I'm (not trying to be conceited lol but) a handsome guy, flirty, good in bed, so I think I'm just often used for validation and a ""quick hit""",https://reddit.com/r/dating_advice/comments/1pni9cc/_/nuchkol/,General / Other
1pni9cc,Dating Now Just Feels...Impossible [37M],dating_advice,185,https://reddit.com/r/dating_advice/comments/1pni9cc/dating_now_just_feelsimpossible_37m/,nucmu2k,nluz527,3,"Thanks for the perspective. These women both specifically were like ""I want to date with intention, find my future husband, etc."" As they were both early thirties so they are looking to get married, have a family, etc and didnt want to waste time.

I would say the only flaw I have from the things that you mentioned is I'm not huge into cooking. Like i actively don't enjoy it, and will do all the dishes, and take care of just about anything else to have my partner by the primary cook, meal planner. Although I'm happy to make breakfast, cook on the grill in the summer, etc. It's like the one thing I really want out of a partner and am up front about it always. It's also not that I CAN'T cook or WON'T I more hate the planning/shopping aspect of it and if my partner asked and was like ""I bough",https://reddit.com/r/dating_advice/comments/1pni9cc/_/nucmu2k/,Coping with physical loneliness
1pni9cc,Dating Now Just Feels...Impossible [37M],dating_advice,185,https://reddit.com/r/dating_advice/comments/1pni9cc/dating_now_just_feelsimpossible_37m/,nuax726,elpantera88,3,"37m here.

Brother I am in the same boat.

Great job and lifestyle. I work out 6 days a week. Great personality and emotional intelligence. I've never had so many relationships/break ups until COVID. Yes everyone blames it but I'm using it as a time frame - the start of mid 30s. I think at this age, everyone becomes more picky and is more invested in themselves then when they were dating in their 20's. 

The one thing I've noticed, women 30s on up have some deep inner depression - where it be from a major or event to societal pressures. And yes, everyone becomes jaded by life in some way long enough, but last few relationships I had, these women had major issues prior to meeting, I only found out by whatever event thru dating them. 

Lots of friends have suggested to date younger/women in ",https://reddit.com/r/dating_advice/comments/1pni9cc/_/nuax726/,General / Other
1lyffcz,Failed “movie night” led to epiphany why I’ve avoided dating for 10 years,dating_advice,172,https://reddit.com/r/dating_advice/comments/1lyffcz/failed_movie_night_led_to_epiphany_why_ive/,n2tjg5o,YomMmmama123,62,"Atleast you realized this now. Sucks you lost those years but better late than never. As a man,at your age, dating and having a family is perfectly in the cards for you, if that’s something you’re interested in. Could have gone your whole life without realizing that. Good luck.",https://reddit.com/r/dating_advice/comments/1lyffcz/_/n2tjg5o/,General / Other
1lyffcz,Failed “movie night” led to epiphany why I’ve avoided dating for 10 years,dating_advice,172,https://reddit.com/r/dating_advice/comments/1lyffcz/failed_movie_night_led_to_epiphany_why_ive/,n2tn199,Naxela,23,Yea you're describing being demisexual. At age 30 this year I only realized this about myself as a guy a few months. It is unfortunately a thing that a lot of people do not expect from most men.,https://reddit.com/r/dating_advice/comments/1lyffcz/_/n2tn199/,General / Other
tos0np,Is it completely normal to be happy being single?,dating_advice,172,https://reddit.com/r/dating_advice/comments/tos0np/is_it_completely_normal_to_be_happy_being_single/,i29d031,dermeddjamel,2,"Yes, it is normal

I am someone (25m) who never had or will have a gf or a SO or any type of partner. I just don't see the point of a romantic relationship. Anything I need I can get without the need of any type ormf relation.",https://reddit.com/r/dating_advice/comments/tos0np/_/i29d031/,General / Other
1qkc5ci,What's the hardest thing about dating as a male,dating_advice,169,https://reddit.com/r/dating_advice/comments/1qkc5ci/whats_the_hardest_thing_about_dating_as_a_male/,o15nlc5,MattSChan,526,"It literally feels like a got dam job interview 90% of the time. Not saying this is reality at all, but whenever I'm on a date, I feel like I gotta be this perfect person who has all his shit together with zero flaws; I gotta say all the right things, be funny, confident, initiate the romance, etc, or they're going to lose interest, or find someone else. 

I know this is probably a symptom of burnout from the hypercompetitiveness of dating apps and shit, but at the end of the day, all I want is for someone to give a shit about me. Yeah I got things to work on and I've made alot of progress, but I feel like dating as a guy is a never ending cycle of ""work on yourself"" that has drained me of an uneccesary amount of energy. 

This is mostly a rant tbh. I feel pretty good about myself most day",https://reddit.com/r/dating_advice/comments/1qkc5ci/_/o15nlc5/,Finding where to meet women
1qkc5ci,What's the hardest thing about dating as a male,dating_advice,169,https://reddit.com/r/dating_advice/comments/1qkc5ci/whats_the_hardest_thing_about_dating_as_a_male/,o16g94f,Pure-Ad-5502,41,"No you really aren’t wrong in this. 

Ladies, please don’t come for me here, the question was asked and this is an answer: 

The easiest way I can make an analogy or statement about it is to say that, for years we have heard about how “real men” would xyz or do xyz or that a “real man” would do xyz or will be xyz….but when have we ever heard about what a “real woman” would do or be in this day and age? 

As a man it feels like if you are not perfect, if you have flaws that you admit to and admit that you are working on in the only ways you know how….that’s no good enough. You ask for men to be vulnerable, but the minute we are truly vulnerable about what we have struggled with, or what we do struggle with, we get basically told “i’m sorry to hear that but..” and then some reason as to why ",https://reddit.com/r/dating_advice/comments/1qkc5ci/_/o16g94f/,General / Other
1qkc5ci,What's the hardest thing about dating as a male,dating_advice,169,https://reddit.com/r/dating_advice/comments/1qkc5ci/whats_the_hardest_thing_about_dating_as_a_male/,o15vi23,MattSChan,31,"I feel you bro, that's exactly how it feels. Being alone can have it's fun advantages, but it's natural for humans to want connection, especially with the opposite gender. It just feels like in this day and age, it's just so hard, especially as a guy, to have that connection reciprocated.",https://reddit.com/r/dating_advice/comments/1qkc5ci/_/o15vi23/,General / Other
1ste6ie,Why do women call me “husband material” but never choose me? (25M),dating_advice,169,https://reddit.com/r/dating_advice/comments/1ste6ie/why_do_women_call_me_husband_material_but_never/,ohsotw5,MrRedFlag-10,23,"You got a great point we indians have the culture of ""Not two people but two families"". Yes it plays the major role in entire dating and relationship market. Yes I do have conversation about this topic as well.

But when I go on dates I don't in the mindset of I'm looking for marraige. I've just started going on dates (just to figure things out) and there are some things which bothers me which I've shared that I get the vibe that I'm not that man women actually desires. And husband material slightly feels rejecting me.

Maybe I'm overthinking. maybe I'm over stressing a bit.",https://reddit.com/r/dating_advice/comments/1ste6ie/_/ohsotw5/,General / Other
1qkc5ci,What's the hardest thing about dating as a male,dating_advice,169,https://reddit.com/r/dating_advice/comments/1qkc5ci/whats_the_hardest_thing_about_dating_as_a_male/,o15s9cj,Altruistic-Patient-8,14,"Especially as a guy in your 20s, or 30s. You hace to build yourself up, so of course we're not where we want to be in life yer. Does that mean we should just be content remaining single.",https://reddit.com/r/dating_advice/comments/1qkc5ci/_/o15s9cj/,General / Other
1ste6ie,Why do women call me “husband material” but never choose me? (25M),dating_advice,169,https://reddit.com/r/dating_advice/comments/1ste6ie/why_do_women_call_me_husband_material_but_never/,ohsjj21,GorillaWolf2099,13,You must remember this important message though being husband material is a compliment to your character but a death sentence for your current dating life because it is leading with your resume instead of your personality. You needs to realize that being a safe option is not the same as being a desirable one and that kindness is only the foundation for a relationship rather than the spark that starts it. You should stop acting like a provider in waiting and start showing up as a man with bold opinions and clear intentions who does not need a womans validation to feel valuable. If you continue to let resentment build toward the women you wants to date they will sense that bitterness as a massive red flag which will only keep you stuck in the very cycle you are trying to escape.,https://reddit.com/r/dating_advice/comments/1ste6ie/_/ohsjj21/,General / Other
1qkc5ci,What's the hardest thing about dating as a male,dating_advice,169,https://reddit.com/r/dating_advice/comments/1qkc5ci/whats_the_hardest_thing_about_dating_as_a_male/,o15prbk,GWPtheTrilogy1,12,"Wasting time, money, and energy on women who aren't interested repeatedly...and knowing you have to just keep doing this over, and over...and over...and over...and over again indefinitely and just hoping you get lucky and meet someone worthwhile. Dating as a dude is often depressing, disheartening and disappointing.",https://reddit.com/r/dating_advice/comments/1qkc5ci/_/o15prbk/,General / Other
1qkc5ci,What's the hardest thing about dating as a male,dating_advice,169,https://reddit.com/r/dating_advice/comments/1qkc5ci/whats_the_hardest_thing_about_dating_as_a_male/,o174ipb,Anonymous157,11,"Exactly, there is so much pressure as a guy cause if you mess up in the slightest, the girl can just turn to the line up of guys waiting for them.",https://reddit.com/r/dating_advice/comments/1qkc5ci/_/o174ipb/,General / Other
1ste6ie,Why do women call me “husband material” but never choose me? (25M),dating_advice,169,https://reddit.com/r/dating_advice/comments/1ste6ie/why_do_women_call_me_husband_material_but_never/,ohsidzm,MrRedFlag-10,11,I always never liked husband material vibe.,https://reddit.com/r/dating_advice/comments/1ste6ie/_/ohsidzm/,General / Other
1ste6ie,Why do women call me “husband material” but never choose me? (25M),dating_advice,169,https://reddit.com/r/dating_advice/comments/1ste6ie/why_do_women_call_me_husband_material_but_never/,ohsiock,MrRedFlag-10,10,That's what I'm doing that's how I got those husband material feedbacks and the compliments. If I sit at home I wouldn't even get those.,https://reddit.com/r/dating_advice/comments/1ste6ie/_/ohsiock/,General / Other
1ste6ie,Why do women call me “husband material” but never choose me? (25M),dating_advice,169,https://reddit.com/r/dating_advice/comments/1ste6ie/why_do_women_call_me_husband_material_but_never/,ohsjdfz,MrRedFlag-10,10,That's what I feel or i get the vibe and I don't like it,https://reddit.com/r/dating_advice/comments/1ste6ie/_/ohsjdfz/,General / Other
1ste6ie,Why do women call me “husband material” but never choose me? (25M),dating_advice,169,https://reddit.com/r/dating_advice/comments/1ste6ie/why_do_women_call_me_husband_material_but_never/,ohsikhu,MrRedFlag-10,6,I am not asking to settle down atleast for now I don't wanna settle either. But atleast I wanna experience a proper dating relationship and all those things.,https://reddit.com/r/dating_advice/comments/1ste6ie/_/ohsikhu/,General / Other
1qkc5ci,What's the hardest thing about dating as a male,dating_advice,169,https://reddit.com/r/dating_advice/comments/1qkc5ci/whats_the_hardest_thing_about_dating_as_a_male/,o1a0m6p,ShawnOfEons,5,"My ex GF, she showed me her profile before we decided to close our accounts.  There were over a hundred guys trying to get with her.  It was crazy.  Most of the messages were absolute cringe.  She left a lot of them on read or didn’t even open them.  There were too many.  The most pathetic ones weren’t even the sickos in my opinion, it was the ones she never replied to but they kept sending her message after message, desperate for her to even send one thing back to them.  The messages got sadder and sadder.  Such as: “why won’t you answer me?”  Seriously, do these guys actually think coming off weak and desperate is going to work?  She never messaged them back and they went on and on, multiple pages worth of messages to her.  There were several men like that.",https://reddit.com/r/dating_advice/comments/1qkc5ci/_/o1a0m6p/,General / Other
1ste6ie,Why do women call me “husband material” but never choose me? (25M),dating_advice,169,https://reddit.com/r/dating_advice/comments/1ste6ie/why_do_women_call_me_husband_material_but_never/,ohskcld,MrRedFlag-10,4,"Been hitting gym 5 times a day, Focusing on personality, Communication, job, i cook food, I can travel alone, I play games, guitar, I drink, I sometimes smoke, I swim, taking care of skin (it was shit), dressing sense and many more.",https://reddit.com/r/dating_advice/comments/1ste6ie/_/ohskcld/,General / Other
1ste6ie,Why do women call me “husband material” but never choose me? (25M),dating_advice,169,https://reddit.com/r/dating_advice/comments/1ste6ie/why_do_women_call_me_husband_material_but_never/,ohsmm5h,MrRedFlag-10,4,I go on every dates but not get into most of the relationships. I'm selective.,https://reddit.com/r/dating_advice/comments/1ste6ie/_/ohsmm5h/,General / Other
1ste6ie,Why do women call me “husband material” but never choose me? (25M),dating_advice,169,https://reddit.com/r/dating_advice/comments/1ste6ie/why_do_women_call_me_husband_material_but_never/,ohv6du0,MrRedFlag-10,4,Confidence and assertiveness are two good things women are drawn to but this requires real work and real practice.,https://reddit.com/r/dating_advice/comments/1ste6ie/_/ohv6du0/,Building self-worth
1ste6ie,Why do women call me “husband material” but never choose me? (25M),dating_advice,169,https://reddit.com/r/dating_advice/comments/1ste6ie/why_do_women_call_me_husband_material_but_never/,oht4pye,MrRedFlag-10,4,Sometimes I feel like I’m overly overthinking. But thanks for the positive vibes,https://reddit.com/r/dating_advice/comments/1ste6ie/_/oht4pye/,General / Other
1qkc5ci,What's the hardest thing about dating as a male,dating_advice,169,https://reddit.com/r/dating_advice/comments/1qkc5ci/whats_the_hardest_thing_about_dating_as_a_male/,o15n3uw,MrBaileyRod,3,"Proving that my intentions are good and honest. So many men don’t value honesty and transparency and hurt women and cause them to be guarded. Luckily, time and communication fix this. 

Besides that dating as a man isn’t hard at all.",https://reddit.com/r/dating_advice/comments/1qkc5ci/_/o15n3uw/,Building self-worth
1ste6ie,Why do women call me “husband material” but never choose me? (25M),dating_advice,169,https://reddit.com/r/dating_advice/comments/1ste6ie/why_do_women_call_me_husband_material_but_never/,ohsjz9b,MrRedFlag-10,3,It's like a ladder if you slip you fall down to 0.,https://reddit.com/r/dating_advice/comments/1ste6ie/_/ohsjz9b/,General / Other
1ste6ie,Why do women call me “husband material” but never choose me? (25M),dating_advice,169,https://reddit.com/r/dating_advice/comments/1ste6ie/why_do_women_call_me_husband_material_but_never/,oht5sym,cocomaple,3,"Translation of the first half of your post: 


Your are predictable, stable with your behavior and honestly boring. There is nothing that is going on with you that excites me. You exactly look like a man I will settle with when I want to be a wife, but not now. I want to be excited and feel those butterflies when we are boyfriend and girlfriend. For now, I want someone who can play with my emotions and give me those emotional highs and lows.


How you want to use the above information is up to you. Focus on yourself, get busy and have something going on in your life. Those who want to share that life will be attracted to you. Just make sure that you don't become someone's second choice or an option to settle.",https://reddit.com/r/dating_advice/comments/1ste6ie/_/oht5sym/,General / Other
1lwzqsq,Dating seems impossible as (introvert) man from gen Z,dating_advice,168,https://reddit.com/r/dating_advice/comments/1lwzqsq/dating_seems_impossible_as_introvert_man_from_gen/,n2ikfi3,Hoppip94,3,I am born april 1999. 2025 - 1999 = 26 im pretty sure,https://reddit.com/r/dating_advice/comments/1lwzqsq/_/n2ikfi3/,General / Other
1lwzqsq,Dating seems impossible as (introvert) man from gen Z,dating_advice,168,https://reddit.com/r/dating_advice/comments/1lwzqsq/dating_seems_impossible_as_introvert_man_from_gen/,n4hsnri,Hoppip94,1,Only a 5 on average (females &lt;29) unfortunately on attractiveness. Trustworthy is always around 7.5 for some reason and smart also 7 - 7.5. When I select date.,https://reddit.com/r/dating_advice/comments/1lwzqsq/_/n4hsnri/,General / Other
1lwzqsq,Dating seems impossible as (introvert) man from gen Z,dating_advice,168,https://reddit.com/r/dating_advice/comments/1lwzqsq/dating_seems_impossible_as_introvert_man_from_gen/,n2iczfn,Naxela,1,"&gt;I find that I also was unattracted to men that didn’t know how to lead in a relationship - **flirt**, initiate dates, open to things

I love all of these as a guy except the bolded one: flirting (at least initially). I realized I was demisexual these past few months and so all these years I never gave sexual energy at first was because *I actually didn't feel it yet*. I do feel the need now that I know to ""fake it"" initially, but honestly I really wish I could date someone where I could be my authentic self instead of trying to fake something in the beginning just to get the parts where flirting becomes more natural.",https://reddit.com/r/dating_advice/comments/1lwzqsq/_/n2iczfn/,General / Other
1kmjyl6,Dating makes me feel lonely…,dating_advice,163,https://reddit.com/r/dating_advice/comments/1kmjyl6/dating_makes_me_feel_lonely/,msayktt,blopiter,34,"Yea literally this is what dating is like as a straight man lol. You’re beginning to realize why a lot of men hate dating. Dating is simply wayyyy harder as a man It’s anxiety inducing, imbalanced, confusing, it fucking sucks.

The game is to date enough women that you stop caring if you lose one. You’ll become emotionally unavailable and For some reason that will get you even more women? The whole thing fucking sucks all the way down

Humans were never meant to date we were meant to hang out with groups of people until we found someone we really really liked to hang out with. 

Dating is fucked. Women have all the power so men need to improve as nauseum and women get to come as they are. This leads to men competing for women who do not need to measure up. So the improved man goes from wom",https://reddit.com/r/dating_advice/comments/1kmjyl6/_/msayktt/,General / Other
1kmjyl6,Dating makes me feel lonely…,dating_advice,163,https://reddit.com/r/dating_advice/comments/1kmjyl6/dating_makes_me_feel_lonely/,msd7ca8,Part-Four,6,"The fact you are getting dates isn't a bad thing. You are getting practice, sifting out the undesirables, ext.

Trust me, I wish I had your luck and could get dates period ... I can't even get that far. Why? Because when constantly dating you also are increasing your odds of success. One day it may be ""boom"" and you two are madly in love, wedding bells, the works.

I've talked with my father who has told stories of dating women only for a few weeks, then breaking up as there was no spark, then it was someone else, ext.

If anything, you may just be getting accustomed to it. Like my father once said, the first break up is the hardest. So using that logic, over time, I'd be willing to guess they get easier. 

That said, I'm not saying ignore the emotions, you can feel hurt, that's fine. But ",https://reddit.com/r/dating_advice/comments/1kmjyl6/_/msd7ca8/,General / Other
1kmjyl6,Dating makes me feel lonely…,dating_advice,163,https://reddit.com/r/dating_advice/comments/1kmjyl6/dating_makes_me_feel_lonely/,mscnrmh,Past-Future-7055,5,"So my expectations are long term for sure, but I think that there’s always a disparity between my interest and effort towards them vs what I receive. I’m not expecting a girlfriend in a month. However, I expect some form of interest. I’m not falling in love with the women i go after, but i do get a bit enthusiastic at the possibility that it can go somewhere…buuuut it going somewhere seems out of my court",https://reddit.com/r/dating_advice/comments/1kmjyl6/_/mscnrmh/,General / Other
1kmjyl6,Dating makes me feel lonely…,dating_advice,163,https://reddit.com/r/dating_advice/comments/1kmjyl6/dating_makes_me_feel_lonely/,mscqomq,Past-Future-7055,5,"I think you’re spot on. So far with the woman i’m talking to now, I did feel that attachment and want for a relationship. I’ve decided not to end things, but I did tone down my desire to want something to happen. With that comes that lonely feeling because it’s just that question of “why not me?”. The feeling of not being good enough at first impressions for them to want to invite and plan to do things with me and show that I at least cross their mind. 

As of now, she disappears on me and I just treat it like whatever because i’m aware that we’re not there yet. At the same time that feeling of loneliness doesn’t just go somewhere when i know how easy it is to pick up the phone and say hey.

Also, this is IRL dating not online dating for better context",https://reddit.com/r/dating_advice/comments/1kmjyl6/_/mscqomq/,General / Other
1kmjyl6,Dating makes me feel lonely…,dating_advice,163,https://reddit.com/r/dating_advice/comments/1kmjyl6/dating_makes_me_feel_lonely/,mscon1e,Past-Future-7055,4,"I would consider myself a little bit crazy if I’m feeling lonely after a first date. That’s not the case. i’d go on several dates with a particular woman. A woman isn’t going to turn down a date lol. I’m not feeling rejected and lonely in that way. It’s the lack of connection after spending the time that gives me this feeling of silent rejection. 

Expressing that I’d like to spend time together is just open communication. Some people in the discourse give me the impression that they think that I’m “love bombing”. I’m playing it real cool. In fact, I doubt that I’m even coming off as lonely to them. Loneliness is just how I ~feel~ despite “playing the game”",https://reddit.com/r/dating_advice/comments/1kmjyl6/_/mscon1e/,Learning the mechanics of dating
lu4rl6,"""Just be yourself""",dating_advice,147,https://reddit.com/r/dating_advice/comments/lu4rl6/just_be_yourself/,gp4eprn,kingkcthuluonxbox,17,"Learn to say hey that didn't work out, oh well on to the next, it took me a long time to learn that, but it's actually made me more confident, im just like you, 20 and never had a girlfriend, but the moment i learned it was ok to accept rejection was the moment i actually started to feel confident again, it sucks at first but it makes me feel better.

Also just start talking to more people to be theur friends, you don't have to try and find a girlfriend in every girl you meet, being friends with a girl is what it takes to start building up the confidence you want.",https://reddit.com/r/dating_advice/comments/lu4rl6/_/gp4eprn/,Breaking the inexperience loop
lu4rl6,"""Just be yourself""",dating_advice,147,https://reddit.com/r/dating_advice/comments/lu4rl6/just_be_yourself/,gp4a20v,Anomalous439,8,How do you work on being less terrified of women?,https://reddit.com/r/dating_advice/comments/lu4rl6/_/gp4a20v/,General / Other
lu4rl6,"""Just be yourself""",dating_advice,147,https://reddit.com/r/dating_advice/comments/lu4rl6/just_be_yourself/,gpmesd6,Anomalous439,3,"I think it is clear that you have hung out with a very different generation to me.  

In my circles, and indeed with pretty much 80% of everyone my age I've ever met, the second they find out I've been single my entire life it's pretty much all they focus on.  Asking me questions, grilling me, wondering why the hell such a social abnormality would cross their path.

At my age, it's highly irregular to have been single your entire life, and it's borderline unheard of to still be a virgin at the same age.  

If it wasn't such a big deal for other people, it wouldn't be such a big deal for me, but it's the culture that my generation has built, and clearly given how much time/effort the rest of society devotes to relationships, it's more important than you give it credit for.",https://reddit.com/r/dating_advice/comments/lu4rl6/_/gpmesd6/,Heartbreak and age
lu4rl6,"""Just be yourself""",dating_advice,147,https://reddit.com/r/dating_advice/comments/lu4rl6/just_be_yourself/,gp56gbz,Anomalous439,3,"It’s hard to be so carefree about that when I’ve been watching my friends get into relationships for the last 7 or so years, and seen how happy it makes them.  Meanwhile, I’ve been going to all the same events, meeting the same people, going to the same University and I’ve only been disappointed.
I don’t want to waste my life, but it feels like that’s what’s happening.  The best years of my youth drifting by while I’m perpetually alone.",https://reddit.com/r/dating_advice/comments/lu4rl6/_/gp56gbz/,General / Other
lu4rl6,"""Just be yourself""",dating_advice,147,https://reddit.com/r/dating_advice/comments/lu4rl6/just_be_yourself/,gp4a6od,Anomalous439,2,I’ve been working on bettering myself for 10 years.  Hasn’t worked.,https://reddit.com/r/dating_advice/comments/lu4rl6/_/gp4a6od/,General / Other
lu4rl6,"""Just be yourself""",dating_advice,147,https://reddit.com/r/dating_advice/comments/lu4rl6/just_be_yourself/,gp8mwom,Anomalous439,2,"20 years old and having never had a relationship is extremely rare.  I’ve never met another person irl that’s in a similar situation.  Everyone I know had been dating since their mid-teens, and regardless of how those relationships turned out it always seemed to make them happy.  I’ve had to watch for nearly a decade as they all pair up and swap affections.  I’ve been missing out on the strongest emotions a person can feel my entire life, and now that I’m in effectively the prime of my youth, I feel like I’m wasting it.",https://reddit.com/r/dating_advice/comments/lu4rl6/_/gp8mwom/,General / Other
lu4rl6,"""Just be yourself""",dating_advice,147,https://reddit.com/r/dating_advice/comments/lu4rl6/just_be_yourself/,gp8m5ux,Anomalous439,2,"I don’t think someone can just ‘start liking themselves’.  You need a reason to like yourself, you need objective reasons to have confidence in yourself.  And if nobody else on the planet considers you worthwhile, then how are you supposed to convince yourself you are?",https://reddit.com/r/dating_advice/comments/lu4rl6/_/gp8m5ux/,Building self-worth
lu4rl6,"""Just be yourself""",dating_advice,147,https://reddit.com/r/dating_advice/comments/lu4rl6/just_be_yourself/,gp8l0ag,Anomalous439,2,Humour me here. When did you get your first relationship?  What age were you?,https://reddit.com/r/dating_advice/comments/lu4rl6/_/gp8l0ag/,General / Other
lu4rl6,"""Just be yourself""",dating_advice,147,https://reddit.com/r/dating_advice/comments/lu4rl6/just_be_yourself/,gp4va38,Anomalous439,1,"I take a lot of advice from friends with regards to dressing, hair, hygiene, etc.  I would say I'm under control in terms of how I present myself.  I do work in retail but I'm 'casual' which means they don't have to employ me very often, so I only work about a shift every month.  I got cologne and work on my posture when I'm reminded to.  It's just that none of this seems to make a difference, and compounds the psychological issues stated above.",https://reddit.com/r/dating_advice/comments/lu4rl6/_/gp4va38/,General / Other
lu4rl6,"""Just be yourself""",dating_advice,147,https://reddit.com/r/dating_advice/comments/lu4rl6/just_be_yourself/,gp8ko45,Anomalous439,1,"At my age, male virginity is a hallmark of failure.  A symbol of how you’ve failed as a man.  Not only that, but it means I can’t contribute to 90% of the conversations that take place at parties and such between guys, seeing as that’s pretty much all they talk about.",https://reddit.com/r/dating_advice/comments/lu4rl6/_/gp8ko45/,Heartbreak and age
lu4rl6,"""Just be yourself""",dating_advice,147,https://reddit.com/r/dating_advice/comments/lu4rl6/just_be_yourself/,gp9mzt9,Anomalous439,1,"I don't know how old you are, but with my generation, not having had a single relationship by the age of 20 is extremely irregular.  It's a red flag in and of itself.  Every person I know has had multiple relationships and has been sexually active for years.",https://reddit.com/r/dating_advice/comments/lu4rl6/_/gp9mzt9/,General / Other
xekfns,"People act like you cannot have dealbreakers when you are not conventionally attractive and are single for a while, what is the deal?",dating_advice,132,https://reddit.com/r/dating_advice/comments/xekfns/people_act_like_you_cannot_have_dealbreakers_when/,ioi6kut,treyj88,5,"i didnt have many standards, just a type. my girlfriend who i have been with now for almost 2 years and who i plan to marry didnt meet much of that criteria initially but since then has completely changed my definition of beauty. and there are things about her that i initially questioned, those “dealbreakers” you mentioned i found out weren’t really dealbreakers. she has her quirks and i have mine, but she’s the best damn girlfriend i have ever had in my life and i’m glad to put up with those things. don’t waste too much time thinking there’s someone perfect. im not saying settle. but i don’t think you’re ever going to find that “perfect person”. you can however find the best person for you",https://reddit.com/r/dating_advice/comments/xekfns/_/ioi6kut/,Fear of intimacy after abstinence
xekfns,"People act like you cannot have dealbreakers when you are not conventionally attractive and are single for a while, what is the deal?",dating_advice,132,https://reddit.com/r/dating_advice/comments/xekfns/people_act_like_you_cannot_have_dealbreakers_when/,ioipc23,TaKaZT,3,"I approve. I'm the same lol, though I'm a bit younger, 28M here. I have so many standards lmao. 
No smoking/tattoos/alcohol/piercings/no obese/must workout/must be 21+/no single mums/no pets/must be self-sufficient/must not be vulgar. 
Heck there are more lol. Listen, they may sound like much, but if I can fit all of them, why can't the other person? Like we're 2 people, equal, both bringing something, not just one.",https://reddit.com/r/dating_advice/comments/xekfns/_/ioipc23/,General / Other
1psqh7d,I never seem to get in a relationship with women that I'm infatuated by or really really like.,dating_advice,118,https://reddit.com/r/dating_advice/comments/1psqh7d/i_never_seem_to_get_in_a_relationship_with_women/,nvbmqtv,throwaway14372020,8,"Well normally, I'd do that. I don't obsess over every girl that I'm going out with. It happens very rarely that I'm actually infatuated with them, and I take it as a special sign that at least from my side, they're the one. Is this not uncommon and I'm the only one?",https://reddit.com/r/dating_advice/comments/1psqh7d/_/nvbmqtv/,General / Other
1psqh7d,I never seem to get in a relationship with women that I'm infatuated by or really really like.,dating_advice,118,https://reddit.com/r/dating_advice/comments/1psqh7d/i_never_seem_to_get_in_a_relationship_with_women/,nvbv104,throwaway14372020,8,"I do really try my best to not show my infatuation; I just treat it like a normal date. And I do have more to my life then the person I'm dating; I'm a perfectly normal dude with hobbies and friends. But I do wanna lay in bed and stare at my girl all day, you know. Some books just draws you in from the first few pages like Dune/Harry Potter. Or even lines.

Also, I can't help it you know. It just happens. Right at this moment, I'm going out with four different girls, because I just started dating again; I just happen to get infatuated with them, and they rejected me and now I'm a little devastated.

Also Rangoon? Are you Burmese? I am actually burmese lol. Could be a cultural thing too; people used to write love letters before asking someone out over there.",https://reddit.com/r/dating_advice/comments/1psqh7d/_/nvbv104/,Getting over approach anxiety
1psqh7d,I never seem to get in a relationship with women that I'm infatuated by or really really like.,dating_advice,118,https://reddit.com/r/dating_advice/comments/1psqh7d/i_never_seem_to_get_in_a_relationship_with_women/,nvbn531,throwaway14372020,3,I did try to do a systematic analysis of this. The girls that I was infatuated with are not necessarily better looking than the other girls I'm dating. Nor is it a personality thing. It's all a variety of weird factors that I like. I'm sure they do have a high supply tho.,https://reddit.com/r/dating_advice/comments/1psqh7d/_/nvbn531/,General / Other
1psqh7d,I never seem to get in a relationship with women that I'm infatuated by or really really like.,dating_advice,118,https://reddit.com/r/dating_advice/comments/1psqh7d/i_never_seem_to_get_in_a_relationship_with_women/,nvbnbip,throwaway14372020,2,Maybe.... ARGGHHHHH,https://reddit.com/r/dating_advice/comments/1psqh7d/_/nvbnbip/,General / Other
1psqh7d,I never seem to get in a relationship with women that I'm infatuated by or really really like.,dating_advice,118,https://reddit.com/r/dating_advice/comments/1psqh7d/i_never_seem_to_get_in_a_relationship_with_women/,nvfa4v5,Doctorbuddy,2,"OP I can 100% relate to you. I’m a 31M too. 

This recently happened to me October. I met this girl speed dating and I was absolutely infatuated with her from the moment I saw her. She was 100% my type - short (5’ 3’), brunette, beautiful face, great career, independent, confident, funny, assertive, and great with her money. She also lived down the street from me. Infatuated is an understatement. I was head over heels for this girl. And the best part? She was into me as well! I thought she was outta my league too! I told her she was gorgeous multiple times. Just unreal she fell into my lap. 

She made dating her so so so easy (made it known she wanted to date me long term, scheduling was a breeze, complimented me on our dates and my planning them, texted me first, made effort on planning t",https://reddit.com/r/dating_advice/comments/1psqh7d/_/nvfa4v5/,General / Other
1psqh7d,I never seem to get in a relationship with women that I'm infatuated by or really really like.,dating_advice,118,https://reddit.com/r/dating_advice/comments/1psqh7d/i_never_seem_to_get_in_a_relationship_with_women/,nvwi19f,throwaway14372020,2,"Yah man, I'm so sorry to hear that you experienced the same thing. I sometimes ponder that I'm just a blip in her life that she'll forget in a few months, while I'm out here being crushed and micro-analyzing every single thing/word that could've gone wrong with the date. Anyways, I've kept myself busy, volunteering for Xmas and I'm halfway over it. Good luck to you too!",https://reddit.com/r/dating_advice/comments/1psqh7d/_/nvwi19f/,General / Other
1psqh7d,I never seem to get in a relationship with women that I'm infatuated by or really really like.,dating_advice,118,https://reddit.com/r/dating_advice/comments/1psqh7d/i_never_seem_to_get_in_a_relationship_with_women/,nve2p2z,throwaway14372020,1,"Although this might be true, I'm hoping my emotions are a little more complex than ""I want what I can't have"". Anecdotally, I have gone out with women who were way out of my league and I knew I had no chance; I'd say half of my dates were unattainable and I never really felt infatuated by them.",https://reddit.com/r/dating_advice/comments/1psqh7d/_/nve2p2z/,General / Other
1psqh7d,I never seem to get in a relationship with women that I'm infatuated by or really really like.,dating_advice,118,https://reddit.com/r/dating_advice/comments/1psqh7d/i_never_seem_to_get_in_a_relationship_with_women/,nve0ei3,throwaway14372020,1,"Thanks you for your detailed reply. The logical part of me totally understands the intricacies of love and having to build it over time over mutual respect, caring, understanding and compromise. All 3 of my past long-term relationships have been a slow burn at different age ranges and maturity levels, and all 3 of them were my best friends at some point in life and honestly I could've happily spend the rest of my life with them if the reasons for the break-ups didn't arise. I was always ready to commit.

I don't really believe in astrology, my sign, Capricorn aligns with my relationship style. I'm always super logical in choosing my partners and cares a lot of compatibility and the fundamentals (finances, lifestyle, health, cleanliness, kindness, etc). I know my flaws and I know my partner",https://reddit.com/r/dating_advice/comments/1psqh7d/_/nve0ei3/,General / Other
1psqh7d,I never seem to get in a relationship with women that I'm infatuated by or really really like.,dating_advice,118,https://reddit.com/r/dating_advice/comments/1psqh7d/i_never_seem_to_get_in_a_relationship_with_women/,nvbkexq,throwaway14372020,1,"Yah, I have a good career and hobbies and friends which keeps me busy in life. I mean, all this is happening internally; I'm showing enough interest but not like crazy infatuation stuff on the outside.",https://reddit.com/r/dating_advice/comments/1psqh7d/_/nvbkexq/,General / Other
1psqh7d,I never seem to get in a relationship with women that I'm infatuated by or really really like.,dating_advice,118,https://reddit.com/r/dating_advice/comments/1psqh7d/i_never_seem_to_get_in_a_relationship_with_women/,nvhanvi,throwaway14372020,1,"i give up too. people are saying that I can't be heads over heel for someone from the get-go. I get it but if i don't have that, i'll refuse to get in a relationship.",https://reddit.com/r/dating_advice/comments/1psqh7d/_/nvhanvi/,General / Other
1psqh7d,I never seem to get in a relationship with women that I'm infatuated by or really really like.,dating_advice,118,https://reddit.com/r/dating_advice/comments/1psqh7d/i_never_seem_to_get_in_a_relationship_with_women/,nvhh5rn,throwaway14372020,1,"Interesting! My date that didn't work out was Turkish Russian, so I don't think she would've mind if I was a bit smitten with her. Yap I kinda dislike how people assume I have some deep seated emotional dysregulation or trauma.   
  
 I'm sorry about what happened in your relationships. I totally agree with what you're saying in the last few lines. Wish you the best!",https://reddit.com/r/dating_advice/comments/1psqh7d/_/nvhh5rn/,General / Other
1psqh7d,I never seem to get in a relationship with women that I'm infatuated by or really really like.,dating_advice,118,https://reddit.com/r/dating_advice/comments/1psqh7d/i_never_seem_to_get_in_a_relationship_with_women/,nvh9voc,throwaway14372020,1,"No. They're actually really nice people. I usually go for the academics; they volunteer and are strong, independent people. No games. That's why it stings. They probably just don't like me enough to continue.",https://reddit.com/r/dating_advice/comments/1psqh7d/_/nvh9voc/,General / Other
1psqh7d,I never seem to get in a relationship with women that I'm infatuated by or really really like.,dating_advice,118,https://reddit.com/r/dating_advice/comments/1psqh7d/i_never_seem_to_get_in_a_relationship_with_women/,nwhxmbw,moneyBusiness22,1,"Im no freaking expert, but as a guy I don't think its good when were crazy infatuated with a girl,we put up with a lot of bs we wouldn't normally put up with,thats why most times when were crazy into a girl she won't like us like that,women like chill,mentally leveled men,not buffoons",https://reddit.com/r/dating_advice/comments/1psqh7d/_/nwhxmbw/,General / Other
1p4cv8h,I get an erection when I talk to attractive women,dating_advice,115,https://reddit.com/r/dating_advice/comments/1p4cv8h/i_get_an_erection_when_i_talk_to_attractive_women/,nqazrx8,Grand_Chocolate_6863,39,I would say either touch starved or attention starved. When I got a girlfriend even just a hug gave me an erection but after a while it stopped happening as much,https://reddit.com/r/dating_advice/comments/1p4cv8h/_/nqazrx8/,Coping with physical loneliness
1p4cv8h,I get an erection when I talk to attractive women,dating_advice,115,https://reddit.com/r/dating_advice/comments/1p4cv8h/i_get_an_erection_when_i_talk_to_attractive_women/,nqb4fzj,wallflower765,7,Fair.,https://reddit.com/r/dating_advice/comments/1p4cv8h/_/nqb4fzj/,General / Other
1p4cv8h,I get an erection when I talk to attractive women,dating_advice,115,https://reddit.com/r/dating_advice/comments/1p4cv8h/i_get_an_erection_when_i_talk_to_attractive_women/,nqb0ah0,wallflower765,6,"Idk if I'm touch-starved, some of my bros are huggers and we'll do the friendly side-hug. On the other hand I only have two real girl friends and one of them lives and hour and a half away from me so I rarely see her.",https://reddit.com/r/dating_advice/comments/1p4cv8h/_/nqb0ah0/,Coping with physical loneliness
1p4cv8h,I get an erection when I talk to attractive women,dating_advice,115,https://reddit.com/r/dating_advice/comments/1p4cv8h/i_get_an_erection_when_i_talk_to_attractive_women/,nqb4lr2,wallflower765,4,"Never thought of it that way. My line of thinking was always ""Well I get hugs from my friends all the time. I'm not touch-starved!"" Didn't realize you could be romantically touch-starved.",https://reddit.com/r/dating_advice/comments/1p4cv8h/_/nqb4lr2/,Coping with physical loneliness
1p4cv8h,I get an erection when I talk to attractive women,dating_advice,115,https://reddit.com/r/dating_advice/comments/1p4cv8h/i_get_an_erection_when_i_talk_to_attractive_women/,nqazz67,wallflower765,4,I'm tryyyyiiiiing ;-;,https://reddit.com/r/dating_advice/comments/1p4cv8h/_/nqazz67/,General / Other
1lz72cw,What makes women fall for guys that are average or below average physically? Need advice.,dating_advice,106,https://reddit.com/r/dating_advice/comments/1lz72cw/what_makes_women_fall_for_guys_that_are_average/,n2zil00,ReviewMe7164,21,Women develop physical attraction to personalities?,https://reddit.com/r/dating_advice/comments/1lz72cw/_/n2zil00/,General / Other
1lz72cw,What makes women fall for guys that are average or below average physically? Need advice.,dating_advice,106,https://reddit.com/r/dating_advice/comments/1lz72cw/what_makes_women_fall_for_guys_that_are_average/,n2zjsgo,ReviewMe7164,5,"This is interesting. From my POV I definitely care about personality, but I doubt I could fall  romantically for a girl who I didn't find physically cute, pretty or attractive. That's something I usually notice fairly quickly. Maybe my perception could change over time.",https://reddit.com/r/dating_advice/comments/1lz72cw/_/n2zjsgo/,General / Other
1lz72cw,What makes women fall for guys that are average or below average physically? Need advice.,dating_advice,106,https://reddit.com/r/dating_advice/comments/1lz72cw/what_makes_women_fall_for_guys_that_are_average/,n2zmubb,ReviewMe7164,3,Very interesting. Makes my preference process seem remarkably crude,https://reddit.com/r/dating_advice/comments/1lz72cw/_/n2zmubb/,General / Other
1lz72cw,What makes women fall for guys that are average or below average physically? Need advice.,dating_advice,106,https://reddit.com/r/dating_advice/comments/1lz72cw/what_makes_women_fall_for_guys_that_are_average/,n3177na,brightlove,2,"CHIVALRY. Empathy. Consideration. Affection. Making me feel safe in the relationship. Being intentional. They open doors, listen, plan dates. Hold my hand. They don’t call me bro or dude or act like I’m just one of the guys. 

I really don’t care at all for looks as long as a man is clean. 

But a lot of my friends are married to men who treat them like a roommate who does their laundry and cooks their food and I’m not into that.",https://reddit.com/r/dating_advice/comments/1lz72cw/_/n3177na/,Dealing with comparison pain
7tj9nj,Getting a date in Utah as a guy is impossible.,dating_advice,100,https://reddit.com/r/dating_advice/comments/7tj9nj/getting_a_date_in_utah_as_a_guy_is_impossible/,dtcx9u7,LizzardMcLizzardface,39,Palo Alto California. Which a house the size of a Trolley costs a couple million dollars,https://reddit.com/r/dating_advice/comments/7tj9nj/_/dtcx9u7/,General / Other
7tj9nj,Getting a date in Utah as a guy is impossible.,dating_advice,100,https://reddit.com/r/dating_advice/comments/7tj9nj/getting_a_date_in_utah_as_a_guy_is_impossible/,dtcx3my,LizzardMcLizzardface,30,"Because I can’t afford to move. I get paid decently, but the only place I could move would be Palo Alto.",https://reddit.com/r/dating_advice/comments/7tj9nj/_/dtcx3my/,General / Other
7tj9nj,Getting a date in Utah as a guy is impossible.,dating_advice,100,https://reddit.com/r/dating_advice/comments/7tj9nj/getting_a_date_in_utah_as_a_guy_is_impossible/,dtdi4cb,LizzardMcLizzardface,7,I won’t. I’d rather die.,https://reddit.com/r/dating_advice/comments/7tj9nj/_/dtdi4cb/,General / Other
7tj9nj,Getting a date in Utah as a guy is impossible.,dating_advice,100,https://reddit.com/r/dating_advice/comments/7tj9nj/getting_a_date_in_utah_as_a_guy_is_impossible/,dte1seb,LizzardMcLizzardface,3,"Yeah, but I’d still be alive",https://reddit.com/r/dating_advice/comments/7tj9nj/_/dte1seb/,General / Other
7tj9nj,Getting a date in Utah as a guy is impossible.,dating_advice,100,https://reddit.com/r/dating_advice/comments/7tj9nj/getting_a_date_in_utah_as_a_guy_is_impossible/,dte1uay,LizzardMcLizzardface,2,"Yes it’s a thing here
But
Tinder

All I hear about it is it’s just for sex
Am I wrong?",https://reddit.com/r/dating_advice/comments/7tj9nj/_/dte1uay/,Finding where to meet women
7tj9nj,Getting a date in Utah as a guy is impossible.,dating_advice,100,https://reddit.com/r/dating_advice/comments/7tj9nj/getting_a_date_in_utah_as_a_guy_is_impossible/,dtdjyax,LizzardMcLizzardface,1,"Nope. Cuddling, kisses etc. honestly now that I think of it, I’m probably a friend with benefits:P",https://reddit.com/r/dating_advice/comments/7tj9nj/_/dtdjyax/,General / Other
