id,title,subreddit,score,num_comments,upvote_ratio,url,created_date,author,post_body,flair
fv7ec7,"My son and his ""friend"" are a couple. How do I let them know it's okay?",relationship_advice,61525,3116,0.92,https://reddit.com/r/relationship_advice/comments/fv7ec7/my_son_and_his_friend_are_a_couple_how_do_i_let/,2020-04-05,throwralovemygayson,"Hello Reddit. Please bear with me regarding my formatting and things. I have read the rules and things, but I'm an old fart who is rather on the wrong side of 40 so I'm not overly well versed in the art of efficient internetting. 

My boy is 20 years old. He's absolutely my pride and joy, and there is nothing he could do that would ever make me love him less. For the first half of his life, I regrettably wasn't involved very much. His mother and I parted ways when he was just a few months old and at the time I was struggling with a heroin addiction and was absolutely not as present in his life as I should have been, nor was I suited to fatherhood at all. I saw him, at most, two to three times a year for the first 12 years of his life. I won't discuss details because that's his private story to tell, but when he was 12 he revealed to me that he was being badly mistreated at the hands of his mother and her boyfriend. Despite not being the best father at the time, I didn't want my boy suf",/r/all
9vs05k,"My son is a hateful incel, and I just cannot save him or defend him anymore.",self,58761,8615,0.82,https://reddit.com/r/self/comments/9vs05k/my_son_is_a_hateful_incel_and_i_just_cannot_save/,2018-11-10,Sonshinecloudyday,"My boy, my oldest child, was so good when he was little, but something broke inside of him when he was a teenager. 

My wife and I always accepted, loved, and encouraged him. We pushed him to work hard and treat people with respect. I don’t know where exactly we failed him but as a father I feel responsible for the thing he’s turned into. 

It started when he was 14. He had began to become withdrawn and emotional. We chalked it up to teenaged mood swings. For some reason he was just so angsty and bitter all the time. We were worried about his lack of social life and his over-reliance on his computer. He kind of hid himself in the online world so my wife and I began to limit his computer time, but he simply became more aggressive and confrontational. 

His hygiene was bad, and he was always confrontational when we told him to shower or do laundry. His room stank horribly and we eventually had a huge fight over it where he physically shoved my wife and called her a bitch, and eventually",
ita3mx,My(26M) gf(24F) told me she is pregnant but I am sterile,relationship_advice,43150,1133,0.96,https://reddit.com/r/relationship_advice/comments/ita3mx/my26m_gf24f_told_me_she_is_pregnant_but_i_am/,2020-09-15,ThrowRA_sterile,"I am from a SEA country and my first language is not english.

Backstory: I got into an accident after my college and will never be able to have kids. None of my family members know of this. They know about the accident but not about this. I have always wanted to be childfree so it did not affect me much mentally.

I have finished my Masters Degree last year and never dated before. I got a very high paying job directly through campus placements. My parents immediately wanted me to get married after getting a job but I wanted to work on myself and explore a bit. They said no and I said that it was my wish. All my life I did what they wanted and for the first time when I talked against them, they were not happy. This was last year and they gave up after covid started.

So I picked up some dating apps and went through them but no luck. Then my parents introduced me to a family friends daughter and we clicked kinda. Looking back, I was a fool. She said yes to anything I said and never comp",/r/all
1gouvit,You're being targeted by disinformation networks that are vastly more effective than you realize. And they're making you more hateful and depressed.,self,33658,1308,0.96,https://reddit.com/r/self/comments/1gouvit/youre_being_targeted_by_disinformation_networks/,2024-11-11,walkandtalkk,"(I wrote this [post ](https://www.reddit.com/r/GenZ/comments/1bfto4a/youre_being_targeted_by_disinformation_networks/)in March and posted it on r/GenZ.  However, a few people messaged me to say that the r/GenZ moderators took it down last week, though I'm not sure why.  Given the flood of divisive, gender-war posts we've seen in the past five days, and several countries' [demonstrated ](https://www.queensu.ca/artsci/news/how-russian-gender-based-disinformation-could-influence-the-2024-u-s-presidential-election)use of gender-war propaganda to fuel political division in multiple countries, I felt it was important to repost this.  This post was written for a U.S. audience, but the implications are increasingly global.)

**TL;DR:** You know that Russia and other governments try to manipulate people online.  But you almost certainly don't how just how effectively orchestrated influence networks are using social media platforms to make you -- individually-- angry, depressed, and hateful towa",
fvceaa,My (25M) girlfriend (24F) did not appreciate my reaction to seeing her naked.,relationship_advice,32013,2005,0.94,https://reddit.com/r/relationship_advice/comments/fvceaa/my_25m_girlfriend_24f_did_not_appreciate_my/,2020-04-05,nakthrow216,"There is currently this trend on the tiktok app of girls surprising their man by walking into the room naked, and filming their reaction. I've seen these videos before and normally the reaction is the man gets a smile on his face and they obviously get it on.  It's cheesy, romantic, funny, whatever.

My girlfriend is working from home during the pandemic and I work in the hospital. I got home from a 12 hour shift of potentially being exposed to covid-19, and just wanted some beers and to go to bed. I guess my girlfriend thought she would get the same reaction when i walked in the door and saw her naked. 

I barely had enough energy left to give any reaction let alone a good one. I basically just told her i appreciated the gesture but i was exhausted. She got moody at me basically comparing all these other tiktoks where the man gets excited to see their girl naked. I told her all these tiktoks have men working from home, not walking in the door after a 12 hour shift in a hospital during",/r/all
1h7hlsf,"I (F26) followed internet advice and asked out my ""lonely"" zoomer best friend (M25). He rejected me.",self,31161,5795,0.83,https://reddit.com/r/self/comments/1h7hlsf/i_f26_followed_internet_advice_and_asked_out_my/,2024-12-05,Present-Elephant-575,"A few days ago, I saw a post about Gen Z men being single and lonely. I commented on my main that my best friend was a really good guy yet a single virgin — and the internet gave me the courage to ask him out. ""Take initiative"" they said.

For context, we're college friends and he's in my same classes. We have coffee sometimes and buddies in common.

I asked him out today and he said NO because I am ""not his type"". 

His type being someone along the lines of Pokimane. I am 5'9 and around 160lbs (taller and heavier than him). I can't hold a candle to a pretty streamer. 

Mind you, he's been posting for weeks about being ""depressed"" that he has no one for ""cuffing season"". 

Can't deny I fucking cried. I have found him cute for months yet he thinks he's ugly and doesn't take me seriously. 

It's NOT my first time being rejected but I truly did everything the ""lonely men"" said they dreamed of; bought him lunch, made it private, didn't emasculate him. What now? Do I turn into a bitter ince",
1hbeze6,"Before you make up your mind on Luigi Mangione based on what the media tells you about him, know that his Reddit account paints its own picture of who he is",self,30301,2140,0.93,https://reddit.com/r/self/comments/1hbeze6/before_you_make_up_your_mind_on_luigi_mangione/,2024-12-10,ArchManningGOAT,"There's reason to believe that u/mister_cactus is the UHC shooting suspect Luigi Mangione. Credit to [this comment](https://np.reddit.com/r/spinalfusion/comments/1hajvwr/luigi_mangiones_spinal_fusion_looks_like_an_l5s1/m19pau7/) which is where I first saw this. Dug into the account for the fun of it.

The account is suspended, so all record of its posts/comments comes from Reddit archives.

Archive of all posts from the account: [Primary](https://search.pullpush.io/?kind=submission&amp;author=mister_cactus&amp;size=100), [Secondary](https://ihsoyct.github.io/?mode=submissions&amp;subreddit=&amp;sort_type=created_utc&amp;sort=desc&amp;limit=100&amp;after=&amp;before=&amp;author=Mister_cactus&amp;score=&amp;num_comments=&amp;q=)

Archive of all comments from the account: [Primary](https://search.pullpush.io/?kind=comment&amp;author=mister_cactus&amp;size=100), [Secondary](https://ihsoyct.github.io/?mode=comments&amp;subreddit=&amp;sort_type=created_utc&amp;sort=desc&amp;limit=100&a",
1h33ffu,I’m a millionaire and it cost me everything,self,27274,7437,0.85,https://reddit.com/r/self/comments/1h33ffu/im_a_millionaire_and_it_cost_me_everything/,2024-11-30,deebmaster,"37M. Recently hit this milestone after committing myself to my career for the last 15 years. I thought just focus on you, build the future you’re envisioning and the rest will fall into place. Man was I wrong.  The only thing I have is my career. I’ve completely lost myself along the way.

I’m sitting alone in my apartment as the holiday weekend gets under way. Watching the city come to life as I feel I slowly succumb to the opposite force. My friends are all with their families and loved ones, most have small children of their own. Everyone is rightfully consumed with their family and close friends - I just don’t fit-in in most of those settings anymore. 

I could absolutely go out on my own, so I’m not throwing a pity party, it just doesn’t sound appealing to me. 

I’ve given up my hobbies as I never had time for them the last decade, or they no longer interest me. I am unable to find love - some blame is certainly my own in this category but still feels like it’s been a gauntlet. An",
1eqhhj7,I watched a man die this morning and I am struggling to process it. ,self,26747,2295,0.94,https://reddit.com/r/self/comments/1eqhhj7/i_watched_a_man_die_this_morning_and_i_am/,2024-08-12,ekoms_stnioj,"Sending this off into the void, typing it out as a means of trying to process it. 

I dropped my wife off at the airport this morning and started to head home, when a woman in a sedan crossed the highway without looking. A man on a motorcycle doing 60+ hit her head on, and he flew about 20 feet right in front of my truck. His body was just lying in the middle of the highway in front of me, bleeding from his head, and he died almost immediately. I have never witnessed death, and it was very disturbing to watch someone die right in front of me so traumatically. There was nothing I could do, by the time I got to him he was dead. Several nurses and doctors who were driving to work came running over, but it was too late, and so we just stood there trying to shield his body from other drivers until the police showed up. 

Now, I cannot stop replaying it in my head, seeing his lifeless body crumpled in the road, wondering who he was, if he had a family, if he was in pain as he died or if it w",
kmj45u,"My best friend lost a bunch of weight and now he's expecting women to go crazy for him, yet they aren't because he became the ultimate nice guy in a Chad body. How do I bring this up without sounding like an asshole?",AskMen,26109,1801,0.92,https://reddit.com/r/AskMen/comments/kmj45u/my_best_friend_lost_a_bunch_of_weight_and_now_hes/,2020-12-29,starsandshitidk1,"Before losing weight, he treated women well and had a normal And healthy mindset. Now, he almost expects attractive women to want to date with him and gets extremely upset when they turn him down. Extremely upset as in ""going to the basement and punching a pillow for God knows how long"". He no longer wants to have female friends (another change) unless they dating, saying ""why do I have to keep up with a bitchy woman if I'm not fucking her?"". Also if we're out and he sees a cute girl walking alone, he's like I'll go ask her out, which I've stopped him from doing because it's a bit much to get asked out when you're shopping for groceries. He follows people on tiktok and Facebook who have been getting arrested for radical views and he's been reflecting that as well. How do I snap him out of this?

EDIT: I'm talking to a mutual friend that's attending the same PhD program and she said there's a girl in class that keeps hyping up his toxic masculinity and she tells him he's the most mascul",
heszvw,Update: My (23F) fiance (24M) has gotten way too overweight and I'm now having second thoughts about marriage.,relationship_advice,23039,1608,0.93,https://reddit.com/r/relationship_advice/comments/heszvw/update_my_23f_fiance_24m_has_gotten_way_too/,2020-06-24,ThrowRAfianceweight,"https://reddit.com/r/relationship_advice/comments/hbs6nu/my_23f_fiance_24m_has_gotten_way_too_overweight/

Well, here goes... not a great update.

I took a number of suggestions on what to bring up to him and how to have the conversation about my concerns. He did the usual thing of trying to brush it off. I persisted, much more than I have before. Eventually I got my wish, he finally told the truth. Not easily, mind, this was a several hours long ordeal. He did NOT want to come clean about anything.

He has a weight gain fetish. Not me or someone else gaining weight, which I already knew was a thing, but HIM gaining weight. He's been doing all of this on purpose, for years. He said the beginning was unintentional, just eating too much junk at college. Then he realized he liked it. He also realized if he let himself balloon too much I might bail. He didn't want to lose me. So he had enough self control to keep it at a moderate level, until I accepted his proposal last year. That was app",/r/all
sxcvvm,Why are young men giving up on dating?,AskMen,21679,5876,0.79,https://reddit.com/r/AskMen/comments/sxcvvm/why_are_young_men_giving_up_on_dating/,2022-02-20,calconnor22,"The title isn't what I originally posted, but my post kept on being removed. 

I thought it would be better to ask on this sub instead of r/datingadvice, because I think the replies from this sub would be much more understanding.

I've just been watching a video on YouTube about how a lot of young men are leaving society, and this is something I've very recently done as well.

I had to really weight up the pros and cons of doing this, but last week I decided to unfollow every girl on my Instagram account. It's not because I'm misogynistic, because I'm not that at all. It's more to do with how the average man is shown how easily disposable he is. How dating apps have completely ruined the dating market. There's a lot more reasons as to why I've just decided to go my own way.

The constant feeling of wanting affection all stems from social media. I came to the realisation that I'm doing nothing but wasting my time by talking to girls that only want to talk on Instagram, but wouldn't even",
1hld9qo,The love of my life is having a baby with someone else.,self,21521,2129,0.91,https://reddit.com/r/self/comments/1hld9qo/the_love_of_my_life_is_having_a_baby_with_someone/,2024-12-24,Krakenskullz33,"It's near five in the morning. Christmas Eve. I am alone in my bed because the love of my life is currently in a hospital three hours away having his first baby with someone he knew from work. If the baby survives it will be a daughter. We're not technically married but I've lived with and loved this man for eight years and we both considered ourselves married. I only learned about this less than a week ago. I am empty and hollow and full of rage and grief and jealousy. I have never been sure if I wanted kids, but I never had a doubt that if I did I wanted HIS children. I cannot believe this is happening. I'm lost in a waking nightmare. The life of the baby is at risk and I am so worried about her. I also don't want her to exist. Very conflicting feelings. I'm in so much pain. And I am alone. And it's Christmas. Why didn't he protect our relationship? How could he lie to me for so long? How could I not tell? Things will never be the same. I started packing and then stopped. I don't wan",
f1uoo2,"My (25m) Wife and Kid Died During Childbirth, I Want to Skip My Brother's Wedding",relationship_advice,20622,1182,0.94,https://reddit.com/r/relationship_advice/comments/f1uoo2/my_25m_wife_and_kid_died_during_childbirth_i_want/,2020-02-10,ThrowRA-1231248,"I will make this quick and save most of you the trouble of reading a lot. I am a Lt in the military and I work as a pilot.

A few months ago both my wife of three years and our child died while she was giving birth. Everyone tells me how sorry they are, how amazing of a woman she was, how much of a great father I would’ve have been. I don’t like hearing it, I don’t want to know what I could have been, should have been, or would have been because it doesn’t exist anymore.

My brother is getting married later this summer and everyone is preparing for that. I’m really happy for them and both families. Plus it slowly took everyone’s focus off me and they can focus on the happier future. I was obviously going to be a groomsmen for him, was going to give a speech after the best man, and just tease him in front of his new wife and family. My wife was looking forward to it and so was everyone else. People say they like my speeches and toasts, and my wife used to joke that every time I talk the",/r/all
blu5qk,I(22M) Recently discovered My Dad (50M) choose me over my former Stepmother and Half-sister(17F) 6 years ago. Don't know how to process this.,relationship_advice,18123,900,0.94,https://reddit.com/r/relationship_advice/comments/blu5qk/i22m_recently_discovered_my_dad_50m_choose_me/,2019-05-07,batnau,"I was sexually abused between the ages 9-13 by my stepfather. Both he and my mom will be behind bars for many years to come. When I was sent to live with my dad, I was broken. I barely spoke, didn't eat much if at all.  I wasn't mad or angry. I was null of any kind of emotion. Basically I was alive but wasn't living. I kept my interactions with everyone to the bare minimum. I was polite but didn't  go out of my way to make conversation with anyone. I was more social with my dad but I kept it to a bare minimum.  I had noting left to say to anyone. It took me 2 years for be me to be able to allow my dad to show any form of parental affection towards me. That's how withdrawn I had become.

Dad was my rock throughout the whole thing.  When I experienced night- terrors, I would wake up and either find my dad holding my hand or him holding me.  He drove me to all of my therapist appointments. He made sure I was eating properly. There were days, I would break down for no reason and he would j",
1hri7zw,I hate my daughter. This is the first time I admit it out loud. ,self,18064,2672,0.88,https://reddit.com/r/self/comments/1hri7zw/i_hate_my_daughter_this_is_the_first_time_i_admit/,2025-01-02,Fit_Landscape8453,"I know that she was shaped by her environment. I know that I failed in raising her well. I know that she grew up in a toxic environment. But I hate her guts.

My ex husband was very abusive to me. He is the most charismatic man so nobody believed me for a very long time. He said that I wasn't leaving his house alive when I took my two children, 14&amp;15 at the time and ran away. She called after a week and told him where I was. This was the only time he lost his shit when there were witnesses around at the motel and they called the cops. I filed for divorce afterwards and we had shared custody. I gave him everything in exchange of him leaving me alone. Promised not to ask for my part of our property and savings. Since then my daughter hated me because I ruined her world. She hated living in two homes. She started using force against me when she lived with me until my son told her that he would kill her if she put her hand on me again. She never came home afterwards. I knew that she wo",
fn2thu,"Update: my wife said something strange about her ex, and it's really getting to me (I'm 31M, she's 31F)",relationship_advice,17159,925,0.92,https://reddit.com/r/relationship_advice/comments/fn2thu/update_my_wife_said_something_strange_about_her/,2020-03-22,throwRA484uei,"Original: https://www.reddit.com/r/relationship_advice/comments/flew19/my_wife_said_something_strange_about_her_ex_and/?utm_medium=android_app&amp;utm_source=share

TL;DR my wife occasionally talks about her ex as though she misses him, and then the other night she said he was the only guy she ever knew with beautiful feet. (Yeah, weird... But also hurtful towards me and my nasty feet.)

So I actually tried to post this the very next morning, while replies to my first post were still streaming in, because I talked to Abby almost immediately and consider the issue largely settled. Automod deleted it so I've had to wait a couple days. In hindsight I'm glad I've had to wait because it gave me more time to consider the responses I received.

First of all, I wanted to thank everyone who responded yesterday. 

Unfortunately I did receive a bit of bizarre advice-- a number of users called my wife an ""alpha widow"", still others told me to divorce her immediately because she MUST be cheating. I",/r/all
c8tlmu,"I am almost 65 years old and all alone in this world... I have no partner, no children, no friends, just regrets and I want you to avoid my mistakes",self,16363,948,0.95,https://reddit.com/r/self/comments/c8tlmu/i_am_almost_65_years_old_and_all_alone_in_this/,2019-07-03,WeighedButLacking,"I was born into a normal family. I wasn't abused. I wasn't dirt poor, I didn't grow up devoid of opportunities. Physically I am a perfectly average man, around six feet tall, normal physique. I have all my hair still, got all my teeth and everything. You could walk past me on the street and you wouldn't have a clue that I'm a lonely man. You wouldn't know I'm miserable. You wouldn't know I'm deathly shy, because if you talked to me, I could make some small talk, but if you never approached me, I'd never dare to speak up.

For all my life I have been so terribly scared of making mistakes, that I tried desperately to avoid making any, ever. I didn't want to make any form of social *faux pas*, I didn't want to do anything I would be ashamed of remembering. The only times I could ever let go, was when I was intoxicated... that's when I would feel human. It's when I go the courage to actually make jokes, be funny, be friendly, be an actual person for a moment until I sobered up.

I've only",
co8q04,UPDATE 1: I'm 99.99% sure my (35m) wife (33f) of 14 years has been cheating on me for years. I'm completely broken and at a loss for what to do....,relationship_advice,15989,956,0.93,https://reddit.com/r/relationship_advice/comments/co8q04/update_1_im_9999_sure_my_35m_wife_33f_of_14_years/,2019-08-09,IcyWarp,"\*\*\*RE-UPLOADED THE ORIGINAL POST, BELOW\*\*\*

Last update for a while: Thanks to all of you for your support. I can't even express how wonderful all of your advice and kind words have been. I'm having a hard time getting back to all of you as this has kind of blown up, so I'm just gonna have to stop for now. I'll post another thread with an update as needed. Take care

(Original story below the dotted line)

I met with my lawyer this morning and she was great. She gave me a lot of confidence that I felt was draining away from me throughout the week as I waited to confront. I also had a good friend that was my rock throughout the week, and I will never be able to thank him enough.

I ended up confronting my wife right after the meeting with the lawyer. I refused to give up any of my evidence. I just said ""I know about the other guy, I need you to talk about it."" I just kept repeating that line while she went through crocodile tears and confusion about what I was talking about. It wa",
hvy89e,"What's the ""smallest"" you guys have ever felt?",AskMen,15819,1029,0.94,https://reddit.com/r/AskMen/comments/hvy89e/whats_the_smallest_you_guys_have_ever_felt/,2020-07-22,BushDidTheMain,"So I (M23) recently started going to therapy for the first time in my life, mainly for severe depression but also for bulimia/body issues. My therapist recommend I join a group session, which I did, and out of the nine people there I am the ONLY guy. That in itself is kind of upsetting because, in my experience, eating disorders was always kind of presented as a female thing. I felt even more alone for having a ""female problem"" and going to that group only seemed to confirm it. Now I know that isn't actually true and there are plenty of males with similar problems, but still. You can't deny that not only does the problem SEEM more prevalent in women, but it also SEEMS far more accepted and supported with women than it does with men.

To make matters worse, I have a tendency to tear up when talking about something that makes me really uncomfortable. Not like cry, but glassy eyed with an occasional tear I guess. Most times I don't even feel upset, it feels like an involuntary self defens",
hnda6b,I could't forgive my husband for our wedding and wedding night. And after two weeks our marrige ended.,relationship_advice,15466,1586,0.88,https://reddit.com/r/relationship_advice/comments/hnda6b/i_couldt_forgive_my_husband_for_our_wedding_and/,2020-07-08,ThrowRA_white_berry,"I'm sorry but I'm not fluent in English.

Me (27F) and my Husband  (29M) got married about 2 weeks ago.
I have son 3.5yo that adores him and He is like father to Him.

Evrything started about 2h in to our wedding party. 
My Husband got mad at me for ignirong him while I had a short converstion with his best man making jokes.
 
 I ""ignored"" Him only because I didn't hear him speaking to me from behind and I told Him that.
He told me in that moment that- 
/He Has nothing to say to me and he won't be talking to me anymore that Day./

After that I went outside and started cring. I wanted to talk to Him but he refused. 
Pepole came up to me and asked what's wrong and all I could say was that I don't know outside that my husband doesn't want to talk to me on our wedding Day

About 2h later he came up to me mad and told me to stop cring and to go and entertain the guests.
I could not bring myself to do that. I found a place where I could be alone and cried The whole night. 

I came up to him",/r/all
bm1ivc,(UPDATE 2) My Roommate's (21F) Parents keep Letting Themselves into My (21F) Apartment with the spare key she gave them.,relationship_advice,15300,843,0.93,https://reddit.com/r/relationship_advice/comments/bm1ivc/update_2_my_roommates_21f_parents_keep_letting/,2019-05-08,ughhhelpmepleaseee,"Okay guys, I'm sorry for updating you guys late and for the super long post, but I want to make sure I get important details in there. 

Original post: https://www.reddit.com/r/relationship_advice/comments/bl31eh/my_roommates21f_parents_keep_letting_themselves/?utm_medium=android_app&amp;utm_source=share

 Update 1: https://www.reddit.com/r/relationship_advice/comments/blf7xp/update_my_roommates_21f_parents_keep_letting/?utm_medium=android_app&amp;utm_source=share

TLDR: My family helped and we're getting her evicted. 

I THINK RM IS CRAZY and needs a MH checkup. Seriously. I am very worried for her wellbeing. 

My mom was home, along with my brother, my brother's girlfriend, and her parents. I told them everything that happened, and no one liked what they heard. My mom called my dad to tell him what happened.

When my dad came home, he hugged me immediately and started crying. Me being called a prostitute and a slut was too much for him to handle. I've never seen dad cry before, and i",
e3gf4c,Update I (26f) am an escort and I am falling in love with one of my clients (39M),relationship_advice,15013,775,0.87,https://reddit.com/r/relationship_advice/comments/e3gf4c/update_i_26f_am_an_escort_and_i_am_falling_in/,2019-11-29,throwRA-esc,"[Original post here](https://www.reddit.com/r/relationship_advice/comments/duk7rb/i_26f_am_an_escort_and_i_am_falling_in_love_with/)

**\*Edit\* Final Update from the previous thread because a lot of you didnt seem to read the original post or missed its final update here it is so i dont have to keep answering things that have already been answered.**

Well I truly didn't expect this post to get the reception it did. I didn't think this many people would care and become so invested in my story. I really didn't expect all the support I got. I was flooded with Comments, Pms and chat requests. Some were about what I expected. Accusations of gold digger, and ""cant turn a hoe into a housewife"" type comments thats really the response I expected. What I didn't expect were the thousands of comments and messages of support. You were all right in that I did know what I really wanted. I did know what my heart was telling me but seeing thousands of people tell me to go for it was the push I needed",/r/all
ejgbu9,"How can I(30f) convince my acquaintances(who thinks that they are my friends) that I am not an innocent, manipulated, gaslit victim? I am just an Indian woman living my life happily in a western country.",relationship_advice,11963,571,0.85,https://reddit.com/r/relationship_advice/comments/ejgbu9/how_can_i30f_convince_my_acquaintanceswho_thinks/,2020-01-03,ThrowRAindiandil,"* I have never been with anyone but my husband. We had an arranged marriage and I am perfectly happy with it.

From a young age, I had high hopes about my man. I wanted a well educated, physically and mentally sound teetotaler with a good job and nice family. And yes, he should love and respect me. If I had met anyone like that, I might have fallen in love. I didn't want to spend my time and efforts on clueless teenagers or jobless young men. I didn't want to play trial and error with my life and I am happy that I didn't have to, at least till now.

We found the person of our dreams through arranged marriage and there aren't any compatibility issues since our families did thorough background and character enquires before marriage. 

*These friends of mine thinks that I missed out so much 'fun'. I don't regret spending my time on some worthless men*

* They hate that my MIL lives with us for half of the year

I use the term MIL so that the readers will understand things clearly. I use t",/r/all
a553f2,"I [M26] recently found out my ""Step-Father"" [M48] who just married my mother 2 years ago is currently having a sexual relationship with my wife of 4 years [F28] behind my back and has been since late summer or maybe even before that. What am I supposed to do? Should I tell my mother?",relationship_advice,10711,1365,0.93,https://reddit.com/r/relationship_advice/comments/a553f2/i_m26_recently_found_out_my_stepfather_m48_who/,2018-12-11,timesqstreets,"I'm sorry if this is a little much. I've been sitting in my car for a few hours, sorry for errors im on mobile. 

My wife and I have been married for 4 years. We argue sometimes over little things but I love her with all my heart. There's never been anything wrong until now. I thought we were happy, I always treated her right and got listened to her. I took her out whenever she wanted and studied with her. She doesn't work because she's getting her degree right now, so I gladly pay for everything and work overtime constantly because I wanted her to be great. She goes to classes nearly full-time and spends the rest of her time home or her school library. 

I'm not close to my mother at all but I see her from time to time. Recently we've been trying to reconnect but she's just really not a good person. She was horrible to me growing up but I tried to forgive her for her personality and actions. She has alot of bad habits and had 2 failed marriages with really shitty dudes. She recently g",
a6a8qj,(update) I (28M) with fiance (27F) about a month ago overheard her tell a friend her previous Ex was the best lover she ever had,relationship_advice,10704,3205,0.86,https://reddit.com/r/relationship_advice/comments/a6a8qj/update_i_28m_with_fiance_27f_about_a_month_ago/,2018-12-14,AlarmingMonk,"https://www.reddit.com/r/relationship_advice/comments/a492j5/i_28m_with_fiance_27f_about_a_month_ago_overheard/

It all came to a head last night.  She just came out and asked me if I did not love her anymore and all that I could tell her was that a very large part of me still did but that what she said had really made it so that another part of me just didn't anymore.  

This started a larger conversation that I won't bore you with but ultimately it came down to me saying that I would have heard that he was just better at something or more attentive to something or was able to do something that I would have felt like I could have worked on it.  I would have listened to anything she wanted worked on any technique or anything else that she would have shared with me.  But to know that I was never going to measure up simply because of a physical issue was not something I thought I could get over any time soon or if I ever could for that matter.

I was even honest and said that if it was j",bittersweet success
ewk1hi,I’m 16 with a week to live,offmychest,10630,193,0.93,https://reddit.com/r/offmychest/comments/ewk1hi/im_16_with_a_week_to_live/,2020-01-31,intheninthinning,"Hello,

I’ve never really written my whole story and before I go I wanted to have someone remember who I was, even if it’s a series of anonymous redditors. This is going to be a long read and I apologize in advance.

I was born into a wealthy family in managment of a household corporation from the part of the world I was originally from (East Asia). My father was a cruel man who often abused my mother and I ferociously. Despite all his shortcomings, he tried to groom me into becoming a good man who would one day lead the company he built from nothing. As the years dragged on his health declined.

When I was twelve, he passed away and it was said he worked himself to death. Flying between America and Korea mustn’t have been easy for him as he often seemed ill especially during the finals few months of his life. 

In the years after my father’s passing, my mother took on the role of shaping me into a future corporate leader by having me educated at the best schools in America. Those year",
9xvq3w,"Every year my wife has spent upwards of $1500 on new Xmas decorations she just throws away after New Years. She promised me last year was the last but I just found a huge bag of decorations in the garage. I'm disgusted. What do I do here? (Both 34, two kids)",relationship_advice,10557,1524,0.95,https://reddit.com/r/relationship_advice/comments/9xvq3w/every_year_my_wife_has_spent_upwards_of_1500_on/,2018-11-17,Christmasnmare,"Wife and I have been married 10 years, we have two kids 5 and 3. Wife is a good person but has no concept of money, budgeting and spending. I've gotten her following a pretty decent budget but she comes and blows her was during Xmas. 

I don't mind her being generous to friends and family. It brings her joy and I appreciate that. But what disgusts me is her ""need"" to spend money to decorate. Every single year she goes completely overboard and essentially buys an entire brand new set of Christmas decorations. Everything from tree holders to candle stands to ornaments. Every year it's all brand new and every year she's so exhausted by the end of the holiday to store and organize it all that she just throws it all away.

To best exemplify how it works let's talk about stockings. She will go to target, see cute stockings buy four of them. Then she'll go to world market and see even cuter stockings and she'll buy four of them there. Then she'll see one at Walmart which features lighting McQ",
sseson,My father told me this,dating_advice,9811,258,0.98,https://reddit.com/r/dating_advice/comments/sseson/my_father_told_me_this/,2022-02-14,rebeccazung1,"My  father told me this when he walked up on me hiding behind his house  while I was bawling over my fiancée, who I just found out was cheating  on me.

“I  know right now you’re feeling desperate, angry, hurt and alone. And the  first thing you want to do is get revenge, sleep with other people and  hurt someone too. That’s normal. But you shouldn’t do that. Don’t be  like her. Don’t go down that path. You should always fall back on your  best character. Be the bigger person now, and you’ve already won. Feel  the pain for now. In a month you’ll see what I mean. And so will she. So  take your time. Be a good man. You’ll find someone who actually cares  about you. Maybe you’ll be alone, and that’s okay too. But you still  have your life and your character and you can’t throw that away because  of someone else who doesn’t have any.”

I’ve  thought about that every single day for a year now, and it has  propelled me to such strength, confidence, love and happiness.",
rpgcdp,I (28M) kissed my daughter’s friend’s mom (30f) and I’m really happy about it,offmychest,9584,341,0.99,https://reddit.com/r/offmychest/comments/rpgcdp/i_28m_kissed_my_daughters_friends_mom_30f_and_im/,2021-12-27,curious_car_,"My daughter is 6 and she met her new BFF at the start of the school year. Her mom is a very nice lady. They don’t live far either so we have invited them over a lot. It’s became a regular thing for the past 2 months to have them over every weekend, both Saturday and Sunday. Either we take the girls out somewhere fun or we stay in watching movies, do other activities. 
I spend lots of time alone with her. We can talk for hours about anything and next thing we know time has flown by. Then the butterflies in my stomach and the blushing everytime she smiled started hitting me. 

I’ve been a full time single dad for 3 years since my ex decided to walk out on our daughter. So dating has never been on my mind. They spent Christmas Eve and Christmas with us which led to them staying all weekend. The girls fell asleep on the couch watching Encanto and it was me and her up for another hour chatting. Had a little bit of wine in me so ofc I blurt out that she looks beautiful right now. Randomly, o",
1etj2cs,female loneliness sucks as much as male loneliness ,self,9543,3440,0.67,https://reddit.com/r/self/comments/1etj2cs/female_loneliness_sucks_as_much_as_male_loneliness/,2024-08-16,Winter-Shift-4855,"A lot of people tend to misunderstand female loneliness from the idea that we’re highly pursued sexually. Women don’t want to be seen as sexual objects nor loved as one, and we tend to be just as lonely as men. I’m 22 and so far most things relationship wise leave me feeling undesirable and unworthy, just as much as other men feel in relationships. It’s sooo frustrating to talk about this because as soon as you do, you’re immediately hit with a “okay but men would line up to sleep with you!” Why in the world would any woman feel fulfilled from that? Being sexually desired is not the same as being loved!

EDIT: As someone who grew up hyper isolated and only just started actively making more friends at 20- the friendship gap you guys are referring to does not exist for me, as I am literally in the same boat. What does exist is the excuses and denial you would rather put yourself through than acknowledge that the opposite gender does in fact… get extremely lonely! Not everything is a comp",
1iyzkpv,UPDATE My(28M) husband(27M) just came out as straight.,relationship_advice,9084,30,0.98,https://reddit.com/r/relationship_advice/comments/1iyzkpv/update_my28m_husband27m_just_came_out_as_straight/,2025-02-26,ThrowRA_drag,"Thank you to everyone who gave me genuine advice on my last post. I’ll quickly answer some common questions; No, he does not have a family history of bipolar disorder or any other mental health disorder that would cause sharp changes. No, he isn’t cheating on me with one of his church friends, but I will get more into this later. No, he isn’t bi. I’m bi, and we’ve had conversations and he said he experimented in highschool but it wasn’t for him. 

I talked to his family and our friends about the whole thing. I explained we were separating because of his new found faith and how he’s acting. I told them about the shit he said and they’re all worried for me. I don’t think that I’m in any sorr of danger, honestly. I did talk to my church about this, and they told me that the church he’s attending is notorious for this sort of thing. One of them will show up after a service and wait outside, and if someone is walking out alone they’ll come up to them and start chatting. They’ll pretend they",
ct4p16,[Update] I am not letting my wife and my newborn go to her maternal home.,relationship_advice,9036,336,0.97,https://reddit.com/r/relationship_advice/comments/ct4p16/update_i_am_not_letting_my_wife_and_my_newborn_go/,2019-08-20,BisakuMalivana,"Edit : Update 2 : [https://www.reddit.com/r/relationship\_advice/comments/dpanlt/update2\_i\_am\_not\_letting\_my\_wife\_and\_my\_newborn/](https://www.reddit.com/r/relationship_advice/comments/dpanlt/update2_i_am_not_letting_my_wife_and_my_newborn/)

Edit : Update 3 , since Update 2 got removed due to not including ThrowRA in username :

[https://www.reddit.com/r/relationship\_advice/comments/dpjhbv/update3\_i\_am\_not\_letting\_my\_wife\_and\_my\_newborn/](https://www.reddit.com/r/relationship_advice/comments/dpjhbv/update3_i_am_not_letting_my_wife_and_my_newborn/)

First of all, heartfelt thanks to the reddit community. There were some great suggestions , I didn't reply to the comments, but I read each and every one with a Pen and Paper in my hand, and made notes, just trying to figure out what to do. There were some very supportive messages in my DM , of people recounting their own stories , thank you for that support.

My original post was locked down and removed by the moderators",
1f6tn0f,"I think my husband fathered his best friend's children, and now one of them is attracted to my daughter. ",offmychest,8971,2191,0.98,https://reddit.com/r/offmychest/comments/1f6tn0f/i_think_my_husband_fathered_his_best_friends/,2024-09-02,PsychFactor,"(All names are fake.) This began as a dark, intrusive thought that I could never shake off, and over the years it has bloomed into a poison flower that infects my entire psyche. 



I’m a forty-two year old woman. My husband “Luke” is 43, and so is “Amy.” I met Luke in college, but he’s known Amy since they were about 7. They did everything together and understood each other implicitly. They were best friends. They’ve always insisted that they are surrogate siblings to each other. 



Naturally I, as a new girlfriend, felt a little threatened by Amy and her closeness to Luke, but they both reassured me I had nothing to worry about. That their bond was not romantic and had never been sexual. That Amy really was just the sister that Luke never had. I believed them, and it didn’t take long for me to forget any and all insecurity I had about Amy. She became my friend too. She officiated our wedding. 



Luke and I have built a wonderful life together and we always had a strong relationship",
1jadh16,A Simple Text to a Friend Changed How I Think About Masculinity,self,8743,219,0.99,https://reddit.com/r/self/comments/1jadh16/a_simple_text_to_a_friend_changed_how_i_think/,2025-03-13,Rex_felis,"So I was driving to a site visit with one of my managers and we started getting into some deep topics. Life, work satisfaction, relationships, etc. Usually I tend to shy away from these topics in the workplace with a manager but this one in particular has opened up to me about sensitive topics and I figured why not. He's gay, I'm not, and the main reason this is relevant is that I've noticed an approach/perspective I see in queer folk that makes me uncomfortable but I am starting to come around to. 

On the topic of friends I mentioned how often my relationships with men are pretty surface level and lack depth. My straight guy friends are great dudes but I find myself closer with women and my queer friends. The only time I feel like I start to forge more intimate bonds with my straight guy friends is when we struggle greatly together. Whether it be sports, having faced negative experiences like hazing or even fighting amongst one another. 

This was not the case for my manager at all.",
1emmgbw,Why is this sub turning into a ‘female’ hate breeding ground,self,8695,3074,0.73,https://reddit.com/r/self/comments/1emmgbw/why_is_this_sub_turning_into_a_female_hate/,2024-08-07,AnthroPLstudent,"Edit: i wanna say that this sparked some fruitful discussions between people. So thanks everyone for sharing experiences &amp; for receiving this well instead of jumping on the gun immediately 🙏🏽 (some people did but whatever unavoidable on the internet)

Yes, im prepared for being downvoted to hell. But why the hell is that allowed. Dozens of posts a day. About how women should just have sex with men to cure their depression and magically give them life. Upon that posts about women having no empathy at all. Calling women ‘females’ who are ‘toxic’ and ‘females are this and this way’. Making harmful statements about women. Just telling those men to have sex with FAT WOMEN in a so that they atleast have sex (what the fuck, literally just read that one on here) Its turning into a breeding ground (well actually not but yea) for women hate. 

Why are women and their bodies for sex and intimacy the sole reason for your existence and happiness? Who has learned you that? Was it porn? Was it pa",
bgfnie,(Final update) My (21F) boyfriend (22M) tried to gaslight me into getting plastic surgery.,relationship_advice,8075,332,0.92,https://reddit.com/r/relationship_advice/comments/bgfnie/final_update_my_21f_boyfriend_22m_tried_to/,2019-04-23,thr0wawayy8547,"This is going to be the last post I make about this situation. I want to put the whole thing behind me and focus on moving forward now, but my last post got a lot of responses so I felt as though I needed to say at least something on the matter. 

A lot of you have been greatly helpful to me in this time and I appreciate that more than I can say. To those of you calling me an idiot or saying I was making excuses for him - I wasn't. Evidently I knew his actions were wrong, otherwise I wouldn't have made the post to begin with. I clarified that he was usually very nice to me because he was. He's helped me through panic attacks, paid for a lot of my food when I've had no money, defended me against a previous abuser, and always been very attentive prior to recent incidents. Of course I knew that his actions in my post were wrong, I was trying to stress that he is not normally like this &amp; that he was not aggressive with me. This is a man that I felt safe with because he had given me all",
1gb5nnw,I probably saved someone's life today while trash talking to my friend. ,self,7974,160,0.99,https://reddit.com/r/self/comments/1gb5nnw/i_probably_saved_someones_life_today_while_trash/,2024-10-24,even_I_cant_fix_you,"Today I was walking outside to talk to my friends on call without interruption of my parents. As I was talking, suddenly a man comes up to me and asks for my phone to call someone. His face was covered in sweat and saliva of his own. He tried to speak but he couldn't speak. No words were coming out of his mouth, just gibberish. 

And I was obviously scared that this might be a trick on me to snatch my phone and run away. So I was like okay calm down, I'll let you call but I'll hold the phone, you don't touch it. He obliged and he called someone but they didn't pick up, I was feeling kinda relaxed at that point as no one was picking up so that means I can leave right? But then this guy starts to breakdown, cry. I was like woah woah this is serious now, then he calls another number and then they pick up and then he talks to them in his gibberish way while panicking. 

Turns out that it was his family that he was talking to and this guy was mentally and physically ill. He couldn't speak b",
1f2umej,My (28f) boyfriend’s (30M) ex hid a note about his cleaning/dating habits right before they broke up that I just found. How do I talk to him about cleaning habits without him feeling like I’m using his ex’s words against him?,relationship_advice,7875,441,0.98,https://reddit.com/r/relationship_advice/comments/1f2umej/my_28f_boyfriends_30m_ex_hid_a_note_about_his/,2024-08-27,ThrowRA-ex-note,"Throwaway account because I don’t want my boyfriend to find this. I posted this elsewhere but thought this subreddit could help too. 

I (28f) and my bf (30m) who we’ll call “Steve” have been together for 2 years and have  been living together for 8 months. I was cleaning our apartment when I found a note in the back of a cabinet. For context sake, I’ll copy it below:

“Dear Steve’s Future Girlfriend,

I know it’s you reading this because he’d never clean back here. I’m putting this here because I’m leaving him soon and want to warn you about him:
1. He will not clean
2. He will not listen
3. He will make everything feel like it’s your fault 

It’s not your fault, he’s just an incompetent man. I’m leaving him, I suggest you do the same.

Best wishes,
Natalia “
(name changed)

I read the note and brought it to show to him and hear his response. He immediately ripped it up and said not to listen to it, that she was crazy and untrustworthy. I told him that the fact that he hasn’t found it",
bif0xb,UPDATE: I (48 M) don't know how to be a dad to a child (1 year M) I never wanted.,relationship_advice,7684,379,0.94,https://reddit.com/r/relationship_advice/comments/bif0xb/update_i_48_m_dont_know_how_to_be_a_dad_to_a/,2019-04-28,0dadbab0,"While it's only been a few days since I posted I think I've been able to find myself in a better place, mentally speaking. I've done a vast amount of thinking and introspection. I had a lot to process. A lot to figure out. I believe I was in a bit of a panic when I posted. I feel calmer now since reading each and every comment.

I know now more than ever that I was never meant to be a dad. I certainly never wanted to be dad. Yet here I am, a dad. That will never change. My son is here and he needs me more than I need the life I'd originally planned for myself. He needs me.

Admittedly I've been a very hands off father. Not truly involved nor invested. If anything I was peeking through the window of fatherhood. Or better put, having one foot in the door and the other out. Neither here nor there. Mostly watching from afar.

I think my fear of him and what he represented in my mind drove me away from him. It made me avoid him so I could avoid the overwhelming feeling of ""what have I done""",
lejfx5,How have you coped with partners coming out to a sexuality that doesn’t include you?,AskMen,7576,625,0.95,https://reddit.com/r/AskMen/comments/lejfx5/how_have_you_coped_with_partners_coming_out_to_a/,2021-02-07,28010180,"During my last relationship, my partner kind of out of nowhere gave me a call and told me that she had done some thinking, and she was a lesbian. Oddly enough she *didn’t* break up with me at that point, but that was certainly the beginning of the end. The breakup was rough and bad because I really loved her but clearly she didn’t love me back, and now we have broken off contact. She is now happily dating another woman and is fully out as a lesbian. I’m happy that she can live her truth, but I cant help but get, like... a complex, telling myself that I must have just been such an awful man to turn her off men forever. 

Has anyone else experienced this? I feel really awful and alone with this experience, but I know I can’t be the only one. I am seriously just looking for some other guys to chat with who have had similar experiences.",
yjk8uw,"I've found out why my husband hides his best friend from me, and I don't think there's anything I can do about it.",offmychest,7329,1202,0.98,https://reddit.com/r/offmychest/comments/yjk8uw/ive_found_out_why_my_husband_hides_his_best/,2022-11-01,Alternative_Sink_483,"I'm writing this on a throwaway, because I have friends that use reddit on occasion. 

I (26f) have been married to my husband Dylan (26m) for three years. We got together in when we were seventeen, but we've known each other since the fourth grade. I love my husband, he's the total package. Funny, sweet, smart, and attractive. He's made my life amazing, and he's who I fully intended on spending the rest of my life with.  
We attended all the same schools from the time we met, up until college. In that time we've both made our own friend groups. He's been more connected with his friends than I have, and because of that I've become a part of the group as well, I'd like to think. In that time, I've been at around 50% of their group hangouts, mostly because of my job, but sometimes I'm just straight up not invited.   
I didn't question any of this because hey, they're his friends, he doesn't see them nearly as often as he sees me, it's not my business.   
My husband met his best friend, K",
c1ialh,My husband died on Friday afternoon,offmychest,7234,347,0.99,https://reddit.com/r/offmychest/comments/c1ialh/my_husband_died_on_friday_afternoon/,2019-06-17,MrsJoJack,"**UPDATED on 8/1/19**

I think I'll use my cake day to update this post.   I can not say thank you enough to the Reddit community!!  For years &amp; years I lurked on Reddit. I read almost every single day, but I didn't participate much.  I had an old account for several years before I started this new one (which was supposed to be a throwaway account to ask a tricky financial question but I like the name.) As much as I enjoyed Reddit I did not understand the spirt of ""the community"" until this post.  I could feel you all when I could not feel much else.  It was eye-opening and amazing and I will forever be grateful to each one of you.

I had more than 200 comments and about as many private messages.  It feels like those Messages literally gave me life in the very beginning. I was careful to only read a few dozen a day, trying hard to make the comfort last as long as I possibly could.  I don't have words to say how much comfort I have received from Reddit after this post",
k3p7gv,A stranger in a bar saved my life tonight,offmychest,7149,122,0.99,https://reddit.com/r/offmychest/comments/k3p7gv/a_stranger_in_a_bar_saved_my_life_tonight/,2020-11-30,Acaso_voy_cayendo,"I’ve never really posted on Reddit as I’m more of a lurker but here goes.
A few months ago, my girlfriend of a few years decided to pursue a relationship with someone else. This was a person that I absolutely loved, and the relationship ended in cheating. Shortly afterwards, I was laid off due to coronavirus, and I’ve just been feeling terrible about myself and my position in this world. Sometimes I don’t even know who I am or why I’m here. 
There was this pain that I was feeling inside tonight and I’m not sure how to describe it, but I don’t think I’ve ever been this sad. So I went to my local bar and I sat all the way in the back, alone.
So I was sitting here in this shitty bar and I’m writing a note to my family to say goodbye, and as I finish my drink the bartender brings another that I didn’t order. It was some guy sitting with his wife, and he bought it for me. 
I went up to him, and I asked him why? I said thank you of course but I asked him why? And he just looked at me and sai",
mf0yow,My dad died today and I need people to know who he was,offmychest,7114,277,0.99,https://reddit.com/r/offmychest/comments/mf0yow/my_dad_died_today_and_i_need_people_to_know_who/,2021-03-28,comicconnie,"There’s a man you don’t know, but I need to take a moment to talk about. My grandfather, Greg Martin, passed away today at the age of 82. He had spent the last year grappling with severe COPD, with sundowning, and with short term memory loss. He passed in his sleep, peacefully at home, with his children nearby.

You don’t know him, but he meant the world to me. To me, he was Dad. He reluctantly adopted me when I was 6. In doing this, he gave up his retirement dreams, and instead he raised me to be who I am. 

He taught me how to speak. When I was in Kindergarten he gave me a Webster’s Dictionary that was 8 inches thick. He made me a “problem” when it was time for the students to submit their own “new word of the week.” 

He taught me curiosity. I’d sit on the floor of his office while he tried to work and asked him a million questions about his Auto CAD drawings of the house he never got to build. He gave me atlases to stare at, and rocks he’d collected on road trips, and would marvel",
upyd1p,"Asked the guy I'm dating to be my boyfriend, and asked some women if they could join our table",socialskills,6845,138,0.98,https://reddit.com/r/socialskills/comments/upyd1p/asked_the_guy_im_dating_to_be_my_boyfriend_and/,2022-05-15,Jinglebell727,"I (28F) grew up thinking that men should always be the ones pursuing, and that friends are made in school or based on common interests. As an adult both of these ""truths"" were very frustrating for me. It had led to many a situationship and going to fun bars alone wishing I had girlfriends instead of being hit on by men who specifically only want to get in my pants. Last year I wondered if maybe I was just being too close-minded about everything and I've decided that it'll be the year I'll try to be more vulnerable. I'll talk about my feelings. I'll put myself out there. I'll wear my heart on my sleeve and allow people to do the stabbity-stab at my emotions. Shoot, at least I'm trying for once. It wasn't smooth-sailing and I've met many people but lost contact with just as many.

Then I started dating this man and it was just... Easy. We just enjoyed each other's company and I wasn't trying to impress him or anything. At some point I started falling for him but here I was again, at an i",
5pxokz,MOD POST: NO MORE THINLY VEILED VALIDATION POSTS,AskMen,6790,718,0.88,https://reddit.com/r/AskMen/comments/5pxokz/mod_post_no_more_thinly_veiled_validation_posts/,2017-01-24,RampagingKoala,"Sup Shitlords,

We've been seeing a lot of posts seeking validation for doing the most mundane things possible including but not limited to:

* Asking if wearing sports bras at the gym is okay

* Asking if guys are attracted to larger bellies

* Asking if guys are attracted to women wearing heels

* Asking if guys are attracted to women wearing glasses

* Asking if guys like women who lift

* Asking if guys like women who DON'T lift

* Asking if guys like women who play sports

* Asking if guys like women who like video games

* Asking if guys like women who read and don't watch TV

* Asking if guys like women who don't use social media

* Asking if guys like women who use social media a lot

* Asking if guys like women who use social media occasionally

* Asking if guys like women who watch porn

Jesus christ, are you so insecure that every single thing you do must trigger some primal fear inside you that you are unlovable?  If that is the case, then you are probably beyond help from",Hi /r/all
ak0oqn,Was my dad really grooming me or am I overreacting?,relationship_advice,6617,548,0.92,https://reddit.com/r/relationship_advice/comments/ak0oqn/was_my_dad_really_grooming_me_or_am_i_overreacting/,2019-01-26,okaycharlotte,"Hey reddit. I need your help! My (21F) father (61M) has had a very strange relationship with me my whole life. I don’t live with my family anymore due to university so this isn’t affecting me currently, but I am having a hard time processing it. I had another dream about it last night and I cannot bare to keep questioning these horrible thoughts anymore. Am I being stupid or is this serious?

There are little pieces of evidence that have amounted to me wondering if I had been treated wrongly by my dad. Weirdly, a lot of things don’t add up and I don’t want to accuse my father of anything in case I’m being over dramatic. But there have been occasions where I have known that my dad did things to me that weren’t necessarily normal but I didn’t say anything. 

My dad doesn’t really like my brother. At all. In fact he barely talks to him unless he’s getting in trouble. He loved me though. He absolutely adored me. And I adored him too. I never felt uneasy or unsafe around him. Even though he",
1gko0mp,"Update: My husband (29M) knocked out my brother (28M) for calling me (26F) a whore, and my parents want me to choose, what is the right choice?",relationship_advice,6521,552,0.97,https://reddit.com/r/relationship_advice/comments/1gko0mp/update_my_husband_29m_knocked_out_my_brother_28m/,2024-11-06,ThrowRABattlePit393,"First i would like to thank everyone and i want to apologize as well for the way i worded my post, it's no excuse but my emotional state isn't the best.

Unable to link my previous post, just look on the account.

My husband is my choice and i have no intentions of leaving him at all, never had.

I know it's early for an update but I'm more confused now about what is going on. 

My parents invited me over to have a talk with them but they wanted me to come alone as they didn't want my husband at their house. My husband refused to let me go alone and said if he isn't going then he won't allow me to. He basically said with you alone there they will just pile on you and that i won't let happen, so we went together. 

My parents wasn't happy to see him and my mother wanted to say something untill my husband told her he isn't there for them but me and if he is forced to leave i will leave with him, i agreed with him. Reluctantly they agreed, my brother was there as well. He has a broken nos",
dnixdr,I am dying and no one is coming to my funeral.,lonely,6514,190,1.0,https://reddit.com/r/lonely/comments/dnixdr/i_am_dying_and_no_one_is_coming_to_my_funeral/,2019-10-26,ItreallyistheEnd,"Throwaway because my main account is for positivity and nothing personal:

I am a 72 year old female who just found out I have stomach cancer.

My whole life I worked as a neurosurgeon and spent my youth and up until my early forties, going through school and trying to become the very best medical doctor.

I never had kids, was way to busy to marry, and only even had any definition by my career title.

My life was based on my career and focusing on helping others. It wasn't until my 70s did I realize that all of my family is dead and I never had friends. I had collegues and coworkers, but never any friends. Even as a child, I was always the ""lone"" wolf.

I retired 5 years ago and loved my party. It was awesome having people say goodbye and feeling included. But after that, no one checked up on me or even said anything to me after that day. 

My family like mother, father, siblings, died many years ago. It's now just me.

I realized I worked myself to death and never had a life. Never w",
dax43z,I have a piece of advice for every one of you out there,dating_advice,6498,129,0.98,https://reddit.com/r/dating_advice/comments/dax43z/i_have_a_piece_of_advice_for_every_one_of_you_out/,2019-09-29,LordDarthAnger,"* Yes, some people are attracted to who you really are. No need to act or play games.
* Yes, somebody liked your personality/appearance sometime. No, they didn't have to tell you.
* Just because you have issues (mental, financial, ANY) doesn't mean nobody will ever like you. Everybody is a person. Nobody is perfect. We are all equal.
* Yes, somebody once fell in love with you but they probably never told you. It happens.
* No, not everyone wants to hurt you or manipulate you.
* Yes, there are men that want nothing more than to love someone. And yes, there are women that do not want your money, just your love.
* You are not responsible for other's people feelings. You are responsible for your own. So please, love yourself. There's nothing more important.
* You're fine as you are! Don't change! Don't follow an example. Someone is probably looking for you, with the personality traits that you have.
* Just be kind to yourself. It's okay to cry at night because you're lonely. It's most like",
c2xkpx,UPDATE 2: Just found out my husband (28M) invited another woman over to spend the night while I’m (24F) away on business. How to proceed?,relationship_advice,6491,347,0.94,https://reddit.com/r/relationship_advice/comments/c2xkpx/update_2_just_found_out_my_husband_28m_invited/,2019-06-20,ThrowemAweeehhhh,"Thank you to everyone who has commented on my last two posts. I haven’t been able to respond to everyone, and I’m still working through all the comments, but the advice, stories, and love you’ve shared has been overwhelming and absolutely needed. Thank you. Even the people calling me names and calling me out for not being stronger - thank you.

It hurt to come to the realization that we can’t move forward from this. He’s betrayed my trust so many times that I’d need him to verify pretty much anything for awhile, and that’s no way for either of us to live. 

The fact of the matter is that we’re both pretty broken, and have no business being in a relationship with each other, or anyone else right now. I truly don’t believe he’s a terrible person, but he has been a terrible partner. Like many of you said, he can be a good person and not be good for me. 

Last night, I chickened out. I was so scared of losing him forever that I said we should just take a break, have him fly home, and work",
1fflwsf,UPDATE! Me (40f) and my husband (43m) had a threesome and he left me alone with the man and it got scary. He doesn’t think it’s a big deal how do I convince him it is? ,relationship_advice,6432,243,0.96,https://reddit.com/r/relationship_advice/comments/1fflwsf/update_me_40f_and_my_husband_43m_had_a_threesome/,2024-09-13,throwra_wentwrong,"Original: https://www.reddit.com/r/relationship_advice/s/Mda5UR5tU2

Original text as was deleted on the post: 

Tw: noncosnent 

I’ll try not to drag this on. Me and my husband have been together about 15 years. We have a good sex life but it was starting to get a bit stale so we had a talk on how to spice it up and settled on a couple of threesomes, one with another woman and one with another man. He said I pick the woman and he picks the man. Agreed. 

He likes small petite woman (although I’m 5’8 and got big boobs) so I chose a small dainty woman who he instantly loved. We had a great time and even arranged for her to come back the following Saturday and I’d even arranged a surprise for this end of this month for him with her and TWO of her friends to join us so he’ll have four women to himself. This will become relevant. 

Anyway on to the guy he chose for me. He knows I’m not in to bodybuilder types. He chose a 6’5 20 stone giant of a man who had muscles on top of muscles. We sta",
hpswcx,"GF’s 7yr old son has brain cancer, and I’m angry that we could’ve stop it sooner.",offmychest,6377,203,0.97,https://reddit.com/r/offmychest/comments/hpswcx/gfs_7yr_old_son_has_brain_cancer_and_im_angry/,2020-07-12,Jokho5,"Her son was diagnosed Tuesday with a mass the size of a ping pong ball in his head. She has been fighting with her exh for months to get their son looked at properly and treated. Finally, she got a neurologist to look at footage of him walking around and was very concerned, wanted to schedule an MRI and see him immediately. That was 2 weeks ago. Last week they went in and got the results, and it was a whirlwind flight to the children’s hospital and surgery the very next day.

I am extremely grateful for all the doctors and staff, and for my GF for never giving up, she KNEW there was something wrong, but didn’t know what. We all saw how he was, the headaches, vomiting, lack of sleep, the circles under his eyes, and how he had lost so much weight. He has been sick and fighting this alone for so long, having no one but his mom believing he was sick.

This is where I’m angry; his dad has thought that his boy was fine this whole time. He has denied that there was anything wrong with his son",
evrls7,Finally divorcing my rapist,offmychest,6373,201,0.98,https://reddit.com/r/offmychest/comments/evrls7/finally_divorcing_my_rapist/,2020-01-29,love-or-lose-it,"I married very young to a man much older than myself.  I had two children in the first 2.5 years of our marriage and it didn't make sense for me to go back to work.  Things were lonely but tolerable because I had my kids. You know how sometimes you just aren't in the mood?  I didn't know sex was something I could opt out of. It's my job after all, as a wife. Well, one night I flat refused. It did not go over well.  Over the next 6 months it was a nightly assault. I would always say no, and he would forcefully and sometimes violently have his way.  I would be bleeding and he would say I wouldn't if I would just relax.  I had multiple pelvic infections that just wouldn't clear up. My doctor was concerned and wanted to do surgery. He removed scar tissue and cauterized blood vessels that were leaking into my pelvic cavity.  That's when I stopped fighting. The assaults didn't end though.  They continued for the next 8 months, and only stopped because I became pregnant.  Looking back I think",
cwn0yo,[UPDATE] I(28m) wrongly accused my girlfriend (24F) of cheating. I don't know where to go from here.,relationship_advice,6236,416,0.96,https://reddit.com/r/relationship_advice/comments/cwn0yo/update_i28m_wrongly_accused_my_girlfriend_24f_of/,2019-08-28,unifarahbee3,"So, my last post (https://www.reddit.com/r/relationship_advice/comments/cw31od/i_28m_wrongly_accused_my_gf_24f_of_cheating_dont/?utm_medium=android_app&amp;utm_source=share) got a lot of responses and I decided to do a prompt update as a lot has changed in just the last day and I wanted to update anyone who was interested and/or concerned for my girlfriend. 

I read your responses and decided to make a big apology to my girlfriend for how I behaved. However, before I got chance, she arrived at the house. 
I'll hold my hands up and say that this isn't the first time I've jumped to conclusions and pretty much since we got together, I've had a habit of winding myself up and then checking her phone/accounts. I know it's wrong, but I always felt if I found something I'd be justified which is so messed up, I know. 

My ex did cheat on me. Well, she had an affair and left me for the other dude. I guess I projected this onto my current girlfriend. My girlfriend never, ever has given me any rea",
oonmxs,I'm 21 and I'm going to die a horrible death.,offmychest,6107,262,0.99,https://reddit.com/r/offmychest/comments/oonmxs/im_21_and_im_going_to_die_a_horrible_death/,2021-07-21,ZzombieCake,"This is long, it's literally my life story. I don't have a tldr, maybe what the title says I guess, plus more of these: pain, disease death (tw).

I'm from Albania originally. My family (mom, dad and I) came to Greece 20 years ago. Life wasn't that great, but it was SIMPLE. We were poor, dad had (has) schizophrenia, home life was rough on me and mom, she divorced him when I was 12, he went back to Albania. I didn't really talk to him that much. We lived with my mom after her divorce, changed homes. Everything was fine, she was working I was studying, not trying my best, but doing good. Fast forward to when I was 17, last year of high school. My mom was in a relationship with a man who lived in England. She was happy. I was indifferent. But she was HAPPY. It all started with a pain in her left arm. She immediately thought it's from back when my dad had strained it in one of his attacks. She had never gone to the doctor about it, because of work, she just bandaged it herself then, and su",
dmzi7q,"I can just step over this thing, but my colleague in a wheelchair can't. What is wrong with people?",offmychest,6085,104,0.98,https://reddit.com/r/offmychest/comments/dmzi7q/i_can_just_step_over_this_thing_but_my_colleague/,2019-10-25,kayriss,"Went to a meeting on the third floor of a building. Met a colleague there who gets around in a wheelchair. She's funny, and smart, and competent, and it was my first time sitting in a meeting with her. She made jokes about how she brought her own chair and didn't need one of the provided ones. She was amazing and good at her job. 

She had a hard stop, and we left the meeting together. She had a lunch appointment to make. On the way out, I waited for the elevator with her. It was an eternity. There was a tremendous cacophony of bangs and noise coming from the elevator shaft. When it finally came, it was packed full of beer kegs, a dolly, and a man. He smiled, and apologized, clearly sorry. There was a restaurant on the ground floor, and they have to store their beer somewhere. Fair enough. Not going to carry it up the stairs. We waited again as he unloaded it. When the elevator finally did get back to us, we were relieved. 

Until we got to the ground floor, where there was an electric",
hxquu4,"UPDATE: My wife (35F)'s ex-boyfriend is terminally ill and would like to use his ""make-a-wish"" to spend a day with her. I'm (40M) torn on what to do.",relationship_advice,5899,142,0.98,https://reddit.com/r/relationship_advice/comments/hxquu4/update_my_wife_35fs_exboyfriend_is_terminally_ill/,2020-07-25,ThrowRA_LastWish,"[Original post here.](https://www.reddit.com/r/relationship_advice/comments/hlolxv/my_wife_35fs_exboyfriend_is_terminally_ill_and/)

Hi everyone, sorry for the late update, life gets in the way and been really busy. Anyway, I thought I'd make this update for those who were curious about how it all went.

The meeting actually went really well!

So after a couple reschedules, we drove to hospital to see Ken and his mom earlier this week. We arrived quite early in the morning (around 8 am). His mom stays with him overnight most days, so it was good timing for her to ""hand over"" Ken to us while she goes back and rest. A redditor suggested an idea that we brought in a care package for her and we did, it's just a box filled with a couple pairs of warm socks, mosturizer, books, and toiletries. She burst into tears when receiving those. It was such a great idea.

Anyway, so firstly we came in together (my wife and myself) and we did a small catch up. It was a slow process since Ken couldn't re",
144fr0d,My friend of 20 years was arrested for CP.,offmychest,5848,560,0.98,https://reddit.com/r/offmychest/comments/144fr0d/my_friend_of_20_years_was_arrested_for_cp/,2023-06-08,smugraccoon,"This is a super rambling  mess of a post, in an attempt  to vent my anger.

I found out that my best friend of 20 years was arrested for CP, and he fully confessed too it. Not just that he had it but was also distributing it. On top of that it has been going on for years, completely unbeknownst  to anyone. 

I am just sitting here in complete shock and horror. This person and been the closest  thing I have had to a brother in my life. He was the best man at my wedding. His parents were my support during my parents divorce. My father would joke about how he was a bonus son. Just to find out he is a monster. Needless  to say he is dead too me.

I keep wishing he had just killed himself. I am sick now knowing what he was doing behind everyones backs. Just so he could get off to the worst possible fantasies a human could have. He was to be the uncle to my kids. Instead he was destroying lives for his own pleasure. I have never been so angry  as I am now. If given the chance I would kill hi",
zlt5vk,I'm immune to the chemical Urushiol in Poison Ivy and used it to protect myself and mess with my abusive family.,offmychest,5831,181,0.99,https://reddit.com/r/offmychest/comments/zlt5vk/im_immune_to_the_chemical_urushiol_in_poison_ivy/,2022-12-14,Zaubermaus_3,"Growing up, I lived in a very abusive household. Constant yelling, death threats, swearing, calling me every female/ gay slur there is. They’d even threaten to kill my pets, and they did a few times. I wasn’t allowed house keys and had to take the bus home. It was 3 hours before anyone came home. In the winter , I’d have to sit in the dog house with the dogs to stay warm. 

It was in the country. I stayed outside in the woods to avoid my family. This is where I discovered that I have no reaction to poison ivy. I don’t have reaction to the chemical component Urushiol that’s found in poison ivy, poison oak, and poison sumac. I can roll on it, rub it on my skin, lick it, nothing happens. 

I took poison ivy and rubbed it all over my room. I knew they we were going through my stuff. Them getting rashes, was proof. 

I decided to rub it on spots they commonly sat in. Watching them itch was very satisfying.

After being left out of another “ family vacation” and being told that no one wanted",
adxude,I [31m] found text messages from my gf [26f] of 3 years to another man including “I love you”. Should I kick her out?,relationship_advice,5801,1118,0.95,https://reddit.com/r/relationship_advice/comments/adxude/i_31m_found_text_messages_from_my_gf_26f_of_3/,2019-01-08,justabrand,"So this happened a week or two before Christmas. We work opposite schedules so one of us can be at home with our kid at all times. She works weekends (and the occasional week night) at a local children’s hospital and I work 9-5 weekdays. 

I had recently grown suspicious of her “friendship” with this guy she would bring over for play dates because he also has a young daughter. They were texting a lot and making plans to hang out together more and more frequently. 

One Monday night when she had to work I decided to snoop. I logged into her iMessages on the kids iPad and immediately saw that they were regularly texting. She was not texting me at the time but she was texting him, and very flirtatiously. Kissy faces. Heart emojis. All that. Stuff she used to do with me! I kept my cool and kept watching to see how far this actually went. At first I was in shock and couldn’t believe that was actually happening.

By the end of the night I saw it. They exchanged “I love yous” and they spoke o",
1f3bpq3,UPDATE: My (28f) boyfriend’s (30M) ex hid a note about his cleaning/dating habits right before they broke up that I just found. How do I talk to him about cleaning habits without him feeling like I'm using his ex's words against him?,relationship_advice,5593,339,0.97,https://reddit.com/r/relationship_advice/comments/1f3bpq3/update_my_28f_boyfriends_30m_ex_hid_a_note_about/,2024-08-28,ThrowRA-ex-note,"Here is the [original post](https://www.reddit.com/r/relationship_advice/comments/1f2umej/my_28f_boyfriends_30m_ex_hid_a_note_about_his/?utm_source=share&amp;utm_medium=web3x&amp;utm_name=web3xcss&amp;utm_term=1&amp;utm_content=share_button). 

As you can tell by my original post, I like to do things right away. It was definitely a mistake to bring him the note right away, but doing the things I did this morning right away was not a mistake as it allowed me to save my pets.



First, I want to respond to the comments saying I broke up a 2 year relationship over a note and chores. No, I broke up a 2 year relationship because when I tried to come up with solutions to an unequal situation, his response was to yell and try to convince me there was no problem except me. The final straw was when he physically blocked me from leaving the house after he was screaming at me. That is not okay and no one should stay with a man who responds to conflict like that. 



The actual update: I wound up",
171c7s7,What do you think is the cause of the supposed “male loneliness epidemic”?,AskMen,5454,4471,0.87,https://reddit.com/r/AskMen/comments/171c7s7/what_do_you_think_is_the_cause_of_the_supposed/,2023-10-06,Melborney,,Good Fucking Question
hltd5v,I (18f) just found out that I was a product of rape.,relationship_advice,5416,256,0.97,https://reddit.com/r/relationship_advice/comments/hltd5v/i_18f_just_found_out_that_i_was_a_product_of_rape/,2020-07-05,ThrowRA84635,"My mom (48) and I have never been on the best terms. She's always been cold and distant towards me. She did the basics as a parent but nothing more. It was really hard growing up because I've been fighting for her approval my whole life and nothing I ever did was good enough. I never knew my dad and she never spoke about him and whenever I would ask she would yell at me and tell me to shut up. Now I understand why but I didn't then and it really hurt. I always felt worthless because even my own mother didn't want me around. This made me get into self-destructive activities (partying, drinking, drugs,etc.) fairly early in life. I guess I was trying to numb the pain. This made us bump heads even more.   


I disappeared for days without a trace with my phone completely turned off. I was on a complete binge and unaware of the world around me. When I finally came home my mom exploded so I did too. While we were fighting I yelled, ""why are you so mad you don't even care about me"". This made",
hccy33,My [21M] girlfriend's [21F] grandfather is a Michelin Star chef and is visiting. I am supposed to cook for them but I cannot cook. What the fuck am I supposed to do?,relationship_advice,5398,915,0.98,https://reddit.com/r/relationship_advice/comments/hccy33/my_21m_girlfriends_21f_grandfather_is_a_michelin/,2020-06-20,ThrowRAMichellenStar,"[Update](https://www.reddit.com/r/relationship_advice/comments/iama3h/update_my_21m_girlfriends_21f_grandfather_is_a/?utm_source=share&amp;utm_medium=web2x)

Context: Been together since around March 2019. Yeah I love her with all my heart.

First of all, please do not judge me. Yes I am a 21 year old man, but look, I just cannot cook. Sure I can make something like \*very\* basic pasta, a boiled egg, etc... but I absolutely cannot make anything where you have to prepare multiple ingredients. When I cook, the food dateis either done or its not done. I have no experience with ""doneness."" I do have my redeeming skills, but cooking is just not one of them. I have tried following recipes word for word, but just have had no luck.

My girlfriend and I are both rising seniors in college, and I have my own apartment near campus where we will be meeting for dinner. When I agreed to make something, I thought I could just bullshit something, but then when I mentioned it to my GFs brother (who I'm",
em437p,I Told a girl she was beautiful...,dating_advice,5351,313,0.96,https://reddit.com/r/dating_advice/comments/em437p/i_told_a_girl_she_was_beautiful/,2020-01-09,sashans78,"Long story short, I’ve been a shy guy my whole life and I always found it hard to talk to females but today I couldn’t take it anymore, the girl I see in my class everyday who I kind of have a crush on was walking in my direction and it was like something made me an Alpha male I thought “Am I really get be lonely forever just because I can’t talk to a female?” And I man’d up and lifted me head walked a few steps toward her and I said “Hey what’s your name?, and she told me her name and I hit her with “well this is totally random but I’ve seen you around and well I think you’re beautiful and just wanted to see if you wanna get to know each other” she smiled and blushed and said “yeah of course” and she gave me her number we talked for a bit and went our ways. Feels good than I’m finally got the courage to talk to her.",
mkb8bg,I just got raped,offmychest,5312,323,0.96,https://reddit.com/r/offmychest/comments/mkb8bg/i_just_got_raped/,2021-04-05,throwaway6182919,"Not even an hour ago. I was raped. I walked home alone from the offender house. i'm crying in my room now. I keep telling myself that it's just a flesh wound. I'll be fine, i'll be okay. This wont happen again. And its not my fault. But i dont think i will be able to see the world the same again. I dont think i can trust any man no more. The person that i look up to, that inspire me, the person who i thought was my best friend. I trusted him.

Just a flesh wound. I'll be fine.

Edit/update: i thank everyone for this huge amount of support. Took me a while but I called a counsellor and made an appointment for test and forensic exam tomorrow morning. You guys have no idea what this meant to me and i'm glad i posted this early cuz i had zero clue of what to do. I know i wasnt alone to experience this, so i want to give you guys a big virtual hug a well.",
9j5ig0,"UPDATE - My (24F) best friend (24F) says I owe her everything I have, including my boyfriend",relationship_advice,5302,542,0.98,https://reddit.com/r/relationship_advice/comments/9j5ig0/update_my_24f_best_friend_24f_says_i_owe_her/,2018-09-26,pinacoladawhatever,"Previous post

[https://www.reddit.com/r/relationship\_advice/comments/9ii13w/so\_my\_24f\_best\_friend\_24f\_says\_i\_owe\_her/](https://www.reddit.com/r/relationship_advice/comments/9ii13w/so_my_24f_best_friend_24f_says_i_owe_her/)

&amp;#x200B;

tldr Asked an old friend to stop being so handsy with my boyfriend, she took it the wrong way and told a common friend I got no business telling her what to do since I owe her so much

&amp;#x200B;

My boyfriend is having sex with her.

A friend convinced some other friends to send me prints of texts between themselves and either my BF or ""best friend"".

They are pretty clear.

I confronted my BF, he looked lost, said he loves me and it was just sex. He says ""Jessie""kept throwing herself at him, teasing him, and he said he didn't like her but I still wanted to hang.

He said he just had sex with her to see if she would move on and leave him alone, and that it only happened a couple of times. Says he wont do it anymore, he doesn't even like h",
x8byiy,I'm marrying the man I met on PornHub,offmychest,5297,257,0.98,https://reddit.com/r/offmychest/comments/x8byiy/im_marrying_the_man_i_met_on_pornhub/,2022-09-07,Automatic-Picture-83,"So I(24F) started making porn content on 2018. To be honest it was purely from my low self-esteem and depression. I just wanted to feel validated so I started posting there and later moved to Snapchat too. I was fully talking and sexting with hundreds of men and I was living for the attention. I honestly enjoyed the conversations more than the sexting. Either way, this only lasted up to mid 2019 when I got too depressed to even make content, I stopped answering people and everything died down. I didn't delete anything since it was still making revenue.

One day around December 2019 a dude texted me on Snapchat. Unlike the majority of dudes, it wasn't a snap on his dick, he was showing me his cats. I have a soft spot for animals so I had to answer. Then I realized he had texted me months before but it was when I stopped. I told him I didn't sext anymore so he could stop texting me but he said he didn't care and just wanted to talk. Apparently he found my page on PH and wanted to shoot h",
17r46je,"I(29 F) Found out My Husband(34M) is obsessed with our Boss' daughter and I have no idea what I could do, or How I should proceed?",relationship_advice,5249,1368,0.97,https://reddit.com/r/relationship_advice/comments/17r46je/i29_f_found_out_my_husband34m_is_obsessed_with/,2023-11-09,throwawayAccOnetime,"Throwaway account because I don't want people following my main to know about these, at least not yet.

For some context first, I (29) and my husband (34) work for a small RMG firm here, we were both recommended through a relative of mine. I have been working here for about 6 years, my husband for about 7 years. During the work time, our boss would occasionally bring his then teenage daughter to work (she should have been around 15-ish when we first met her) and had her interact with the employees and stuff to show her what we  were doing, how things work etc. Fast forward to January of this year, The boss brought her in, officially, letting us know that she will be taking over a good deal of his work overlooking things. We were initially hesitant, considering she was so young (Turned 20 this year) but ultimately, she wasn't taking over, more so learning to handle the business while the boss managed other work I suppose. It helped that she herself was also very keen on co-operating and",
16ro3zr,UPDATE: I told my girlfriend I’m dying,offmychest,5226,324,1.0,https://reddit.com/r/offmychest/comments/16ro3zr/update_i_told_my_girlfriend_im_dying/,2023-09-25,Glittering-Sea-4908,"UPDATE: I told my girlfriend I’m dying

Wont let me put a link for some reason so here’s the original post: 

“

Should I tell my gf I’m dying before I break up with her

Basically as title says. 

I (25m) found out I have an illness that will kill me. It’ll take over my body and there’s no cure. All the doctors can really do is prescribe shit to make you “comfortable”

I’ve been with my girlfriend for 3 years now and she’s the absolute love of my life. Always loyal and there for me. I’ve been in and out of hospital many times over the course of our relationship. Mostly due to me racing dirt bikes,  the most serious incident was a stab wound and I remember how scared and screamy she got even though I just needed stitches and got to go home the next day. 

This is not something where I can just go home the next day. 

I’m breaking up with her because she deserves to be happy with someone healthy who can give her the life she wants, and children. I’m scared she’ll want to stay if I tell",
gmf5z5,"You know what’s awesome? Dating men. Mature, kind, genuine men.",dating_advice,5207,273,0.95,https://reddit.com/r/dating_advice/comments/gmf5z5/you_know_whats_awesome_dating_men_mature_kind/,2020-05-19,hehatesthesecansz,"I’m 33f and although I’m single and still dating in my 30s, I just have to say what a far better experience it’s been compared to dating in my 20s. 

Of course there are exceptions, but for the most part men in there 30s who I meet and go on dates with, or date for extended periods tend to be kind, open minded, understanding that we all have pasts, and are working on themselves in some way or another. I genuinely enjoy the men I’m meeting, even if I haven’t found the one yet.

So I just want to say thank you to all you 30+ men that fit this category. You make being single a little less lonely and give me lots of hope.

Edit: Thank you to everyone for sharing your stories, whether they line up with my view or not. To clarify, this is only meant to be from my experience and I do realize there are wonderful people at all ages, both women and men. Good luck out there!",
bl0z2b,I’m sick and tired of constantly being a target to men and I’m even more sick and tired that people see this as something that can’t be changed or isn’t worthwhile addressing,offmychest,5144,561,0.9,https://reddit.com/r/offmychest/comments/bl0z2b/im_sick_and_tired_of_constantly_being_a_target_to/,2019-05-05,TheresKeysHere,"I understand this site is mostly men and that a good portion of those men probably won’t truly understand how ridiculously prominent this is until they’ve walked in a female’s shoes.

I make this post cause I got my first apartment and my dad literally came in and made sure it was “pervert proofed” as he called it. 

So like the awesome dad he is, he switched out my door screws and added an extra lock cause the original one isn’t a deadbolt, this is standard and not unique to my situation of course. But then he started looking for *camera infrared* cause I guess male landlords will put cameras to spy on female tenants. He also checked for microphones as well. I was disgusted when I found out through my dad that one of his coworkers had gone through the court process cause her pervert landlord had been spying on her. Disgusted..but not surprised.

Let’s continue with other ways I’ve had to “pervert proof” for the majority of my life.

At my old job, women weren’t allowed to carry things",
1741sov,"UPDATE:My (24F) husband (31M) asked for a paternity test, it came back positive but our relationship was never the same.""",relationship_advice,5127,752,0.94,https://reddit.com/r/relationship_advice/comments/1741sov/updatemy_24f_husband_31m_asked_for_a_paternity/,2023-10-09,ThrowRa_thw,"I think before the update I should clarify a few things to put you in context, I know I should have said it in my [original post](https://reddit.com/r/relationship_advice/s/363F7tTmo0) but I didn't, and that made many people believe so many things that are not true.

Before I got pregnant I met a man (I think he's in his early fifties) at work and you could say that he's a little *too* friendly, for example he liked to buy me and another female coworker (she's in her late fifties) coffee every morning, or once in a while he used to leave a flower on our desks and things like that, that never seemed strange to me because he never tried anything with any of us, he was always just friendly, and he was always talking about his wife, children and grandchildren and giving us parenting advice. Well, my husband didn't like that I was friends with this man because he said that he was sure that this man liked me because I'm young and that he would soon try something with me, and when he told me",
1jwkr2j,I 33F want to cancel my date and stop seeing the guy I’m talking to (44M) over a text he sent last night. What would you say?,relationship_advice,5097,225,0.96,https://reddit.com/r/relationship_advice/comments/1jwkr2j/i_33f_want_to_cancel_my_date_and_stop_seeing_the/,2025-04-11,BestConfection5453,"I’ve been seeing a guy for a few weeks and we still are in new phases/getting know each other. Let’s call him Brad. 

Last night I was out alone with my son (he’s a toddler) and a weird strange man approached me and made me and my son very uncomfortable to the point the restaurant staff had to get involved to remove him. 

I get home and tell Brad the story. Instead of asking if me and my son are OK. He proceeds to say “it’s because you’re pretty haha”, sends me multiple selfies, and says he’s excited for our date tomorrow (which is today). 

I don’t want to see brad anymore, how do you cancel the date? What would you say without writing a person a decade older than you a storybook? I want it to be firm, short, non explanatory (I’m not explaining a grown man why his behaviour is innapropriate). 

Edit: sent off the text excellently suggested by 
u/Blackwolf7653 
Thank you everyone. 

Edit 2: Brad’s response was confusion and surprise but that he respected my decision. I don’t think he’",
ccd0h3,I was finally able to let the mother of the boy whose murder I witnessed know her son didn't die alone,offmychest,5088,93,0.99,https://reddit.com/r/offmychest/comments/ccd0h3/i_was_finally_able_to_let_the_mother_of_the_boy/,2019-07-12,FlyAwaySkylinePigeon,"Last fall, a young man was shot and killed on our sidewalk while my husband, our friend, and I were standing less than 30 feet away on the other side of a privacy fence.

It all happened so fast. A car pulled up on the road that runs by our backyard. Someone got out. People were talking, there was no escalation in the conversation, no anger. It wasn't a fight. Gunshots just started going off. A moment of silence, then the car sped off into the night.

My husband and our friend called 911 while I went to the fence and saw someone lying facedown on the sidewalk. I honestly thought he was dead at first, until he took a gasping breath. I crouched down next to him and gently rubbed his back. I started talking to him, even though he wasn't conscious, telling him he'd be okay. I stayed with him until I had to flag down the cop car and they began trying to save him.

He passed away shortly after. I don't know when. I just know the ambulance left in silence. We were interviewed by detectives th",
1hdwv57,I (42m) left my wife (42f) after she kept making comments about me not being manly enough and not sure I did the right thing? ,relationship_advice,4977,1039,0.97,https://reddit.com/r/relationship_advice/comments/1hdwv57/i_42m_left_my_wife_42f_after_she_kept_making/,2024-12-14,throwra_manly,"We’d been together since we were 18. She was my first everything where as she’d been with a few people before me. We have an 18 year old daughter together who is and amazing brilliant and kind person, I couldn’t have asked for a better kid. 

The last few years my wife has been making the odd comment about my manliness etc and I’ve just brushed it off but she’s really stepped it up the last year and I ended up leaving her about three months ago over it. 

I don’t want this to sound like a humble brag but I do think I’m quite “manly” while also just being a normal person. I’m tall, workout a few times a week, I can do any DIY around the house, I can fix cars, i used to be an amateur boxer and cage fighter and still do it as a hobby to keep fit. The things she said that aren’t manly about me are: 

I like to bake 

I like to cook 

I don’t drink, I don’t care if other people do it’s just not for me 

I like Taylor Swift, Charlie XCX, Arianna Grande, Sabrina Carpenter etc. my main choice",
18a9el3,I'm [29F] divorcing my husband [28M] for suggesting an open marraige... complicated feelings,relationship_advice,4967,1560,0.98,https://reddit.com/r/relationship_advice/comments/18a9el3/im_29f_divorcing_my_husband_28m_for_suggesting_an/,2023-12-04,huntybum,"EDIT/UPDATE:
Hello, all. I wanted to say thank you all for the support. As for the update, where do I even start? It has officially been over the required 90 days since initially filing for divorce before it can be deemed official. I am going to the courthouse tomorrow to file the remaining paperwork. We had an easy, uncontested divorce. We agreed on pretty much everything, and he didn't even give me a hard time about taking our 2 cats that are quite attached to me (he was always the spare human). I bought a small home for myself and said 2 cats and moved a few days ago. I won't lie, this whole process was very tough for me emotionally. It was especially hard considering he was constantly hot and then cold. He would jump from name calling and trying to control who came over to our house to finding reasons to call me  on the phone all day and joking around with me like nothing was wrong. I feel like I have emotional whiplash from the last 3 months of living with him while looking for a",
ctoaoi,My (F 26) husband (27) acted crazy last night and choked me and now today he thinks everything is fine.,relationship_advice,4933,901,0.93,https://reddit.com/r/relationship_advice/comments/ctoaoi/my_f_26_husband_27_acted_crazy_last_night_and/,2019-08-21,throwaway89888990,"My husband and I got into an argument the other night because I saw text notifications on his phone from her that literally said “I haven’t been with another man who’s been as good as you were in bed lol”. It’s even worse because he has cheated on me once before with her, but as far as I knew they haven’t been talking recently. I asked him about it and he tried to brush it off but I was being jealous and insecure and I couldn’t let it go. He walked away from me and told me “I can’t talk to you when you’re like this”. I just cried alone in the living room and than after a while he called for me to “come here”. I did and he pulled me onto his lap and told me to stop crying and he wiped my tears. He told me that he can’t control what she says, and told me that he only loves me. He told me, “she’s not like you, I couldn’t be with a girl like her”. I told him I was sorry and he nodded but than he just stopped smiling and freaked out on me all of a sudden. He pushed me onto my back on our be",
123uzdp,I am not the mother.,offmychest,4856,382,0.99,https://reddit.com/r/offmychest/comments/123uzdp/i_am_not_the_mother/,2023-03-27,angrystepmom1,"I'm 43F and recently married a man (45M) who has 3 kids (12M, 10F, 7M) from a previous relationship with his ex (42F).

My ex husband of 8 years had a degenerative disease and we weren't able to have children. He eventually succumbed.

I was ecstatic about being a stepmom. I was determined not to be ""that"" stepmom. I wouldn't demand that the children call me mom and accept me as mom from the get go, they should take their time.

Well.

They absolutely hate being told anything by me. I can't enforce chores without being told I'm the worst person in the world. Husband told me stop being harsh to them and just because I married him, it doesn't give me the authority.

I worked my ass off to help 12M with his science fair project. I wasn't allowed to attend his presentation because his biomom wanted to go.

I bought 7M the plushie he wanted. Biomom went off on me for taking the experience away from her. Husband took her side.

10F absolutely hates everything about me. My voice, my mannerism",
1rosj4z,I Genially Think My (35F) Husband (36M) is a Psychopath,relationship_advice,4792,2195,0.96,https://reddit.com/r/relationship_advice/comments/1rosj4z/i_genially_think_my_35f_husband_36m_is_a/,2026-03-09,Apprehensive-Yak9364,"Hi everyone, please I need help. I’m 35F and my husband is 36M. We’ve been married for 10 years and have two boys (7 and 5). I honestly don’t know what to think anymore.

About three months ago my husband started sending me really nasty messages while he was at work. At first it was just mean comments. Stuff like telling me I’m lazy that I’m a terrible mother that he regrets marrying me. It was completely out of nowhere.

The weird part is that when he would come home from work, he’d act completely normal. Like nothing happened. He’d kiss me ask what’s for dinner play with the kids. The first time it happened I thought maybe he was having a bad day at work. But the messages kept coming.

Sometimes he’d send them during the day, sometimes late at night if he was working overtime. They got worse too. Saying things like I’m useless, that I’m lucky he hasn’t left me yet, that no one else would want me.

The first few times I confronted him, he acted confused. Like genuinely confused.

He w",
f5sxe2,Last week I found out that my boss ran a child pornography ring out of our office.,offmychest,4612,111,0.97,https://reddit.com/r/offmychest/comments/f5sxe2/last_week_i_found_out_that_my_boss_ran_a_child/,2020-02-18,throwawayBakingGoods,"Throwaway account for very obvious reasons. All I ask is to please respect my privacy. Nothing but chit chat around town has broken on this story. I’m sure once it hits court, it will be a media shit show and you will know exactly who I am because of the details given here. But right now, I just need to speak about this to get it off of my chest and mind. 

I live in a small town. Very plain and boring. With nothing crazy at all ever happening in it. When I got out of college I started to look for an internship and got a call back from a bakery. It paid nicely and was the first offer I received. I went ahead and took the position just as a steady cash flow until I could find something bigger and better that I could go off to and do long term. 

I went into the job and kicked ass at it right away. After my short internship I was offered a full time position and didn’t hesitate to take the opportunity. I ended up enjoying it way more than I ever thought. 

The bakery itself is a nice bui",
aeze23,"I found out I was pregnant at 31 weeks, and I lost her at 38 weeks.",offmychest,4583,240,0.97,https://reddit.com/r/offmychest/comments/aeze23/i_found_out_i_was_pregnant_at_31_weeks_and_i_lost/,2019-01-11,throwawazeee,"I am writing my story on a throw away account, because I don’t want to explain myself or explain how I didn’t know. It is tiring. Please just understand that while this may be hard for some of you to believe, it’s okay if you don’t believe it. Because it happened to ME. I am living the reality and the pain of it’s wrath, so don’t worry. It is no sweat off your back to believe me. I just want someone to listen.


On June 28, 2018 I found out that I was 31 weeks pregnant. I have always had an irregular period, often going 7-10 months without menstruating. I didn’t have any noticeable symptoms, and I didn’t feel tempted to buy a test until a line developed on my stomach and I started to feel movement in my belly. 

The father is not a good man, and based on the timeline of my pregnancy, I conceived right at the end of our tumultuous relationship, which ended with police reports and him physically assaulting me. When I found out, I didn’t tell him that I was pregnant for obvious reasons...",
cx4k3q,My personal 13 Rules for relationships,dating_advice,4525,300,0.97,https://reddit.com/r/dating_advice/comments/cx4k3q/my_personal_13_rules_for_relationships/,2019-08-29,curiosgreg,"I posted this in a comment thread on a joke post and people really seemed to like it so I thought I would share it here.

Here's what I wish I knew earlier and just knowing a part of it got me a happy marriage to the love of my life. 

Initial dating section:

1: communicate what you want and think clearly and openly. If the person you’re dating demands that you read their mind I can’t help you there. On our first date we agreed that we would never expect the other to know what we haven't verbalized and it is a total life saver.

2: be confident in your self and don’t self deprecate even when joking. This person wants to know they made a good decision being with you and being timid or overly humble only works in anime

3: make an effort to look and smell good. It’s ok if you seem to have made an effort and it’s a compliment in its own way. just don’t overdo it with the scent. They should smell you when hugging. Not across the room!

4: Have fun and try to get them to have fun with you.",
sq4ugu,PSA for Men: STAY AWAY FROM DATING APPS IF YOU VALUE YOUR MENTAL HEALTH,dating_advice,4446,395,0.88,https://reddit.com/r/dating_advice/comments/sq4ugu/psa_for_men_stay_away_from_dating_apps_if_you/,2022-02-11,MonkeMode22,"**Long Post!!**

In this post, I'm going to talk about how dating apps destroy confidence and self esteem, and essentially dig a grave for yourself to hop right into.

First of all, let me make this assumption: You're an average looking guy. You're not the ugliest kid on the block.. but you're also not the giga chad at the gym. Just... average. If you were a 10/10, then this advice probably wouldn't apply to you, but most of us are average. That's what average means, most of us fall into that category.

You decide, ""You know what? I'm tired of being lonely. I'm creating a Tinder profile"". Little do you know, you've just signed yourself up for great disaster. And here's why:

Online dating apps are a LOSING game for *most* guys. You, most likely, will end up more lonely and sad than before! Start by looking at the statistics:

**OVER 75% of users on Tinder are male!**

Imagine you and 2 other guys approach the same girl to try to ask her out... how would that make you feel? Now.. imagi",
ele4p1,"Update - I (36/m) setup two of my friends (36/f and 36/m). I found out today he has been catfishing me as his partner on her phone to ""check up"" on our friendship.",relationship_advice,4431,114,0.98,https://reddit.com/r/relationship_advice/comments/ele4p1/update_i_36m_setup_two_of_my_friends_36f_and_36m/,2020-01-07,ThrowRA-SetupFriends,"[I thought I'd update this post, seeing as there was part of a resolution](https://old.reddit.com/r/relationship_advice/comments/egswos/i_36m_setup_two_of_my_friends_36f_and_36m_i_found/) and the advice was good.

So, I followed the general advice of just leaving the entire situation alone. I agree any interference from me or my family would be manipulative and controlling, albeit well meaning.

So, I haven't really spoken to Emily since slightly before Christmas but her mother contacted me a little after New Year to ask if I knew what was going on with her. Emily's cousin back in Germany had contacted her mother saying she had turned up on her doorstep having flown in from the UK on the 4th after apparently breaking up with George.

According to her mother, Emily had come back to our home town for the holidays. She brought George and at some point they ran into her Ex-husband at the pub. For context we grew up in a tiny village in the arse end of nowhere. There's literally nothing to",
kms5c6,Are they emotionally unavailable or just not that into you?,dating_advice,4418,386,0.98,https://reddit.com/r/dating_advice/comments/kms5c6/are_they_emotionally_unavailable_or_just_not_that/,2020-12-30,TTMI2,"My fellow hopeless romantics,

I want to give you some insight into the world of emotional unavailability and hopefully save you some serious heartbreak, hurt and frustration down the line. 

What I have concluded in the following is a conglomeration of personal experiences, my friend’s experiences, recently having started looking into psychology, learning attachment styles and having done extensive research. 

Now, whether someone is emotionally unavailable or just not that into you doesn’t truly matter because - both bring the same results. 
But often times I see and hear people claim “being emotionally unavailable is just an excuse cause they aren’t into you”, and this is absolutely FALSE. 

Someone can be truly emotionally unavailable and into you, and someone can be just not that into you but that doesn’t mean that they are emotionally unavailable. 

Humans are such complex creatures and emotions exist on such a wide spectrum that it is impossible to box people into a/b.
Yet, mos",
1i1q3du,UPDATE: I exposed my fiancé and sister's betrayal at the family gathering,offmychest,4381,209,0.98,https://reddit.com/r/offmychest/comments/1i1q3du/update_i_exposed_my_fiancé_and_sisters_betrayal/,2025-01-15,the_mystic_rose,"I am still reeling from what happened. After writing my last post, I spent hours debating with myself about whether I should really go through with exposing them at our family gathering. A part of me was scared I would turn my whole life upside down forever. But I knew I couldn’t keep letting them walk all over me while pretending everything was fine. I called my mom beforehand to let her know I was breaking up with him and to prepare her.

When I arrived at my parents' house, everyone was already there, including my ex-fiancé and my sister. My mother tried to pull me aside, whispering that we should talk first. I stayed calm, walked straight into the living room where everyone was sitting, and asked them to listen. They looked confused. My sister immediately rolled her eyes, and my fiancé mumbled something, probably hoping I would stay silent.

I started reading the most shocking parts of the messages I found between the two of them. They mocked me, joked about me not noticing anythin",
1j3318t,"Nobody cares if you don't want to date trans people, but it's annoying and insulting when you beg for validation about it.",self,4368,1721,0.82,https://reddit.com/r/self/comments/1j3318t/nobody_cares_if_you_dont_want_to_date_trans/,2025-03-04,pricklyfoxes,"Picture this: A straight man who is 5'2"" vents about how hard it is to find love when most women prefer tall men—not insulting anyone’s preferences, not saying they’re wrong—just expressing his struggles. In response, people jump in with, ""Well, I prefer men over 6 feet. Does that make me a bad person? Does that mean I’m bigoted against short men?"" Suddenly, the conversation spirals into a massive ideological debate. People start arguing that short men are entitled for even wanting love, that they aren’t “real men,” and that women who date them should have their sexuality questioned. Maybe the people who first responded didn’t intend for it to escalate like this—but it did, because they made the short man’s struggles about themselves.

That’s what it feels like to talk about trans issues in the dating scene.

Before anybody asks: No, not being attracted to a trans person doesn’t mean you’re transphobic, evil, or anything of the sort. Most of us don’t believe that. Even if you say you w",
dw6lxk,"If you've never been in a relationship, or you feel like there's no hope- please let me try help you feel better &lt;3",dating_advice,4261,467,0.95,https://reddit.com/r/dating_advice/comments/dw6lxk/if_youve_never_been_in_a_relationship_or_you_feel/,2019-11-14,Fish_cant_feel_pain,"Hey, everyone!

So I have been feeling pretty sad today, but I wanted to try to make some people feel better. I love helping people! Let's start!

So I'm twenty-one and have never been in a relationship. I have never kissed with tongue or have had sex with anyone. And maybe you are in the same position I am. Maybe you're older than me, or have been in a relationship and done what I haven't. This advice will help you, hopefully. If you're like me- you've searched such things on the internet as ""how to get a girlfriend/boyfriend,"" ""How to deal with being single forever,"" or anything like that.  


For me, it was really tough. I went to a very sad spot. I hated myself, thought I was worthless, etc. I hated how I didn't know what to do. No matter who I asked- no one had a straight, honest answer. There were absolutely no times that someone knew what to say. Worst of all- it was always someone who was in a relationship- saying something I hated to hear like ""Being single is great,"" or my le",Actual Advice
14tcehj,I accidentally found out I am adopted and now my dad is threatening to sue me,offmychest,4257,316,0.99,https://reddit.com/r/offmychest/comments/14tcehj/i_accidentally_found_out_i_am_adopted_and_now_my/,2023-07-07,AreYouMyDaddy2,"Buckle up kids, this story is wild. Posting on a new account since my family knows my other account name. Apologies for any formatting errors. I’m on mobile.  
  
For background, I (39F) grew up in a family marked by domestic violence and child abuse. My father (Hank, fake name) used to hit my mother until one day when I was old enough and I stepped in front of him. From that day forward, he took out all of his anger on me and my mother was all too ready to let him. He’s been arrested for DV and we moved around every 2-3 years once CPS in our new area was called. When I was little, I used to beg my mom to leave him, but she would always remind me that she had 3 kids (me and my 2 younger brothers) no education beyond a high school diploma, and no work history (Hank wanted her to be a SAHM). To this day, I’ve never seen anyone stand up to him besides me. They are still together to this day.  
  
In spite of my childhood, I went on to be rather successful. Growing up watching my mom i",
f73cls,My (F30) husband’s (M33) step sister (25) is a pedophile and coming onto our child (M5).,relationship_advice,4245,309,0.98,https://reddit.com/r/relationship_advice/comments/f73cls/my_f30_husbands_m33_step_sister_25_is_a_pedophile/,2020-02-21,ThrowRAci33,"My husband’s father died, this weekend is his funeral. My husband’s step sister (who he did not grow up with and is not close to), has been staying at our home. I’ve never met this woman before. She called my husband crying. She told him she’s having financial issues and she can’t afford a hotel and airfare but wants to come. He paid for her ticket and told her she can stay with us. I didn’t know till after it was done and yes I didn’t feel that great having a stranger in our home, but I welcome whoever my husband does. She’s been here three days. 

I know it sounds crazy but ever since she came I’ve been having a feeling she’s a pedophile. My husband and me have two sons, our eldest is five and our youngest is seven months. Her behavior has been directed toward my older son. 

When she first came I knew something wasn’t right with her but I let it go. I assumed she was just “off” at first. My husband introduced our son to her, he was acting shy and clinging onto me. She made eyes at h",
b36mqq,To the man who received a lap dance from me (24F),offmychest,4206,142,0.97,https://reddit.com/r/offmychest/comments/b36mqq/to_the_man_who_received_a_lap_dance_from_me_24f/,2019-03-20,jj8022,"As a dancer, it is my job to entertain and distract people from their normal life. I am viewed as a beautiful fantasy and sometimes therapist (aka stripper therapy). Many people view the club as a place for lonely men to go. That is true to some extent, but we are also the place for many broken men. I don't encounter too many that are open about it, but last Saturday was the most heartbreaking encounter I have ever had.

My night was almost over, it was about 12:30am and I had been called to the stage for my last stage set of the night. I began my usual routine of rolling around on the floor and lifting myself on the pole. Eventually, I made it around to all of the guests sitting at the stage. It was my 3rd and last song and a red bearded man (33M) walked up to the back of my stage and looked me in my eyes as he held up a dollar. 

I am pretty good with reading people. I'm what some might consider an empath. As he looked at me, I could tell his eyes were filled with sadness. This is pr",
hvqcy2,Here some good dating advice: Nobody Owes You S**T,dating_advice,4077,423,0.8,https://reddit.com/r/dating_advice/comments/hvqcy2/here_some_good_dating_advice_nobody_owes_you_st/,2020-07-22,alias_guy88,"I parked my car and walked up the hill to meet my date. It was in a bar that I’ve never been to before, we got confused because the place was so big, we were on the opposite ends of the building. When we finally met up, we had a laugh about it. We continued to have some fantastic banter back-and-forth, laughing and giggling with each other. I walked her to her car after a great night, a few hours had passed. We were both smiling and chatting, she turned to me and grabbed me and we made out. She said she had a great time that night, messaging me as soon as she got home, I replied and told her I did as well. 

The next day was busy, so I messaged her the following day and brought up something we had discussed on the night. We messaged backed and forth for a bit, finally I messaged her telling her I wanted to see her again. I asked her, “so when are you free next week to hang out again?” No response. I waited a day, no response. I waited another day, no response. I found it ironic, during",
z1z20x,"UPDATE: 10 years ago, my girlfriend abandoned me and our 5 year old daughter, now she wants her family back",offmychest,4061,200,0.98,https://reddit.com/r/offmychest/comments/z1z20x/update_10_years_ago_my_girlfriend_abandoned_me/,2022-11-22,roby_rod,"I didnt expect so many answer, so, thanks to everyone for your answers and advices. Thanks to the ones who made me open my eyes and help me to realize I still having issues with my ex and Im not over with her, and over all, to the ones who pointed the risk of hurting my daughter that is letting her back in our lifes. I can recognize my weakness, but Im not letting her to hurt my baby again. So dont worry, Im not getting back with her.

Since the post, she had been insisting on meeting,  she wanted to talk. I decided to have one last talk with her and setting my boundaries. We met in a public place. The talk was long and hard, I wanted her to be honest, amd I told her the moment I caugth a lie I was leaving. I asked if she was really sorry, or are we her last option? Did she really love us, or are we just a consolation prize? Did she came back for love, or because she was unable to find another man anymore? She was unable to answer any of that. She only said things like ""it's not like t",
1dg604e,"My (23F) FIL (70M?) spanked me, and my husband (30M) thinks it's not a big deal and thinks it's ""kind of funny"". And, I'm freaked out and rethinking our relationship. What do I do?",relationship_advice,4026,2160,0.91,https://reddit.com/r/relationship_advice/comments/1dg604e/my_23f_fil_70m_spanked_me_and_my_husband_30m/,2024-06-15,ThrowRA336633318,"I know the title sounds ridiculous, and it is ridiculous situation because it shouldn't have never happened, but I really need some advice.

So, my FIL always has been like that ""cranky and senile"" old man. And, he always made some distasteful claims and jokes, but I always brushed them over because I was trying to be understanding thinking he's from another time and background and since my husband warned me about him from early on and told me to just ignore him.

But it finally went wrong when I was staying at his place..  I was staying there for a few days because he had hurt his leg, and he couldn't move around the house freely (he still could, but just not very well). So, I offered and kind of selected to help him staying at his place for a few days.

And things were not easy, but they were going pretty well, until a couple nights ago, we got into some stupid argument where he insisted on eating and drinking things that the doctor told him not to at least during his recovery, and I",
9edyvv,"You are the worst, slimiest types of people and I absolutely hate you",offmychest,4023,214,0.95,https://reddit.com/r/offmychest/comments/9edyvv/you_are_the_worst_slimiest_types_of_people_and_i/,2018-09-09,DifficultPath,"I posted a thing recently on legaladvice about my brother and it got a lot of attention. i reported my brother for him spying on me and putting a camera in my room and then violating a temporary restraining order and my religious catholic parents took his side and disowned. they burnt my shit and cursed me out. I'm very alone right now and its really been one of the worst times in my life.

i got so many messages, like hundreds upon hundreds of messages. i only responded to like three or four and had a really long phone conversation with this incredibly nice university professor across the country who was one of the nicest people i've ever met, she just put my mind at total ease. but man. 

So many people, like about fifty or sixty messages worth, all from catholics and christians, who just want to add in these little defenses, have to get the PR team in, make sure i'm not mad at jesus, that i know that REAL christians don't do this.

""that wasn't christianity, they aren't real catholi",
1t67aoq,Tenant killed himself because we wouldn’t renew his lease,offmychest,3962,599,0.9,https://reddit.com/r/offmychest/comments/1t67aoq/tenant_killed_himself_because_we_wouldnt_renew/,2026-05-07,pokethepenny,"We manage a property for an owner. He has owned the property since early 2000s, and inherited a tenant who lived there since 2002. The tenant has been there for 24 years. The property owner never increased his rent once and the tenant was only paying $475 a month in a town where a studio apartment can rent for $2000 a month.

The tenant was now 73 years old. Retired contractor who couldn’t work anymore. Lived alone. He had been behind on rent multiple times over the years, but we always worked with him to get caught back up.

This time, the owner wanted him to move out due to the fact that he was smoking cigarettes in the unit impacting other tenants. He was also behind on rent again. This time we gave him a deadline to pay or else he needed to leave.

As the deadline approached, we gave him multiple reminders and he stopped responding to us. He was always communicative previously. On the day he was supposed to move out, he plugged all of the drains, turned on all of the water inside o",
plrynw,"I'm so sick of being expected to put myself in danger because every guy seems to think he's ""special""",offmychest,3908,375,0.97,https://reddit.com/r/offmychest/comments/plrynw/im_so_sick_of_being_expected_to_put_myself_in/,2021-09-10,1XoddXsock,"Dating apps:

""I'll come over later and we can watch that show.""

""To my apartment? I don't think that's a good idea, you're a total stranger.""

""Why not? It'll be fun,""

""Because it's not safe for me to invite men I've never met to be alone in my home. That's how women go missing and never return.""

""What? Seriously! I wouldn't murder you! Wtf""

Oh you won't?? Silly me! Now that you've said that I guess it would be impossible for you to rape or murder me! I'd hate to insult you by trying to stay alive!

Seriously though. I'm stunned by how the majority of men not only believe they're special and should be treated differently than they'd advise any woman to treat a man, but also get personally offended by me trying to not be raped. It's exhausting",
1id1vsr,My husband (36M) just gave me (34F) an ultimatum: quit my side hustle teaching yoga or he’s leaving our marriage,relationship_advice,3902,1469,0.94,https://reddit.com/r/relationship_advice/comments/1id1vsr/my_husband_36m_just_gave_me_34f_an_ultimatum_quit/,2025-01-29,elevenelevenpm,"buckle up, here we go. long-winded - enter at your own risk

I got married a year and a half ago to the most incredible person. I’d just gotten out of a six year relationship, we were friends for a few months, and it quickly became every bit of the classic ‘when you know, you know’ for both of us. Within three months we’d bought our first home, got engaged after nine months, and then got married almost a year to the day (from our engagement) with a dream destination wedding in Greece. We’ve been together now 3+ years. It’s important to know we are in multicultural marriage; my husband is Hindu Punjabi (emigrated from India over a decade ago) and I’m a white American - Greece was equidistant travel for both of our families, who get along famously and have really embraced our blending of cultures. We have a lot of family support on both sides. When we got married we were on the same page about what we expected from each other and what we wanted. Our red lines were physical violence and c",
1qrg25n,I witnessed a man die in the ER on Sunday — and it changed how I understand my father’s death,offmychest,3871,146,0.96,https://reddit.com/r/offmychest/comments/1qrg25n/i_witnessed_a_man_die_in_the_er_on_sunday_and_it/,2026-01-30,AdSilly2710,"On Sunday, I was in the emergency room with a severe lung infection — something like bronchitis on crack. I wasn’t feeling great, but I was stable and sitting right by the door in a treatment area when everything around me suddenly changed.

A 65-year-old man was rushed into the ER in full cardiac arrest. From what I overheard, it seemed likely it was not looking good. I was no more than ten feet away when they wheeled him in, and the scene unfolded.

As the doctors continued working on this man, out of the corner of my eye, I saw his family arrive — standing off to the side of the ER, not fully in the room, but close enough. 

The doctors worked on him relentlessly. CPR. Medications. Every possible effort. After several minutes — maybe five — the family was brought in. It appeared they were told what no one ever wants to hear: that he wasn’t coming back. They could continue trying, but at this point, the efforts were causing more harm than good. The decision to stop was theirs.

Then",
13fz1rg,UPDATE: My girlfriend dated me because of a dare,offmychest,3866,119,0.98,https://reddit.com/r/offmychest/comments/13fz1rg/update_my_girlfriend_dated_me_because_of_a_dare/,2023-05-12,Fancy-Wally,"I honestly didn't expect to post an update so soon, but since I did agree to pick up my things today while also dropping hers off, I don't know why I expected nothing to happen.

A lot of you pointed out about she may have fallen in love with me during our relationship. It doesn't matter if she did or not. She broke my trust and I'm no longer attracted to her after yesterday. She allowed her friends to talk shit about me and plotted to destroy my reputation. She's weak minded and I'm not going to further date someone who will pick their abusive friends over their romantic interest. Do I feel bad? A little, but I tried warning her and she did not listen.

Now onto the actual update! So I went to my ex's house with a friend of mine since in no way in hell I'm going there alone. It was right before school. I didn't see my things outside so I rung the door bell. Her father came out and handed my things while I gave him her things. He asked if I had cheated on her since she's crying in her",
e4l3a7,"Parents, always trust your gut. SO shaken up.",self,3864,466,0.92,https://reddit.com/r/self/comments/e4l3a7/parents_always_trust_your_gut_so_shaken_up/,2019-12-01,throw4away548,"I was dropping my daughter off at a play date this morning and was in a major rush. 

I was called into the office unexpectedly and I was running late to drop my younger son (2) off with my parents who were in turn running late for wherever they were going with him. My daughter (7) had a play date scheduled with a school friend. 

I got to the play date with tunnel vision of safety handing her off and getting back on the road in under two minutes. 

I pulled right up to the front of the house and my daughter got out curbside and walked up to the door (wasn’t more than 10 steps between my car and their door). She rang the doorbell. Dad answered and waved. Immediately something about him just felt weird. I don’t know what exactly there was no “that particular thing is odd” I could’ve articulated, it was just a feeling. 

But I was in a rush so shook t off and waved said “I’ll pick her up at 12:00” he said sure. Great. I drove off. I thought again about how the guy seemed weird but I admo",
1s4bl08,the US is preparing for a draft and I am devastated,offmychest,3759,629,0.91,https://reddit.com/r/offmychest/comments/1s4bl08/the_us_is_preparing_for_a_draft_and_i_am/,2026-03-26,Secure_Cloud6414,"1. Army age for voluntary enlistment will change from 35 to 42. 
2. Selective Service System will now automatically enroll men age 18-26 using federal records so they can draft you even if you try to avoid registering. 
3. Reports indicate that roughly only 23%–24% of draft-aged men (17–24) qualify for military service without a waiver, largely due to health, fitness, or background factors.

Iran is a fortress protected by mountains, it would take 1.5 million troops to invade. The US/Israel cannot win with air and navy alone because the economics don't work; it costs $150k PER HOUR to operate a B-2 Stealth Bomber and just a fraction of that for boots on the ground. Losing an F35C costs $110 Million dollars- what is the cost of one young man's life? They will gladly sacrifice your sons and brothers. 

Even if the US backs out now- the concessions they make to Iran will change the middle east forever. Iran will own and control the Straight of Hormuz and rise as a superpower in the middle",
c2czl1,I'm a registered sex offender because of my father.,offmychest,3752,309,0.99,https://reddit.com/r/offmychest/comments/c2czl1/im_a_registered_sex_offender_because_of_my_father/,2019-06-19,Rsothrowaway2019,"Hello Reddit, this is something that ive never spoken about. I'm only posting about it now because I'm very drunk

All my life I was a homeschool kid. I was an only child and my father taught me everything. My dad was a deeply religious man and insisted on Christian homeschooling growing up.

 I wasn't allowed to have friends, and my father was my whole world. My mom died when I was very young, and I never had much memory of her.

 In 2012 I was 15 years old. County Police raided our house and took our computer and all of our electronic devices. I later found out that this was for a child pornography sting.

 My dad had been downloading and viewing child pornography. I do want to take the chance to say that he never ever touched me in a sexual way.

 Anyway my dad told me that he would go to prison if he was convicted and that I would be alone and never see him again, but he said that if I told the police that I downloaded it I would not get into very much trouble and he would be able",
1ecgdu5,My anti-abortion husband said if I was assaulted I would have to get one or he would abandon me and now I think he might be a moron,self,3749,1373,0.76,https://reddit.com/r/self/comments/1ecgdu5/my_antiabortion_husband_said_if_i_was_assaulted_i/,2024-07-26,b007130,"My husband is a republican voting for Trump who for the entirety of our 7 year relationship has said he has felt he is trans his entire life but won't transition because of religious family. One of his best friends is in the lgbtq community. I think that's weird to vote the way he does when he feels like that inside, but what messed me up today is when we talked about what would happen if I was raped and became pregnant. He said he would make me get a abortion or he would leave, that he would not raise or watch me birth another man's kid. But he has also said in the past that women who get abortions for any reason deserve the death penalty. I asked him if he succeeded in voting away the rights to that abortion that he would desperately want me to get once it affects his marriage, then is all that is left is abandoning me? And he would not answer me. I just wanted him to explain to me the thought process because to me it seemed illogical and backwards. If I am assaulted and get abortion",
p3182q,"My sister (20) animated/deep faked a photo of our late grandfather, thinking our mom (50) would love it. Instead, it made Mom super upset, and now they aren't speaking to each other.",relationship_advice,3736,455,0.99,https://reddit.com/r/relationship_advice/comments/p3182q/my_sister_20_animateddeep_faked_a_photo_of_our/,2021-08-12,ThrowRAFamilyPhoto,"Update posted 8/14/21: [https://www.reddit.com/r/relationship\_advice/comments/p4c357/update\_my\_sister\_20\_animateddeep\_faked\_a\_photo\_of/](https://www.reddit.com/r/relationship_advice/comments/p4c357/update_my_sister_20_animateddeep_faked_a_photo_of/)

TL:DR; - My sister animated a photo of our late grandfather, thinking my mom would love it. Instead, Mom hated it, the two of them aren't speaking to each other, and I (23F) feel caught in the middle.

Backstory: My mom's father died in a car accident when she was 16, so my sister and I never met him. My mom was an only child and a total Daddy's Girl, so she always made sure to tell us stories about him and keep him alive in our hearts. She only really had one good photo of him though, showing a serious, handsome man of about 40, and that photo has had a special place in our living room all of our lives.

What happened: My mom's 50th birthday was last week, and we had a small gathering at home to celebrate.  All week long, my sist",
gf0383,"Covid made me realize I want to find someone, marry and settle down",dating_advice,3719,319,0.97,https://reddit.com/r/dating_advice/comments/gf0383/covid_made_me_realize_i_want_to_find_someone/,2020-05-07,lilrayofsunshyn,"That's it, nothing more to add. I have started to realize I can't do this alone, I like myself, I take care, I work, workout, financially independent, emotionally sane as well. But I definitely want someone to spend life with, I don't wanna go through life alone. Nope, having friends and family isnt enough, they can't replace what a SO can do. 

I think I am ready to go husband shopping!

Edit-1: Wow thanks wonderful people of Reddit for some really uplifting and encouraging words. I agree these are tough times and I am definitely one of those people who would not jump at the next guy and ask him to marry me; all I am saying is despite being financially independent and someone who can take care of themselves I would still like someone to go on with life. I don't like this lone self anymore. I have tried OLD and Meetups before the lockdown, I am starting to think I may not have put out myself enough. I also do realize it's not all going to be rosey out there with commitment and relation",
18clp21,"I (28M) told my parents (51F), (50M) and siblings the truth and i think i broke them",relationship_advice,3687,232,0.97,https://reddit.com/r/relationship_advice/comments/18clp21/i_28m_told_my_parents_51f_50m_and_siblings_the/,2023-12-07,ThrowRAEmpt8285,"Throw away for reason that will be explained below.

I 28M had dinner over at my parents house a week ago. At some piont during the night my mother started questioning me as to why i kick my sister (21F) out of my house. She already knows the reasons to why but she kept asking me to give her another chance.

My father asked me to take on my sister. Originally this was great as i travel alot for work so i had someone to take care of the house in my absence. She would effectively lived alone as i am sometimes away 2-3 weeks out of a month. The only condition i put on her living with me was that she takes care of the house in my absence and cleans up after herself. A week after she moved in i left for 3 weeks when i came back the house was a mess, no clean cutlery, dishes nothing. the pizza box, and plates was still in the same position as when i left the house 3 weeks ago, and she was sitting on the couch with 6 plates of uneaten food stacked on each other some had started to grow mold.",
3449i8,I stopped and picked up a man and his pregnant wife on a rainy night in Seattle in 1977,offmychest,3612,194,0.99,https://reddit.com/r/offmychest/comments/3449i8/i_stopped_and_picked_up_a_man_and_his_pregnant/,2015-04-28,gnique,"I just figured out that I may be able to find out how this story ended after all these years. I was southbound on I5 on a week night in the early autumn of 1977. Rain was pouring down and the interstate was awash. I was driving an orange, 1973 BMW tii when I saw a crazy man in the MIDDLE of I5 jumping up and down and waving his arms. I slowed down and stopped about 300 yards away from his stalled car. He ran up to my window and shouted ""my wife and I were going to the hospital, she is in labor and I ran out of gas can you take us the rest of the way!!!?"" He jumped in the back seat and I BACKED up along I5 in the DARK, in the RAIN about 300 yards. I got out and helped his wife into the car. Boy was she pissed! She was so pregnant that she could no longer bend at the waist. She put down her pillow and slowly got in. The guy sat in the back and fucking YAMMERED the whole way to the hospital. We got to the hospital and the women of the family closed around her and, in the arms and the care",
lcykax,"Trying to date during covid, in the winter, in a country that has a W-I-N-T-E-R, is so frickin' frustrating.",dating_advice,3591,400,0.95,https://reddit.com/r/dating_advice/comments/lcykax/trying_to_date_during_covid_in_the_winter_in_a/,2021-02-05,xxxxxah123,"Mid-20s male. Idek what I'm looking for here. Sympathy? Commisseration? A sounding board?

I'm so tired of being single and lonely. And this pandemic is ruining my life (I know, it'sruining yours too). It's frowned upon to meet *anyone* of course, but here in the middle of a Canadian winter...I literally can't even if I wanted to. There is no indoor dining. There is no communal indoor gathering place. And due to the cold weather, there are no patios, and there is no chance you spend the evening outside without seriously risking hypothermia. 

I'm 100% taking this pandemic seriously, and f#%@ anyone who isn't! If I could meet someone for real, it would have to be safe. I'd work out a plan beforehand, ask questions about what precautions we'd like each other to take, keep distance from others or even each other until we're sure we actually wanna be closer...but none of this will even be feasible for months.

And the pressure is insane. This pandemic isn't going anywhere. So I feel like i",
hqr4yb,"Every single one of my friends have partners, except me. I feel so alone and useless.",dating_advice,3565,586,0.98,https://reddit.com/r/dating_advice/comments/hqr4yb/every_single_one_of_my_friends_have_partners/,2020-07-14,Hamster_Swimming,"M28 here. I've always thought of myself as a likeable guy. I've never had problems getting friends. As i've progressed in life, through highschool, university etc, i always got more and more friends. I like to think i have qualities that makes people want to be around me. At times i've even thought i had too many friends, as it got difficult to balance all of them. I can't think of a person who actually dislikes me (that i know of). I have been the best man in two weddings so far. Like i said, i have many friends, and as we've grown up, more and more of my friends got girlfriends. I didn't worry about that back then, but as time progressed it has hit me more and more how seemingly every single one of my friends have managed to get a partner, except me. I feel like i'm slowly becoming more and more sad, alone and lonely. A few weeks ago, the only one of my friends who didn't have a gf, got one. He is over the moon, and has already become more and more unavailable already. I know this pa",
1qlefcf,UPDATE My (38m) wife (38f) admitted to me that she has quite an intense crush on her personal trainer. What’s the next step?,relationship_advice,3554,712,0.97,https://reddit.com/r/relationship_advice/comments/1qlefcf/update_my_38m_wife_38f_admitted_to_me_that_she/,2026-01-24,throwra_wifept,"Original: [ https://www.reddit.com/r/relationship\_advice/s/MzifYDGS2h ](https://www.reddit.com/r/relationship_advice/s/MzifYDGS2h)

So I spoke to my wife the night after my original post.

I said she needs to leave her personal trainer, Quit that gym, and we need to start going to couples counselling. She wasn’t happy and started arguing saying it’s only a crush and it’ll pass and she’s making good progress and then started to frame it as me not caring about her health. Once she realised I wasn’t budging she started trying to bargain with me and saying what if she stopped seeing the personal trainer could she still go to the gym and if she started having sex with me again we don’t need couples counselling.

I lost my temper at this point I admit and shouted “enough! I want to know everything! Tell me everything you’ve done! I want to read your messages with him! I want to see these outfits you are wearing! I need to know everything now!” She said fine and stormed off upstairs. She cam",
x13t1u,I walked out of my school's active shooter drill today,offmychest,3550,316,0.97,https://reddit.com/r/offmychest/comments/x13t1u/i_walked_out_of_my_schools_active_shooter_drill/,2022-08-29,booksnotbullets,"I attended my school district’s mandatory active shooter training today. There is a new active shooter drill that goes beyond the traditional lockdown by adding neat new features like “evacuate” and “counter”. It also helps us be safer by reminding us to ensure our students are never all huddled in one space within the classroom where they’re hiding in petrified silence, but spread out around the edges of the room. This way, if the shooter breaks down the door, fewer of them will die. That’s the thinking, at least.

I work in an elementary school. I understand this training is important. A shooter attacking a school full of six year olds is a devastating situation, but far from unthinkable. People used that word a lot after Uvalde. And Parkland. And Sandy Hook. This year, there have been 27 school shootings, according to EdWeek. Just this year alone. What is the opposite of unthinkable? 

I don’t resent the trainings. I understand their importance. What I cannot grasp is how America",
116wup6,"Update: My(28m) wife(30f) kicked me out after finding my ""secret reddit account. """,relationship_advice,3521,210,0.96,https://reddit.com/r/relationship_advice/comments/116wup6/update_my28m_wife30f_kicked_me_out_after_finding/,2023-02-20,throwra_number_1,"My pregnant wife kicked me out accusing me of cheating on her and getting my coworker pregnant after she found ""my secret Reddit account. "" even though there were obvious differences in the post as well as when the post was made.

I that night drove for 1 hour to my in-laws. (My family is not close) when I showed up they wouldn't let me in until I started crying (I know not manly) and explained that I am worried for my wife's mental state and child's safety and asked if they would please hear me out. They finally let me in. I put everything on the table. They did not hear the full story and my wife. She said that I cheated and then got in her face blaming everything on them. None of it was true.

I showed them the post that she suspected was made by me. Then pointed out the obvious differences.

I next pulled up footage from one of our outside cameras that caught some of the argument. (caught audio only) They could tell I was not the aggressor and she was not acting like her normal se",
sius0m,My stepson is 18 and we can finally leave his mom behind,offmychest,3483,127,1.0,https://reddit.com/r/offmychest/comments/sius0m/my_stepson_is_18_and_we_can_finally_leave_his_mom/,2022-02-02,ThrowRAsaidallwrong,"He begged me not to leave him alone with his mom. I’ve been in his life since he was 7. He’s my world. When he was 12 I finally started to see her for the abusive and manipulative woman she really was. Not just to me but she’s tried many times on him but I never let her drag him into her shit. She always threatened if I left her she would make his life a living hell and will do everything in her power to make it difficult for me to get any sort of visitation if I tried to fight for it in a divorce. And I didn’t want him to suffer. His dad is barely around, never really cared about him or what she was doing. 

So for him I stayed. 

I’d rather he had someone there to protect him from her than see me maybe sometimes but have to deal with her 24/7. It wasn’t easy but I’d do it all over again if I had to. He made it worth it. Once we got close to his 18th I got his papers together, birth certificate, social, everything she kept hidden from him and talked to an attorney myself to get the di",
1mvinnl,The cure for male loneliness is feminism. Seriously.,MensLib,3459,548,0.82,https://reddit.com/r/MensLib/comments/1mvinnl/the_cure_for_male_loneliness_is_feminism_seriously/,2025-08-20,futuredebris,"Curious your thoughts! I wrote about how the answer to male loneliness is caring, and how caring is really, really hard. Especially for those of us who’ve been socialized as men. We’ve been told that anything outside of going to work or optimizing ourselves by lifting weights, sitting in ice baths, and pounding creatine isn’t worth much. That caring for others isn’t a “productive” or “efficient” use of our time. That someone else will always end up doing it. That we’re not supposed to do it because women are naturally, biologically designed for it and we’re not (which is untrue). That if we do it, we’re less valuable, like a woman, less of a man. But showing up and caring is both good for other people and us. We have to do more of it.",
w47ly3,I miss my wife more than words can describe,offmychest,3431,237,0.99,https://reddit.com/r/offmychest/comments/w47ly3/i_miss_my_wife_more_than_words_can_describe/,2022-07-21,throwaway00003837484,"Today marks 4 years since I lost my wife. I am now 29 years old. I feel like my life has already ended like I’m just finishing it up. Every day is harder. The only thing I have left in this world is our 2 children. One is 5 one is 7.
She passed away peacefully. I just wish I got more time with her. I sit in this house all alone. Her ashes sit in our living room. Every day I talk to her. I just sit down and I tell her what Me and the kids did that day. They’ve gotten so big and they both go to school now. She wouldn’t believe it . I do this every single day. It’s the one thing I look forward to. I love my kids but it’s hard. I’m only half the parent I would be if she was still here. She was such a good mom. She was only 25 when she passed but she had it all figured out.
Life has just gotten harder and harder every day. My friends said it would get easier overtime. It never did. Only worse. I have never taken off my ring. 
I’ve gotten attention from other girls but I just say I’m married",
1od1thu,My (30M) best man (31M) stole my wife (30F) and I think he’s back to take my girlfriend (29F),relationship_advice,3406,1124,0.89,https://reddit.com/r/relationship_advice/comments/1od1thu/my_30m_best_man_31m_stole_my_wife_30f_and_i_think/,2025-10-22,doctor_anonymous_15,"Six years ago I (30M) was getting married. My best friend (31M) Judas, fake names to protect identities, was my best man. I was getting married to Leah (30F). 

Our friend group was very very close, there were 8/9 of us, and we always did everything together, days out, game nights, holidays etc. anytime a friend would bring another female friend into the group Judas would end up hooking up with them, as he was genuinely just naturally very funny and charismatic, which is a big part as to why he’s everyone’s best man, but he was never a threat to our relationships because we were all such good friends. 

Just over a year into our marriage, Leah and I start having issues, I’m in the army so I’m at camp through the week, returning home Friday evenings and leaving again early Monday mornings. This meant we only really got weekends together and I’d always want to spend them with the group, and she’d mostly want alone time, just the two of us, as she will have seen the group through the week",
9lldz5,I(21M) got caught lying about my age by my girlfriend(25F). Her anger has mostly subsided. But her friend who outed me has been egging her on to dump me. What should I do?,relationship_advice,3404,296,0.91,https://reddit.com/r/relationship_advice/comments/9lldz5/i21m_got_caught_lying_about_my_age_by_my/,2018-10-05,dabbadat,"Last year I got dragged into a meetup for Asian foreign students by my Indian roommate. Btw I am a 2nd gen Japanese-American. We were late and had already missed the introduction stage. The room had already divided into groups and from the corner of my eye I saw this really tall and beautiful Asian girl standing alone holding a big dictionary in her hands. It took me some time to approach her but I finally did. I said hi and she introduced herself in broken English. She was from Korea, a few years elder to me and was doing her grad studies in a university near mine. I introduced myself too and only mentioned my university name which is an ivy league university. She was really impressed as my uni is pretty famous back in her home country. I took her number and we started texting.

We mostly texted about her classes (she is a business grad) and I was pretty good in those subjects too. As days went on our conversations got deeper. After a few weeks I asked her if she wanted to be my girlf",
g8mf3x,PSA: It’s perfectly okay to feel loneliness and want companionship,dating_advice,3388,240,0.99,https://reddit.com/r/dating_advice/comments/g8mf3x/psa_its_perfectly_okay_to_feel_loneliness_and/,2020-04-26,itzLCD,"I’m an avid Reddit user and so I browse many subreddits and in doing so I often see many threads about people wanting to find relationships, feeling lonely etc, especially now during quarantine. 

The problem is I keep seeing the same tired advice like “focus on yourself” or “you can’t expect others to fill a void and make you happy” blah blah. 

These statements just don’t speak truth to the harsh reality that we are all humans and as such we crave intimacy, companionship and conversation. Some are able to get these things easier than others and these are usually the people trying to give the advice. 

There is nothing wrong with wanting to vent and feel lonely, it’s perfectly normal. Another aspect that I think people tend to ignore is the fact that societal pressure makes everything 10x harder to deal with. You listen to the radio and all you hear are songs about love and sex, you go outside in public and see all those couples holding hands and laughing, you hangout with your friend",
aklp5d,I put a ladybug out in almost freezing temperatures and left it,offmychest,3386,189,0.97,https://reddit.com/r/offmychest/comments/aklp5d/i_put_a_ladybug_out_in_almost_freezing/,2019-01-28,KWN2012,"I know this is stupid but I don't really know why this is hitting me so hard. 

Last night I was sitting in my room when something moved out of the corner of my eye. I flinched at first because I thought it was a bug, but I realized it was a ladybug which I've always loved. It was below freezing and I knew he came in for warmth, but I knew he would starve if he stayed in forever, so I decided to let him stay in my room for the night in a container with a little bit of water, and I would release him the following morning.

Well.. Right now is the following morning. I woke up and he was in a different spot than when I went to sleep so I knew he was walking around looking for something to do, I knew it was time to release him since it's just about the warmest it'll be all day, but it's still almost freezing. I felt sad as I picked up his container and carried it outside, but like I said I knew he would starve to death for sure if he stayed inside, and I didn't want to interfere with natur",
1hj0d7f,"my dad just got arrested for statutory sodimy. dad, your daughter fucking hates you. ",offmychest,3381,297,0.95,https://reddit.com/r/offmychest/comments/1hj0d7f/my_dad_just_got_arrested_for_statutory_sodimy_dad/,2024-12-21,peacefullyputrid,"im a 21 year old girl and to all of the dads reading this who watch teen porn: your daughters hate you. You are everything that they mock and despise in college bars and group hangouts. you are the old fuck sitting alone desperately trying to find some young woman too stupid to realize how lame you really are.

I am a college student, I spent my entite life trying to be good enough for my dad to approve of me, getting good grades, not sleeping around, getting into college. He would always critisize me for wearing revealing clothing, we fought a lot physically during the 15-17 age range about my clothing/makeup. I was always too socially unaware, too dumb, too emotional, too made-up, and I tried everything I could to repress that only to learn my father is a fucking pig and his opinion never meant a thing. 

I hope you know if your daughter gives you a look when you tell her to change, she knows what you think about women, she knows you think about her friends as little fucktoys and tha",
f9js16,"I was raped, impregnated, and then gave birth at 12 years old. Finally ready to tell my story...",offmychest,3321,121,0.97,https://reddit.com/r/offmychest/comments/f9js16/i_was_raped_impregnated_and_then_gave_birth_at_12/,2020-02-25,survivorgirl97,"I’ve been wanting to do this for a while, but today I’ve found myself feeling  strong enough to have to courage to post this. I’ll try to keep things as short and simple as possible. 

Eleven years ago, I was your typical bubbly 12 year old girl. I had lots of friends, got good grades, and was generally a good kid. I was starting my final year of elementary school (back then it was K-6) when the events that would change my world forever occurred.

My abuser is the stepchild of my mother’s cousin. The summer before starting 6th grade, my family all made plans to get together for a reunion. My great grandmother had been diagnosed with lung cancer years prior and was on her last leg at that point so the elders of the family wanted to have one last big get together for her. It was a beautiful idea for a beautiful soul who adored her family more than anything. She passed just six weeks after the reunion. Despite the fact that the gathering was the start of hell on earth for me, I am glad th",
99pwu9,"UPDATE: My [37M] Son [21M] Slept With My Girlfriend [32], I Don't Know How To Process This Level Of Betrayal",relationship_advice,3296,284,0.97,https://reddit.com/r/relationship_advice/comments/99pwu9/update_my_37m_son_21m_slept_with_my_girlfriend_32/,2018-08-23,Advice93846,"Original post can be found [here](https://www.reddit.com/r/relationship_advice/comments/98lvk9/trying_my_luck_on_this_sub_my_37m_son_21m_slept/) 

First off, I'd like to thank everyone for the enormous outpouring of support. I've had numerous people offering to their well-wishes privately and such compassion from those who commented. I believe it was this support, as well as that from my friends, that kept me from doing anything stupid. I'll try to keep this as concise and short sentenced as possible.

It's been a busy couple of days, to say the least. I unblocked both their numbers shortly after posting. My now ex called again that night, which I answered. I told her if she wasn't calling to make plans to pick up her stuff I was hanging up, and we decided on the next morning. I called a platonic female friend of mine that night and she agreed to be at my place before my ex showed up as a witness. I had everything packed up and waiting by the door. She showed up as expected and started",
1g1hcxn,I have no else to tell right now but last night I married my ex-boyfriend in Vegas and I'm freaking out,self,3238,1083,0.87,https://reddit.com/r/self/comments/1g1hcxn/i_have_no_else_to_tell_right_now_but_last_night_i/,2024-10-11,ThrowRA_qquestion,"Writing this from a hotel bed as he's sleeping next to me. 

We didn't tell anyone, not a soul. Definitely not our families though we're going to have to, eventually. 

We just got back together this past weekend after being just friends for almost 4 years after we broke up. We spent literally the entire weekend in bed, Friday to Sunday, just talking (and doing, ahem, other things). But we talked about everything under the sun, we told each other things we'd never told anyone. Our connection is...something else. I realized I'm never going to love someone as much as I love this guy. 

On Sunday I said we should go somewhere unexpected and random and he said (half-joking) ""Let's drive to Vegas and get married!"" and I looked him straight in the eyes and said ""YES"" and I swear his face broke into the biggest smile I've ever seen (God, I fucking love his smile!)

And then we did just that. And now we're married. We've been best friends since we were 7 years old. We dressed up as Zelda and L",
umwpyt,i genuinely hate men,offmychest,3168,360,0.88,https://reddit.com/r/offmychest/comments/umwpyt/i_genuinely_hate_men/,2022-05-11,throwaway104810382,"i know this is going to get downvoted into oblivion, that's why im on a throwaway account. also, sorry if this post is formatted weird, im on my phone.

i said what i said! i have every reason to!

my father raped me every. single. day. from when i was 6 years old until i was 12. it only stopped because he died. i moved in with my brother afterwards, and he molested me too. and i was groomed by my 4th grade teacher!

recently, i found out that a video of me being raped as a 8 year old was floating around on some fucking pedophile porn website. yknow how i found out? some creep managed to FIND MY INSTAGRAM and message me, telling me shit like ""ohhhh you sounded so hot"" i was screaming in pain. i was screaming for help. 

i can't trust men anymore. i was being interviewed (i guess) by a male therapist and i refused to talk to him. i made them get me a woman to talk to. i can't have a male doctor either, i get so fucking scared. i can't be alone in a room with a man without feeling like i",
nahae7,Just slow the fuck down. A lot of people are insensitive pricks when they date. This is because very few people are actually working on themselves. The rest are just looking for a way to avoid their own personal shit.,dating_advice,3156,176,0.97,https://reddit.com/r/dating_advice/comments/nahae7/just_slow_the_fuck_down_a_lot_of_people_are/,2021-05-12,SpaceMyopia,"So go easy on yourself.

Learn your emotional blind spots.

I'm a straight cis black man. I've got tons of shit to work on. I know my weaknesses far too well, and I likely have more that I don't know about.

My race matters because it informs my life. My orientation matters because non-straight people have difficulties that mainly pertain to them.

My gender matters because I have a different experience as a man than I would as a woman.

And everybody has a slightly different experience based on their look, orientation, identity.

And most people have unexamined trauma or pain that they aren't even conscious of.

You know where that pain goes?

Into dating.

It manifests into people who say insensitive shit like, ""You're pretty attractive for an (insert gender, orientation, race, height size)""

It manifests into people who believe they have to live up to a masculine or feminine image in order to find love, often without even questioning why.

It manifests into dating apps designed to e",
5uct7j,I'm black. I'm not apologizing for that.,offmychest,3141,186,0.95,https://reddit.com/r/offmychest/comments/5uct7j/im_black_im_not_apologizing_for_that/,2017-02-16,DoctorBlackMD,"I'm a black man. I'm about 6'2"", average build. Nothing too fancy. I think I look normal, not intimidating in the slightest. I grew up in a middle-class neighborhood. My parents were blue collar workers, but provided for me and my sister. We were taught manners, said our pleasantries. I got detention once in fifth grade because I was late to class because I spilled paint in my Art class and had to clean it up. But that’s it, that’s the worst trouble I’ve ever been in in my life. 

I am a surgical resident at a hospital you’ve probably heard of. I was educated in a Top 10 university and went to medical school at a pseudo-Ivy League institution. I have had a great life. I’ve made sure of it. So have my parents. 

Of course, I have noticed racism throughout my life. I have been pulled over and the officer has never given me a clear answer. Sometimes, they will straight up lie and tell me that I was speeding when I know I wasn’t. Once, I was stopped and frisked. The officer apologized and",
c2l5lo,Update: Just found out my husband (28M) invited another woman over to spend the night while I’m (24F) away on business. How to proceed?,relationship_advice,3133,319,0.95,https://reddit.com/r/relationship_advice/comments/c2l5lo/update_just_found_out_my_husband_28m_invited/,2019-06-19,ThrowemAweeehhhh,"[Update 2](https://www.reddit.com/r/relationship_advice/comments/c2xkpx/update_2_just_found_out_my_husband_28m_invited/?utm_source=share&amp;utm_medium=ios_app) 

First off, I just want to thank everyone for being patient while I sort this shit out. As I mentioned in my [previous post](https://www.reddit.com/r/relationship_advice/comments/c0hmre/just_found_out_my_husband_invited_another_woman/), I left on a business trip, and had actual work to do. I also managed to get my account banned from r/relationship_advice because I suck at Reddit, but thanks to the helpful mods here who helped me get verified. I made the original post on very little sleep and in a very bad headspace, and honestly never thought my post would get as much attention as it did. While I read through as many of the comments as I could, I needed a few days to sort through my own thoughts, because this situation may be entertainment to you, but it’s my real life, and has real, lasting consequences that I'll have to li",Verified User
9ytrw0,Family left me (18M) when they thought I wasn't my dad's son but now they want to get back in touch,relationship_advice,3132,356,0.99,https://reddit.com/r/relationship_advice/comments/9ytrw0/family_left_me_18m_when_they_thought_i_wasnt_my/,2018-11-20,turnsoutinsane,"Bunch of friends reddit, so alt

I don't think the technical details will matter a lot, so I'll get right down to business.

4 years ago, dad found out my mom had a life long affair (more than one, but that's another story). He knew about a couple of affairs she had in the past and forgave her, hanging in there for the kids, moving on, yada yada 

But that time (4 years ago), he found out me and my two siblings might not be his kids, considering time of affair.

This was the first time we all heard of mom's, well, everything really.

There was a whole DNA thing and it turned out my siblings were my dad's, and I was not.

Cool right. So dad leaves mom, divorces her, moves out, takes both my siblings with him. Not me tho

I stay behind with mom, who hits a new low finding herself alone, and we both become pretty much outcasts as far as most of the family is concerned. My older brother was particularly mean to me. We were really tight before, and the shit he did to me, I swear, had I been",
1os64bz,My (38M) Wife (36F) wants to sleep with other people because I’m ‘not exciting’ - but I pay for everything and handle the kids,relationship_advice,3108,869,0.94,https://reddit.com/r/relationship_advice/comments/1os64bz/my_38m_wife_36f_wants_to_sleep_with_other_people/,2025-11-09,YesItsABurnerAcct,"TLDR: Wife wants to open marriage... I am devastated and considering divorce. Maybe it's over...

Me (38M) and my wife (36F) have been together for 12 years, married for 9. We have two kids (7 and 4), and like a lot of couples with young kids, the last few years haven’t been easy. I work full-time in IT, am the main breadwinner, handle most of the kid stuff in the mornings, and try to give her space in the evenings because she says she’s “burned out.” (Drinks wine and on the phone)

We have had basically a dead BR, not because I don’t want it, but because she’s said that she needs more from me... And I’ve tried. We have done some couples therapy. I tried inviting her to date nights (she flakes), mentioned sexy outfits or games, even a stupid TikTok challenge I thought might help. It's been a while now... I feel like I'm trying and she's not. At all.

Three nights ago, she sits me down and says: “You’re not exciting me anymore. I need more. I want to explore. I think we should open the",
hf8wwk,"Yesterday, I [M/40] discovered my wife's [ F/38 ] "" secret "" Instagram account, and I need help to cope ...",relationship_advice,3094,987,0.97,https://reddit.com/r/relationship_advice/comments/hf8wwk/yesterday_i_m40_discovered_my_wifes_f38_secret/,2020-06-24,ThrowRA-Instagram,"Secret for me, public knowledge for almost everyone else ... Bear with me : 

So yesterday, my sister visited me at home as I needed help with some work. As we took a coffee break, my sister becomes slighty serious and says to me "" You know, I'm starting to find it kinda weird that your wife doesn't have any pictures with you on her instagram, am I wrong ? "" 

Now to my knowledge until then, my wife's ""only"" Instagram account has like 10ish pics, and a little above 100 followers. I answer that she barely uses the app/site whatever and there is no point in having me plastered around for such a small family&amp;close friends account. lt was that moment when my sister's face went Hollywood-like surprised as she says "" no man, I'm talking about her famous account, I don't see you in literally any pic there "" . My brain cannot comprehend anything as I look at her and just ask about what goddamned account does she talks about and what in the f**k is even this. I don't think any Academy Award",
k06z7x,"Update: (36/M) My wife (33/F) while drunk confessed she only married me as a ""last resort"".",relationship_advice,3073,301,0.97,https://reddit.com/r/relationship_advice/comments/k06z7x/update_36m_my_wife_33f_while_drunk_confessed_she/,2020-11-24,ThrowRASharedMoment,"[Prev](https://www.reddit.com/r/relationship_advice/comments/jy56ty/36m_my_wife_33f_while_drunk_confessed_she_only/)

There's a lesson to be learned. Poor communication +insecurity+ alcohol=bad time. 

I confronted her about this and let it off my chest. I'm insecure and depressed. She knows and she's accepted me for that and I do my best to improve. She was the only person to ever see who I truly was beneath all my bluster.  She was straight up honest even though she knew it would hurt.

I wasn't her first choice and was more like a last choice. She thought I knew but, its clear I didnt. She met Ty before I did. She was young, lonely and miserable. She was tired of men breaking her hearts and was convinced she'd be alone forever. She'd swear off men. Anyways, she liked Ty but, Ty didn't even acknowledge she existed no matter how hard she tried. While chasing Ty she met me since Ty and I were best friends back then. 

Since Ty never humored her and never once even noticed her feelings",
17wx293,My (39F) partner (40M) has trouble letting things go,relationship_advice,3044,594,0.93,https://reddit.com/r/relationship_advice/comments/17wx293/my_39f_partner_40m_has_trouble_letting_things_go/,2023-11-16,scienceandpuppies,"I (39F) am very much in love with my live-in BF(40M). We're 3 years or so in, and it's at the point that we've identified some unresolved issues between us and are working to improve communication and improve ourselves - both for ourselves and for each other.

I'm fairly good at moving past issues if I feel they've been addressed. I work hard to provide for us (I have 2 kids from my previous marriage). Admittedly, I have lead a fairly sheltered/privileged life. I have supportive family, decent education, not rich but feel secure in my job and future opportunities. I'm white, which comes with it's own unintended privileges, but I can certainly identify how the system has paved an easier road for me. Worst thing I've been through was a toxic 14 year relationship, but honestly, I feel over come through it better. 

My man has been through more than most people. Past relationships, jobs, betrayals by family members and friends, literal war, on top of having to deal with being a black man i",
12y42dn,How do you cope with the realization that your parents are aging?,AskMen,3029,524,0.96,https://reddit.com/r/AskMen/comments/12y42dn/how_do_you_cope_with_the_realization_that_your/,2023-04-25,darkeneddaylight,"I talked to my dad today, and I came to realize that he’s getting older. He’s only in his late 50s, but he hasn’t taken the best care of himself throughout his life, and it’s starting to show. Men in my family also tend to have shorter lifespans, like mid-60s. I’m in my late 20s, I’m single, and I’m an only child, and I am not at all ready to deal with or think about this, because I know I’m going to be doing it alone. I’m not sure if this is the right sub for this, but I’m coming here anyway, as a man, asking other men for advice on how to cope and prepare for what the next few years hold.

Edit:

I’ve read a lot of very insightful comments since I got home, and I couldn’t possibly reply to all of them individually, so I’d like to say here that I really appreciate everyone’s help. It has truly made me feel less alone in all of this. I’m seeing him this weekend, and I’m going to be looking into things we can do together to make some good memories. We’re both car guys, so I’m thinking I",
le5xki,First Date,dating_advice,3025,238,0.95,https://reddit.com/r/dating_advice/comments/le5xki/first_date/,2021-02-06,KietoCR,"First, first date in 3 years in just 10 minutes. Wish me luck friends. Hopefully she doesn’t find me unattractive but more than anything, hopefully it doesn’t turn out to be a dude haha.

UPDATE:

Wow! I was not expecting such an overwhelming response. With that in mind, I’d like to start by saying thank you for all of the positivity and encouragement I received from every single one of you! Although some of you may have concluded that my date and I shared a night in the sheets, I can assure you we had a completely wholesome night. For everyone who was worried about COVID, we had a socially distanced date which was agreed upon from the start!

Now for the details. I’ll be honest, I’m pretty drunk right now after talking with my friends online and just enjoying the remainder of my Saturday evening after my date. You want to know how the date went right? I’m nervous as hell to talk about it because I feel like I have literally 2000+ eyes watching me, but I’ll attempt to describe the deta",
1aj3eh6,"My partner is in a comma, she won't be waking up",offmychest,2958,188,0.97,https://reddit.com/r/offmychest/comments/1aj3eh6/my_partner_is_in_a_comma_she_wont_be_waking_up/,2024-02-05,Allan_Quartermain,"She is everything to me. We spent 24/7 together. She had everything figured out. She was the smartest woman I've seen. Four degrees in four different careers. She was finishing law school. We were trying to get pregnant and all of the sudden, she got a stroke 30 days ago. Took her to the hospital, they helped her and, an hour or so later, she was doing fine. Talking to the doctor, laughing like she always did. Then she got a massive brain hemorrhage. They put her in a induced coma and she has been like that. They told us she won't be coming back the same way, and they don't even know if she's coming back at all. Things don't look good and I miss her. I miss her so badly I can't focus, I can't do my work, I can't live my life without her.

We talked for HOURS. Always. HOURS man. HOURS.

Two in the morning and she would roll over and say ""wanna go for some ice cream?""

Yes.

Wanna go tomorrow for coffee?

Yes.

Wanna have brunch on the balcony?

Yes.

Wanna go help me sell my used books?",
1n5oeze,My [27F] little brother [22M] joined a Pro Life group for young men. I'm considering cutting ties,relationship_advice,2937,631,0.84,https://reddit.com/r/relationship_advice/comments/1n5oeze/my_27f_little_brother_22m_joined_a_pro_life_group/,2025-09-01,ThrowRAicecreamcone5,"My (27F) little brother (22M) has been struggling with loneliness for years. I've told him that, if he wants to stop being so lonely (and maybe get a gf), he needs to actually do something with his life; stop playing video games/watching anime/vaping in his room; try to better himself as a person; and actually go outside and connect with people. Get healthy hobbies, go volunteer!

Instead, he recently found meaning in the church. It is unfortunately a very right-wing church, and he has become very passionate about it. (Our family grew up lightly Christian, but drifted away from religion over time.)

His pastor told him they've seen a new phenomenon: Lots of young men like my brother are joining the church, more than ever before (especially from nearby universities), and the church is very excited about it. They want to organize them for something meaningful. 

A few of those churches in the area have put together a group of young men (mostly college-aged) to ""defend the unborn."" They'r",
nza3su,I gave my older coworker a jar of flowers today. He cried and told me I was the first person in his life to ever give him flowers,offmychest,2931,112,1.0,https://reddit.com/r/offmychest/comments/nza3su/i_gave_my_older_coworker_a_jar_of_flowers_today/,2021-06-14,ambrosiadeux,"Just want to share. Have an older guy (69 yrs old) at my work, a Cafe, who is in a wheelchair and does our dishes/buss tables on the weekend. He's super sweet, and a coworker told me he's sad at the moment because his wife divorced him and he lives alone and is having a hard time with it. He makes alot of jokes about wanting to die/being useless which is unlike him. 

So I decided I was gonna cheer him up. He's a hard worker, and I appreciate him. So I cut a ton of flowers from my yard (we have a ton of flowers!) and put them in a jar. 

I gave them to him and he cried. He told me no one has ever given him flowers before and he would never forget me for it. Thanked me multiple times and saw him open up more than he has lately. 

So now I'm drawing him a picture of him from when he was a senior in high school. He's really excited about it, and told everyone at work about it. Ole Leroy is a good man.

Edit: i just want to say thank you SO much for all your kind comments! They have made m",
129twqd,I went to a bar alone last night as a woman for the first time ever.,socialskills,2912,168,0.97,https://reddit.com/r/socialskills/comments/129twqd/i_went_to_a_bar_alone_last_night_as_a_woman_for/,2023-04-02,sajackz1024,So I am a 25 year old woman with a lot of anxiety and last night I got the courage to go to a dive bar literally walking distance from my apartment. What brought the idea on was actually because the one actual friend I have was unable to come out and cancelled but I was already dressed and ready to go. I’ve gone to movies alone and quite like it. I hadn’t been out in several months and really wanted to challenge myself so I walked down to this dive bar. When I first got in I was immediately thinking I would turn the other way. It was kinda more of like a country bar which isn’t necessarily bad just wasn’t used to it. I ordered a drink and sat at the bar in case maybe someone approached me. After about 15 minutes a woman to the left of me said she really liked my tattoos and I thanked her and asked how she was. That small interaction led to me talking to her for about 20 minutes. While I was still sitting at the bar a big group of girls who I later found were all my exact age walked in,
d6l3gv,"To all the young women dating out there, stop if you’re insecure or have low self esteem.",dating_advice,2899,263,0.93,https://reddit.com/r/dating_advice/comments/d6l3gv/to_all_the_young_women_dating_out_there_stop_if/,2019-09-19,sunflowerxx09,"I’m a 21 year old woman and I’ve chosen to stop “dating” for a while. I’ve done one night stands, fwb, casual sex, post provocative pictures on social media, etc. I’m an attention seeker. I like the attention of guys. And then I end up “hurt”. I’m an example of “used and abused”. I’ve also played with someone’s feelings thinking it was normal. I’ve met my fair share of guys/men from really sweet and caring to desperately sexual and narcissistic. I don’t know what’s up with humans liking things/people that seem impossible to get. Anyway, I’m done with dating. It’s not even dating anymore. I used to try to get to know people and be vulnerable only to get rejected or ghosted after asking “hey, let’s hangout?” or having deep conversations. After many rejections, I figured out the only way I’d get acceptance from someone was if I was down to fuck. All my toxic behaviors have brought nothing productive into my life and have led to who I am today. Yeah, anyone can call me “beautiful”, “pretty",
1ezi5wy,I broke up with my abusive boyfriend today because a couple saw him hitting me in a parking lot,offmychest,2874,182,0.98,https://reddit.com/r/offmychest/comments/1ezi5wy/i_broke_up_with_my_abusive_boyfriend_today/,2024-08-23,No_Dependent_1510,"Im crying because this guy has been grooming me since I was 15, he was 20 at the time. I was blind and traveled to live with him at 19 because I was so in love. He beat me for the smallest things, he hits me, he shouts at me, he just touches me and is sweet when he wants to do the nasties. He hit me during my pregnancy and I sat down on the toilet for hours thinking I’d miscarry (we ended up having an abortion 2 weeks later and had to say goodbye to my beautiful baby at 7 weeks). He tells me that this is all “action reaction”, that I drive him mental and that is his reaction to it.
I am now (22F), and him (almost 27M). We were on vacation today and a couple saw him kicking me with shoes on in the middle of a parking lot, the woman shouted if I was okay and the men ran to my boyfriend asking if he wants his ass beat. When the woman said “do you want my man to beat your ass?” It all changed, this is the kind of man I want, to help other people, why does my man do the opposite and hits hi",
1jn1jid,I left my wife after she said I wasn’t manly enough. This is the post and the update I made on relationships that got deleted.,offmychest,2863,387,0.99,https://reddit.com/r/offmychest/comments/1jn1jid/i_left_my_wife_after_she_said_i_wasnt_manly/,2025-03-30,throwra_manly,"We’d been together since we were 18. She was my first everything where as she’d been with a few people before me. We have an 18 year old daughter together who is and amazing brilliant and kind person, I couldn’t have asked for a better kid. 

The last few years my wife has been making the odd comment about my manliness etc and I’ve just brushed it off but she’s really stepped it up the last year and I ended up leaving her about three months ago over it. 

I don’t want this to sound like a humble brag but I do think I’m quite “manly” while also just being a normal person. I’m tall, workout a few times a week, I can do any DIY around the house, I can fix cars, i used to be an amateur boxer and cage fighter and still do it as a hobby to keep fit. The things she said that aren’t manly about me are: 

I like to bake 

I like to cook 

I don’t drink, I don’t care if other people do it’s just not for me 

I like Taylor Swift, Charlie XCX, Arianna Grande, Sabrina Carpenter etc. my main choice",
bq67iq,My (22M) girlfriend (22) has transitioned to male and now I feel trapped in the relationship,relationship_advice,2828,421,0.96,https://reddit.com/r/relationship_advice/comments/bq67iq/my_22m_girlfriend_22_has_transitioned_to_male_and/,2019-05-18,Bu4w325rn,"Before I begin let me just establish this. If I say ""she"" then I'm talking in the past/before and if I say ""he"" I'm referring to the present/now.  I am male, and they shall also be hereby known as X. 

A bit of context. So I met X in high school, we were both 15 when she moved to town and we hit it off immediately becoming good friends. We were quite comfortably platonic till university. We went to different ones in the same city (her for art me for engineering) and in second year none of her mates had space in their flats so she moved in with me and a couple of my mates. It was in this year we got intimate and grew to truly love each other. I am now in my 4th and final year, X is looking for work and we both live alone together. Our relationship has been steady since then. 

Now, X has struggled with depression and anxiety since she was young, and while I can't pretend to know what it's like (my head is mercifully clear) I've always tried to be supportive. Whenever she was sufferi",
efi8qp,I got dragged to a party and was shocked,socialskills,2761,79,0.98,https://reddit.com/r/socialskills/comments/efi8qp/i_got_dragged_to_a_party_and_was_shocked/,2019-12-25,lustinbustin,"So I was expecting a dozen people for this Christmas party. Man was I wrong, there was a garage section, upstairs section, kitchen section and living room section. As a person who spends 10 hours a day in their room playing video games all day this was very intense for me. I was shaking and my friend tried getting me to calm down. Eventually I found a nice corner to set up shop and be on my phone. I met this baseball college player and a few of his friends who actually had the same issues I did. This is explains why we  were in one of the corners, then I met a few other people who also were like me. I eventually made a whole 2 friends that I actually connected well with. Long story short I think what I learned is that when in those types of social events, you’re not alone, and there are probably a ton of others with intense social anxiety who may not look it. Over all I’m very happy I went",
xojmfk,meeting my daughter (I had her at 11)(she's the cutest),offmychest,2747,143,0.99,https://reddit.com/r/offmychest/comments/xojmfk/meeting_my_daughter_i_had_her_at_11shes_the_cutest/,2022-09-26,chaoticcute,"I'm a lurker and I'm just getting this off my chest, never posted anything before, please be kind. If this is too close to home for you, I'm sorry you had to go through that too. I don't know yall, but I hope you know that life does yet better.

**Trigger Warning: Sexual Assault, Homophobia, Pedophilia, Grooming**

If it wasn't obvious I was really young when I had her, and if it wasn't more obvious I was obviously too young to even give consent. I grew up in a religious home. I had always known I liked girls, wasn't too into guys, my bishop knew it, everyone knew it in my church knew it. It was quiet sort of disdain, of isolation, I was a good girl besides everything else, so they mostly let me be.

My life wasn't too bad until my bishop starting poking his nose into my business, said ""that child isn't right,"" a lot. I was that child and it didn't help I ""developed"" early. He'd been a family friend. Everyone in the church was a family friend though. He told my family he'd sort me out.",
15c007f,"Single men, where are you hanging out that would be okay for a woman to hit on you?",AskMen,2747,1409,0.93,https://reddit.com/r/AskMen/comments/15c007f/single_men_where_are_you_hanging_out_that_would/,2023-07-28,g1asshalffull,"I’ve had it with OLD (like many of us have). I’m working on being more forthcoming in public with men I find attractive and trying to shoot my shot. Outside of hanging out at a bar for drinks alone, where would be some good places I should check out to find single guys? Sports bars? Home Depot? I’m trying to snag a good man and usually bars don’t give that vibe, especially where I’m located. Any tips or advice for pursuing guys in public would also be helpful. :)",
ynmugv,I met my boyfriend's ex and I want them back together,offmychest,2705,382,0.96,https://reddit.com/r/offmychest/comments/ynmugv/i_met_my_boyfriends_ex_and_i_want_them_back/,2022-11-06,Fast_Flatworm_2188,"I met my boyfriend's ex and I want them back together

This is a throw away account because I have workmates on reddit, too. Please bear with me as English is not my first language. 

Warning: Long read ahead.

I (27f) met my boyfriend's (35m) ex wife (29f) and I want them to get back together. 

I have been with my boyfriend for nearly a year now. Let's call him Danny and he never talk or nearly touch the topic about his ex wife, Mer, to me. The only thing I know about them is that they have a 5 year old son whom he visits or bring to his home every weekend. His son graduated daycare recently and Mer invited him for a dinner as it is the request of their child. Danny asked me to come, although I hesitated at first, he insists on bringing me. 

Saturday came and we went to Mer's house for dinner. I expected her to be a B to me but she welcomed us warmly. She's casual and very polite and even introduced me to their child. Her house is very welcoming, clean, and smells fragrant. It's hom",
1enfa3v,I (35f) am not sure if I want to be married to my wonderful husband (38m) anymore :( what do I do?,relationship_advice,2686,2325,0.89,https://reddit.com/r/relationship_advice/comments/1enfa3v/i_35f_am_not_sure_if_i_want_to_be_married_to_my/,2024-08-08,ThrowRA_DogMom1,"I hate writing this because it makes it feel so much more real, but here goes...

I (35F) have been married to my husband (38M) for 12 years, together for 14. We have two wonderful children (8F and 5M) and have built a great life together. I have no complaints about the man I am married to - he is loyal, honest, a hard worker. He does everything for us and adores both me and our children. I have never had to question his faithfulness, he's never been the slightest bit abusive, he keeps up with his end of the housework (plus more, if I'm honest). He is not perfect, but he is an amazing husband, father, and friend.

However, I have not been attracted to him for years and find myself wondering if I'm ""in love"". I adore the person he is... he is my absolute best friend. But I often find myself fantasizing about being alone. I don't think about dating or being with other men; I'd be fine being single. I have thought about divorce so many times in the past 4 years or so, but always pushed th",
ftn0q2,"Joe Exotic is not some underdog hero, he was an evil fucking person.",offmychest,2684,264,0.97,https://reddit.com/r/offmychest/comments/ftn0q2/joe_exotic_is_not_some_underdog_hero_he_was_an/,2020-04-02,Coder-Cat,"I kept seeing all these “Joe Exotic For President” memes and t-shirts so I finally decided to watch the Tiger King series on Netflix and I feel like everyone else watched a different series than I did. 
(Spoiler Alert!)

Joe Exotic burned down an alligator enclosure, effectively cooking the animals alive inside, in order to cover up evidence. That alone is enough to make me hate the fucking man.

He groomed and manipulated young men (30 years younger than him!) into having sexual relationships with him! Fucking gross.

He couldn’t afford to feed his tigers, so he fed them old processed meat. Which, btw, he also fed to his customers.

He also killed his tigers when they were too old to make a profit or he couldn’t afford the medical bills. 

He manipulated his own mother into signing documents that made her financially liable for his bad decisions.

He manipulated his dead husbands mom into taking pictures with him in order to soften the pushback he would get for marrying another young",
1ierlka,"On our anniversary, my (27M) wife (27F) and I were intimate, and she said another man’s name during sex. He’s a mutual friend. I’m at a loss. How do I navigate this?",relationship_advice,2617,661,0.96,https://reddit.com/r/relationship_advice/comments/1ierlka/on_our_anniversary_my_27m_wife_27f_and_i_were/,2025-01-31,ThrowRACrimsonOmake,"I’m (27M) in a fight with my wife (27F) after an incident during intimacy.

For context, we’re high school sweethearts married for 6 years. We have a child (3M). We’ve been through a lot together. I love her deeply.

Our marriage is in a rough patch. Our quality time as a couple is struggling. We’re in counseling.

We’re working on making time for each other and reaffirming our bond. That’s our current focus in counseling, and we’re assigned intimacy exercises.

Part of these exercises is for us to make a consistent, conscious effort for each other.

We had a staycation to celebrate our anniversary while our son spent the weekend at his grandparents.

The trip was largely nice, and we got to better focus on each other, but it took a turn.

The night of our anniversary we were cuddling, and it turned into more. My wife initiated. She was really into it and expressive, and then out of nowhere she moaned another man’s name who’s in our friend group.

We stopped immediately. There was no m",
jz1fz1,Confessions of an unmasculine black man,MensLib,2610,308,0.96,https://reddit.com/r/MensLib/comments/jz1fz1/confessions_of_an_unmasculine_black_man/,2020-11-22,skywater101,"It didn't take me very long even as a kid to realize that I didn't really fit the societal image of what a black man should be. But I thought that maybe I'd grow into it as a got older. I just turned 32, and no such luck.

I never did grow into common cultural image of black men as tall, muscular, sexy, confident and a large penis, **MASCULINE**. Masculinity is like a defining trait for black men. Instead I'm short, geeky with a smaller than average penis(and not just the ""black men average"").

I never even thought about it too much until a former partner of mine told her friend ( who thought I should know), her surprise that I had a ""*pencil dick*"". Doing tons of internet research, only to find out she was right, was very devastating to my self worth. Black men are synonymous with large penises. It's our trademark. What makes us special. I've never felt so uniquely unlovable.

That, and I'm also a coward. The thought of getting into a fight frightens me. I know protection is something",
1kusk5z,My (F50) best friend is dying. My fiancé (M52) has waited to pick a fight that may end our relationship right before I see her for the last time.,relationship_advice,2609,289,0.98,https://reddit.com/r/relationship_advice/comments/1kusk5z/my_f50_best_friend_is_dying_my_fiancé_m52_has/,2025-05-25,TallSeaworthiness595,"I can’t make sense of this, and I don’t know what to do or think.

I am beginning to believe that my fiancé is a covert narcissist, or has some severe narcissistic traits. My thoughts are all over the place, please bear with me.

This past week, he has been very moody and difficult. I asked him multiple times if he was OK, and was told he was fine. I am about to make a very difficult trip to visit my best friend who is dying of cancer. This will be the last time I see her; it has been heartbreaking and he knows that this trip will be incredibly hard. I leave in 2 days. This weekend right before I go, my daughter and I went away overnight. It was meant to be later, but because I have to make the emergency trip overseas to be with my best friend, It had to be rescheduled. I mention this only to give background, over timing.

The night before I left with my daughter, he picked a fight over some very trivial things. He was insistent that the storage locker in our building should suddenly b",
bzdt06,I went to a concert alone and it was awesome,socialskills,2606,163,0.97,https://reddit.com/r/socialskills/comments/bzdt06/i_went_to_a_concert_alone_and_it_was_awesome/,2019-06-11,hazzydaisy,"My favorite band was having a free gig in town and I was supossed to go with my boyfriend, but then he told me he was going with a few people I didn't know to drink and celebrate someone's birthday (whom he doesn't even know well and whose bday was weeks ago??) and he told me to join them if I wanted to. I asked if it was okay to come and he just said ""idk man, just come a little later and buy your own booze"" which upset me a little because I just needed some reassurance. 

So I decided to ditch him and go myself and honestly I had a great time. Me from a few years back never would have done this. But I went alone and had a great time, it was so freeing to get lost in the crowd and just enjoy the music. 

I'm learning that doing things alone is okay and that I don't have to depend on aynone for a good time. I'm enough for myself.

Edit: Wow, this got an overwhelming number of respones, I'm sorry I can't reply to all of you but if this inspired even one person to try the same thing, the",
1fmfxl4,It took me 24 years to realize I was kidnapped ,offmychest,2549,142,0.97,https://reddit.com/r/offmychest/comments/1fmfxl4/it_took_me_24_years_to_realize_i_was_kidnapped/,2024-09-21,Jaylaserina,"As a young child I trusted my mom. Fully. I believed everything she said. After all, she’s my mom. She wants what’s best for me. She loves me more than anyone in the world. 
I never thought this innocent and natural perception would be exploited to the degree it was. 

On my 3rd birthday my father stood waiting for me outside a McDonald’s. He had planned my birthday. A party I never attended. He waited and waited, called and called but she never showed up. Meanwhile, she was getting on a greyhound with me. The passengers learned it was my birthday, I imagined that she probably told them she was escaping an evil man. One passenger bought me a small birthday cake at one of the stops (my mom said). I wonder where that person is. If only they knew I was being kidnapped, and it wasn’t a happy day to celebrate but a day that would change my entire coarse of my life. 

Once we arrived on the other side of the country she entered into DV programs and changed both my name and SSN. Then she bega",
159br4b,My F 22 Boyfriend M 26 asked me for $1500 to buy a Halloween Costume,relationship_advice,2545,2098,0.94,https://reddit.com/r/relationship_advice/comments/159br4b/my_f_22_boyfriend_m_26_asked_me_for_1500_to_buy_a/,2023-07-25,AlexisDrake1354,"Me F(22) and my Boyfriend M(26) have been together for around 4 years. I recently was asked by him if he could get a personal loan under my name so that he could buy a Halloween costume.

I am feeling a bit unsure of how upset I should be or if I even should be upset about it. 

To explain his current situation, he currently has around $5000 worth of debt and does not have a job and lives off a payments from the government currently. When he originally asked I got quite upset since for the last year his financial situation has continued to get worse as I currently pay for his groceries and essentials and without aid doesn't have basic essentials like toilet paper or soap let alone food and can only meet the payments of his rent at the moment.

When he asked me for the loan it was about $1500 and he wanted to have me open a personal loan since no financial lenders would give him any more money than he currently has on loan. I don't know why I felt like it was my breaking point but I jus",
17mu0kz,I found a guest deceased on the floor at the end of his bed.,offmychest,2542,63,0.99,https://reddit.com/r/offmychest/comments/17mu0kz/i_found_a_guest_deceased_on_the_floor_at_the_end/,2023-11-03,TheVginyTcikler44,"For starters I'm a maintenance man at a hotel, not super fancy but not trashy. We get called over our radio every now and again if someone misses a wake up call or something like that. This morning we got a call from a construction company saying one of their employees didn't show up and if we could go wake him up, I guess he had a history of sleeping through his alarm. I took the call and went to room 203. After the second time knocking with no answer I used my key to go inside the room and I seen the guest in a sort of collapsed fetal position on the floor at the foot of his bed. I've had to wake up people who were passed out drunk on the floor a few times and I figured this was the same deal. I called out the regular sir are you ok and all that but got nothing. His back was tword me when I walked in so I didn't see his face. When I walked over to try and shake him I felt he was stone cold and his whole body moved at once. I called 911 and he was taken by paramedics. It's not the fa",
1g9ip4g,"My (f26) boyfriend (m27) keeps humiliating himself at events, what can I do?",relationship_advice,2527,1277,0.93,https://reddit.com/r/relationship_advice/comments/1g9ip4g/my_f26_boyfriend_m27_keeps_humiliating_himself_at/,2024-10-22,sybilwrights,"My boyfriend and I met in college in 2018, and were together from 20 to 24. We split up because he lost his job and refused to get a new one, making me cover our rent for five months. He was very unpleasant to be around during this time, particularly when I brought him to parties. Sometimes he would insult people, some times he would start fights. It became recurrent enough that friends would explicitly ask me not to bring him to anything. After one particularly bad party where he drunkenly screamed in my face and tried to start a physical fight, he swore he would get help. That he saw how mortifying this was and would never again put me in that position.

When we finally split up in 2022, it was amicable. We remained cordial and respectful of each other and he insisted he would make every effort to become the man I needed him to be.

We both come from quite different backgrounds, I grew up stably middle class and he grew up in a very dysfunctional impoverished home. He is the only per",
1mfqk1m,I didn’t realize how much my mom was doing until I moved out for college,offmychest,2510,72,0.99,https://reddit.com/r/offmychest/comments/1mfqk1m/i_didnt_realize_how_much_my_mom_was_doing_until_i/,2025-08-02,Unique-Commission806,"I moved out for college a while ago. But it’s still the little things that are hitting me the hardest.

Like yesterday, I got home from classes and my room was a mess, my laundry was piled up, I hadn’t eaten a proper meal all day, and I was too tired to even do anything about it. I just sat there thinking, my mom used to juggle all this, a job, house chores, cooking, and me, without ever making it feel like a burden.

When I was home, I used to get annoyed at her sometimes. Like when she asked me to take out the trash or kept checking if I had eaten. Now I get it. She was doing everything, and I barely noticed.

I called her today just to talk and say thank you. She didn’t make a big deal out of it. Just asked if I was eating properly and told me not to skip breakfast.

Man, I miss her. I don’t think I said thank you enough when I lived with her.

No wonder moms are the best.

EDIT: Wow. I never expected this post to reach so many people. Got so much support &amp; love from all around",
1kvltg1,[Update] I 25F accidentally rejected my coworker/friend 29M and regret it,relationship_advice,2495,86,0.97,https://reddit.com/r/relationship_advice/comments/1kvltg1/update_i_25f_accidentally_rejected_my/,2025-05-26,Soumiyaben,"https://www.reddit.com/r/relationship_advice/s/aXTF11ejEx

First of all thanks everyone for the great advice I really appreciate it. Well the most common advice I got was to go and be honest and plan a date for him. So I wanted to do that but in a more intimate setting so I was feeling bold and got his favorite (Wingstop) and went to his apartment and just knocked. I would pay to have footage of the look on his face cause he was so taken aback lol. 

Anyway I said do you mind if I come in? He was a bit hesitant but he said yes then we sat and I explained everything that I said in this post. How I just freaked out cause I was taken aback and also scared. Scared about anchoring myself to a place away from my family, scared to lose my only friend, scared that the idea of having me would end up being better than actually having me. I told him that after having time to process the idea I am very much into it and see all the ways we are great for each other. I told him how grateful I was for",
1htlsko,Any guys out there over 30 with no wife or kids feel like they are left out of everything?,AskMenOver30,2492,1043,0.95,https://reddit.com/r/AskMenOver30/comments/1htlsko/any_guys_out_there_over_30_with_no_wife_or_kids/,2025-01-04,OverEasyFetus,"My group of friends an I are all in our early to mid 30's. When we were younger, my friend group would invite me virtually everywhere. Now as we are getting older, most of my friends are getting married and having kids, and I am starting to be left out of nearly everything. It makes me really upset sometimes. 

For example, I asked a friend of mine what they are doing for a big game coming up. They responded that they are going to a mutual friends house for a dinner party, and that they are doing it because their wives want to get together. I can't go because I'm sure their wives don't want me there - I'm pretty sure anyway. I'm surely not going to invite myself to find out. I don't think it's because they don't like me, but because I don't have a girlfriend or wife and it's a ""couples thing"", or it's a ""play date"" for their kids, or some other couples/family oriented thing. This is starting to happen like 95%+ of the time now.

I don't think my friends are doing this because they don'",Life
uf8q7g,I made a dumb reddit post about my partner. It blew up and I feel terrible.,offmychest,2484,103,0.95,https://reddit.com/r/offmychest/comments/uf8q7g/i_made_a_dumb_reddit_post_about_my_partner_it/,2022-04-30,throwaway2103814,"It was literally the first post I ever made on here. My partner did something that bothered me and I wanted to vent about it, so I posted about it on a subreddit. It wasn't a very serious situation, and I thought maybe a couple of people would give me advice, but instead the post blew up. I deleted it, but it was too late: it had already gone beyond reddit and it's been immortalized online forever. It was horribly overwhelming for my first experience on reddit. The stupidest part of all is that the whole thing was a misunderstanding that could have been resolved if I'd just opened up to my partner about how I felt. When I did open up to him eventually, he was understanding, reassuring, and explained where he was coming from. His version of things made total sense. I totally blew things out of proportion in my post.

So why am I back on reddit? Well, I'm making this post because I want to try and balance the scales. I can't take back that post, but I can make this one, and it's a celebr",
hwdwn7,"Please don’t approach girls who are alone, especially without people around.",socialskills,2476,744,0.92,https://reddit.com/r/socialskills/comments/hwdwn7/please_dont_approach_girls_who_are_alone/,2020-07-23,oliviatheduck,"I understand a lot of people who do this may be socially awkward. Please don’t approach girls/feminine presenting (or anyone, really) who are walking alone, especially in a secluded area or when it’s dark. If you’re in a bar or a party, that’s different, and it’s great to get that confidence and approach them, but I can’t even explain how terrifying it is to have someone follow you, strike up a conversation and continuously ask for my number/social media while I’m walking alone. 

I’ve had a man follow me in his car on a secluded street, ask if I have a boyfriend and if he can have my number. I’ve had a man follow me and literally corner me against a building asking me for my number and “complimenting” me.

I try to understand that some people who do this aren’t intentionally trying to scare women into getting what they want and are just socially awkward and have no idea how to approach women, so please, if you do this, stop. 

Don’t do this to anyone, guys, girls, NB, anyone. The reas",
1ehtgo7,"Shot my shot with a guy, confused by the answer",self,2471,611,0.92,https://reddit.com/r/self/comments/1ehtgo7/shot_my_shot_with_a_guy_confused_by_the_answer/,2024-08-01,Available-Hornet1096,"Yesterday I built up the courage to ask a guy out, nothing too weird just the 'I'd like to eat something together sometime!'
I wanted to ask it in person but we were never alone and I asked him out through message. I know, it's lame, but whatever.
Got the answer basically two mins after he saw the message, but the problem is, if this was from a girl, I'd know I've been rejected, but this is definitely a very not mind game mastermind man and I need male opinions.
Basically, his message was:
""Oh, I'm flattered ahahah, but have to close things off with another girl rn. In case, I'll message you 😘""
I know the girl exists because he was talking about it today and saying it is done (he never called her his gf so it is more like a fling and I wouldn't have even tried if I knew he was with someone).
Am I coping or do I have an actual chance?

Edit: thank you for everyone that gave their insight on the matter, the general idea I got is that there is no clear cut whether it's a rejection, a 'wai",
dnozn4,UPDATE: Girl (24f) I am (was?) dating reacted badly when I (25m) accidentally got a boner when we were cuddling. How do I move forward with this?,dating_advice,2462,303,0.97,https://reddit.com/r/dating_advice/comments/dnozn4/update_girl_24f_i_am_was_dating_reacted_badly/,2019-10-27,AimlessOrange,"Original: https://www.reddit.com/r/dating_advice/comments/dm88e4/girl_24f_i_am_was_dating_reacted_badly_when_i_25m/?utm_medium=android_app&amp;utm_source=share

Apologies for the delay with this update. I have been pretty upset and really wasn't in the mood to write this. For those who only care to know about the result: we broke up.

The amount of comments I got was insane, and I had a lot to think about. I met up with her the day after posting the original. I didn't know what to expect when I saw her. She was surprisingly different to how I expected. She apologized profusely for how she reacted. We talked about how what happened was completely involuntary on my part. She admitted that she didn't understand that you just 'get' boners, she thought that boners happened when a man wants sex. She told me about her ex who was like this. Anytime he got an erection, she was expected to deal with it. She said that one of the reasons she liked me so much was because I didn't try to rush her or",
mkn5w3,My parents did the deed while I was in the same bed,offmychest,2445,329,0.97,https://reddit.com/r/offmychest/comments/mkn5w3/my_parents_did_the_deed_while_i_was_in_the_same/,2021-04-05,temporary03user,"This is very long.

When  I was young, I would sleep in the same bed as my parents because my grandma lived with us and my older sister wanted a room for herself. My dad would come upstairs later than all of us at around midnight. I was usually asleep at that point until this happened.

It was on a summer day of 2014, when I was 10. It was also my mom's birthday. We went to bed as usual and I fell asleep. At around 2-3 AM, i woke up to the bed shaking and other things that i prefer not to mention. My mom noticed that i woke up and put her hand on my head (she  used to stroke my head to sleep occasionally). I was very confused and I could tell something was off. I don't remember what I said or even if I did say something, but I remember she whispered : ""Let dad cuddle me, ok?"". She kept her hand on my head for a bit while my dad was doing stuff (I didn't really know what it was at the time). I didn't know what was going on and sure as hell couldn't fall back asleep. The noises were s",
a22c0a,I'm Sitting in the Waiting Room for a Psychatric Hospital,offmychest,2445,165,0.99,https://reddit.com/r/offmychest/comments/a22c0a/im_sitting_in_the_waiting_room_for_a_psychatric/,2018-12-01,theysucklive,"This sucks man. I want to die. This is the fourth time in my life I have been admitted to a hospital for psychiatric reasons. I am sitting by myself at 5AM alone, completely by myself with nobody even knowing I am here, in a waiting room for over an hour right now while I am having a complete breakdown. This is the first time I have ever self-admitted myself voluntarily before so maybe this is progress...wish me luck reddit. I hope that this is what I need to start getting better.

Update: Six hours and a lot of crying later I am laying in an ER bed, waiting for a triage nurse. Thank you for all your positive replies, I am reading, appreciating and upvoting every single one.

Update #2: I have been here since 4am. It is now just past 5pm. I have been trying to sleep on and off but it is so difficult right now just laying in the ER ward as the person to my right is bawling her eyes out behind a curtain and a man is screaming and banging on glass as hard as he can. I have been seen by a",
1or8o7f,My 25F husband’s 26M best friend 26M ghosted him while saying final goodbyes as Hurricane Melissa neared while we were in Jamaica. Now he’s grieving. What can I do for him?,relationship_advice,2418,273,0.91,https://reddit.com/r/relationship_advice/comments/1or8o7f/my_25f_husbands_26m_best_friend_26m_ghosted_him/,2025-11-07,Itchy-Salamander6744,"It was a disaster. We went for our honeymoon and to visit family. We couldn’t get a flight out soon enough or transportation and had to stay through the storm. It’s haunted me every night since. I can’t stop thinking about how it felt to watch the news tell us we need to get our affairs in order, or how it felt to hear the roof ripping away in chunks and the trees get undressed and tossed aside in the wind as it beat against our doors. We were so so fortunate to survive.

As it got closer, we called our friends to say our goodbyes. (Added - no it wasn’t a ridiculous call. We called them to say we love them and we will lose connection soon. It was goodbye to us. We did* arrange for our mother to have all of our belongings and donate them after we pass. We just wanted to hear the voices of our friends again). While my friends, who are by extension his friends too - they love him, all answered and did their best to help us and were optimistic and loving to both of us, his friends were not",
1elfm7e,My (F24) boyfriend (M20) exploded because his daughter (F11M) was trying to eat duck-tape and I said “no” calmly at her?,relationship_advice,2409,1127,0.88,https://reddit.com/r/relationship_advice/comments/1elfm7e/my_f24_boyfriend_m20_exploded_because_his/,2024-08-06,SuzieSalmon101,"I live in a state that has been reaching 100 degrees out everyday, I don’t have a house with vents so it gets *very* hot, I have close to a 400$ arctic-king I thought would do us good! So we started to install it and the heat made every person cranky-my boyfriend included- I’m a very quiet person so when I sensed he was getting irritated I was patient with him. 

My little job in helping was to tear off the pieces of duck tape and hand them to him, and watch the baby who he told me should be fine because she was on the ground with her toys. So me also being hot because I drove my car with no AC just and hour prior, I listened to him and was just handing him the tape. 

Within a span of literally maybe a minute and some change she made her way over to his gaming set up, and pulled his controller/headset of the table, nothing hit her but he said to me rudely “That is why you’re supposed to watch her! Because if that would’ve hit her I would’ve been pissed!” And I all I passively said to",
1bz6m2r,My (38M) SAHW (40F) has been treating our Son (12M) poorly and favoring our Daughter (9F) ever since I complimented his cooking. How should I handle this?,relationship_advice,2401,687,0.96,https://reddit.com/r/relationship_advice/comments/1bz6m2r/my_38m_sahw_40f_has_been_treating_our_son_12m/,2024-04-08,Tough_Measurement345,"My wife has always been the one to cook around the house, and as an Italian, it's one of the reasons I fell so hard for her. I've offered to help out in the kitchen or even cook for her sometimes, but she's always firmly, yet politely, told me no and I can't really blame her because I did NOT get either of my parents' good cooking genes. Because of this I've always been sure to thank her for every meal and I've taught my children to do the same.

For the past year or so my son has been watching a ton of cooking videos on youtube and tiktok and he's really been wanting to try his hand at cooking. My wife was happy to teach him and at least twice a week the two of them will go out to the store, buy ingredients for a meal he found on tiktok and come home and make it. It's been awesome seeing them bonding more, since they haven't really had much overlap in interests before this.

About a month ago after dinner, my son asked his mom if he could try making us all a meal on his own. I said it",
emxqxh,The Mandalorian the kind of positive portrayal of masculinity we need more of [Spoilers],MensLib,2396,122,0.96,https://reddit.com/r/MensLib/comments/emxqxh/the_mandalorian_the_kind_of_positive_portrayal_of/,2020-01-10,scotsworth,"Just finished watching the first season of Mandalorian last night, and wow what a show. As a Star Wars fan since childhood I absolutely loved it. I wanted to break down some things I loved most. Spoiler Alert for those who haven't seen the whole season and want to go in totally blind!

But the thing that struck me most is what a positive portrayal of masculinity the main character specifically is. I think there were 5 things that stood out to me most clearly:

**1.) Men can and should be seen as caregivers**

This is the most obvious one. The whole season revolves around him finding Baby Yoda, building a connection with Baby Yoda, and ultimately culminating with Baby Yoda essentially being his child. How many TV shows are out there showing men who are incompetent at caregiving, or even actively run from it? Giving care is seen as a ""burden""

Mando has an internal struggle sure, but he never treats Baby Yoda poorly, and in fact instead of running from caregiving, he turns to it. He embr",
c7pbh0,Thank you uber driver.,offmychest,2374,54,0.99,https://reddit.com/r/offmychest/comments/c7pbh0/thank_you_uber_driver/,2019-07-01,introverteacher,"A while back, a friend in chicago ordered me an uber to my suburban home after drinking all night. During the hour+ drive, I passed out drunk in the car. Around 4am, my dad wakes up to the driver at the front door because he didn’t want to touch me, let alone leave me outside in December. I came to while sitting on the living room floor with a trash can nearby and it’s my dad’s favorite story to tell on Easter Sunday. 

He could’ve done whatever he wanted to me but I’m thankful he was an honest and thoughtful man. Deserved the $50 tip (and more) that my dad gave him.. from my purse 😂

*thank you for all the love! ☺️",
1smez47,Final Update: My (25m) wife (24f) is traveling alone with another man. What to do?,relationship_advice,2370,185,0.97,https://reddit.com/r/relationship_advice/comments/1smez47/final_update_my_25m_wife_24f_is_traveling_alone/,2026-04-15,ThrowRAwhywut,"It's been a while since last updating everyone on my story. Not sure who really cares or wants to know. But I feel like someone will see this and hopefully it will give them hope, or encouragement, or at the very least sate some of their curiosity. 

You're welcome to look back at my profile for more details of my story but I'll also do my best to provide a somewhat quick summary. Original post here: 

https://www.reddit.com/r/relationship\_advice/comments/13e83ce/my\_25m\_wife\_24f\_is\_traveling\_alone\_with\_another/

Basically, the story began with my wife forming an inappropriate relationship with a coworker. It reached a boiling point when he asked her to go camping, just the two of them at a time that I wouldn't be available to join. This was the story behind my first post. Long story short, she didn't go camping after a long talk with her. Things seemed to progress to be a little better from there (Read: I was in denial). However, I reached another point of feeling insane that",
1aigofq,My (19f) girlfriend (24f) has been refusing to talk to me after I slept with my friend (20m). What should I do?,relationship_advice,2362,417,0.9,https://reddit.com/r/relationship_advice/comments/1aigofq/my_19f_girlfriend_24f_has_been_refusing_to_talk/,2024-02-04,ThrowRAsapphicissues,"I met my girlfriend, Amber through my sister since she was a friend of hers and we've been dating for 2 years. I'm bi, and she's a lesbian.  
 
6 months ago, we opened up our relationship since there were just some desires we couldn't fulfill for each other. 

Amber was the one who first brought up, and though I was a bit reluctant due to the horror stories I've seen, eventually agreed and discussed the details at great length with a bit of online research. From the few sexual encounters I did have, they were all women.

Amber got partners way more quickly than I did, but to be fair, I didn't have people who already expressed interest in the past and were still interested by the time our relationship was open.

Our own sex life slowly dwindled, and though I was expecting it from what I've read online, it was still disappointing. 

Yesterday, I had a few friends come over to my apartment to eat some weed brownies I had gotten. About an hour in, two of them had went home,  which left me",
1ctcl7z,I (21F) am thinking of breaking up with my boyfriend (22M) after meeting his family. I can't tell if i'm being overdramatic?,relationship_advice,2349,762,0.96,https://reddit.com/r/relationship_advice/comments/1ctcl7z/i_21f_am_thinking_of_breaking_up_with_my/,2024-05-16,THROWRA65687,"I have been with my boyfriend, we'll call Andy, for just over a year. Although i have been on lots of dates before him he is my first ever proper relationship. 3 days ago he took me his familys house for his dads birthday family dinner. I was under the assumption that the only people that would be there would be Andys siblings and parents. I was wrong. His whole family was there. Aunts, Uncles, Cousins, Grandparents, Great grandparents even distant relatives he hadnt seen in years (his family is very rich and have a huge house able to accommodate everyone)

I get very anxious around large groups of people especially when im not expecting it and i don'y know anyone so I was sticking by Andys side the whole night engaging in polite conversation with everyone. When everyone was seated for dinner Andys mum spoke up and asked me if Andy was my first boyfriend. I confirmed and she said 'I guess i can excuse it then'. When I asked her about it she just said I was being so clingy to Andy the w",
1rgik90,28F/28M Should there be food inequality between partners?,relationship_advice,2349,533,0.95,https://reddit.com/r/relationship_advice/comments/1rgik90/28f28m_should_there_be_food_inequality_between/,2026-02-27,suguntu,"I have much lower calorific needs than my partner. I am thin and have ibs, and cannot handle a lot of food. He is slightly overweight and more active than me, and eats double the food I do.

I don’t want to police a grown man’s food, I am okay with him eating more. I do try to make it so we eat healthy. But the problem is that I feel I have to eat the cost of his eating more, be it financial or labor. If we eat out we split equally. We split equally for groceries. We split kitchen duties, in fact I cook more because I like to eat healthy and he makes meals that don’t suit my stomach.  So sometimes when I make tortillas I get upset because I just made 10, which would last me 5 meals alone but if he is over he will eat four now and four in the morning and I got just one meal out of it. I frequently get leftovers from restaurants to go because I cannot finish my meal, and in the morning I wake up and he has finished them all. it has come to a head recently because my mum just made me a sp",
1ckgt9l,"(Update) to ""My (24F) boyfriend (26M) of 7 years completely ghosted me out of the blue!"" What do I do?",relationship_advice,2345,743,0.97,https://reddit.com/r/relationship_advice/comments/1ckgt9l/update_to_my_24f_boyfriend_26m_of_7_years/,2024-05-05,ThrowRA_sad_cat,"Original post: [https://www.reddit.com/r/relationship\_advice/comments/1cd1e15/my\_24f\_boyfriend\_26m\_of\_7\_years\_completely/](https://www.reddit.com/r/relationship_advice/comments/1cd1e15/my_24f_boyfriend_26m_of_7_years_completely/)

Short summary: My boyfriend of nearly 7 years left me, moved hundreds of miles away and refused to talk to me. Even his parents told me that he doesn't want to talk to me and that they can't force him to. A mutual friend (more his friend) told me the same and then blocked me as well.

I was left confused, alone and sad.



Now, over 4 weeks later, he contacted me again and we agreed to talk face to face at our?/my place.



I'll have to disappoint everyone from the start: No movie worthy Yakuza/Mafia story.

What he told me happened was that he simply panicked and ran away. Apparently I was asking too many questions about the future: if he ever wanted to get married, what he thought about children etc. I also pushed him a lot to finally finish his deg",
167o1lz,My stepsister broke down in tears saying goodbye to me for college,offmychest,2344,69,0.99,https://reddit.com/r/offmychest/comments/167o1lz/my_stepsister_broke_down_in_tears_saying_goodbye/,2023-09-02,No_Sat1,"My mom met my stepfather when I was 9 years old and they got married two years later. My biological father was a ruthless, evil man who put my mom through unbelievable trauma and the fact that my stepdad got my mom to open up and trust him is incredible. We immediately became close and I quickly started calling him dad since he saved my mom and I was desperate for a father figure. 

He had a daughter from a previous relationship who he was the single parent of and she did NOT take a liking to me at all. She is a year younger than me and immediately saw me as a threat. My stepsister and mom became close but she understandably went to her dad for everything and this sometimes created conflict. She and her father are extremely close and she felt like I was taking his attention away from her. She would barely speak to me and saw everything as a competition. When we did talk it was us arguing about something that would not matter 10 minutes later. We respected each other but she saw me as s",
1aqngs4,"My friend asked if I could ""adultsit"" his girlfriend?",offmychest,2342,443,0.98,https://reddit.com/r/offmychest/comments/1aqngs4/my_friend_asked_if_i_could_adultsit_his_girlfriend/,2024-02-14,saadx71,"This is so weird but my friend (let's call him F for short) called me a couple of minutes ago and told me he has a weird request for me, I said shoot and he said "" hey man next week I have a family obligation to go to and I was wondering if you could sleep in my apartment for a couple of days while I'm gone?"" I said why would you need someone to home sit for when your girlfriend already lives there? He said that she is scared of being alone and doesn't have any relatives to stay with her ( I assume she's no contact with her family) I asked F if there is someone else who could live there but weirdly his girlfriend (G) keeps rejecting all his suggestions except me, I got quiet for a relatively long time like half a minute than my friend said that he'll call me tomorrow and see if I can or I can't and I'm weirded out by this what do you guys think about this entire situation?",
1r29zkf,"What was your kneejerk reaction to MeToo, versus you long term reaction after the dust settled? I want to know if my experience is familiar.",AskMen,2336,1399,0.86,https://reddit.com/r/AskMen/comments/1r29zkf/what_was_your_kneejerk_reaction_to_metoo_versus/,2026-02-11,Oakenhorne99,"Originally I had the knee jerk ""NotAllMen"" reaction. I was shocked that I was being lumped in with what I assumed was a small percentage of the male population, and that the women who were making these claims were probably exageratting, possibly out of solidarity and good intentions, but it couldn't have been because SA was THAT common. It was a TREND to say you were a victim, and you know how the internet loves a good viral trend.

Then, a person I was dating around the time told me how they get cat called every time they leave the apartment when I'm not with them. How when I was at a restaurant with them, and got up to use the rest room, a guy had asked her for their number. An ex of mine told me after I had a falling out with a friend, that he hit on her all the time when I wasn't there.

That's when it dawned on me. They weren't exaggerating, or if they are not to the extent that I was assuming. They had been keeping quiet and putting up with it.

After a while of actively observin",
mj6i13,"My (22F) mom (47F) abandoned my father and me when I was 2 months old, but now after my father's death and 22 years later wants a relationship.",relationship_advice,2294,282,0.98,https://reddit.com/r/relationship_advice/comments/mj6i13/my_22f_mom_47f_abandoned_my_father_and_me_when_i/,2021-04-03,ThrowRA_Pippy,"Had to repost this cause it got deleted.

I've (22F) created this account to share this story. Maybe someone else can look at this situation from a more objective stance and maybe give me some advice. I'm really at a crossroads and have no idea what road to take. I don't even know how to begin or how to structure this story. I do apologize for any mistakes. English is not my first language.

My father (76M at the time of his death) married his first wife at a very young age. They had one son, my brother (now 58M). My father's family comes from old money so after his parent's death when my brother was little, my dad inherited a sizable fortune. The wife died when my brother was 19 years old. Around 17 years after his first wife's death my dad met my mom (47F) and after a year of dating, they got married. At the time of their wedding, my dad was 53 and my mom was 24. I think it's important for the context of this story to specifically note their age difference as it caused some resen",
1bfhur0,"During an argument, my husband (30m) called me (27F) ""defective"" in reference to my miscarriage. Am I overreacting in my response, and is it time for me to move on?",relationship_advice,2284,1180,0.98,https://reddit.com/r/relationship_advice/comments/1bfhur0/during_an_argument_my_husband_30m_called_me_27f/,2024-03-15,THROWRAAmy-Val,"I didn't think I'd ever turn to Reddit for advice, but I'm in a really bad space right now and feel like no-one around me understands my point of view. I just wanted to come here for some opinions outside my family/friendship circle.  
  
My husband and I (30M and 27F) have been together for five years, and married for two. I always adored him and we were very happy, so decided to start trying for a baby. I ended up falling pregnant and we were overjoyed, but last summer I ended up suffering a miscarriage. We were both heartbroken, and I felt so guilty like it was my fault our daughter had died. My husband took it hard too, turning to alcohol to cope. After a couple of months of that we realised how unhealthy our situation was, so got couples therapy. It was hugely beneficial to us both, and my husband got sober. There was still something of a strain on our relationship, but our therapist assured us it was normal and we should try working through it.   
  
Last week, my husband wen",
n42vgl,Toxic positive masculinity: The boy who saved his sister from a vicious dog attack,MensLib,2268,358,0.89,https://reddit.com/r/MensLib/comments/n42vgl/toxic_positive_masculinity_the_boy_who_saved_his/,2021-05-03,vish-the-fish,"our expectations of what manhood and masculinity ought to be, in “the culture” forms from a very young age. And even into adulthood, we don’t usually question this. I want to give you an example from the news that seems quite positive, and at first glance.  Honestly, I didn’t even think much of it at first. Let’s take a look, shall we. 

https://www.youtube.com/watch?v=ySRV8Jxua38

This boy heroically saved his sister from a violent dog attack. It's something that should be celebrated, of course, protecting a loved one! but lets dive deeper

here's an actual top comment from the video:
*“I thought if someone should die it should be me” he’s amazing what a good big brother* 363 likes

Chris evans calls this kid a man in the video.

most of the comments celebrate this 6-year-old's willingness to die for his sister. See for yourself

It’s celebrating this toxic chivalric idea of masculinity, that a man is meant to put his body on the line for others, particularly to protect women, and to",
e23h5c,How I asked out my crush! (My confidence level said: 📈) [Long Story],socialskills,2246,128,0.95,https://reddit.com/r/socialskills/comments/e23h5c/how_i_asked_out_my_crush_my_confidence_level_said/,2019-11-26,CuriousMan00,"Oh man, I faced my fear in a brutal way, but it made me proud of myself. Probably would call it „The hard mode approach.“

I have a crush on a girl in my class and I made excuses to avoid approaching her everyday. 

I told my friend (let‘s call him Mike) about my secret crush and he said

Mike: „bro, you should ask her out as soon as possible...“

Me: „she‘s always with her friends... I only want to ask her out when she‘s alone.

Mike: „If you don‘t ask her out today I will punch your face. You should hurry up and do it dude. It doesn‘t matter if she‘s with her friends.“

Me: „Ok if I don‘t ask her today, you can punch me.“ (The punch thing is a joke)
 
Then we shake hands after the conversation 

I see her standing alone. And what do I do??? I walk past by.

Mike stops me: „Dude what the fuck are you doing?? She‘s standing alone? You said you were gonna approach her when she‘s alone...

Me: „Really? I didn‘t see here where is she?“ (of course a stupid lie by me)

Mike responds: „you a",
7x8h26,"My friend that I was in love with committed suicide due to a losing fight with cancer, what do I do?",AskMen,2242,140,0.94,https://reddit.com/r/AskMen/comments/7x8h26/my_friend_that_i_was_in_love_with_committed/,2018-02-13,LonesomeObserver,"Not long ago, my best friend since middle school, and woman that I loved, chose to take her own life rather than allow the cancer that just refused to go away, to waste her away, take her dignity away from her, to take her life. She did so by breathing in Nitrogen sp that she simply went to sleep rather than feel like she was suffocating.

All throughout my years in school, she was always there for me to help me recover from my surgeries. During one of my major procedures, she was recovering from some major surgery herself for cancer. I stayed with her and her family. I remember so many nights when she would call me at 2 or 3 in the morning, crying, terrified, tired, exhausted, alone. She just wanted to chat. I would ask her if she wanted me to come over and she would just answer please. Nothing more. I would say be there in a few. I would get dressed, drive to her house, shed let me in. We would just go back to her room, sit/lay on the bed, and I would just wrap my arms around her and",
1syhvbi,I (33F) just found out my best friends(33F) exhusband(33M) raped me at a college party while drunk 13 years ago. She doesn’t think it’s a big deal because it happened “too long ago”. Did my friendship just die?,relationship_advice,2227,436,0.9,https://reddit.com/r/relationship_advice/comments/1syhvbi/i_33f_just_found_out_my_best_friends33f/,2026-04-28,s8nherself,"EDIT: wow. Some of these comments are.. something. To say the least. 

I came to lock the thread but considering leaving it up just to people can see the amount of garbage thinking there is in regard to sexual assault. Incredible how many people read this story, and still don’t see any issue or guilt in a situation where the man HIMSELF admits to a sexual encounter in which in **his own words, I was too drunk to make good decisions** at the very least.. and that’s not enough to call it rape? Saying I’m a lying, unaccountable, false victim when I literally am just going by what he said happened? Incredible lol.

In addition to that, the questions about how did I wake up the next morning and didn’t notice something happened. Idk guys, the guy wasn’t some monster dicked dude and the encounter wasn’t violent or anything where I could recall feeling hurt or off. If I woke up with period blood on me ( or on my pad if I was wearing one) it wasn’t something I would’ve immediately attributed to",
7o91b0,I Walked in on a Shotgun Suicide in The 8th Grade (First Time Sharing This Online)- This Is Why I Can't Forgive Logan Paul,offmychest,2222,107,0.97,https://reddit.com/r/offmychest/comments/7o91b0/i_walked_in_on_a_shotgun_suicide_in_the_8th_grade/,2018-01-05,TechSoldierOfficial,"I'll share a story with you all. I had walked in on a shotgun suicide when I was starting the 8th grade (2007). There was a terrible smell coming from one of my neighbors apartments and me and my friends laughed and joked about there being a dead body in there. We also laughed because the DVD he had in, Flight Plan, was playing on repeat for almost a week and we could faintly hear it from the connected unit under renovation. This was in a new small building in the complex that only had two working apartments and was a bit out of the way of the rest of the community. We never saw anyone walk by or visit so we always assumed that it wasn't occupied. During the paused period of renovation, which we assumed was because of a small fire we had two weeks prior, we'd play in the unoccupied units. We started making up back stories about this mans life who we had no idea what kind of person he was, and one of my friends even pissed on his patio.

On a dare, myself and a close friend walked int",
canal7,Update from the lonely 65 year old post so many people read last week... I am now in Europe and a lot has happened,self,2200,139,0.98,https://reddit.com/r/self/comments/canal7/update_from_the_lonely_65_year_old_post_so_many/,2019-07-08,WeighedButLacking,"A lot of people here read [my story](https://www.reddit.com/r/self/comments/c8tlmu/i_am_almost_65_years_old_and_all_alone_in_this/) last week, and a lot of people have since reached out to me. I was very overwhelmed with the attention and had to take a bit of time to settle my mind down, and to process everything I have heard and read. I responded to some of the messages and comments but frankly I was too shocked by the sheer number of responses. I was struck also by how universal that kindness and understanding I was showered with, was. I'm humbled.

I've pretty much packed my bags and left, shortly after I posted my message. By the end of the next day I was on a plane to the Netherlands where the funeral of [my best friend Gordon](https://www.reddit.com/r/UnsentLetters/comments/capha5/my_ode_to_you_now_i_never_gave_you_during_your/) has been held. It's already done by now. And for the first days I was not able to write yet. It was a lot to take in.

The funeral was sad. Just a lot of",
z8l5le,I set my age range to 100 on tinder as a joke and now I’m really sad,self,2177,394,0.96,https://reddit.com/r/self/comments/z8l5le/i_set_my_age_range_to_100_on_tinder_as_a_joke_and/,2022-11-30,GuttiG,"I don’t really even know what to say about it lol. I thought it would be funny to see older people’s profiles (I’m 22) but something about it really just fucked me up. There was one profile of a very old man sad smiling with his dog and that was the only picture, no bio either. Why does this make me so sad? That was the saddest but some were just normal profiles but much older than me, still made me sad. Maybe it’s making me think about my future, and stroking my fears of being alone? I’ve got no idea but thought it was worth sharing.",
karna2,Mother [42F] who abandoned us in middle of the night came back after 16 years and it's killing me [24F] inside and that my brother [17M] and father [42M] are too forgiving towards her and it makes me resentful towards my own brother and father.,relationship_advice,2170,359,0.98,https://reddit.com/r/relationship_advice/comments/karna2/mother_42f_who_abandoned_us_in_middle_of_the/,2020-12-11,ThrowRAfarmer,"My story is a bit long and I apoligize for the upcoming wall of text. She and my father were high school sweethearts who got pregnant at very early age of 17 and had me a month of their prom and we lived in a a rural place that's not big enough to be called a town but still larger than your avarage village. Anyway, they settle themselves to farmers life after graduating and had my brother 7 years later and she left us when my brother was only month and a half old baby. To this day I can still remember waking up to get ready for school and finding my father on the ground kneeling over and crying holding one my notebooks, I was just a child at the time and seeing my father curled up like that made me cry to and that's when my father got a hold of his emotions and righted himself up to pick me up. She, in her hurry to leave literally took a notebook from my schoolbag and wrote her half assed excuses to why she was leaving us, how she never wanted kids, how she shouldn't have gotten pregna",
1t5b9br,"Best friend (M34) is married to my wife’s best friend (F34). Their kids are family. His affair just came out, need some perspective",relationship_advice,2160,497,0.96,https://reddit.com/r/relationship_advice/comments/1t5b9br/best_friend_m34_is_married_to_my_wifes_best/,2026-05-06,throwaway44999911,"I’m looking for advice as it pertains to one of my best friends that recently cheated on his wife.

I’ve known Tom (fake name) for 20 years, since we were teenagers. We were good friends in high school, best friends in college, and continued into adulthood. He was a groomsman in my wedding and would’ve been best man if I didn’t have a brother. All my life he’s been a model individual; generous, outgoing, empathetic, respectful, has integrity, makes good choices. Picture the best person you know; that’s Tom. Essentially, his infidelity is the biggest unexpected reveal of my entire life.

My wife’s best friend in the world is his wife Laura (fake name); they’ve been close for 15 years, both were bridesmaids for each other, and I consider her a good friend as well. Our two couples spend holidays together, birthdays, travel together, etc. They live 10m away from us and have a five and a three year old. We’re godparents to one child and both call us aunt/uncle.

Both my wife and I have alwa",
1kdcued,My (27M) FIL (59M) led a smear campaign against me and came between me and my wife (29F). I'm lost. How do I forge forward?,relationship_advice,2159,749,0.96,https://reddit.com/r/relationship_advice/comments/1kdcued/my_27m_fil_59m_led_a_smear_campaign_against_me/,2025-05-02,ThrowRASukimaRoad,"My (27M) wife (29F) and I aren't in a good place. It's not a fun feeling. I feel context is important here. We're college sweethearts married for 6 years and have a daughter (4F).

Our constant hurdle is family. It's like having to validate our relationship. I always thought my wife was worth it, though. I haven't felt for anyone else the way I do about her.

My wife's family is very old school. They're conservative in their beliefs and values. My FIL (59M) is treated as the captain and looked to as the head.

My relationship with him was never smooth, not for my lack of trying. Him putting up with me only came after my daughter. I don't believe he's ever thought I was good enough for his daughter. I wasn't his first choice or in his top five.

I don't share their gated community or fancy schools background. My FIL always had some backhanded remark about my upbringing.

During a family gathering at my in-laws last Christmas, my FIL's iPad went missing. He blew a fuse and accused me of",
1gawhg4,I lost everything because a woman from Facebook couldn’t sleep with my husband,offmychest,2144,139,0.97,https://reddit.com/r/offmychest/comments/1gawhg4/i_lost_everything_because_a_woman_from_facebook/,2024-10-24,aspiemonch,"I’m sorry if this post sounds like rambling but I just need somewhere to share this. I [22F] have spent the last 9 months being stalked by a woman from Facebook [26F] because I didn’t let her sleep with my husband [27M]. 

My husband I met through an online forum. There’s probably 2k people who know of it, but only 150 or so active participants at any given time, most of whom have been in it for at least 5 years. It ended up migrating to Facebook and Discord due to ease of use. A few years before I met my husband, I ended up becoming close with a woman I’m going to call May for this post. We were in one of the many smaller discords together and as this group tends to be male-dominated, we formed almost a sisterly bond. We spoke every day for years and shared absolutely everything with each other, including very personal traumas. There was a point where I was even on her mom’s AT&amp;T account despite never having hung out with her in person. I’m neurodivergent (I have autism) so our on",
649xhl,To the angry woman at the park who called me a pedophile:,offmychest,2133,164,0.98,https://reddit.com/r/offmychest/comments/649xhl/to_the_angry_woman_at_the_park_who_called_me_a/,2017-04-08,EphemeralStyle,"*Brief context- I'm a mid-20's male. I'm a private tutor for all ages. I'm Asian. I've had to deal with this type of situation before, but not this suddenly or violently. I've always wanted to say a lot of this to those people, but I'm not super confrontational so I thought this was a good place to get my feelings out!*

---

I'm still trying to figure out what your goal was. I was hurt, and I was angry at what you did. I still am. But more importantly, I want address what caused you to do it in the first place.

I've been in the same spot with the same student every week since the year started. We read together; that's my job. I sit opposite her at a table next to the playground where, as you should have noticed, many others often play.

These were your first words to me as far as I could remember: ""Hey sicko, I just want you to know that I'm calling the police so they can arrest your child predator ass.""

I've honestly never quite felt speechless until today. That is, by far, the mos",
1kolj61,An autistic guy came into my job &amp; it broke my heart.,offmychest,2119,35,0.99,https://reddit.com/r/offmychest/comments/1kolj61/an_autistic_guy_came_into_my_job_it_broke_my_heart/,2025-05-17,kenonoreeves,"I work at a super busy restaurant and all night this guy was running around like crazy bussing tables and keeping everything really neat. I’m new so I initially thought he worked there—he’d point out a table that needed to be cleaned and I’d run to clean it while he helped. He mostly worked alone.

I realized partway through that he didn’t work there. And he was at a table with a couple, but he didn’t know them. It was bingo night so they were all playing. They eventually left so he moved to another table of strangers, but seemed ostracized. I came over and told him we had an open seat at the bar and offered it to him. He said “do you want me to sit at the bar?” and I said “you sit anywhere you’d like, I’m just letting you know the invite’s there.”

Everyone was making fun of him for cleaning and I didn’t even think to thank him. I felt like my heart was in my stomach and it made me cry once I was alone.

I don’t pity autistic people, but man; seeing him be on the outside, so helpful a",
14cviq2,"I am battling cancer. I'm gay, but I have realized I love my best friend of 25 years (a man). I need to vent all my thoughts, and am looking for advice on whether to tell him or not.",offmychest,2113,150,0.99,https://reddit.com/r/offmychest/comments/14cviq2/i_am_battling_cancer_im_gay_but_i_have_realized_i/,2023-06-18,THROW_stillfightin,"This is gonna be a long post because I'm emotionally flooded and a rambler. I need to get it off my chest.  


  
My dearest friend in the world is a man named James (not real name -- all names (and nicknames) are altered in this story). I'd try to describe how great he is but it's honestly easier just to tell you the story. James and I grew up in the same town, a conservative christian town in nowhere U.S.A. The first time I met him was on the playground at school. He saw me sitting alone under a tree and came over to ask me if I wanted to play with him and his friends. I said no -- but he noticed I was reading a book about space (the solar system, to be more precise). So he sat down next to me and asked me which planet I thought would be the coolest to visit. We ended up talking for the rest of recess about what we thought the other planets might be like, and when we went back to class he introduced me to his friends as ""my new friend, \_\_\_.""  


  
We were inseparable from that po",
17b9cpu,My fiancee [25f] is sexually unattracted to me [27m]. Should I break off the wedding?,relationship_advice,2072,1497,0.92,https://reddit.com/r/relationship_advice/comments/17b9cpu/my_fiancee_25f_is_sexually_unattracted_to_me_27m/,2023-10-19,dinglebop-007,"Hi all. This about me [27m] and my fiancee [25f]. Some backstory: we met in college, when she was a freshman and I was a sophomore. Have been together since, and have gone through our share of ups and downs. Sex was fantastic for the first few years. She was in an athlete and I was a gym guy, so there was lots of sexual tension to go. Now, natural, intimate sex is gone unless I bother the shit out of her and point out how we've gone weeks to months. Nothing I've tried has worked. This has been happening for the latter part of two years. Her thoughts on lingerie are ""we grew out of that"" (she is only 25? The fuck do you mean we grew out of it). 

The cracks began to show when we were having a disagreement about this, and I point blank asked if she was unattracted to me. I said I wasn't mad, but I needed her to be honest so we can set expectations for the relationship. She blurted out she thinks she is asexual. I mentioned that I'm fine with that, but I need sex and maybe we should consi",
h7fo94,I(34F) feel like a imposter in my new rich lifestyle with my husband(35M),relationship_advice,2070,293,0.94,https://reddit.com/r/relationship_advice/comments/h7fo94/i34f_feel_like_a_imposter_in_my_new_rich/,2020-06-12,ThrowRA-Lifestyle,"I can't fucking take this life anymore, pretending to be someone I'm not.

Hello everyone, this is a throwaway and ages are slightly changed to prevent any identities from being released.

&amp;#x200B;

I met my husband in our second year of college, and it was wonderful. He is kind, caring, and everything I could ask for in a man. He is from a middle class background, I am from a lower class one. 

He used to be a very simple person, and never really cared for flashy things, or expensive/nice clothes, cars, etc. We both worked in a tech and made a fair bit of money for our age, however my husband quite his job to start a company a few years ago, while I kept working at my job(FAANG). About 2 years ago, he sold his company for a near mid 8 figure sum.

&amp;#x200B;

We went from living in a 2 bedroom apartment to living in a $7 million dollar house in a gated community. Keep in mind this is one of the wealthiest ZIP codes in the United States. When we first moved, we were one of the on",
1cllvdt,My gf (F35) makes much more than me (M39) and it’s causing division. What to do?,relationship_advice,2066,2030,0.91,https://reddit.com/r/relationship_advice/comments/1cllvdt/my_gf_f35_makes_much_more_than_me_m39_and_its/,2024-05-06,Dry_Mortgage_3653,"My gf (F35) makes \~600k substantially more than me (M39) at \~85k / year. 

Posting from a throwaway... 

She’s in a career where you need a masters. My career is in a good sector with growth potential, but hard to match hers unless I also get a masters. I work two jobs and both are at non-profits. So the pay is less than the for-profit side. She didn't pay for school so no debt or loans. We both have a lot of savings.

**Background**

She wants to keep financials separate when we get married. I get people will keep money earned before marriage separate and inheritance separate, but I always thought money earned ***during*** marriage is joint and that marriage is coming together of everything. That’s how I was brought up and my expectations. However, I'm willing to go along with her wishes. And set up a joint account. But even know before marriage it's frustrating and I'm not sure if I want to live my life like that. She is frugal to the point of it being a character defect. I am more",
r7f3wa,Fact Checking False Rape Accusations and Why We Shouldn't Fear a False Rape Epidemic.,MensLib,2065,184,0.9,https://reddit.com/r/MensLib/comments/r7f3wa/fact_checking_false_rape_accusations_and_why_we/,2021-12-02,NoodlePeeper,"TW: Sexual Assault, Rape, Sexual Violence

Three years ago we had a post by a now-deleted user that we deemed so good we added it to our sidebar. Since we lost it when the author deleted their account, this is my attempt to recreate it while editing minor things for clarity, plus adding a section on race that was left as a comment on the original post[.](https://imgur.com/SwYsaQd)

# Fact Checking False Rape Accusations and Why We Shouldn't Fear a False Rape Epidemic.

One of the main points of resistance to changes in how police and society handle rape, sexual assault and even sexual harassment is the counter argument that men then would be plagued by false rape accusations. The fear is that we crossed some line that no longer allows reasonable doubt and that a man can be sent to jail by one accusation. We of course have seen stories of such things in the news, and every time we question whether these are isolated stories or a sign of a larger epidemic we don't get to see. When does t",​
1r2wdyg,Being horny but emotionally selective is actually hell,dating_advice,2059,577,0.96,https://reddit.com/r/dating_advice/comments/1r2wdyg/being_horny_but_emotionally_selective_is_actually/,2026-02-12,loveversace_,"I just need to vent for a second because this shit is exhausting.

I have a healthy sex drive. Like… very healthy. And at the same time, I don’t want random hookups, sneaky links, or “come over” texts from men who don’t actually give a fuck about me.

And apparently that combination is illegal.

People love to say “just get laid” like that solves anything. Yes, technically I could find dick. That’s not the problem. The problem is I don’t want empty sex that leaves me feeling worse, more anxious, or questioning myself afterward.

I want a relationship that comes with sex. I want someone who actually likes me, checks in, chooses me, and then also fucks me well. Why is that asking for the damn moon?

I masturbate. A lot. And it does absolutely nothing for the part of me that wants to be wanted, touched with intention, and safe with someone. It’s just a reminder that I’m doing this alone.

What makes it worse is being told I’m “too picky” when I’m really just trying not to abandon myself f",
1736n4s,Im supposed to get married in 2 days to me fiancé (29m) and I don’t know if I should call it off. (I’m 31f),relationship_advice,2056,943,0.96,https://reddit.com/r/relationship_advice/comments/1736n4s/im_supposed_to_get_married_in_2_days_to_me_fiancé/,2023-10-08,Sorry_Ad_9495,"*UPDATE*

I canceled the wedding. I apologized to my mom for letting him speak to her like that, even tho I was telling him to stop, I could have been more serious about it. 
His mom understands my position and respects my decision. I am really sad but some how I feel relief as well. I will try to enjoy th rest of this trip with my family and try to get passed this. Thank you for so many answers, it definitely encouraged me. My mom is also relief that I made this decision, my whole family is. 

—————

I’ll try to make this short while I cry of sadness. 
I’ve been dating this guy since jun 2022 and in sept 2022 he asked me to be his girlfriend and in April 2023 he asked me to marry him. So we’ve been engaged since then and came to Hawaii with his mom and dad and with my mom, my dad, my sister and best friend. 

90% of the time he’s a calm person, he opens the door of the car for me, kisses me every morning and every night, he’s a gentleman and a very loyal and honest person

The other 1",
di4k2k,"I'll probably delete this later, but tonight I cleaned my room.",self,2055,132,0.96,https://reddit.com/r/self/comments/di4k2k/ill_probably_delete_this_later_but_tonight_i/,2019-10-15,previouslybigboned,"I'm 24, I live with my Dad, and I haven't cleaned my room out in 3 years.

3 years ago, I went through a bad breakup. My ex cheated on me, I spiraled. I entered a new relationship, which I am still in now, but for the whole duration I've never let my partner into my room at my Dad's place.

My Dad is a good man. He's never been into my room. He's never asked me to do anything really, and he's always said that he's proud of me and loves me.

My room has always been a massive source of anxiety for me. You see, I haven't cleaned it in three years. To clean my room, means inhaling dust. It means getting a broom and pushing everything from under my bed which I have kept hidden, acknowledging it, and deciding what to do with it.

It's a source of anxiety, because in my room, I had empty bottles of wine. I had empty goon bags. I had clothes that hadn't been washed in years. Cleaning my room, for me, meant acknowledging that something was very wrong.

Tonight, I confronted that. I can't believ",
qduolu,"Husband(m29) said he only dated me because I(f28) was a dancer in high school, but ""didn't live up to expectations"" that he had. He also advocated to put our daughter in dance, and I don't feel comfortable anymore",relationship_advice,2040,296,0.98,https://reddit.com/r/relationship_advice/comments/qduolu/husbandm29_said_he_only_dated_me_because_if28_was/,2021-10-23,throwramarei,"I'm going to try and keep this as straight to the point as possible. My boyfriend and I go back to our high school days, but we started dating around my final year of college. We were close in high school before college separated us a bit (he went away, I stayed local), but when he moved back, we slowly picked up and began to hang out again, and we hit it off pretty fast. He works in a firm, and I'm a clerk in an office. College was tough when my mom died of cancer in my sophomore year, but that's when he reached out and reminded me why he was my best friend. He flew out to see me and be there for the funeral and even took me out numerous times to get me out of the home. That was the toughest time of my life, but also the thing that really drew us back together. He supported my career and was very supportive too, always going out of his way to give suggestions for moving up too, not to mention the many impromptu gifts too

However, I've been struggling with someone he said recently dur",
jy7s5d,"My (25 F) husband (37 M) wants his creepy, sexually manipulative friend (maybe 40M) to baptize our baby and I feel sick about it",relationship_advice,2022,343,0.97,https://reddit.com/r/relationship_advice/comments/jy7s5d/my_25_f_husband_37_m_wants_his_creepy_sexually/,2020-11-21,ThrowRA12041204,"Hi everybody! I admit, I am not familiar with this sub and haven't been on reddit in years. I just really need advice. I'm going to try to explain this mess as best I can, but it really is a mess. I appreciate your time and attention in advance.

My (25 F) husband (37 M) is the greatest man ever. He is incredibly kind, generous, intelligent, and loving. On top of this, he is an adorable nerd, which to me is a great quality (his dorky jokes are my favorite thing) but means he was bullied a lot as a child is not terribly socially confident. He is definitely a follower, not a leader. I think all these qualities are relevant to the current situation.

To begin at the beginning:  At the time I met my husband, I was struggling with an addiction to prescription medication which I had developed while studying at a very competitive college. By the time I started dating my husband it was getting impossible to hide the fact that I had a serious problem. While he was incredibly supportive and enco",
1d3zvm6,I (28M) have chased my fiance (27F) all my life. Became a doctor only because she wanted to marry a doctor. Found her cheating. What am I supposed to do???,relationship_advice,2021,1374,0.86,https://reddit.com/r/relationship_advice/comments/1d3zvm6/i_28m_have_chased_my_fiance_27f_all_my_life/,2024-05-30,Embarrassed_Ad5871,"UPDATE: https://www.reddit.com/u/Embarrassed_Ad5871/s/v4vdTC79Om

Chased my fiance all my life. Tried hard to be successful because she wanted a doctor. She is still cheating.

I know if people are going to see this they're going to call me a stalker or a simp or whatnot. But it is what it is. I (M28) have loved my fiance (F27) since the day I have known what love is. We met when I was 15 and she was 14. She was beautiful, like someone you'll see once once in a mall and remember her even after 10 years. I'm sure everyone has at least seen once seen such a girl. She was also sweet and fun. She had many issues at her home which affected a lot of her life choices but you'll never see her in a bad mood. But she was materialistic, and she never denied that. She always wanted good things and she accepted it. I liked her for it because she wasn't pretentious or fake. When I first interacted with her she made it clear she will only marry a doctor. She also had good reasons and a story for it a",
iw3anq,Stop complaining about paying for dates! If you don’t want to pay then don’t bloody pay!!,dating_advice,2002,95,0.85,https://reddit.com/r/dating_advice/comments/iw3anq/stop_complaining_about_paying_for_dates_if_you/,2020-09-19,saffron25,"I’ve just come from a thread in which a young man and the other men in the thread have branded a young lady a gold digger because she asked that instead on going for a coffee date, they go have dinner. I have never understood this stupid argument and it is very incelly to me.  

IF YOU DONT WANT TO PAY THEN SAY YOU WANT TO SPLIT THE BILL!! 

No one is holding a gun to your head to pay!!  In the post the man said in the past when he had done the “gentlemanly thing “ and paid for 40 dollars of food the girls ghosted him, the conclusion is then that all women go on dates for free meals! Tf??? You can cook at home!  Maybe they didn’t respond because they didn’t have a good time. 

Do you have any idea the effort required to dress up and travel for a date? Then to sit there with someone you have no chemistry with just for a free meal? 

This is absolutely stupid and embarrassing. This is not the hill to die on! People are actually dying .  Who exactly is digging for Gold when you are worrie",
c4rr5e,Honestly not cheating! (Update),relationship_advice,1987,167,0.97,https://reddit.com/r/relationship_advice/comments/c4rr5e/honestly_not_cheating_update/,2019-06-24,happy_hubbythrowaway,"BTW Husband M(39) Wife F(40).
We're going to be ok! Better than ok actually!

I wrote this post about a month ago describing our problem: 
https://old.reddit.com/r/relationship_advice/comments/blqf6e/honestly_not_cheating/ 

My update is this. We're going to be ok, better than ok actually!!
I took some advice from posts here encouraging me to reach out to understand what was motivating her fears and also disregard much advice which encouraged me to walk away.

I reach out to her and we took four weeks from work to reconnect. We went to where we'd met and talked, and talked and talked.  After the emotional dam broke I learned that she had a deep seated feeling that she had failed me as a wife, we'd always planned children and she was completely baffled why a man as ""good as I"" would still love her if she weren't able to have them. She internalized this and despite my view that it's our problem not hers alone she felt a need to own it.

I explained to her that I was amazed that  a woman",
75212v,"Gf (36) wants me (38) to pay for her college debt of $80,000. Says if I don't, our relationship is over. Should I just leave? I currently pay all the rent, utilities, food, cell phones, travel and entertainment. It didn't start this way.",relationship_advice,1949,536,0.94,https://reddit.com/r/relationship_advice/comments/75212v/gf_36_wants_me_38_to_pay_for_her_college_debt_of/,2017-10-08,idratherdatemycat,"When I moved in with my gf, she had just graduated with a masters in accounting and was working as a public accountant.  I moved in after being with her for 2 weeks. At the time, I was coming out of a divorce and I was afraid of being alone.  That's why I rushed in...

Before I moved in she told me about her $80,000 in debt.  She was making $60,000 a year. I stepped up and said I would pay the rent and utilities so that she would have the extra money to pay her debt down.

Its 30 months later now. She quit her job 10 months ago because she didn't like the work load or the people she worked for. She wanted to get a CPA to make more money, she said, and she wanted to quit so that she could have time study for the exam. I supported her decision. 

Then she did not study very hard, took one part, failed and decided to get a new job. She interviewed a few times. Then she decided to stop looking for work. Just told me one day...  she doesn't want to work. 

Now I'm told, as a man - I need to",
l0vatd,My (30F) husband (30M) had an emotional affair and I am struggling to move on,relationship_advice,1944,323,0.98,https://reddit.com/r/relationship_advice/comments/l0vatd/my_30f_husband_30m_had_an_emotional_affair_and_i/,2021-01-19,ThrowRAsidelined,"My husband and I were together for several years before getting married, and I genuinely believed our relationship was built on a solid foundation of friendship and love. He was my best friend and I really couldn't see myself being without him for the rest of my life.

When I fell pregnant, we were nervous but excited. I was told by several doctors that I couldn't conceive naturally, so getting pregnant was a huge deal for me. And I had thought it was the same for my husband.

But towards the end of my pregnancy, my husband started becoming withdrawn. He had just started a new job that worked long hours, and I was aware it was stressful for him in a Covid environment, so I tried to make it easy for him and give him space and lessen the burden that this pregnancy appeared to be giving him.

After a few weeks on the new job, he became good friends with a female coworker. He would briefly mention her here and there in our conversations when I asked him about work, and I didn't give it muc",
6jl1r5,Can I just brag about my brother for a bit?,offmychest,1940,62,0.97,https://reddit.com/r/offmychest/comments/6jl1r5/can_i_just_brag_about_my_brother_for_a_bit/,2017-06-26,BigBroThrow284,"So I'm going to college in a different state soon and I'm really excited - it's the college I always wanted to get into for my passion, which I'll have a great chance of making a career out of if all goes well (though I'll try not to get ahead of myself). I'm also happy with my life, comfortable with who I am, and constantly trying to improve myself. None of this, and I think nearly every positive aspect of my life, would be possible without my brother Eric.


For context - I'm currently 18, he's 22. There's a four, almost five year gap between us.



So, I was born in a Conservative town full of Conservative people. This included my parents. And my childhood was a little rough - mom and dad liked a drink, occasionally a fight, money was tight. I was also a bit of an outcast - I didn't have alot of friends, I had slightly weird hobbies, and I was socially awkward. I know, great combination for a successful social life. But Eric was always my best friend - he encouraged my hobbies, woul",
1kx9vbb,Update: 40F grossed out by nearly everything my husband (40M) does. How do I get over it?,relationship_advice,1913,274,0.95,https://reddit.com/r/relationship_advice/comments/1kx9vbb/update_40f_grossed_out_by_nearly_everything_my/,2025-05-28,Existing_Key333,"Here’s the original post: https://www.reddit.com/r/relationship_advice/s/TvXa7aGv3W

First, thank you to everyone who commented and took the time to share insight. I read as much as I could (as a newbie redditor, it was pretty overwhelming!)

Just a few of my own comments: I do recognize I’m in perimenopause. (I will be talking to my doctor about this). Even though the rage boils my entire being, I still remember how to be gentle, kind and empathetic. I was never a raging bitch towards him like a few suggested. I’m more forceful with my tone to truly get my message across. As many of you pointed out in the comments, I’ve let a lot slide in the past which is how I’ve gotten here. So perimenopause rage is actually emboldening me to be more assertive. My annoyance is amplified but his behaviour is still unacceptable. He doesn’t have ADHD, that’s actually me- lol. Unless mine is so bad, he looks neurotypical- lol. He has gained weight over the past few years. He’s not obese, but he’s been",
g6f3bl,How can I (30F) best comfort my bf (34M)? He is an ICU doctor and he just broke down in tears when he got home today from work.,relationship_advice,1903,152,0.97,https://reddit.com/r/relationship_advice/comments/g6f3bl/how_can_i_30f_best_comfort_my_bf_34m_he_is_an_icu/,2020-04-23,throwRA-TCHN,"Throwaway because he browses Reddit on occasion (def not this sub)

So he and I have been dating about 8 months now, and we decided quarantining at my apartment was the best course of action when the coronavirus hit. I love the man to bits, he's so kind, loving, pulls his weight in the apartment, very open and communicative, basically everything I could ask for in a potential husband.

He is currently in our living room bawling his eyes out after he got home from work about 30 minutes ago. I've never seen him like this, as he has always been the more level-headed, calm one of the two of us. I kindly pressed him for more info and he just said that he lost six of his patients to COVID-19 during his shift, and that he feels awful he couldn't do more to save them. 

My heart just aches seeing him this distraught and I don't know how to best comfort him. I've kind of left him alone for now to let him cry it out, and am in the bedroom struggling to come up with ways to make him feel better.",
13s2cvh,"When I grow up, will girls like me for being gentle?",offmychest,1899,538,0.92,https://reddit.com/r/offmychest/comments/13s2cvh/when_i_grow_up_will_girls_like_me_for_being_gentle/,2023-05-26,Goingplaacesfr,"I’m 13 m sensitive, very polite, very kind. I love reading books and writing poems. I know, quite girly. 

My old man hates me severely and told me to stop being a girl otherwise girls won’t f*** with me. Mum of course told me to just be myself and focus on my studies and not think about girls right now. The bad guys in my school is what girls are attracted to, I can see it in their eyes the way they talk about those guys in class.

Meanwhile although I’m a good speaker, I love studying, got good geeky but very honest and real friends, girls don’t even bat an eye at us. I tried talking to a girl once and she just called me cute for trying but leave her alone. Even my older sister laughs at me. Her boyfriend looks like the gym guys I see at school and they get all the women. Girls are in my brain 24/7 and i really want a girl to love. All I want to know is, will I be successful with women when I get older?",
g5gzhj,Why doesn't my (24/M) b/f of 1 year want to have sex with me (26/F)?,relationship_advice,1884,269,1.0,https://reddit.com/r/relationship_advice/comments/g5gzhj/why_doesnt_my_24m_bf_of_1_year_want_to_have_sex/,2020-04-21,ThrowRANa94going,"I don't know what I'm doing wrong. I'm 26 and still a virgin.We haven't done anything sexual. I've seen him naked but, only in pics and vids. AM I being too much of a burden? I'm tired of using my hand. I'm so sick of pretending specially since I have a boyfriend. A girl has sexual needs too...

A little backstory: I worked at a bookstore. He was a regular customer and I had a major crush on him. He was always so friendly to me and we shared a mutual interest in Manga. I did my best to get into shape (i'm fat i'm around 183) so I could impress him and ask him out. One day I worked up the courage to do and the rest was history. He was my first boyfriend.

But, our relation has no intimacy. He won't fuck me. I'm the one that initiates everything. He never asks to see me naked, I have to ask and send him nudes. he claims he enjoys them but, he never wants to fuck me and never ever wants to have webcam sex. If he's sending me ""masturbation videos"" its never a live feed. He claims he's mast",
1eqner5,"My(33F) Husband(36M) may have cheated on me with my dead best friend, and had an affair baby?",relationship_advice,1878,752,0.95,https://reddit.com/r/relationship_advice/comments/1eqner5/my33f_husband36m_may_have_cheated_on_me_with_my/,2024-08-12,ThrowRAandGaslit,"Throwaway for safety

I don't even know where to start! The past six months have been an absolute cluster fuck, and it only seems to be getting worse.

My best friend since elementary school, who I'll call Alice, passed away in February from cancer. She had a 2 year old daughter who went into the custody of her mom after she passed away, who I'll call Alexis.

Last month Alexis showed up on our doorstep unannounced, telling my husband he needs to take responsibility for his child and either take custody or start finally paying child support.

She says that Alice had told her when her daughter was born who the father was, but didn't want anything to do with him.

To answer the inevitable, Alice was a traveling nurse and made a lot of money which is the only reason I can think of for why she didn't go for child support.

During this conversation my husband had the worst panic attack he's ever had, so we had to end the conversation before I could get more details.

My husband's story is..",
1idvapg,Why are women getting shorter? A short blurb about media literacy,MensLib,1861,143,0.96,https://reddit.com/r/MensLib/comments/1idvapg/why_are_women_getting_shorter_a_short_blurb_about/,2025-01-30,VladWard,"**Why are women getting shorter?**

This is a rhetorical question. It neither requires nor deserves an answer. But I'm sure if I'd posted it enough times to any of the dozen Reddit Ask communities, it would receive plenty. Hundreds of anonymous commenters would chime in with their thoughts about malnutrition, immigration, the sex appeal of shorter women, the appeal of ""traditional"" women from South and East Asia, and who knows what else.

Very, very few of them will stop to ask the question: ""Are women getting shorter?""

Google doesn't provide a satisfactory answer here. Sure, if you type ""Are women getting shorter?"" into the search bar and press Go, you'll be greeted with a page full of news articles and scientific papers discussing women getting shorter.

Alternatively, if you type ""Are women getting taller?"" into the search bad and press Go, you'll.. be greeted with a page full of news articles and scientific papers discussing women getting taller.

Regardless of which question you",
2wqjbd,A stranger at my college made me cry today.,offmychest,1849,109,0.98,https://reddit.com/r/offmychest/comments/2wqjbd/a_stranger_at_my_college_made_me_cry_today/,2015-02-22,Towernift,"I go to a very large state school in the Midwest. I still have no friends whatsoever despite tremendous effort. I was diagnosed with depression and social anxiety about a month ago.

Anyway, having no friends I naturally eat by myself. I was eating in the main dining hall today as I usually do, no person sitting within 20 feet of me. Suddenly, a guy starts walking towards me. I started freaking out in my mind. ""Surely he isn't coming up to me, he's probably going to walk past me."" But he didn't. He shook my hand and introduced himself. My pessimism still persisted: ""he's probably going to try to sell me something or sign some dumb petition."" But he didn't do that either. He started asking me about what year I was and what I was studying. I couldn't believe what was happening. He told me he was a grad student and somehow we got talking about sports, which is my favorite thing to talk about. We talked about hockey and basketball, and he seemed so interested in what I had to say. I was ac",
b29nef,Just Asked My (29M) Wife (26F) to Leave the House,relationship_advice,1829,195,0.98,https://reddit.com/r/relationship_advice/comments/b29nef/just_asked_my_29m_wife_26f_to_leave_the_house/,2019-03-17,throwaway031719,"Throwaway account just to maintain anonymity.

Long backstory, because I've never talked to anyone about this.

So, almost a year ago, my wife, of now almost 7 years (no kids), shyly broached the conversation with me that she has discovered that shes also attracted to women. No big deal (she had made jokes before, so I suspected that it might be the case), and I love her no matter what. When she then asked if including another woman in our sex life, I said that while the seemingly ubiquitous threesome fantasy was something that intrigued me, I didn't think that it is something that would work for me, emotionally (I come from a very conservative rural area, and while a lot of my views have changed, I'm still very much a one-spouse man, and expect the same from her).

Two weeks later, we went out with some new friends. We were relatively new to the area where we live, so we've been trying to establish relationships with other married couples.  We met them at a bar, where we had a couple",
hlnr0b,My boyfriend (31M) has conversations in the middle of the night... it's freaking me out. What am I supposed to do?,relationship_advice,1828,1187,0.98,https://reddit.com/r/relationship_advice/comments/hlnr0b/my_boyfriend_31m_has_conversations_in_the_middle/,2020-07-05,throwra_56784,"My boyfriend (31M) and I (26F) moved in together at the start of the pandemic. Our relationship is good, and during the day we get along fine.  I have no clue what's going on here and I'm honestly considering leaving him if I don't get an answer at this point.

About a week or so into March I woke up at around 2AM. I'm usually a heavy sleeper unless I'm seriously interrupted. This was the first time I heard voices coming from downstairs. One of them was definitely my boyfriend, although he was speaking more softly than usual. The other voice was male and louder, but definitely not my boyfriend.

I had been too tired to do anything about it at the time and fell back asleep. When I asked my boyfriend about it in the morning, he told me he'd been on a voice call with one of his friends. He's a night owl and will play a lot of games on his PS4 in our living room so this checks out. He usually won't come to bed till 4/5AM.

We're at the stage where my boyfriend and his friend wake me up reg",
1qyci5h,"Cooking isn’t a girlfriend requirement. It’s an adult skill. If you can’t feed yourself, that’s the real issue.",offmychest,1826,131,0.99,https://reddit.com/r/offmychest/comments/1qyci5h/cooking_isnt_a_girlfriend_requirement_its_an/,2026-02-07,unhappyzu,"One of my biggest turn-offs with men is when they ask a woman:
“So… can you cook?”
And not in a fun, curious way. More like it’s some kind of requirement or expectation.
For me, cooking is not a gender thing. It’s an adult thing.
At some point in your life, you’re going to be alone with a fridge, a pantry, and a body that needs to be fed. The real question isn’t “can you cook like my mom?” — it’s:
Can you feed yourself without relying on Uber Eats every day?
What really gets me is when a man says something like:
“Yeah but you don’t cook like my mother”
or
“I like food prepared a certain way.”
Okay… then you should know how to make it yourself.
If you have strong preferences, that usually means you’ve learned how it’s done — or at least tried. Expecting someone else to replicate your mom’s cooking while you contribute nothing in the kitchen feels wild to me.
I’m not saying everyone needs to be a chef.
I’m saying an adult should be able to take basic ingredients — vegetables, rice, pasta",
xwdbkd,PSA: DO NOT ASK GIRLS OUT AT THE GYM,socialskills,1813,432,0.8,https://reddit.com/r/socialskills/comments/xwdbkd/psa_do_not_ask_girls_out_at_the_gym/,2022-10-05,croccowboy,"After seeing the 11,000th post asking how to ask out a pretty girl at the gym, I felt like this needed to be said. Can we even consider making a rule *not* to ask this question? I see it at least once a week. No one is at the gym to find a date, they’re there to work out. Focus on yourself.

Edit:

Yeah dude, if you’re getting clear signs to flirt with her. That’s acceptable.. but that’s a very niche situation and the general rule of thumb should be to leave them alone. 

To the people nitpicking “you go to a coffee shop to get a coffee not find a date”, come on man 🤦🏼‍♂️ ur just being stupid

Edit 2:

I’m sorry to have deeply upset so many of you. Good thing u have ur gym gf to comfort u",
11mjvh0,Didn’t realize so many men were so sexist,offmychest,1784,639,0.83,https://reddit.com/r/offmychest/comments/11mjvh0/didnt_realize_so_many_men_were_so_sexist/,2023-03-09,afoxinitaly,"I’m tired. I’m tired of being a woman and men telling me that I have it good or better than them. I’m tired of having to be scared of men, not being able to walk alone in the dark without fear of being followed. The fact is, that women are more likely to have violent crimes made against them, and most of these crimes will be from men. And crimes against men? Will also mostly be from men. Of course some do come from women. But I’m tired of men not recognizing how women struggle. I’m tired of having to fight for rights to have an abortion, tired of having to be the one to take birth control (if i want to) and the man never needing to deal with the repercussions (side effects of BC), tired of scary things happening to me from men (such as being followed in the night, sexually harassed, catcalled) then when i go tell a man about it they just laugh, i’m tired of having to pay for menstrual products and bleeding 7 days every 3 weeks and bloating and cramping, I’m tired of feeling like my opi",
1jr7huy,I (35F) regret marrying my husband (34M)- how to get pass this?,relationship_advice,1760,935,0.84,https://reddit.com/r/relationship_advice/comments/1jr7huy/i_35f_regret_marrying_my_husband_34m_how_to_get/,2025-04-04,NaturalNecessary,"I am a 35F female who made a mistake of a lifetime. 

I grew up in a household where my parents fought a lot. During my doctoral years in graduate school, I was in a stable 4 year relationship with a doctor that felt perfect— my ex was loving, funny, generous, kind and had very strong character and similar internal value system . We never fought. I was happy, fulfilled, motivated, secure, and overall a better, stronger person with him by my side. I remember looking at him while he was driving once and thinking “man, he will be such a good dad one day.” 

The segment in my life with him was happy, but looking back it also felt alien. I had never been in such a stable relationship before. I didn’t grow up like that. I had never been this supported or happy. I didnt know how good I had it. However, our sex life wasn’t great to nonexistent. At the end of our relationship, I ended up moving away for a highly competitive, once in a lifetime job offer. While away, I cheated on him and we are",
10o9kgi,My 24F boyfriend 25M said he expects regular threesomes from now on,relationship_advice,1758,255,0.94,https://reddit.com/r/relationship_advice/comments/10o9kgi/my_24f_boyfriend_25m_said_he_expects_regular/,2023-01-29,ThrowRAgrlfrnd,"Me, 24F, and my boyfriend, 25M, were out last night drinking. He got more drunk than he had gotten in awhile and by the end of the night he was pestering me nonstop about bringing someone home with us. I was so confused because we had never discussed having threesomes and I couldn't tell what he was trying to do. We went back together to my apartment alone at the end of the night like we always do and just went to bed. This morning we went out for breakfast. I decided to bring the situation up again because 1. he was so drunk last night that I honestly don't know if he remembers doing this and 2. I'm still feeling really upset because it feels like he was trying to cheat on me while in my presence last night. The second I tell him what happened last night, he almost looked relieved and told me he's been meaning to discuss this with me. For some context, he and I have been dating for a little over three months now and we used to have sex a good amount but its dwindled down this last mon",
tibmn2,There's something strange going on with my husband,offmychest,1746,208,0.98,https://reddit.com/r/offmychest/comments/tibmn2/theres_something_strange_going_on_with_my_husband/,2022-03-20,use-your-words-dude,"I feel trapped. 

Last night my husband and I decided to make some pizza and bake cookies. The evening was going great, he go on his video game and I started doing work on my computer. 

Randomly he decides to get up and annoy me while I'm on the computer. Initially I thought imhe was being silly but then he wouldn't stop. I told him several times to leave me alone so I could get my work done and that I was serious. He refused to listen. This went on for ove 20 minutes. 

I literally had to grab my car keys and leave in the middle of the night just stop him from harassing me. It was 2 am. I drove around until 3 am until I was sure he was asleep. 

I was too tired to continue working so I went to be. He woke up and preceded to yell at me saying I woke him up on purpose. I apologized but he wouldn't stop.

He berates me for over 3 hours saying that I'm stupid,  dumb, an idiot, and more.i put ear plugs in and he still wouldn't listen.

I secretly recorded everything and sent it to my sist",
1cpe4bc,I (37M) found a pair of panties of my wife (32F) with an open sachet of condom in her car. Should I leave her?,relationship_advice,1741,946,0.92,https://reddit.com/r/relationship_advice/comments/1cpe4bc/i_37m_found_a_pair_of_panties_of_my_wife_32f_with/,2024-05-11,ThrowRA_Minute729,"We were married for 7 years, we have 2 kids, one 4-year-old and a 2-year-old. We were happily married. 

A few hours ago, I found her panties and an open condom sachet while I was cleaning our vehicles. It was in her car under the passenger seat.

The condom isn't mine, and I don't have that kind of kink (having sex in a car.)

I was initially heartbroken, but, I wasn't so shocked, I'm just sad and disappointed right now.

I haven't confronted her about this, good thing she is on a 1 week business trip right now so I have time to sort my feelings.

Currently, she is the breadwinner, because I quit my job during the pandemic and took the role of a house husband to take care of her and our kids.

She's in no position to quit her job because she holds a very important role as one of the division chiefs in one of our government agencies, so she travels a lot and is very busy. She's married to her job.

I selflessly chose and swallowed my pride to sacrifice myself because my job wasn't payi",
zscadl,I (32F) have developed strong feelings for my friend’s (31F) husband (34M) and the feelings are mutual,offmychest,1733,1300,0.78,https://reddit.com/r/offmychest/comments/zscadl/i_32f_have_developed_strong_feelings_for_my/,2022-12-22,sremaerdxx,"I feel like the worst person ever. 

About three years ago I met this incredible woman (let’s call her Amy) as our children are the same age and go to the same kindergarten. We instantly hit it off and became very close. She’s incredibly kind, smart, hilarious and an amazing friend, mother and wife. We spend a great deal of time together and see each other at least twice a week because we live close to each other - we often go for drinks or to restaurants, shopping, the movies and arrange play dates for our kids. I really enjoy spending time with her and her family and I feel so lucky to have met her. 

Amy is married to Jake (let’s call him that), who is also pretty amazing. On top of that, he is incredibly handsome, which all of her friends are aware of. He is very tall, has a great body, confident, assertive and very eloquent and charismatic, just the perfect man. I felt an instant attraction when I met him and it has been intensifying ever since. I was able to keep it under control",
1nbg054,Wife caught me crying / bawling when I was by myself listening to a song. Am I done for?,AskMenOver30,1732,941,0.84,https://reddit.com/r/AskMenOver30/comments/1nbg054/wife_caught_me_crying_bawling_when_i_was_by/,2025-09-08,Engininja_180PI,"I had about 3 whiskey glasses on my own throughout the night.  Still fed the kids dinner, played with the littles a bit (possibly a bit more passionately since I was buzzed), packed my work lunch for the next day.. Generally a good Sunday with the wife, no big fights recently or anything.

After the kids went to bed and the wife was talking a shower I was just drinking my 3rd glass and listening to music and enjoying the few minutes of peace. 

Then came on ""Monsters"" by James blunt.  For context, my dad died when I was 18yo, and I always wished I learned how to be a man in this world from him because I did respect him a lot, but felt like I missed my chance.  Then I heard the lyrics of this song and I started tearing and sobbing because I just wished I had one more conversation with my dad, I miss him so much.

But my wife came it from hearing me cry and asked if I was in pain or just being emotional.  I told her I'm fine, that I was just thinking about my dad and that she's fortunate",Household &amp; Family
18ddkbp,I (18f) ruined my bf's (20m) mom's (48f) family celebration. She berated me so much I cried and now I don't know how to fix the situation.,relationship_advice,1710,269,0.95,https://reddit.com/r/relationship_advice/comments/18ddkbp/i_18f_ruined_my_bfs_20m_moms_48f_family/,2023-12-08,Existing_Evidence660,"So background. This story isn't set in the United States and English isn't my first language so please keep that in mind while reading.

Me (f18) and my boyfriend (let's call him E, m20) have known each other since I was 10. 
I had a somewhat neglectful family - no father around and mom who payed more attention to the next man she brought home and they were all just overall ignoring me.

When I was 10 we moved. I met E at school. We started playing together after school. Had plenty of time, especially since my mom would rarely pick me up from school and I don't think she cared about how I got home or if I did.

Anyway, after some time E told his parents (now 51m and 48f) I wasn't being picked up and one day they came up to me and offered me a ride. That's exactly when my life started to get better. Both of his parents showed me what being cared for looked like and I felt loved for the first time there. They basically took over everything from my mom - and she was fine with it as long a",
qv878n,"If you fail at dating and relationships, try reading this before you give up:",dating_advice,1708,237,0.91,https://reddit.com/r/dating_advice/comments/qv878n/if_you_fail_at_dating_and_relationships_try/,2021-11-16,mishkishfish,"The world is full of lonely, desperate people who struggle with relationships and here's what I've learnt from the dating community here and my own personal experience:

* The people who are the most lonely are the ones who expect the most out of other people, especially in relationships, and the biggest turn off is someone that expects shit from you because they feel they deserve it. Remember that family member or boss who treats you like a slave? Yeah, screw them.
* Men, the more desperate you are, the less attractive you are. Nice and simple.   
Never value anyone more than yourself, and genuinely stop expecting anything from women. Respect them like they are family. The moment you start to put focus on yourself and value your own wellbeing as importantly as anyone elses, is the moment your time becomes precious and every moment becomes a gift not to be wasted expecting someone else to make you feel differently. When hobbies, friendships, or an education and career become your passi",
18uoywn,"My fiancé (33M) &amp; I (29F) ended our engagement. Turns out, he wasn’t even making wedding payments",relationship_advice,1708,152,0.97,https://reddit.com/r/relationship_advice/comments/18uoywn/my_fiancé_33m_i_29f_ended_our_engagement_turns/,2023-12-30,Dazed1confusedgal,"I’m honestly devastated. My fiancé and I decided to end our engagement. We were at Red a Robin actually having a great day and I bumped him with my elbow as he was drinking his beer and the glass hit his tooth and I got yelled at in the restaurant. I honestly didn’t mean for him to hurt himself, I just hate how he talks to me crazy all the time with no respect. So I kind of inverted into myself and was quiet. That was a problem too. “You always have a problem,” “you are never in a good mood,” He hyper fixated on if I hit my tooth, I would act like XYZ. Continuing to make a scene in this restaurant. Told me “I don’t know myself,” on top of a million more things. This issue is the straw that broke the camels back. The relationship is all about assessing blame, not mutual understanding and respect and I get blamed for every single thing. Yet, he tells me he walks on eggshells around me. That I need therapy (which I go to), that it’s not working, that I don’t get along with anyone (not tru",
1fcivhv,I have kept a secret for nearly sixty years. I would like to share it anonymously.,offmychest,1706,123,0.98,https://reddit.com/r/offmychest/comments/1fcivhv/i_have_kept_a_secret_for_nearly_sixty_years_i/,2024-09-09,DustToDust1943,"Hello, I am going to post anonymously here, and I would like to keep the other people in this story anonymous as well. Some have passed on, but the ones still alive deserve their privacy. As such, I am changing all names. 

Many years ago, I worked for a film studio. I was a spokesperson (of sorts) on one of their television programs a few times. I was never a celebrity or famous, and I stopped working there soon after this happened. It was a very brief period of time, but during that time, I met a boy my age who I began dating, who worked behind the scenes on the same program. I am going to call him James for this story. 

I had been seeing James for a few months when we were invited to a party at the home of one of the men who had been with the company since the beginning, and also attending that party was one of the founders of the company. I knew him because I had worked with him on the aforementioned television program. I'll call him Greg. Greg was in his sixties at the time, marr",
cer4wm,"If it wasn't for so many kind people on Reddit who reached out to me, I would probably have been dead within a year...",self,1705,107,0.98,https://reddit.com/r/self/comments/cer4wm/if_it_wasnt_for_so_many_kind_people_on_reddit_who/,2019-07-18,WeighedButLacking,"...instead, I am in Italy right now. And not by myself, mind you; I am in a nice little restaurant as of writing this and a very friendly, young Austrian man is with me as of me writing this. He's kind, funny, soft-spoken and frighteningly tall. His name is Jörg.

If anyone had told me I'd be where I am right now, say, a month ago or even [two weeks ago](https://www.reddit.com/r/self/comments/c8tlmu/i_am_almost_65_years_old_and_all_alone_in_this/) I would not have believed it. And yet here I am.

I've met Jörg two days ago. We got to chat in a cute little bar. He's into aviation and loves airplanes, he even has his flying license for small aircrafts! He's 6'7"" and grey eyed, a bit of stubble, full head of hair. He's in his late thirties and slightly greying and yet to me he's practically a kid. Still has a bit of that youthful energy, too. We've gradually gotten more and more drunk as the evening progressed, and as Jörg and myself got more drunk, we also got more scandalous. Turns out",
17u8lby,My (F31) Husband (M32) doesnt want to spend time with his family. Ive gotten closer to one of our friends (M31) and am now in love with him. Need help navigating this.,relationship_advice,1703,1143,0.81,https://reddit.com/r/relationship_advice/comments/17u8lby/my_f31_husband_m32_doesnt_want_to_spend_time_with/,2023-11-13,ThrowRA-amba,"Lost and in deep. I need help.

I’m not sure this is the best place for this type of thing? But if theres a better place please point me in the right direction. 

So, me (F31) and my husband (M32) have a 4 year old daughter together. 
Same old story, great in the beginning, the usual small arguments and especially since having our daughter hes way more distant. Would rather spend his time playing video games than spend time with me or our daughter. Oh and if hes not playing games? Hes on youtube on his phone…watching people play games…..

We have a tight friend group that I married into, so to speak. 
14 of us. Everyone atleast went to highschool with eachother some went to elementary. 
Im the only outsider. 

Around 8 months ago a couple from this group bought a house very close to ours. 
Naturally our daughters have became closer friends and want to do alot of things together. So she joined the same dance class as ours. The class is at 8am on Saturdays, so the dad takes her. 
Meet S",
1fohuv3,I absolutely hate that I still get crushes in my late 20's. Does it eventually stop with age?,self,1696,725,0.92,https://reddit.com/r/self/comments/1fohuv3/i_absolutely_hate_that_i_still_get_crushes_in_my/,2024-09-24,Quick-Primary-7486,"I (26m) have stereotypically developed a crush on the barista in the local coffee shop. I'm 100% aware that being ""overly"" nice is part of her job, I've got no delusion that she's into me.

At random parts during my day, she pops into my head and brightens my mood for the next few minutes. Although having a crush is considered normal (I think?), it annoys me to know that I'm putting mental energy into someone who doesn't even know I exist, nor would even give a shit if I did.

I'm a grown man, I honestly believe it's quite embarrassing to have a crush, let alone one who I don't even speak to, as I haven't been to the coffee shop in almost a year. The whole dynamic reminds me of when I was a teenager, when I too shy and awkward to communicate with anyone I found cute.

While other people in their mid/late 20's are dating and hooking up, it pisses me off that I'm the naive guy who daydreams about his crush and pretends she's there while lying in bed on a night.

God I feel like a loser a",
1m3ee3e,How do I help my son?,AskMen,1692,600,0.95,https://reddit.com/r/AskMen/comments/1m3ee3e/how_do_i_help_my_son/,2025-07-18,Otherwise-Let4664,"I am a single mom of a 21 yr old son, at a complete loss on how to help my son get started in life. We had a major life event in 2019 that began his decent into depression and isolation, and every year it seems to only get worse. In 2022 we moved to a different state and in the beginning there was hope, he was getting out a bit, was in a band, but since that ended there's just been nothing. We've tried several therapists but he doesn't click with anyone, he won't take medication, he also has what we both believe to be an eating disorder called ARFID that he refuses help with. I feel like I have literally tried everything to help him, but I don't seem to be someone he'll listen to.

The beginning of June I finally took all of his electronics away and insisted that he either start working, go to ED treatment, or move out. It's so exhausting and heart breaking watching someone you love so much just sit in a box, staring at a screen for 16hrs a day. He has applied to several jobs since the",🛑 Answers From Men Only 🛑
1949swn,Update: My (34m) wife (33f) cheated and is now pregnant.,relationship_advice,1675,684,0.87,https://reddit.com/r/relationship_advice/comments/1949swn/update_my_34m_wife_33f_cheated_and_is_now_pregnant/,2024-01-11,ThrowRA_98232,"So the DNA reports came back. And the baby is mine. 

I wasn't even surprised at this point. 

The day we sat down and talked, she told me she had returned home to immediately take her birth control pill. So she was certain the baby would be mine and she once again said if by any chance it was the other guy's she would abort the baby. That she had no plans or desire to have kids with anyone except me. 

I won't lie, her words were a good comfort to me. I could tell she was telling the truth. I've been reading too many reddit stories of men finding out their wives were all too willing to have some random man's child. I cannot lie, even the idea of that made me sick. 

I asked her if she'd keep this baby even if I filed for divorce. She said yes. So, that's where we're at in terms of the baby. 


As for the other guy, not disclosing too many details, it was a relative of hers. An older cousin who had been harassing her for a long time (literally since before we even met). She just never",
rlrhih,Update: My mom (39F) lied to me (17M) and my real dad (42M) just showed up for the first time,relationship_advice,1675,146,0.99,https://reddit.com/r/relationship_advice/comments/rlrhih/update_my_mom_39f_lied_to_me_17m_and_my_real_dad/,2021-12-21,ThrowRAdadarrived,"I think I did this right. [My first post is here](https://www.reddit.com/r/relationship_advice/comments/rjretq/my_mom_39f_lied_to_me_17m_and_my_real_dad_late/) Sorry for the length. I just wanted to answer all the questions I got in the first post. Also I tried to post this yesterday but it wouldn’t let me because it hadn’t been 48 hours yet.

I know I didn’t reply to any comments after the first few hours that my original post was up. I woke up the next morning and saw a bunch of new comments. Though I didn’t reply I did read all of them, good and bad. I appreciate all the advice given and kind words spoken. But like many people suggested, the only thing I could really do was talk to both of them to figure out what the real story was.

So I went home and talked to my mom. I was much calmer with a clearer head and was ready to hear what she had to say. I probably learned more than anyone should ever have to about their own conception. Turns out my father really isn’t an abusive ex, my",
1f7sqf4,My best friend was forced to cut me off because her wife is attracted to me,offmychest,1674,98,0.97,https://reddit.com/r/offmychest/comments/1f7sqf4/my_best_friend_was_forced_to_cut_me_off_because/,2024-09-03,Professional_Flow521,"I’m a straight male and my best friend of the past 5 years is a lesbian. We met at work, quickly realized that we had nearly everything in common from upbringing, life experiences, hobbies, taste in music/movies/games, etc. We’ve been pretty much inseparable since.

I have never pursued anything romantic with her. She is a gold star lesbian with zero attraction to men in general. I’ve been married since before we met. Initially my wife was a little weary of me spending so much time with another woman, but after getting to know her she treats her exactly how I do…like the little sister I never had and my best friend. We even made her the godmother of our son after he was born. She was the first person who wasn’t immediate family to hold him after he was born. I would never disrespect her or my family by trying anything with her.

Last year she got married (after a fairly short dating period) to a bisexual girl. My wife and I have tried to be friends with her but she’s always been awkwar",
rkkd2w,For the first time in my life I had sex without paying for it,offmychest,1667,54,0.98,https://reddit.com/r/offmychest/comments/rkkd2w/for_the_first_time_in_my_life_i_had_sex_without/,2021-12-20,ItWasAwesome123,"I have always been the slightly awkward nerd-type since high school. Not ugly but also not good looking - just very insecure around everything to do with dating.

My problem is that I am not a very emotional person. I have never been in love like you hear about it in movies, books and from friends (""The only thing I can think about is her...""). So It just never felt appropriate to escalate any relationship beyond friendship-level. Also since I finished university I gained a lot of weight, so that had an impact on my self-esteem.

On the other hand I have sexual urges just like most people. I live in a country where prostituion is legal. So when I was 19 I visited a prostitute to loose my virginity. Since then I have occasionally (less than once a year) visited one again when I was feeling especially lonely or horny.

A while ago (I'm 33 now) I decided that I need to change things. I started working out (only lost a few pounds until now... but it is a start). And I installed a few onlin",
kfp1r0,My girlfriend (32F) told me(27m) to get a “real” job or else she is going to break up with me,relationship_advice,1660,298,0.98,https://reddit.com/r/relationship_advice/comments/kfp1r0/my_girlfriend_32f_told_me27m_to_get_a_real_job_or/,2020-12-18,ThrowRA_5464,"For the last three days, I have been thinking about the conversation I had with my girlfriend and I don’t know what to do. I cannot tell this to my friends or my family because they are not really fond of my girlfriend and I already know what they’re going to say and I need objectivity. 

I should begin with giving a little bit background information on what I do and about myself.

After my freshman year of high school, I was sent to live with my grandfather’s brother, who had recently diagnosed with stage 5 chronic kidney disease. My uncles were living abroad, my parents were working and my grandmother was taking care of my grandfather, who was constantly sick and was too emotional to look after my grand uncle and I took the responsibility because he was family and we take care of each other in my family. My grand uncle had lost his wife and son in a car accident in 1990s and had been alone ever since, although he used to come to family gatherings. He worked as a crane operator in the",
v2795d,My fiancé left me out of nowhere 2 months after I gave birth to our child,offmychest,1650,228,0.99,https://reddit.com/r/offmychest/comments/v2795d/my_fiancé_left_me_out_of_nowhere_2_months_after_i/,2022-06-01,ThRASadnesss,"I’m devastated. I’m trying to keep it together just to make this post so the entire post isn’t cry typing.

My fiancé and I were together 4 years. We got engaged around 10 months ago. We found out around a month later that I was pregnant. I was so scared, I didn’t know what to think. The moment I told him though, he was so enthusiastic which gave me so much confidence and we figured we’d go through with it. He said we could wait til after I’d had the baby to get married, that way we wouldn’t have to rush it before I started showing, and so our baby could be in the wedding too.

He was the most caring and loving and loyal man during the pregnancy. My mom had a tough pregnancy with me and my siblings so I worried mine would be too, it was pretty rough but he stuck by my side every second. Not a moment went by that I worried he may leave or anything like that. I’ve always been someone who worries about that stuff, but he changed that.

I gave birth to a healthy baby girl about two months",
187s1q4,"The insidious rise of ""tradwives"": A right-wing fantasy is rotting young men's minds. 'There's serious money in peddling fantasies of female submission online, but it may be exacerbating male loneliness'",MensLib,1643,368,0.9,https://reddit.com/r/MensLib/comments/187s1q4/the_insidious_rise_of_tradwives_a_rightwing/,2023-11-30,TAKEitTOrCIRCLEJERK,,
1bn4spv,My husband is trans mtf,offmychest,1632,411,0.94,https://reddit.com/r/offmychest/comments/1bn4spv/my_husband_is_trans_mtf/,2024-03-25,throwawayteager,"I have been married to my spouse for almost two years now. About five months ago they told me that they believed they were trans and wanted to go on Hormone Replacement Therapy. I am a heterosexual woman, but I loved my spouse, so I supported the journey as best as I could, with one ask. Talk to a therapist. It was the one thing I asked, we had a whole conversation about it. The very next day I was met with “I don’t think I should see a therapist until 3 months on HRT because most changes don’t start to become permanent until after that.” So the one ask I had was swept aside. 

After a bit of back and forth, I conceded. The HRT started, and for a while things were going okay, they were happy, I was managing. Then it all went to shit. 

Almost three months in to HRT and no therapist has been looked for, found, or an appointment scheduled. I can no longer feel like an actual woman in my own home because it’s met with hostility and my words twisted to make me out to be the bad guy.  We ha",
1mkrzty,"Being single is great, don't fall for the fantasy of being in love.",self,1631,918,0.79,https://reddit.com/r/self/comments/1mkrzty/being_single_is_great_dont_fall_for_the_fantasy/,2025-08-08,Relevant_Economics86,"I see so many men here complaining about being single, and wanting to find a partner, but they don't realise how lucky they are.

When you are in your 20s, you have so much freedom, I am thinking of going overseas for 6 months to have a crack at a business, I live with parents and save lot of money, I do whatever I want, whenever I want.

Couple weeks ago, I planned a spontaneous trip to go camping in the most remote part of australia, I just called a lot of friends until two agreed to go. We had such a great time, no reception, no internet, just nature and lots of deep conversations.

Some weekends I just want to rot myself, and I can do that if I want, no one wants me to do something for them or with them.

I got my motorbike license this year and its been so fun to go on rides to clear my head.

I love coming home from work and working on my side project, my parents don't like that I spend all the time working and they want me to hang around with them, but they understand and leave",
cykesf,I've been single for four years and now I just feel lonely..,dating_advice,1630,341,0.97,https://reddit.com/r/dating_advice/comments/cykesf/ive_been_single_for_four_years_and_now_i_just/,2019-09-02,leochemleo,"26 F here. I've been single for four years now. It's not that I'm not trying. I use online dating, meet people a lot and go to social events. I wasn't or am not ""looking"" for a relationship desperately but now I just feel like I really want to be with someone. Idk if it's because I'm the only child or don't have a lot of close friends in the city. But I really really want to date now. I just want to feel loved by a guy. I'm not unattractive or anything, because I do receive a lot of attention from men (and hookups are easy). Initially, I did have my walls up and just wanted to have fun but I believe I'm a little grown up now and atleast want to date a guy and not just keep going on some random dates. I actually feel lonely..

EDIT #1: Since I'm getting a few DMs.. I'm in Chicago.

EDIT #2: I'm sorry if I'm not able to reply to each one of you. I'm trying y'all! Haha. But apart from a few people who have negative opinions I just want to thank all of you or your kind words! This is my fi",
y3veme,My Neighbor,offmychest,1628,49,1.0,https://reddit.com/r/offmychest/comments/y3veme/my_neighbor/,2022-10-14,naturenymphn,"I [24F] didn’t know where to post this.. or if I should even post it at all.. but I can’t get this experience out of my head.. it happened last night. 

My neighbor [30ishM] in the building across from mine has a German Shepherd puppy that he brings out at least 2-3 times a day. 

Well, at least 5 days had gone by when I realized I hadn’t seen him or the puppy. Keep in mind, I never had a conversation with this man, I just knew what he looked like, his dog, and which apartment he lived in. We had exchanged glances plenty of times and a couple waves to each other but that was it. I’ve only lived in this complex for two months now. 

Last night around 10:45 p.m, I took my dog out for her walk, and I walked past his apartment (he was 1st floor). A very concerning feeling washed over me, so I peeked into his glass door from the patio. I saw every light in his place was on, fan on full blast but I saw no one inside. I knew something was wrong. At first, I tossed a little pebble at his back",
1g3rowp,"I had a Stalker for 16 Years, and he just Died",offmychest,1628,101,0.99,https://reddit.com/r/offmychest/comments/1g3rowp/i_had_a_stalker_for_16_years_and_he_just_died/,2024-10-14,Which_Cookie_645,"I (33f) just learned that my stalker (34m) died yesterday. Lots of trigger warnings (death of a young person, stalking, suicide, SA).

I dated “Nathan” for a couple of months in high school. It was a terrible decision of mine. It didn’t take me very long to see that he was a violent, angry person with an abusive and scary father. I once saw his dad run his massive truck through an endangered species sanctuary on our local beach laughing. Another time, he showed me his cabinet of guns and pointed a loaded shotgun at me. I also saw Nathan and his brother beat each other bloody in their living room until their dad came in and knocked them both out. All of these things happened within the span of a month, and I obviously left quickly.

Toward the end of high school, Nathan was diagnosed with Schizoaffective Disorder (I feel like I should mention that I do not believe that Schizoaffective Disorder makes someone violent like him - he was always that way and it just exacerbated other elements",
1pjidfu,"I (22F) just learned my partner is almost 50M, not ‘early 30s’ like he claimed. I don’t know how to end this?",relationship_advice,1626,545,0.88,https://reddit.com/r/relationship_advice/comments/1pjidfu/i_22f_just_learned_my_partner_is_almost_50m_not/,2025-12-10,RevolutionLanky7704,"He told me he was only about 10 years older than me. I believed it, because he’s charming, flirty, and honestly made me feel cared for in a way I’ve never experienced before. He treats me kindly, offers to drive long distances to see me, and gives me gifts.

But recently I found some information online that shows he’s actually almost 50. And the more I look at him, the more I realize… he really *does* look around that age. I can’t unsee it now.

I feel so confused. This is my first time being in a relationship with a man, and maybe the first time I’ve ever felt “loved” because I was born in an unfortunate family. I enjoy being cared for and being his “baby,” but deep down I know that’s not what I truly want for my future.

I want 2026 to be a fresh start. I want to explore life, figure out who I am, and find someone who is honest with me from day one. And someone not older than my dad.

But I also feel guilty. And sad. Because even though he lied, I did care for him for a while.

I thi",
64u7np,"My Dad worked with many Mexican folks over the years, both legal and illegal, and his story breaks my heart.",offmychest,1626,66,0.95,https://reddit.com/r/offmychest/comments/64u7np/my_dad_worked_with_many_mexican_folks_over_the/,2017-04-11,Justice_Man,"Went home to visit my Dad who's dealing with a heap of medical trouble (a story for another time) and out of nowhere, we got on the topic of immigrants, the current political clime, and his experience, which left me fucking enraged.  I had no idea he had such rich knowledge of the immigrant community.  I've been wanting to grab people in the street and tell them about it ever since... but I guess this will have to do.  Someone just needs to hear.  Or read.  Whatever.
  
The thing I remember most about my Old Man from my youth was that his hands felt like *rocks* from the work he did, straight up *rocks.*  Drywall, plumbing, construction, electric, painting - you name it, he did it. He worked with a variety of guys, busting his ass for years - Many of those guys were Mexican, and most would fight tooth and nail to be able to work with, and under, my Dad.  When I asked him why, he wasn't really sure.  He said maybe it was because he bought them espresso sometimes - said they missed how g",
80eczi,"""Queer Eye"" is actually a fantastic example of positive masculinity, and demonstrates the failure of society to allow men to talk about emotions and needs. Highly recommended.",MensLib,1624,129,0.94,https://reddit.com/r/MensLib/comments/80eczi/queer_eye_is_actually_a_fantastic_example_of/,2018-02-26,MaxSupernova,"My family has been watching the new version of ""Queer Eye"" recently.

It's a show where 5 gay men ""make over"" a ~~straight~~ guy.  [edit: the target isn't always straight, that was the earlier incarnation of the show]

Each of the hosts has a speciality (grooming, interior design, food, social and culture, clothing) and they look at all aspects of the targets life and help them out.

The concept seems really almost offensive, but the execution is quite something.  

We've only seen the first 3 episodes, but I've been really impressed and I think I would recommend it to anyone looking to see positive masculinity.

The hosts are very interested in keeping everything that the target *is*.  There is nothing about stopping them from liking what they like or being who they are.  They are very accepting.

The hosts are very caring and warm.  There are scenes in every show of incredible conversations about lost fathers, lost loves, past hurts, unfulfilled dreams, and there is always tears from",
1nzy9o3,My wife is hallucinating and I’m so incredibly scared for her.,offmychest,1615,255,0.99,https://reddit.com/r/offmychest/comments/1nzy9o3/my_wife_is_hallucinating_and_im_so_incredibly/,2025-10-06,throwaway1937479888,"I’ve never used Reddit a day in my life but I am so freaked out and worried about my wife. 

I’m gonna start at the beginning of all of this- we are both 26, married 2 years and I have known her since elementary school. Started dating at 14. So, I know her extremely well. She has no history of anything like this, recently was diagnosed with PMDD and treatment has been going fairly well.

Another point is she has been a housewife since we got married, so for a lot of the early signs something was off, I was at work and didn’t understand why weird shit was happening when I wasn’t home.

First off, she had told me a man was coming to our door. She would hear a knock, peak out the window but by the time she opened the door he was gone. I was like what the hell. I put up ring cameras at every door at this point.

Then she started telling me she was finding cockroaches, I have literally put traps all over this house, even tore up the basement because she was upset about seeing so many. Could",
1pw8k2t,My (27M) fat girlfriend (24F) is scared that she's slowing me down. She's right.,offmychest,1593,442,0.87,https://reddit.com/r/offmychest/comments/1pw8k2t/my_27m_fat_girlfriend_24f_is_scared_that_shes/,2025-12-26,AutomaticSherbert630,"EDIT AT BOTTOM

I don't really know how to say this in a way that doesn't make it sound like I hate her. I genuinely love her dearly and I want to be with her long term. We've been together for 9 months and as much as it's mostly been really good it's really starting to feel like she legitimately can't do **anything** because of her weight.

Before starting the relationship she was aware that I'm an extroverted high-energy guy who likes the gym and I'm an amateur athlete, and I was aware that she is obese and is trying to lose weight. Weight isn't an issue with attraction to me, and I do like bigger women. In retrospect I feel totally lied to by all the fat activist people who kept talking about how there is no such thing as a lifestyle incompatibility with an overweight partner. I thought I would be able to help her build better lifestyle habits, since she doesn't plan to stay on weight-loss medication long term, but I really feel sometimes that she is just making my own lifestyle wor",
k3be79,I am going to live out of spite.,self,1587,177,0.97,https://reddit.com/r/self/comments/k3be79/i_am_going_to_live_out_of_spite/,2020-11-29,OnlyRGBFans,"So, I go to post on suicide watch about how I am feeling because my spouse said they don't love me anymore, and ask for some advice, and some asshole downvotes me right out of the gate. If you are wondering why I didn't call a suicide hotline or something, it's because I am an attorney and in the national guard, and getting the cops called on me by some hotline worker could have left me in a much worse position than I am in now, where at least I have work.

Anyway, fuck that person. I will live just to spite them at this point. I may be upset my wife doesn't love me, and afraid of being alone, but I sure as fuck am not going to let some person on the internet hitting the downvote arrow be the end of me.

Fuck you, downvoting man/woman, you reminded me that the best revenge is to live well, that includes against my soon to be ex spouse. I gotta keep fighting, because fuck you, fuck her, and fuck anyone who doubts I can make it on my own.

Edit: No idea who did the gold but thank you, I",
14ux2ej,I am glad that my wife's ex cheated on her.,offmychest,1568,77,0.99,https://reddit.com/r/offmychest/comments/14ux2ej/i_am_glad_that_my_wifes_ex_cheated_on_her/,2023-07-09,Designer_Orchid94,"I know the title sounds bizarre but hear me out. My wife and I used to be neighbors. I was working as an electrician at that time. I saw her the day she moved in. She looked really sad and lonely. I decided to help her move in because there was no one to do that for her. From then we used to bump into each other a lot. I wanted to speak more to her but she never seemed interested in me. One day I saw her crying in front of the stairs. She looked really devastated. From there I got to know her story. She has dealt with a lot of health issues. She had multiple cysts in her breasts that she had to go in operations. She was also suffering from PCOS which actually affected her fertility. She used to be married to a man but he cheated on her with her bestfriend and got her pregnant. Then he kicked her out and slapped her with divorce paper. I sat there with her because I know she needed a real friend. I wasn't really expecting anything in return.

We got closer and closer and I finally grew",
1nk0ml3,Attractive coworker rejected me hard. I moved on but she won't leave me alone?,dating_advice,1564,321,0.97,https://reddit.com/r/dating_advice/comments/1nk0ml3/attractive_coworker_rejected_me_hard_i_moved_on/,2025-09-18,Optimuz_Prime,"Tl;dr - Title says it all

I developed a strong interest in an attractive woman that works in another part of my office building. I didn't talk to her because we're colleagues. However, her friends pressured me into talking to her and we got along instantly. The more I got to know her, the more I was unsure that we'd be a good fit. Her friends still pressed me (somewhat uncomfortably), so I kept talking to her. 

Eventually I confessed my crush after like a month and a half and she rejected me HARD. I told her I was nervous around her because of a crush. She proceeded to tell me that she has a man, that I was being inappropriate, and me being nervous made her uncomfortable. I apologized and we agreed that her I would not talk to her anymore. It stung, but I moved on pretty quick. 

However, despite me moving on and ignoring her, both her and her friends still keep following me around the office (even to the bathroom), watching what I do, she keeps walking past/hanging around my desk, s",
1fiu06u,I was a civilian first responder to a lethal car accident.  This was the first time that I was the first time I decided someone was dead and beyond hope.,self,1548,183,0.96,https://reddit.com/r/self/comments/1fiu06u/i_was_a_civilian_first_responder_to_a_lethal_car/,2024-09-17,withouta3,"First of all, it was terrifying.  I heard an accident outside of my house and I ran to help.  I was trained as a boy scout to help where I could, especially first aid, but a single look at the driver made apparent that there was nothing could be done.

A car ran off of the main street and hit a brick wall to flip over and slam into my neighbors garage.  Although, I was not the closest, I was the one who charged forward to try to help.  I was the first on scene, and I wanted to administer first aid, but what I saw stopped me dead.  Most of the back of her skull was gone. Her blood was mixed with the transmission fluid.  I couldn't even bring myself to touch her let alone take a pulse that could never have been there.

I yelled at my wife to get the kids back inside.  Nobody needed to see what I saw.  In the end, I think I succeeded that only me and the emergency responders saw that image.  It was horrifying.  Since she lost all her blood out of the back of her skull, she was pale and al",
2umrge,I spent 13 years trying to figure out if I was in an abusive relationship...,offmychest,1539,154,0.97,https://reddit.com/r/offmychest/comments/2umrge/i_spent_13_years_trying_to_figure_out_if_i_was_in/,2015-02-03,gettingitoffmyches,"You'd never hit me. You very rarely call me names. You aren't prone to raising your voice. I don't feel like a victim. 

So why does everyone give me 'that look'? The one that says, ""You poor thing, you're in trouble and you don't even realize it."" I've had people slip me post-its saying they'd help me escape. 

Escape from what? ""It's not like I slap you around,"" is what you always say when we argue. ""I'm not a drunk. I don't sleep around. I'm not a mean person."" This is all true. If someone isn't meeting any of these values, then why? Why do people always assume I'm a victim? 

Because you isolate me? You hate me having friends. We get in fights if a male coworker even dares to comment on a Facebook post. You drive people away from me, so subtly. You pop an attitude. You make it clear they're not welcome. You're aggressive. And at the end of the day, you have me all to yourself. I have no friends anymore. You don't even like my family. I have only you. 

Because you don't work? Not b",
14d296u,I was just diagnosed with Hiv,offmychest,1537,209,0.98,https://reddit.com/r/offmychest/comments/14d296u/i_was_just_diagnosed_with_hiv/,2023-06-19,Jpyellow,"So. I'm 23 mixed male and  I was just diagnosed with hiv living in ny. I was planing on going to the millitary and now that's out the window. I have no one and the city I'm in has no resources. I'm all alone and my family is homophobic and once they find out they are gonna treat me worse. This is the absolute worse thing that could happen to me. I was already isolated in this city and now this is it. I can't beleive this is real. I've been crying and disassociating and just knowing my life is ruined. The person that gave it to me lied. Made me feel like I was special. I was so naive and foolish. And the stigmas that people live with daily about hiv is not what I want to deal with. I don't wanna be on this planet anymore.

Edit : Reading all of your comments. I'm thankful for the comments telling me where I can go next becuase I seriously am lost. I'm in newyork state as well. I can't disclose where I am but I will try to find some resources everyone has listed. I've seen some horrible",
y9s0gx,No one knows that In a couple of days I intend to leave my homophobic muslim country and my homophobic family with their money and I will never return or see them again[update],self,1531,286,0.93,https://reddit.com/r/self/comments/y9s0gx/no_one_knows_that_in_a_couple_of_days_i_intend_to/,2022-10-21,Wise_logical_frog,"Link to the original post:https://www.reddit.com/r/self/comments/y49qyf/no_one_knows_that_in_a_couple_of_days_i_intend_to/?utm_source=share&amp;utm_medium=ios_app&amp;utm_name=iossmf


So I landed in the US a few of days ago, I have the money in an account that my family can't control.

Thank you all for you're support and advice, I was planning on just disappearing, but you guys told me that my family could file for a missing person. So I decided to send my father a text when I first landed in the state I was supposed to live in not the actual state I am currently in. I told him that when my family come to pick me up they won't find me, I told him that he was right when he guessed that I was going to be gay when I was 8 years old and that I hate him so much for what he did to me and how he turned my life into a living hell for something completely out of control, I told him that I always did what he asked me to do, never talked back and was nice to him not because I loved him but beca",
1mrzpfc,"I almost lost my grandma to a scam today, and I can’t stop thinking about it",offmychest,1517,65,0.99,https://reddit.com/r/offmychest/comments/1mrzpfc/i_almost_lost_my_grandma_to_a_scam_today_and_i/,2025-08-16,hakam01,"I usually work until 6, but today I came home early because a meeting got canceled. I walked in and found my grandma (78) sitting at the kitchen table with her checkbook out. She was on speakerphone with a man who was telling her she’d “won” $8 million but needed to cover the “release fees” before she could get it.

At first, I thought she knew it was fake. She’s smart. But then I saw she had already written out a check for $3,500. My stomach dropped.

I asked her who she was talking to, and the guy immediately told her, “Don’t let anyone interfere, ma’am, or you’ll lose everything.” That’s when it hit me how manipulative this was.

I grabbed the phone and said, “Who are you?” He hung up instantly. My grandma looked embarrassed, like she’d been caught doing something wrong. She whispered, “But what if it was real?”

It broke me. She’s lived her whole life saving money, never asking anyone for help, and now she’s lonely, sick, and vulnerable to people like this.

We checked the number,",
6ykkzn,Having a disabled kid has made me a believer in eugenics.,offmychest,1514,123,0.96,https://reddit.com/r/offmychest/comments/6ykkzn/having_a_disabled_kid_has_made_me_a_believer_in/,2017-09-07,throwawaayyyyyy32489,"If I dared to say this outloud, people would think I am this heartless monster.......but I actually think there are merits in eugenics with the severely severely handicapped. I'm not the second coming of Hitler or anything. I'm not talking about euthanasia for mild disabilities, like a missing limb or even conditions such as high functioning autism where treatment can substantially improve the person's quality of life. I'm talking about cases where the person is basically little more than a drooling vegetable with no hope for recovery.

Like my kid with severe low functioning autism, an underdeveloped brain and a heart defect.

My kid is basically a drooling 10 year old vegetable who wails day and night unless asleep and will never recover.
And to be brutally honest, keeping him alive just so we can say 'we are a better society than one that kills its disabled' is just......pointless to me? He lives in a care facility (the polite word for institution) because he needs round the clock s",
12ny6wm,"I (18f) am racist, and I want to change",offmychest,1502,294,0.93,https://reddit.com/r/offmychest/comments/12ny6wm/i_18f_am_racist_and_i_want_to_change/,2023-04-16,Stock_Aerie_6463,"I have never told this story before. I’ve talked about it with my mother, but I’ve never told anyone else. 

I am 18. My parents were young when they had me. They are both 39. I was 8 when this happened, but I will never forget it.

My parents and I were out shopping at the mall. My mom and I went potty and my dad waited. The bathroom was kinda in an alley within the mall, and it was empty when we went. 

When we were done my dad said “actually, I gotta go to real quick. He wasn’t in there long, but when he went in another man came out.

It was a black man. He looked at my mom and grinned and said something like “hey honey what are you doing?” And my mom stood in front of me and held me behind her and said “waiting for my HUSBAND”

And he said “he doesn’t have to know” I don’t remember what he said but my mom got really nervous and kept stepping back. Her hands were holding mine to make sure I stayed behind her. 

Then the man went behind her so my mom took me in front of her and bent",
ycies1,My teacher sent me smut and I feel awful,offmychest,1502,200,0.98,https://reddit.com/r/offmychest/comments/ycies1/my_teacher_sent_me_smut_and_i_feel_awful/,2022-10-24,elizafeld,"I’ll just give background info first.
I’m a 16 year old girl, he’s a 30 year old old man. This was his first year at my high school teaching an AP English class. 

He’s a wonderful person,, so sweet and conversational. He loves his wife to pieces, their first kid is on the way right now. He’s a huge fan of Taylor Swift (which I thought was a major green flag) and we watched the folklore documentary on a short day once. In my eyes, he was absolutely perfect. I really couldn’t have asked for someone better to enter my life this school year.

And since he was so so perfect, I just had to be best friends with him. I’m pretty sure I was. I made myself be around Him all the time. He liked music, so when I was in love with a song, I’d recommend it to him. He wanted me to listen to the new beach bunny album. I made origami butterflies and frogs and put them all over his room. I drew bees on his board. I gave him chocolate. I bought him hand sanitizer that didn’t smell like a dirty shoe. I intr",
1kevsax,"The term ""Alpha Male"" makes a lot of sense",self,1493,229,0.88,https://reddit.com/r/self/comments/1kevsax/the_term_alpha_male_makes_a_lot_of_sense/,2025-05-04,Worldsworstcowboy,"Now, let me preface this by saying I don't believe in the philosophy, redpill, blackpill ect. I'm a man, short and disabled with a loving girlfriend and y'know a life. I just believe this single term makes a lot of sense, but not in the context they're using it in.

The descriptors of alpha and beta wolves come from a debunked study on wolves. They threw a bunch of unrelated wolves from the wild and saw what happened. They were terrified dysregulated animals fighting one another for survival.

There is no such thing as an alpha or beta wolf in the wild. There's the breeding pair, their adult but still a bit dependent pups, and there's the young pups they communally care for. It's a family.

I think the term ""Alpha male"" makes a lot of sense in the world we live in, They're just scared, dysregulated, lonely animals (I use that term because we are all animals at the end of the day. Animals with higher thought, yes but still animas) that bully other people to feel superior.",
siowfc,I never wanted children. Now I have a spoiled ruined brat,offmychest,1481,733,0.88,https://reddit.com/r/offmychest/comments/siowfc/i_never_wanted_children_now_i_have_a_spoiled/,2022-02-02,Lady-Fenyx,"Seems so many are out for blood. Not wanting kids must be a time or something. I love my son. And he pushes me to my very last limit. So go ahead and call me a bad mom, a piece of shit, whatever. At least I'm trying to help my kid while some of y'all are just busy being twatwaffles. Happy twatting


I'm a single mom, so it's already hard as hell. But my kid, who is 14yrs old, is the hardest part. I know I know ""parenting is a joy"" BULLSHIT. It sucks. I never planned on having children. In fact, by 13 I had planned out an entire legal argument to the courts on why I should legally be allowed to get my tubes tied without ever having children. I did not want kids. And I do not want more. I got pregnant cause I was stupid. 

I struggle, daily, to provide the basics. His dad has plenty of money and loves to throw it around. But no interest in his son, being a dad, being in his life, or doing anything other than overdoing it on Christmas gifts, the month he withholds child support because he",
wjd2on,This world is filled with lonely men,lonely,1467,333,0.97,https://reddit.com/r/lonely/comments/wjd2on/this_world_is_filled_with_lonely_men/,2022-08-08,YourChemicalRomance_,"Just walk into any random bar on a weekday night and you'll see a dozen men sitting by their lonesome. They'll stay there till curtain call, just holding onto the one drink they have in their hand, while looking through their phone in the other hand. Hanging onto the absolute last shred of hope, until the absolute last minute, hoping that they'll meet someone. Then the bartender says it's closing time, so they'll finish their drink, leave a tip, then return to their nothingness.

The internet really isn't that different. Just look around reddit, this place is filled with nothing but lonely men. Young men, old men. Divorced men, virgin men.

We're all forever alone in here, the irony.",
tyq4c5,I did it! I ate alone at a restaurant in an attempt to stop being a recluse,socialskills,1466,55,0.97,https://reddit.com/r/socialskills/comments/tyq4c5/i_did_it_i_ate_alone_at_a_restaurant_in_an/,2022-04-07,moez1266,"I'm (25F) trying to get out so that I can practice socializing. I was really down on myself last night for being such a loner. This morning I decided I needed to go out for dinner. Of course, I kept coming up with excuses, at the end of work I was exhausted from running audits all day. I was close to throwing in the towel, but I went.

These past two years have been rough. I moved, then covid hit the month after, and I've been working from home ever since. It was nice to begin with, and I started dating after awhile. Something turned in the last year though, and I just went downhill. I became critical of myself, and staying inside allowed me to avoid the judgement of others. I've gone out with a few family and friends, but it's not easy. It's like I can't stand myself/the thought of what others may think of me.

It's always somewhat been that way. I have a mild physical disability and I'm short--never anything that got in the way in the past. I've come to realize that I was anxious and",
104o2xk,My partner confessed to me that I am not the most important person in his life. And honestly…. It’s tearing me apart,offmychest,1463,653,0.95,https://reddit.com/r/offmychest/comments/104o2xk/my_partner_confessed_to_me_that_i_am_not_the_most/,2023-01-06,Theunknownuser009,"I don’t really know how to begin or finish this. So, I’m sorry if my grammar and writing are terrible.

I’ve been friends with my partner for about 3 or so years and been with him for nearly 2 years. 
He is quite literally my best friend, the person I put above everyone else, he is the most important person in my life. (I don’t really have anyone else. I don’t have friends and well to say the least… my family are not exactly the best.)
However, this doesn’t go two ways. 
He’s admitted to me I’m not his bestfriend, and I need to get this out here, although it did sting at first, I’ve become okay with it. I am so happy that he has that relationship, it’s healthy.

I don’t remember how or why this came up in conversation. I think it was one of those silly tik toks that brought up, like “questions to ask your partner.”
well, he confessed to me that I am not the most important person in his life. His best friend is. 
I love his best friend, she is one of the sweetest and kindest people I",
1iu59mb,Held a man’s hand while he died in front of me and I can’t stop thinking about it.,offmychest,1463,46,1.0,https://reddit.com/r/offmychest/comments/1iu59mb/held_a_mans_hand_while_he_died_in_front_of_me_and/,2025-02-20,Administrative-Nail9,"I was on my way home on a Sunday evening with my wife and son. We were about 15 minutes from home when we came up on a accident, there were maybe 3 people there including the victims, first responders had not arrived yet it had literally just happened. I saw a body laying on the road and a street bike just mangled and a mustang parked off in the grass I pulled over told my wife to call 911 and I jumped into action. Myself and another person who was the car behind me started to administer aid (CPR and applying a makeshift tourniquet to a wound on the inner leg). I just can’t get the image out of my head of his eyes rolling back and forth while the other bystander did chest compressions and I held his hand telling him to hold on for just a little longer the medics were on the way. He was not responsive the whole time but I just wanted to let him know if he could hear us that he wasn’t alone and we were trying our hardest. I think we all knew he was gone before the paramedics arrived we j",
v13lbi,Why doesn't my trauma count? Sorry for the long post,offmychest,1451,177,0.97,https://reddit.com/r/offmychest/comments/v13lbi/why_doesnt_my_trauma_count_sorry_for_the_long_post/,2022-05-30,PinkGlitterPanda,"In 2014 I went to a bar to meet a friend. I had one drink while waiting for them to get there. They ended up not making it. I was sitting at the bar and ended up talking to a group of guys, they got me a jager bomb. I remember going out to my car to get a phone charger for one of them and after that, it goes blank. Fast forward to the next morning:

I go out to my car, planning to go get breakfast when I notice something in my cup holder: my NuvaRing (vaginal contraception ring). I immediately felt sick. This is something that was inside of my body that obviously someone had removed and put in my cup holder. I couldn't remember what happened the night before but I knew something was wrong. Even if I had hooked up with someone, even if the ring had fallen out, I would have put it back in not left it in a cupholder. I was too afraid to call anyone so I went to an urgent care clinic. When I explained what happened to the intake nurse and said I was afraid I had been sexually assaulted, sh",
n1koty,Someone tried to abduct my daughter,self,1446,110,0.98,https://reddit.com/r/self/comments/n1koty/someone_tried_to_abduct_my_daughter/,2021-04-30,loslaslon,"A couple years ago my daughter, 11 at the time, was playing at a friend’s house. 

I arrived at the house to pick her up and the mother of the girls informed me they’d left to ride bikes and were due back half an hour ago. 

I figured they’d lost track of time and usually would’ve just waited at the house for them to get back, but I had somewhere to be immediately afterwards, so hopped in my car to look for them. I know the usual areas they were likely to head in the neighborhood. 

I got about five blocks from the friend’s house and slammed on my breaks. I could’ve sworn I saw my daughter entering a strange house. 

I threw it in park right in the middle of the street, completely prepared to make a fool of myself running after someone else’s child who happened to look like mine, but not willing to take any chances. 

Sure enough it was my daughter—halfway over the threshold of some guy’s house. 

In a brew of enraged panic I yanked my daughter back and, breathless from sprinting over,",
1lhpfr4,I 42f got scared last night when my 44m bf screamed “shut the fuck up” in my face.  What would you do?,relationship_advice,1433,1182,0.92,https://reddit.com/r/relationship_advice/comments/1lhpfr4/i_42f_got_scared_last_night_when_my_44m_bf/,2025-06-22,Substantial-Pipe4400,So we finally got some alone time together last night which doesn’t happen because he has 4 kids and one lives with us full time. He was talking g about one of his friend’s wife that was caught in bed with another man. I made the comment that you can’t be really surprised because she’s that type of girl. He said well it could happen to anyone. I said no you could be assured you will never catch me in another man’s bed. He’s said no he couldn’t. I then asked him if he didn’t trust me not to do that. He said I’m not answering that question. It upset me because we’ve been together over 2 years and I haven’t and wouldn’t even look at another guy. Then I said is this why you don’t want to get married because you can’t trust me?  He said he was not going to talk about it. I pressed a couple more times saying I wanted to talk about it and last time I tried to talk about marriage he told me we could talk about it later and never brought it up. Then I said can you at least make a time that we c,
t4na36,I fucking hate it when you invite someone for dinner and they invite someone else,self,1427,153,0.97,https://reddit.com/r/self/comments/t4na36/i_fucking_hate_it_when_you_invite_someone_for/,2022-03-02,Cherry_3point141,"So I invited a co-worker I haven't seen all winter for a dinner because we are about to start a contract together.  I just wanted to catch up and see what is new.  I initiated the dinner, made the reservations, and all is good.  Buddy texts me today and tells me to add another seat because he has invited someone else.

Like for fuck sakes man, I don't know who this fucking guy you just invited is, all I wanted to do was catch up and talk about our new contract, now there is some ""stranger"" eating dinner, like fuck off.  I'd rather just eat dinner alone, I was only reaching out to be sociable before our contract.

Seriously man, if someone invites you out for dinner, don't fucking take it upon yourself to invite someone else, or at least ask ""Hey, I wanna add this guy, any problems?""  

Like dinner will be fine, but fuck me if I ask this co-worker out of a casual dinner ever again.",
1e76z33,A woman hit on me at a bar,self,1422,302,0.93,https://reddit.com/r/self/comments/1e76z33/a_woman_hit_on_me_at_a_bar/,2024-07-19,TheBoredMan,"So I was sitting at a bar alone like a fucking loser, as I'm prone to sometimes do, around happy hour on a weekday. And never once in my 30 or 40 years on this planet has a woman approached me socially as I sat somewhere alone like a fucking loser. But yesterday some pretty young lady in her 20s walked into the bar with her friend, and I paid no mind, but then she came over and tapped me on the shoulder.

She said hi and I said hi back, slightly skeptical, assuming she was going to tell me my shoes were untied or something. But she leaned in and said I was kind of cute. I blinked a couple times, wondering if she'd mistaken me for someone with a better face. Then she introduced herself and held out her hand for a handshake. Yes a handshake. I shook it and told her my name, kind of waiting for her to start explaining why I should join the Young Conservatives For Communism or something.

But she didn't. So now we were both staring at each other in an awkward silence. I asked if I could bu",
c176ym,It’s been 8 years and I’m still as in love with my husband as i was the day we met,self,1416,71,0.95,https://reddit.com/r/self/comments/c176ym/its_been_8_years_and_im_still_as_in_love_with_my/,2019-06-16,langleywaters,"It was love at first sight, for me. He was sitting in his office, reading an X-Men comic. He was asked to introduce himself to my class, he looked so bored and disinterested and tired, and I knew then he was perfect.

Then I saw him do stand up, and I thought “how would I ever be lucky enough to be with him?”

Now we’re married, I’m pregnant with his kid (hopefully lolz jk it’s totes his), and still I find myself thinking, man. I can’t believe this is my life.

Before him I was so lonely. Every guy I dated thought I was “weird”. I felt like an alien who just didn’t belong on this planet. But now I’m with my best friend, and I’m so damn lucky. And I hope you all get to feel like this too.

Edit: thank you for letting me wake up to all of your kindness. Thank you to those who have this kind of love, and thank you to those who haven’t found it yet for letting me share mine. We live in a big world, I hope you bump into your love-at-first-sight very very soon. ❤️❤️❤️",
125yyuw,"Men, why are so many of you in unhappy Relationships and Marriages",AskMen,1400,827,0.94,https://reddit.com/r/AskMen/comments/125yyuw/men_why_are_so_many_of_you_in_unhappy/,2023-03-29,Just-some-Irish-Guy,"I was scrolling through the comments under yesterdays ‘What do women not understand about life as a man’ post, and I see comment after comment talking about how they can never open up with their partner and how they’ve built a wall up in that regard, many  saying they can’t even discuss their interests with their partner, and this was only the mild stuff, My question is why stay in a relationship with a women who you can’t open up too, can’t talk about your interests with, at that point I’d happily die alone personally.",
1mjr8do,"I 30M bought a ring but I'm not excited to get engaged/married to my 28F gf. Anyone who has felt this way, how did it end up?",relationship_advice,1398,454,0.85,https://reddit.com/r/relationship_advice/comments/1mjr8do/i_30m_bought_a_ring_but_im_not_excited_to_get/,2025-08-07,Relevant_Drummer_544,"We've been dating for almost 4 years. Of the 6 people I've dated, she's been my best and longest relationship. We trust each other and rarely fight. She checks most of the boxes for me. She's the first partner I've ever missed when we have to part for the week. I like her companionship and we enjoy mutual hobbies together. The sex is good. The physical affection is lacking. Our eventual marriage has been a foregone conclusion until recently.

I initially thought she could be the one. Then a  year in I thought ""yep, she's the one"". I always pictured myself having children and still kinda do, but within the last year we decided that likely isn't the best choice. See ""Children"" at the bottom for details. 

We aren't starting a family, I'm indifferent to homeownership, and a wedding only changes our tax brackets. There is no ""next"" for us, just the same, happy life that we've been living. Our relationship is on the plateau, so I just don't feel excited at all. I feel slightly nervous but I",
15e5e48,[Update] My 28m wife 32f keeps throwing divorce in my face over everything. I just agreed and left.,offmychest,1394,120,0.99,https://reddit.com/r/offmychest/comments/15e5e48/update_my_28m_wife_32f_keeps_throwing_divorce_in/,2023-07-31,ThrowRA_WifeTD,"Hello all. Unfortunately, this is not a ""sun shine and rainbows update.""

I posted a few months back about how my wife kept throwing divorce in my face on a regular basis. That was until I did okay got my daughter and left. I needed to vent so I posted here(check profile for original). 

To clarify some questions I have gotten, I'll refer to one of my comments on my og post. 

&gt; I want to point out some things that it seems was missed or looked over. I would do everything again if I had to, including taking my daughter. I have pushed her(wife) to go out, find a job, get a hobby, meet new friends, and do something, anything. Asked about seeing someone for help. she would not listen or consider ANYTHING I have presented. She kept saying no. Or she was not the problem.

&gt;My daughter is my priority. I don't fight with my wife in front of her or around her. I grew up in a bad household. I have been in the position where my dad got angry at my mom. My mom left, and my dad took it out o",
lwwyc9,Can we talk about why there's so much violence by men by their acquaintances?,MensLib,1387,504,0.93,https://reddit.com/r/MensLib/comments/lwwyc9/can_we_talk_about_why_theres_so_much_violence_by/,2021-03-03,StonyGiddens,"I'm active on a feminist sub that often gets questions by men insisting domestic violence is as big a problem for men as it is for women, and that for not taking male victimization seriously, feminists are anti-men. A related and common complaint is that men in general are way more likely to be victims of violence.

We tend to dunk on those guys because they're not there to learn, but I think it's worth talking about the experience men have of violence in our society: what that looks like and how it shapes our relationships. If that conversation is happening somewhere else, let me know -- because it's not obvious from my explorations. (In fact, it's difficult to find information because so much of what Google returns is about sexual assault, even with ""-rape -sexual"" as part of the search results.)

To show what I'm talking about, I pulled data from a couple of different sources: the National Crime Victimization Survey [Victimization Analysis Tool](https://www.bjs.gov/index.cfm?ty=nvat",
1kwanx4,I 28F danced with my gay friend at a wedding. My 37M bf is upset. I feel like this is abnormal behavior?,relationship_advice,1375,261,0.91,https://reddit.com/r/relationship_advice/comments/1kwanx4/i_28f_danced_with_my_gay_friend_at_a_wedding_my/,2025-05-27,Professional_Low_681,"attended my friends wedding yesterday. It was beautiful and I had a blast. During the reception, I slow danced with my boyfriend to one song. It was a Hispanic wedding so the music playing turned into fast paced music. I danced with my gay friend who is a male along with the other ladies at the wedding while my boyfriend went to sit down. My male friend is completely gay and doesn’t like women at all. We held hands in the air while dancing and took turns spinning each other which was so much fun! My friend never touched my waist once and we were a foot apart the whole time. Dancing with my gay friend was completely platonic. My boyfriend and I left early since he had work the next day and we had a 50 minute drive home. I thought everything was fine until my boyfriend and I got into the car and he dropped the bomb on me that he didn’t like how I danced with another man and that I should’ve gotten his permission before I danced with him. I am an independent person and don’t see why that’",
1mohawo,The question isn’t why men don’t show emotions...  it is what happens when they do,MensLib,1372,582,0.9,https://reddit.com/r/MensLib/comments/1mohawo/the_question_isnt_why_men_dont_show_emotions_it/,2025-08-12,capracan,"I was reading a post about a man whose child had died… and everyone asked how his wife was doing. A few close male friends checked in on him, but not a single woman did. (probably neither his wife, he did not mention it).  
  
The comments mostly talked about how women say they want a man who shows emotion... but when it actually happens, many don’t respond well.

I could relate. The first time I cried in front of my wife, it was awful. She looked at me with such contempt... like I had lost all value in her eyes just for being vulnerable.  
I learned my lesson. Now, when I feel like crying, I keep my distance from her.

It’s sad… but I’m starting to realize this is the reality for more men than I ever imagined. In a strange way, there’s some relief in knowing I’m not alone... that the way she treats me isn’t entirely personal",
td669g,I am an Economist. PhD and all. I never talk about Economics outside a classroom (don't teach anymore) because it throws me into a rage,self,1371,345,0.92,https://reddit.com/r/self/comments/td669g/i_am_an_economist_phd_and_all_i_never_talk_about/,2022-03-13,EighthDayOfficial,"I see shit like this all the time in the media:

""A poll shows that 82% Americans blame inflation in xyz.""

It enrages me on multiple levels.

1. It fucking sucks that unfortunately public opinion on economics matters more to policymakers than actual economists
2. It doubly sucks that so many people have such strong opinions on it *without even bothering to study economics.*

By the way, the inflation we are experiencing is not a mystery. It was a deliberate policy choice during the pandemic to choose higher inflation over unemployment. It's called the Phillips curve, look it up. Now, the Ukraine shit was definitely not part of the plan and now we are in ""uncharted territory"" because of g-damn energy and grain.

By the way, energy and grain costing more isn't inflation. Thats people getting poorer. In true inflation, everyone has the same stuff but costs (and wages) are x% higher. If gas goes up a lot, *thats not inflation, thats getting poorer. You have less stuff.* So yeah, people se",
1dp3re6,my boyfriend waited at the airport with me till my flight took off,offmychest,1366,76,0.99,https://reddit.com/r/offmychest/comments/1dp3re6/my_boyfriend_waited_at_the_airport_with_me_till/,2024-06-26,weaklycaffinated,"I have been with my current partner (we’re both 26) for about a year. I recently had a long, early morning flight. I travel a lot and have always traveled alone and I hate it so much. I get bored and anxious at the airport. 

My boyfriend came to drop me off and got a TSA Pass to hang out with me at the airport the entire time, till my flight boarded. This is the first time someone did this for me.

I’m not easily moved to the point of tears but this did it for me. I cannot stop thinking about this man during my trip and I cannot get over how thoughtful this gesture was. I’m tearing up now as I write this.

Not only was he up and awake at 5 AM, he stayed till 7:30 AM and the drove home in traffic and went to work. He’s an airport dad and he made sure I had everything I needed, and got me a very nice breakfast snack and I leaned on him and we looked through Reddit together as I waited. He watched my bags when I went to the bathroom and I didn’t have to worry about anything. 

I told my",
18r72lw,I don't want to go to war and I can't make myself escape,self,1365,800,0.94,https://reddit.com/r/self/comments/18r72lw/i_dont_want_to_go_to_war_and_i_cant_make_myself/,2023-12-26,vibr_of_mindfulness,"I'm a 30-year-old guy living in Ukraine. Despite all of the shortcomings of this country, I still feel that this is my home, and for the past years, I've always wanted to live here. Life here had and still has many positives too.

Now the war is raging with absolutely no end in sight. The first year and a half I didn't feel the urge to fight, but I didn't want to run away either, thinking that if it does come to it and I get drafted, I'll just accept it. I didn't want to bribe to become unfit or even look for other ways to avoid the draft. Now, with the state the war is in, especially after my friend who went there willingly last year told me not to go, I decided that I should try to actively avoid it. However, bribes to become unfit are no longer an option and there are little to no ways that would allow me to be exempt legally.

The new draft law is on the way. It would oblige all men eligible for service to update their information in the military offices. In case you don't do that",
5gojuz,I'm looking for a girl I met on Omegle who talked me out of suicide. Where are you Natalie? I want to thank you,offmychest,1348,30,0.97,https://reddit.com/r/offmychest/comments/5gojuz/im_looking_for_a_girl_i_met_on_omegle_who_talked/,2016-12-05,nataliewhereuat,"EDIT 12/13/17: Over a year since I posted things and I’m still getting PMs which is great. I’m so glad people are still reading my thoughts. No I haven’t heard from Natalie, but truthfully I don’t need to find her. This was more of me expressing myself than a genuine attempt to find her. I want to thank everyone for their kind words. I still check this account every now and then so I can still see your PMs. Thanks again reddit! 


Throwaway account.


About 5-6 years ago, I was a depressed lonely person who had no friends. My family gave zero fucks about me or my happiness. My social life was nonexistent and my grades were falling. I spent a lot of time on Omegle talking with strangers and asking people if I should commit suicide. I felt as if it was my only option.


Natalie, you were different. You were the first to actually give a shit about me. You responded with a Lil Wayne quote before realizing the seriousness of my question. You told me your story. You told me about your abusiv",
836tk9,"Hey kid, I saw you with your grandfather a few days ago",offmychest,1342,120,0.97,https://reddit.com/r/offmychest/comments/836tk9/hey_kid_i_saw_you_with_your_grandfather_a_few/,2018-03-09,SolarBear,"Hey kid, I saw you with your grandfather a few days ago.

It was in one of those overpriced, breakfast-only restaurants that are so popular nowadays around here. You must've been twelve or thirteen (but then I've never been been too good at guesstimating people's age) and alone with your old man. And, to put it kindly, you clearly didn't want to be there. You had that ""shit, I'd rather be at the dentist receiving a root canal treatment"" face. You looked bored beyond what's humanly possible. And, right in front of you, your grandpa tried chatting with you during the whole lunchtime. Oh, he seemed to try really, really hard and he never lost his smile but I could feel he felt this was just not working out the way he intended. He asked about school, friends, a possible girlfriend, even your favorite video game... and failed. But hey, he tried and he tried _hard_.

Now, I'm going to start with the obvious disclaimers. I don't know you. I don't know what you've been through in your life. Ma",
jsba67,I lost my father and I don't know what to do,self,1339,123,0.99,https://reddit.com/r/self/comments/jsba67/i_lost_my_father_and_i_dont_know_what_to_do/,2020-11-11,Lena-11,"I lost my father a few days ago. He was in the hospital for  almost two weeks with COVID - 19 and bilateral bronchopneumonia. His condition was serious but he was stable. Until he wasn't. The whole 12 days that he was in the hospital I had absolutely no doubts that he will get better and come home. He was healthy his whole life, he was extremely strong, active, didn't drink or smoke... He was the smartest man I know, he knew everything. My whole family always felt safe, because if something happens- dad will fix it, he will help. He was always there to help you, always there to support you. He was very generous, he wanted to help everyone, even people he didn't know. He was just pure good. He was my hero. My best friend. I cannot find words to explain how much I love him and how close we were. We have a family business, so you can imagine, that we were in contact all the time, we saw each other all the time and I am so grateful that we did.

When my mom and my sister came to my apartme",
1lqu3aj,"He cheated on me, so I left him right before a major surgery.",offmychest,1336,77,0.97,https://reddit.com/r/offmychest/comments/1lqu3aj/he_cheated_on_me_so_i_left_him_right_before_a/,2025-07-03,Tazley65,"Our entire nine-year relationship was working towards (Dave 37m) getting a major back surgery. We had a rough surgery date and approximately a year to prepare. I was working away from home and had a well-paying job. Dave didn't have a job.
I was paying for all our expenses other than half the rent, and saving so I could take time off while he recovered. 

The thing that is wild to me is despite all the things I(37 f) was doing he started to resent me. All he wanted was for me to be home all the time. To help with his emotional state, and support him...even more. In late December he told me he had an affair. While I was at work because ""the guilt was killing him."" I was alone, and I grieved for my future. The entire life I had, and the person I believed him to be evaporated. But I wasn't done yet. 

I tried on reconciliation for real. In our first couples therapy appointment, he dominated the session. He described me with absolute disdain. I took it because I was witnessing what healing",
1mpfuls,Advice on coming back from my wife’s affair and pregnancy (43m)(40f),relationship_advice,1335,830,0.93,https://reddit.com/r/relationship_advice/comments/1mpfuls/advice_on_coming_back_from_my_wifes_affair_and/,2025-08-13,Useful_Cow8575,"I43m have been with my wife40 for 22 years. We have 2 sons together 17, and 16, and our 17 year old is having a baby. I know it’s young so please no comments on that.. I love my small happy family. 

I’ve been out of work, I was in an accident and bedridden for weeks. So my wife was working more. Sex was pretty much nonexistent. actually completely non existent. Two weeks ago, my wife had a medical issue: a miscarriage. Ob told us it was early, my wife said she wasn’t even aware she was pregnant. I hadn’t had sex with my wife during this time frame and put two&amp;two together. She confessed, she was apologetic, more then apologetic she was a mess. Crying and screaming, begging for forgiveness, told me he made her feel beautiful and young again (the guy was 25) that she let her fantasies of something new get the best of her. She’s been apologizing since I found out. I immediately asked her to leave. She went to stay with her sister for a few days. 

When she came back we talked about i",
wi3yrk,I DONT EAT CAESAR SALAD TO BE HEALTHY,offmychest,1326,132,0.99,https://reddit.com/r/offmychest/comments/wi3yrk/i_dont_eat_caesar_salad_to_be_healthy/,2022-08-07,chaosky505,"omfg
everytime i order a caesar salad it’s either 
“you know that has just as many calories as pasta”
or 
“come on, you don’t need to eat rabbit food, we’re out to eat”
it literally just tastes good man. i’m not trying to diet i just LIKE IT. it isn’t a statement. it’s a flavorful, calorie dense dish that is delicious everytime. LEAVE ME ALONE!
(this also applies to diet coke. i like my fake sugar damnit)",
y49qyf,No one knows that In a couple of days I intend to leave my homophobic muslim country and my homophobic family with their money and I will never return or see them again,self,1325,181,0.93,https://reddit.com/r/self/comments/y49qyf/no_one_knows_that_in_a_couple_of_days_i_intend_to/,2022-10-15,Wise_logical_frog,"My(18)m life turned to hell when I was 8 years old, I had no idea that I was gay or that there are gay people as no one is openly gay in my country, I live in a country in the Middle East where being gay is punishable by death, my parents are extremely homophobic, they don't see gay people as human beings they see us as a virus that needs to be kil*Ed (their words), one day when I was 8 my father came home from work and beat the shit out of me then he tied me to the bed and locked me in the room, he told me he will not free me unless I stop acting like a girl, I had No idea what he was talking about, apparently the morning of that day my aunt and cousines where visiting and I was playing with my brothers and cousins and my aunt realized I was acting girly and told my dad so he could do something about it, he left me in the room for two days straight and came in once a day to feed me so I don't die, I was freed because I passed out and needed to go to the hospital.

I learned what being",
zm56ke,Modern dating is hard and you are allowed to struggle without anything being inherently wrong with you,dating_advice,1317,146,0.97,https://reddit.com/r/dating_advice/comments/zm56ke/modern_dating_is_hard_and_you_are_allowed_to/,2022-12-14,dirtmcturd,"**LONG POST WARNING**

&amp;#x200B;

Self-improvement is important. It is essential to our wellbeing and a core part of growth as a human being. If you hate yourself as a person, you are going to struggle to maintain happy, healthy relationships. With that being said, as well-intended as this advice might be, a lot of people both giving and receiving it misunderstand it completely. 

Self-improvement is not some mental roadtrip where you go from Point A to Point B in order to accomplish a goal. It is a lifelong process and often times its not even a linear process. Something I see all the time is people throwing out the ""Work on yourself/You have to truly appreciate being alone/You have to be happy being single/You have to find out who you are as a person"" types of advice to single people who desire a relationship. A lot of people receiving this advice internalize it and start to believe that they have to go on a long emotional odyssey to discover the deepest cores of their souls befor",
va4sxn,How to call out other men | A guide on how to change peoples minds and not ruin your friendships or social standing,MensLib,1301,150,0.93,https://reddit.com/r/MensLib/comments/va4sxn/how_to_call_out_other_men_a_guide_on_how_to/,2022-06-11,officiallyaninja,"So this is something that I've seen a lot 
""you should call other men out""  
but what does that mean? what do you do?    

now calling someone out seems to be a simple thing. you see someone saying sexist shit, you tell them to stop. what's there to know? but how do you call them out? how do you respond to their defensive replies? how do you make sure people actually listen to you and not just ignore you? how do you make sure people don't just hate being around you?  
    
Well as a man who has been thinking about this for over a year, I'm going to try to explain that for those of you who aren't sure.    
_____    
     
I don't claim to be an expert, this is just a relatively simple introduction for people that have no idea how to do it. and a lot of people seem to have this idea that calling men out is when you run into a dark alleyway to save a woman who is about to be assaulted.   

first of all, this is just dangerous for you, you should not be running in, you should call the poli",
yjoqce,Tomorrow I will have a late term abortion after rape,offmychest,1291,191,0.94,https://reddit.com/r/offmychest/comments/yjoqce/tomorrow_i_will_have_a_late_term_abortion_after/,2022-11-01,Dismal_Mud_4063,"Tomorrow I will be having an abortion at 23 weeks due to rape. I need to get this off my chest. I feel sick, I had a life forced in to my body and now I am forced to take that life away.

I can’t tell any friends because they will be disgusted at me for getting a termination this far along. My parents and wider family are strict catholics who would disown me for abortion full stop, let alone one this far along.

I’m in the UK where abortion is legal until 24 weeks, tomorrow evening when I get the abortion I will be 23 weeks exactly. I’ve had the abortion approved, I have access to access to therapy but that doesn’t make me feel any better. I don’t want to do this because I feel awful taking a life but at the same time I do want to do this because I need to do this I don’t want this baby I don’t want to have to carry a baby for 4 more months then raise it when the baby belongs to somebody that did something so evil to me. I can’t believe the injustice in this, I had this life forced in",
6qljeq,The door closes shut on my stripping career.,offmychest,1287,110,0.97,https://reddit.com/r/offmychest/comments/6qljeq/the_door_closes_shut_on_my_stripping_career/,2017-07-31,VerbalPuking,"Tonight is July 30th 2017, I’m 23 years old and a month before my four year mark my dancing career has come to a close. After years of telling myself “ I’m going to quit when …” and “As soon as …happens I’ll quit” it has finally happened. I quit.

These last three years have seen me crying in showers, traveling the world.- I watched the sun rise over the 19th arrondissement  for my 22nd birthday. - It has consistently drinking myself to the point of no recollection; of needing to drink in order to get through the night, of building and destroying myself based on moments in a dark sweaty room with men who fed a part of me that felt stagnant and isolated from the rest of my peers. Peers that I watched graduate and become salaried office folks while I put on 6inch heels and danced until I felt my heart through my temple.

I have laid awake, my eyes open in a room drenched in sunlight petrified of my future. Insidious thoughts telling me ‘You’re not smart anymore. You dropped out of school",
473tvw,Wife thought I was gone. Heard her true feelings,offmychest,1285,133,0.97,https://reddit.com/r/offmychest/comments/473tvw/wife_thought_i_was_gone_heard_her_true_feelings/,2016-02-23,CrippledNerd,"My wife thought I had already left to pick up my son from Air-soft practice. She was in our room talking with a friend, and what I overheard was informative.  I finally know how she truly feels about me.

I am disabled.  I have a severe degenerative disease that attacks my spine, hips, hands, etc.  It's very hard for me to walk more than 20 feet at a time.  I can't bend over, hold things very well anymore, pick up anything over a few pounds, and quite a few other fun things.

I've been battling this for almost 10 years now.  I fight my absolute hardest to keep as mobile and independent as possible. My wife has always been there for me, and has always gone above and beyond.  I always make sure to tell her how much I appreciate it, and if it's ever too much to please talk to me about it.

Back to yesterday....  I was sitting in the hallway on my walker trying to get my shoes on.  My wife for some reason thought I had already left.  I heard her telling her best friend how she's tired of p",
1fnfmoq,My friendship ended after a trip to Japan ,offmychest,1267,134,0.98,https://reddit.com/r/offmychest/comments/1fnfmoq/my_friendship_ended_after_a_trip_to_japan/,2024-09-23,Throwaway_ventting,"Finding out my friend of 5 years was an absolute AH when taking her on her first trip to Japan one year after I moved back from there. What did she do?: 

Wouldn’t add to the itinerary at all but complained every single day when we got there. I took her to popular stations in Tokyo since it was her first time and we had 7 days…but she wanted to go to the beaches and rise at 5am and stay out til 2am like she does in Mexico. Compared everything to Mexico, even wanting to tip a restaurant owner in USD because “I do it in Mexico”. Wanted to tip everyone and argued the whole time when I told her don’t do it, it’s rude and when I got my Japanese friend to educate her on how to give proper thanks, she finds one person online who said its “not required but appreciated” and wouldn’t stop pressing me about how it’s so good to tip. 

She would ask me how my legs were doing and I’d answer honestly like “yeah they hurt” and she later mocked and berated me saying it made her feel bad I was complaini",
50j9ze,"I'm 23, bald, have a smaller than average penis and have had an assortment of problems my whole life. I want to let everything out.",offmychest,1267,110,0.96,https://reddit.com/r/offmychest/comments/50j9ze/im_23_bald_have_a_smaller_than_average_penis_and/,2016-08-31,fmlthrowaway77,"I don't care anymore and I just want to vent and let it all out. 

I'm 23 and have never been with someone, apart from a ""long distance relationship"". I've been balding since the grand age of 19. I have a smaller-than-average penis, at around 4 inches, with little girth. Two of the least desirable traits in a man. I currently have a shitty underpaid job that's going nowhere and I hate waking up in the morning for it.

Actually, let's back up a bit. I have a whole lot more.

I was born with cancer and operated on at 1 year-old, leaving a long scar across my abdomen. I almost died by swallowing a battery the year after that. I was diagnosed with high blood pressure as a child and had frequent severe nosebleeds for most of my childhood.

Starting at elementary school, I've had 'friends' think it would be funny to spread rumors behind my back, making people believe I was gay. Since everyone at that age is very kind and understands rumors might be lies, everyone I knew and talked to started",
1sonu00,"Update: Husband (29m) and I (33f) disagree. Is counting hours with the baby ""unfair""?",relationship_advice,1267,231,0.92,https://reddit.com/r/relationship_advice/comments/1sonu00/update_husband_29m_and_i_33f_disagree_is_counting/,2026-04-18,GrassyPer,"Edit, here is the first post: [https://www.reddit.com/r/relationship\_advice/comments/1s83ow3/husband\_29m\_and\_i\_33f\_disagree\_is\_counting\_hours](https://www.reddit.com/r/relationship_advice/comments/1s83ow3/husband_29m_and_i_33f_disagree_is_counting_hours)

The situation has completely exploded in every way since my first post. My husband and I had a disagreement about who should take care of the baby during non-work hours.

After reading comments from my last post I resolved to bring it up in couples therapy and inform my husband I felt taken for granted and like I don't get enough free time to work on my music and art projects.

Well. That didn't happen. And I'll tell you why. First off, our counseling got cancelled for three weeks straight due to local holidays. We had our birthdays but due to the war/holidays, everything was closed for a week before and since he was home with me 24-7.

I never felt like I had alone time to make him something hand made (I usually draw somethi",
5cf8i5,I want to talk about Jonathan,offmychest,1266,42,0.96,https://reddit.com/r/offmychest/comments/5cf8i5/i_want_to_talk_about_jonathan/,2016-11-11,advicefroma20yrold,"He’s a mutual friend of a guy I know. The guy was great, and when he introduced me to Jonathan at a Halloween party last year, I knew Jonathan would be great too. Even though I was in a really short black dress, had a guy on each arm, and was holding a giant inflatable penis, I took a shine to Jonathan. Immediately, I liked the tall, skinny, nervous-looking blond guy with glasses. 

At the time, I’d recently gotten out of a very abusive relationship. She’d been the queen of gaslighting and manipulation; her emotional abuse wore me down over the course of the two years we’d been on and off. She was “asexual” and often shamed me for having a high drive, saying that women shouldn’t want sex as much as I did. She refused to experiment with me. She made fun of my anxiety, my depression, and my PTSD. Then, late one night, she dumped me out of the blue. I found out she was cheating on me with a man. I didn’t trust people for a while after that. 

But, for some reason, I felt like I could trus",
14njmhm,My(M29) Wife(F28) of 2 years/partner of 10 years admitted to cheating after testing positive for HPV,relationship_advice,1265,456,0.94,https://reddit.com/r/relationship_advice/comments/14njmhm/mym29_wifef28_of_2_yearspartner_of_10_years/,2023-07-01,cascades_on_fire,"I don’t know what to do or think.  
After so much struggle through our 20s going through college, building a foundation, going through multiple jobs we despised and finding the one we wanted to pursue, working through the death of her parents and my father, I thought I was the luckiest man ever. 
She always provided a shoulder, empathy, and grace when I needed it most. 

Today she received results from her pap that said she is HPV positive. She sat me down and admitted to cheating on me several times, through the course of 9 months, with someone who was a mutual friend. 

She said right after my father’s passing, our relationship had strained and she was lonely because I was gone all the time, dealing with the legalities of it all. 

One part of me is so angry and wants to break it off. I was there for her when her parents died and helped her with hospice care. I was there to work 2 jobs to ensure we had a roof over our heads. I was there to get her and us the apartment of our dreams.",
1kk63vh,My mother went full red hat 10 years ago.,offmychest,1252,53,0.97,https://reddit.com/r/offmychest/comments/1kk63vh/my_mother_went_full_red_hat_10_years_ago/,2025-05-11,Oculata,"I know I'm not alone here.

My mother, who got pregnant with me when she was a senior in college and had to drop out before graduation, who married a man who became a pediatrician, but had an affair with the plumber and moved out when I was 14, who worked a series of retail jobs in New Jersey and spent herself into near bankruptcy before moving in with one of my brothers (who she's been living with for nearly 20 years now). My mother, who stopped working early and managed to get full disability. My mother, whose wild swings of emotions and volatility alienated herself from all but a small group of people. My mother who claimed that our daughter was the center of her universe.

My mother who drifted further and further to the right. Who said that she'd love to be Rush Limbaugh's next wife. My mother who took and took and took from society and from her children but never contributed. My mother who, when I offered to fly her out to visit us on the other coast so she could see her granddau",
rit7x,Reddit I am gay and today a complete stranger defended my boyfriend and I against a bully in a very physical way. Thank you man in the black rose fedora and baggy jacket!,self,1250,336,0.92,https://reddit.com/r/self/comments/rit7x/reddit_i_am_gay_and_today_a_complete_stranger/,2012-03-29,applevsdoc,"Throwaway: I know there is little to no chance you will read this but thank you. Wen did not get your name but this was in portland oregon today around 4ish in Blue Bills dinner. Some back story for reddit my bf  and I were eating and minding our own business. We are gay and it is noticeable. Suddenly this really religious man comes to our table and starts talking about how we are an abomination and should change our ways before we go to hell. He started saying that we ""should show respect and not force ourselves in public because there are good families and children around"". He then asked us to leave because we were making everyone uncomfortable. When we told him to leave us alone he grabbed me and tried to shove me out the door. Before he got to far a tall man in a black rose print fedora and baggy jacket grabbed him gave him a well placed headbutt and a few punches and pushed him out the door. He put some cash on our table and left without saying a word (i think he might have broken",
1kyu9xk,"My husband '38M' planned a month-long trip to Thailand — first half with me '33F', second half alone to “relax and smoke.” I feel completely unwanted",relationship_advice,1243,750,0.9,https://reddit.com/r/relationship_advice/comments/1kyu9xk/my_husband_38m_planned_a_monthlong_trip_to/,2025-05-30,ThrowRA-only,"(Throwaway account — I just really need to get this off my chest.)

I'm '33F', and my husband is '38M'.We've been married for 10 years.


We've been through so much together. We've built a life together. We’ve always traveled together, had fun, and made memories. Even when he smokes weed (which is illegal in our country), I never tried to stop him. I let him relax on our trips. I never complained. I always wanted him to feel free and safe with me.

But now… he's planning a month-long trip to Thailand. At first, I thought it was our trip. Then he told me he only wants me to come for the first two weeks. After that, he wants me to fly back home while he stays the remaining two weeks — either alone or with a friend. to ""relax and smoke"" This broke my heart.

He says he’s been working nonstop for a year, and this is the only month he has off.
He just wants to relax, enjoy his time, and be alone.
But the friend he wants to stay with is known for partying, smoking heavy, and messing arou",
pcvway,All guys think about one thing - the craving for touch in a disconnected world,dating_advice,1240,117,0.95,https://reddit.com/r/dating_advice/comments/pcvway/all_guys_think_about_one_thing_the_craving_for/,2021-08-27,Vitorex,"I'm sitting near a river after a nice evening walk and wanted to share some thoughts of mine with this community. I've never been touched in any meaningful way by a woman in my (M22) life nor has a woman loved me before. It feels weird to have never experienced anything like that before. I have a wonderful family, which loves me above all else. But it's somehow an unconditional form of love. Of course my parents could have abandoned me, but they love me because I'm their child. Their only choice was if they'd have me or not. 

What I mean is when a woman (or man) chooses you for you being yourself. She does it despite of your flaws. And then she decides to be with you and spend some of her best, young years with you only for the sake of love. And you do the same for her. 

Well surely it would be easier if you'd have a six pack, seven figures on your bank account, a nice looking face, be confident but also nice... You get the gist. But the reality is that most of us can't even get one",
wp4hf8,"How Andrew Tate built an army of lonely, angry men",MensLib,1238,181,0.96,https://reddit.com/r/MensLib/comments/wp4hf8/how_andrew_tate_built_an_army_of_lonely_angry_men/,2022-08-15,delta_baryon,,
1j4k5ex,My wife came out to me as a lesbian yesterday and I’m shattered… (2 year update),offmychest,1235,46,0.97,https://reddit.com/r/offmychest/comments/1j4k5ex/my_wife_came_out_to_me_as_a_lesbian_yesterday_and/,2025-03-06,LesHill36,"It seems like just yesterday I was mentally formulating a one year update for this situation and here we are at the 2 year mark. Crazy. 
This won’t be juicy or drama filled… no big revelations or tea to be sipped. Sorry to disappoint… 

2 years ago, one seemingly random Sunday morning, my wife and partner of a decade, chose to inform me she had come to terms with her sexuality. She was gay. 

I thought I had known heartbreak, seeing as how my first girlfriend went to visit her home country and never came back. She, instead, got married and had many, many children. 
Right up that random Sunday morning, that was the worst thing I had gone through. The hardest situation I had been forced to endure…

Hearing those words come out of my wife’s mouth… my entire reality unraveled in what seemed like both an instant and an eternity. 
I fought for 2 months to come up with some way for us to remain together. Any compromise. Any idea. Any situation. I would have done literally anything to keep her",
e0nire,My husband is a sleep talker,self,1225,114,0.97,https://reddit.com/r/self/comments/e0nire/my_husband_is_a_sleep_talker/,2019-11-23,talibob,"It's usually just nonsense but sometimes he will have a full conversation (sometimes with me, sometimes with himself). On rare occasions, he will tell a full story. This story is one of those times. I now present to you, The Lonely Aquaman:

So, there was an aquaman, right? He was really lonely. Like, really lonely. He was super hot. Big, man areolas and a hairy chest. He didn't wear a shirt. He did wear pants though. But he had a big arrow pointing to his dong. He had a trident but it was three dicks. He was so lonely so he went to the fortune teller. She was real sad. She said, ""You'll meet your true love. Soon."" He met this girl. She had red hair and it just flapped. They were underwater and it just flapped around her face like a spiderweb. It didn't look very good. He said, ""Hey"" and she said, ""Hey, how are you."" ""I'm good. Do you want to hold hands?"" and she was like, ""Yeah."" So they held hands. He said, ""If this is love..."" and he leaned in real close. Their noses were touching,",
k89ioy,Don't Settle... We're Out Here,dating_advice,1214,150,0.97,https://reddit.com/r/dating_advice/comments/k89ioy/dont_settle_were_out_here/,2020-12-07,_Ace_Zero_,"I'm a 43-year-old divorced man and have been dating various women for months.  I've met some interesting women and had fun interactions, but I haven't found who I'm ultimately looking for.  I know the general qualities I'm looking for, I'm well aware of red flags (and have boundaries in place to walk away if I see them), and I know what good chemistry is like.  And I'm not settling for someone who's not my match.

If you're like me - waiting and hoping to find that right person - I'm posting this to remind you that you're not alone.  We're out here.  Don't give up on finding us.  We haven't given up on finding you.",
pzmswd,"Single men, be honest, how lonely are you ?",AskMen,1197,782,0.96,https://reddit.com/r/AskMen/comments/pzmswd/single_men_be_honest_how_lonely_are_you/,2021-10-02,mr_grosse_voix,"I feel like a lot of men talk about their ""horniness"" as a less vulnerable way to talk about their ""loneliness"".

Be honest, how much are you missing some cuddles over sex right now ?",
rg8cx5,Watching a movie alone is weird?,socialskills,1186,464,0.95,https://reddit.com/r/socialskills/comments/rg8cx5/watching_a_movie_alone_is_weird/,2021-12-14,spacefanatic666,"I have booked a ticket for watching Spider-Man: no way home movie alone. Is it bad if I watch it all alone? I don't have any friends so I thought to myself that this will be a new experience for me. Would it be weird or strange to go alone for watching a movie? 

Has anyone watched a movie alone? What was your experience like? 

I am nervous and scared but I am excited too, I don't know why but I am feeling sad too.

Edit: Hello people, thank you so much for replying and giving such wonderful answers. I went to the movie and I had the best time! 🥂😺

I was feeling lonely at the start, but when I entered the theatre I had the best time! It was amazing! But I really wanted to share my opinions about the movie with someone and I had no one. :(",
m8bp59,My Dad died and no one knows my birthday now,offmychest,1177,98,0.99,https://reddit.com/r/offmychest/comments/m8bp59/my_dad_died_and_no_one_knows_my_birthday_now/,2021-03-19,troway0112,"Edit 18 hours later ----- I honestly can't believe how many people wrote me. I can't possibly respond to every one because with the way I am, I'll spend like 7 hours writing everyone walls of text and thats not good for anyone. I also don't want to single out posts and reply to only a couple, because whether you wrote 3 words or 3 paragraphs, you still took your time to help a stranger. Thank you guys. Trust me when I say I read every single response and appreciate them more than you could imagine. I am the type that will come back and read through them again tomorrow, just to remind myself how many wonderful people are out there for me to find. Thank you guys

Edit ----- Guys I don't know how to thank everyone. I wrote a giant wall of text and just wanted to vent. Just knowing other people read it, whether they reply or not, always helps somehow. I hate when people say reddit is toxic because that is not my experience at all. I would like to reply to everyone personally and say thank",
uv4bd2,"How can I, as a man, stop feeling so lonely?",AskMen,1170,640,0.96,https://reddit.com/r/AskMen/comments/uv4bd2/how_can_i_as_a_man_stop_feeling_so_lonely/,2022-05-22,IceEchoX,,Frequently Asked
gjy920,"Boyfriend (FtM) came out at transgender, I(F) don't know how to proceed help",relationship_advice,1154,531,0.94,https://reddit.com/r/relationship_advice/comments/gjy920/boyfriend_ftm_came_out_at_transgender_if_dont/,2020-05-14,ThrowRA-bftrans817,"Throwaway but it's probably not going to matter because he Reddits. Apologies I'm on mobile and this is my first post and it's long. If this belongs somewhere else please let me know. Going to keep it vague to protect both of us. Boyfriend and I met through a mutual friend. We hit it off and became official about a month in. Before becoming official he asked to take physical things slow due to personal trauma. No problem. That was 6-7 months ago.

I made sure to never make him uncomfortable and only touched him when and where he was comfortable at the time. Things were great! We have amazing emotional chemistry and several hobbies in common. We talked about our future and even planned for kids (important). I thought I had won the relationship lottery.

Covid hit and because he's an essential worker his hours were extended. When we would video chat I could tell it was taking a toll on him. Late March I asked if he would like me to come stay with him to help out around his apartment. (Ye",
10f3yx3,i am breaking up with my girlfriend. i am done.,offmychest,1152,320,0.95,https://reddit.com/r/offmychest/comments/10f3yx3/i_am_breaking_up_with_my_girlfriend_i_am_done/,2023-01-18,sawdd_swerrrrr,"my (24M) girlfriend (25F) have been together for the past 7 years and it was a great time. we met our first week of college and i asked her to be my girlfriend a month after meeting and we took off from there. we were inseparable throughout college and i genuinely believed she was the person for me.

we graduated from college and moved into an apartment together and even though the first year went smoothly we began to bicker over small things. i would leave a hoodie on a chair and she would say i’m messy or she wouldn’t take out the garbage and i would say she’s lazy. this went on for a a couple of months but two months ago both of us got into two separate incidents which we haven’t fully resolved.

the first incident was on her. i had a really bad day at work one day 
(i’m a high school teacher and one of my students suffered a stroke and stopped breathing in the middle of class) so had to stay calm with an student who wasn’t responding to CPR on my classroom floor and went to the hos",
111k88a,Online friendships between adults and teenagers,offmychest,1133,334,0.97,https://reddit.com/r/offmychest/comments/111k88a/online_friendships_between_adults_and_teenagers/,2023-02-13,trixywitchy,"My husband has a friendship on discord with a 16 year old girl. He voice chats with her and talks to her often. He says it's platonic and she calls him grandpa because of how much older he is than her. My husband is 40 and I find it really odd that he has such a strong friendship with a teen girl. I'm not sure how to breach the subject with out being met with defensiveness and anger. I've asked some questions like what do you talk about etc. He always says just normal stuff video games and things like that. It just doesn't set right with me I'm not jealous but kinda concerned because it seems odd that a grown ass man would want to be friends with a teenager. I'm not sure if I should bring it up or if I'm overreacting. It just kinda gives me the ick and feels off. So is this normal on discord? Am I just out of touch?
Update I messaged him at work voiced my concerns and he said he would stop talking to her and overall he was very understanding. I also found out his friend may be being cr",
o4q2cx,Bar girl conned me out of my entire vacation — I have seven hours until the police can legally force her out of my hotel room,self,1130,262,0.91,https://reddit.com/r/self/comments/o4q2cx/bar_girl_conned_me_out_of_my_entire_vacation_i/,2021-06-21,AlrernateWash,"Man, I’ve had such a bizarre night. All I have left to do besides stare into space is to tell someone about it. I just want to scream. But everyone I know is asleep. So, thank you, you’re really standing in the gap here. 

I’m out of town for a conference ok, I’m doing two nights in a secondary city, easy trip. Get into town on night one, speak the following day, spend one more night because it’ll be late by the time things wrap up, and fly home the next morning. 

I get in for that first night, it’s already kind of late, so I shake hands and whatever else then head to the hotel bar to unwind from the flight. 

I’m just trying to get my head together for the following day, but you know how it is when you’re out, you can’t help but notice things. Most were just average, “Hey, how about that,” acknowledge it and move on and never think about it again things. Like, “Huh, looks like those guys just came from a wedding,” or “Wow, that table’s on their fifth round,” you know, random stuff.",
1dxa2hg,"The first mistake I ever made was being born muslim, arab, and woman",offmychest,1129,169,0.92,https://reddit.com/r/offmychest/comments/1dxa2hg/the_first_mistake_i_ever_made_was_being_born/,2024-07-07,awaythroaway203929,"no one will read this so it doesn’t matter. It never did anyway.

here’s to someday where women my kind will be celebrated for their personalities, education, achievements, and quality of life,,rather than their looks, clothing, marital status, bodies, vaginas, and everything else that has barely anything to do with them as humans. 

 looking up on google answers at the time, as an 11 year old, “why does god hate women so much?” “How can i unalive myself” ? I am so sorry beautiful that, you ,  an 11 year old child, was already so aware of the curse she’s born into. But it’s okay, you said you will turn 18 and leave. So just stick it up till then. At the end of the day, all your friends are telling you that being a woman is a gift which allah realizes and as such put so many rules on you to protect you. You dont know whats best for you and you will grow out of it. Yes, every single man you’re meeting, family or not, belittles you, sees you nothing but a potential fuckable object. But li",
17nwuog,Update 2: My family wants me to forgive my brother after he tried to r0pe my fiancee,offmychest,1128,65,0.97,https://reddit.com/r/offmychest/comments/17nwuog/update_2_my_family_wants_me_to_forgive_my_brother/,2023-11-04,Solid-Designer-8973,"Hi everyone again, I know it has been a while since I last updated but I wanted to post a complete update once the problem was solved,
One more I want to thank everyone who sent their good wishes to me, my fiancee and to any other possible victim of my brother 
Now to the main theme.
What has happened?
While the aftermath is still ongoing I am happy to tell everyone here that my brother is facing justice for his actions.

So back when I last updated, my fiancee, some friends and I started to look through my brother's history, searching if he ever abused or tried to abuse any other women, and once the evidence was ready make my brother face  consequences
At the end we ended with the cases of 8 different women, including my fiancee, that were somehow molested by my brother, these including ex girlfriends, ex coworkers, and 2 actual coworkers of him.

I also mentioned that  once we were ready I was going to show my parents what kind of monster they were defining and also that we were goin",
1jc715l,Stan Lee elder abuse footage has absolutely torn my heart out,self,1128,107,0.96,https://reddit.com/r/self/comments/1jc715l/stan_lee_elder_abuse_footage_has_absolutely_torn/,2025-03-15,ThrowRA212749205718,"Disclaimer: I don’t support the documentary at all, for reasons you will quickly find out if you watch the trailer. It’s incredibly exploitative in so many ways. 

However, I watched the trailer nonetheless and I can’t overstate how absolutely shattered I am. I haven’t felt this moved by anything in a while, and I’m not sure why this has a particularly strong effect on me, but it does. I’ve cried two separate times
since I watched it some hours ago.

I even applied to be a volunteer visitor for aged care facilities where I live since then. Just to be a companion and friend to any who might feel isolated and lonely or maybe don’t get many visitors and things. I have so much free time to exhaust in my day to day, I can’t think of a more worthwhile cause than spending it with someone who might not have many close people around them, especially at that stage of life. My only fear in any of it is that fact that I’d be developing bonds with people who I will most likely lose sooner rather th",
1jytl81,I caught my husband wearing my clothes and cheating on me with a man,offmychest,1121,129,0.96,https://reddit.com/r/offmychest/comments/1jytl81/i_caught_my_husband_wearing_my_clothes_and/,2025-04-14,PrecariousCupcake,"I (31/F) have been married to my husband (35/M) for 5 years. We’ve been together a total of 8. I thought we had a solid marriage. Not perfect (what marriage is?), but solid. I’ve always found him funny and charming and he’s well-liked by everyone we know. We had a lot in common, we are both very career driven and we supported each other in our hopes and dreams. Like I saw him as my soul mate, truly.


Last month, I left work early one day. My last meeting got canceled and I figured I’d beat traffic, grab his favorite Chinese takeout, and surprise him. I texted him that I’d see him later but didn’t mention I’d be home early. He normally works remotely ever since the pandemic. He only goes to work in person maybe once a week, if that.


When I came home, I walked into a surreal nightmare. My husband was wearing nothing but my bra and thong that he took from my hamper, completely stretching them out and he was kneeling in front of a man I did not know at all giving him oral sex. Neither o",
c7nlvx,"Being a Black Male is incredibly frustrating, especially when you have traditionally uncommon hobbies/interests.",self,1117,220,0.95,https://reddit.com/r/self/comments/c7nlvx/being_a_black_male_is_incredibly_frustrating/,2019-07-01,aaman44,"I grew up in a primarily Jewish community and went to a really diverse school. Even though I only lived 30 minutes from downtown Philadelphia, I mainly kept out in the suburbs. The majority of my friends growing up where non-black. All my girlfriends except two were non-black. I was never particularly into black American culture. Being around other black people made me feel like an outsider. Commonly hearing the term ""oreo"" or something similar. I don't see race. I'm not ignorant to it, and I know other people may feel differently. But everyone is equal in my eyes. I never was into what most would consider ""black"" hobbies. I love house music, I'm a huge sci-fi/fantasy dork, I do archery/rockclimbing on weekends, I train muay thai, I love cooking, etc etc. It sounds crazy, but you really start to notice it when you're sitting around one day, watching game of thrones with your friends, and you're the only black guy in the room. One out of two black guys in a college fraternity of 40+ dud",
17ui8oe,I’m in these bridal/wives groups and I don’t understand why some of them got married.,offmychest,1115,117,0.98,https://reddit.com/r/offmychest/comments/17ui8oe/im_in_these_bridalwives_groups_and_i_dont/,2023-11-13,Sometimesitsamonkey,"I’ve been with my husband for over 4 years. We got married a few months ago. I joined 2-3 groups for occasional advice. Some of them are now wives groups as the year comes to an end. 

And I know there are a lot of deep reasons in our society that men get to act like they do. I know there are cycles of abuse. I know. And I know it’s not one sizes fits all. But I need to rant for a minute. 

My husband and I are maybe coming in with more experience. We are in our 30’s, have lived with other people and alone in the past, pay all of our own bills, and more used to independence than most 20 year old. 

And so often in these groups I see women who are just their SO’s new mom and maid. 

One comment said all she wants for Christmas is for her husband to clean the house.  And so many people complain about this. Like you mean you MARRIED a man who expects you to do all of the house work and a GIFT for you is for him to clean? 

And so many similar comments of how they never do anything to help",
d0a6qp,How do I not cry when standing up for myself?,socialskills,1097,91,0.99,https://reddit.com/r/socialskills/comments/d0a6qp/how_do_i_not_cry_when_standing_up_for_myself/,2019-09-06,thanksalotpablo,"One of my co-workers is CONSTANTLY giving me attitude. I had to ask him for help a couple times one day and both times he shrugged me off like ""that is not our priority right now"" and left me to fend for myself with angry customers. (This was during a rush while I was alone at the back window and he had the other headset. First time the receipt printer wasn't working so no one was getting their receipts, second time I was running out of space in the register and had to have a manager change it out but he refused to get someone). Then today, they put me on the grill for the first time and after a couple hours he came in and it was just the two of us. The dude before him was telling me to do something a certain way so I kept doing it, and Mr. Happy Man yelled at me about it. He isn't like this to anyone else. It sounds dumb when I type it out but this dude just hates my guts. It's not just him being hard on me to help me do the job right, he's just extremely rude about everything. My poi",
u9kaqq,"A Rising Tally of Lonely Deaths on the Streets: More than ever it has become deadly to be homeless in America, especially for men in their 50s and 60s.",MensLib,1087,27,0.98,https://reddit.com/r/MensLib/comments/u9kaqq/a_rising_tally_of_lonely_deaths_on_the_streets/,2022-04-22,TAKEitTOrCIRCLEJERK,,
1m113zn,(36M) wondering if my (33F) wife taken a celebrity crush too far?,relationship_advice,1078,393,0.94,https://reddit.com/r/relationship_advice/comments/1m113zn/36m_wondering_if_my_33f_wife_taken_a_celebrity/,2025-07-16,Woke-Cthulu,"Hello community. I (36M) and my wife (33F) have been together for 7 years, married for 3 w/children. The celebrity she’s “obsessed” with is Morgan Wallen. I use the term obsessed lightly because it has never seemed like an unhealthy thing. She loves his music, finds him attractive, and that’s about it. She brings him up occasionally and light heartedly to anyone who will listen and she references him as “Daddy” not only around me but at me sometimes. I laughed it off at first. But a few months ago I told her how I no longer thought it was cute and that it made me feel uncomfortable. 

We are pretty secure in our relationship and we both have access to each others phones as we aren’t hiding anything from each other and we are not jealous types (mostly). Long story short I was rocking one of our babies and her phone was open on her instagram DM’s so I did a quick scroll through her chats and saw she attempted to reach out to Morgan Wallen and “shoot her shot”. This was during a bachelore",
ck8ods,"I (32M) am really tired of only being the ""best friend"" or ""big brother"" to every woman I know. How do I break out of that and become more?",dating_advice,1078,452,0.97,https://reddit.com/r/dating_advice/comments/ck8ods/i_32m_am_really_tired_of_only_being_the_best/,2019-07-31,InitialShare,"I've had a problem for a good while now that hopefully some of you can help with.

I feel like I am a pretty attractive guy and also am a lot of fun to be around.  I like to cut up and have fun, and think I am pretty charismatic.  But I'm also chronically single.  I'm okay being on my own, but seeing all of my single friends pair up with me being the lone man out is starting to get a little isolating and lonely.

A lot of my girl friends have given me what I think is good advice when I've asked about this.  Just about all of them say that I am too good of a friend or too much of a big brother type to everyone for any woman to think anything else about me.  I don't mind that at all and I value the hell out of my lady friends, but I really would like to be closer with someone and not just have to exist in that definition like that that they give me.

It's also frustrating.  I know I have to make a move if I want more, but I had a bad experience recently.  I thought a friend of a friend w",
1gl12q3,"I voted for Harris, but I understand why a lot of people didn't",self,1070,641,0.83,https://reddit.com/r/self/comments/1gl12q3/i_voted_for_harris_but_i_understand_why_a_lot_of/,2024-11-06,Sarydus,"I feel like the Harris campaign and the Dems in general have been incredibly tone deaf. Forget the fact that Biden didn't keep his promise of being a 1 term candidate until it was way too late, that's and entirely separate can of worms, but just talking about the Harris campaign, after the debate her team fumbled the bag every chance they got.

Remember how effective it was when the democrats called republicans weird? How much it got under their skin by making them small and insignificant? Seemed like a winning message, didn't it? And then they defaulted to the same doom and gloom rhetoric that lost them the election in 2016 and have been using against Trump for years. It doesn't matter that Trump is a criminal, it doesn't matter that he'll end democracy as we know it, people don't care. People are sick of the same old song and dance in Washington, and have been for decades. For better or worse, Trump is a force for radical change, something the people want, while the democrats made it",
1p6clce,Boyfriend (49M) thinks I'm (50F) disgusting because I refuse to financially support his (25/M) son.,relationship_advice,1069,257,0.93,https://reddit.com/r/relationship_advice/comments/1p6clce/boyfriend_49m_thinks_im_50f_disgusting_because_i/,2025-11-25,BluKandy888,"So for background I (50F) was told by my boyfriend of 12yrs (49M) that his son (25M)was being evicted and coming to live with him (yes he has a job).my bf and i have a 12yr son together. My bf said that I was to be responsible for buying groceries and cooking for his 25yr son. I said that's not fair and I can't afford it.His son and I make the same amount of money, and now his son has no bills to pay. He can afford to buy his own food and he knows how to cook. I also have a 25y daughter who not only pays her own bills but she has type one diabetes pays almost 1k a month to stay alive. If I'm going to feed any 25yr old it's going to be her. So my bf, his 25yr son and I made an agreement. He would give me 5 dollars a day for dinner. So I started buying food and cooking for him and I didn't see a dollar for 2 weeks so one day he gives me 40 that's for 8 days of dinner and then another 2 weeks later nothing. So I stopped cooking and one day I bought pizza (i get pizza so my son and i have",
16fvnxq,"I am going to marry next week-after 10 years of waiting I am sad, not excited :(",offmychest,1068,566,0.96,https://reddit.com/r/offmychest/comments/16fvnxq/i_am_going_to_marry_next_weekafter_10_years_of/,2023-09-11,Bluebbii,"I am in a long term relationship for 10,5 years. I love my fiance a lot and I want to marry him but right now we have some problems and I am very sad that I'll go into this marriage during an unhappy time.

We have 2 main issues

1. He has a female co worker that he finds attractive and this has been an issue between us for 2-3 years because there were many thinga, while not cheating, that hurt me. And he still defends her from me and they just intensify their relationship more and more and I feel like in a few years from now - lord knows what will happen. 

Just 3 of like bazillion examples why this bothers me:

- We never met but she talks negatively about me (e.g. it's ""his loss"" if he dates ""someone like me"" and he didn't defend me but HER like ""that's just how she is, she didn't mean it"").

- She sends him flirty messages and even letters (in his opinion they're not flirty, but I guess the ""thank you for being in my life, talking on the phone with me for hours, because of you I sm",
8mqsni,My cousins kids trashed my dads grave the day he was buried and I feel like I can’t forgive them.,offmychest,1059,102,0.99,https://reddit.com/r/offmychest/comments/8mqsni/my_cousins_kids_trashed_my_dads_grave_the_day_he/,2018-05-28,IceCreamShoes,"My father passed away last Wednesday after a long battle with cancer. He was my oldest friend and the worlds best Papaw to my daughter, his only grandchild. He taught me (27F)to do many things that most men would teach their sons. He taught and encouraged my hobbies such as woodworking and was the first person I’d go to when I didn’t know how to do anything. He helped me rebuild my house from the ground up. He was a generous and amazing man that is going to be missed by so many.

We laid him to rest in the cemetery Saturday with beautiful flowers put together by a family friend that picked flowers that she knew he’d like. That same day after the burial, my uncle (dad’s sister’s husband) took my cousin’s (31F) two kids out and let them take all the flowers, and generally trash my father’s grave. My mom is the strongest woman I know and she cried when she saw it. All the roses were gone, the gladiolus blooms were removed and thrown next to the grave. To add insult to injury, my cousin po",
zix8cx,Times are tough and you deserve better.,offmychest,1057,130,0.97,https://reddit.com/r/offmychest/comments/zix8cx/times_are_tough_and_you_deserve_better/,2022-12-11,TheGoldenEye2002,"I feel your struggle man and I feel helpless. I want to reach my hand out to you but I can't.

I am with you with your pain, you are not alone. If I had the chance to give you a hug I would.

I don't want to see you suffer or struggle, you were born into this world for happiness. Not sadness.

Give it some time. Have hope, the world is transitioning politically and capitalism is becoming outdated in favour of a more social-centric or welfare-centric model.

Masol#7088 if u want a discord friend anytime",
skg92i,what's the correct course of action if a woman approaches you and expects you to buy her a drink?,dating_advice,1049,512,0.94,https://reddit.com/r/dating_advice/comments/skg92i/whats_the_correct_course_of_action_if_a_woman/,2022-02-04,bigblackowskiC,"Pretty much what the title says. There's all this advice for how men should deal with buying women a drink, but I found it hard for the reverse. And what the correct ettiquete for this scenario is.

I've had a woman who I found interesting and attractive, approach me, talk to me, compliment me, etc. This was while I was drinking alone at the bar. Then she asks ME to buy her a drink.

Now I'm a 21st century man who believes equal rights in majority aspects, but I know when it comes to dating and relationships it's still a battle of the sexes in some regards. And while I was intruiged, I felt it was unfair to ask someone you approached for a drink. And that had her leaving me insulting me on the way out. This happened a few more times at different points in time.

Is my train of thought pointless especially if I'm interested in the person. Is there a better way to handle the situation?",
eb0ir1,A megalist of films and TV series showing positive masculinity (collection from yesterday's thread),MensLib,1044,150,0.97,https://reddit.com/r/MensLib/comments/eb0ir1/a_megalist_of_films_and_tv_series_showing/,2019-12-15,_ihavemanynames_,"[Yesterday's thread](https://www.reddit.com/r/MensLib/comments/eak0sg/examples_of_good_manliness_in_films/) was amazing; I thought it'd be useful to have an overview of all the films and tv shows that were suggested there, for when we need recommendations!

I summarised other people's descriptions; I hope that's okay and I hope I did that correctly. If not, please let me know and I'll happily edit my post.

None of this is my own, all credit goes to the people who participated in the thread and added suggestions, especially /u/[doc\_samson/](https://www.reddit.com/user/doc_samson/) for kicking it off!

&amp;#x200B;

Edit: to clarify - a movie can include an example of positive masculinity or an inspiring scene without every character being a perfect role model

&amp;#x200B;

|FILM NAME (WITH IMDB LINK)|RECOMMENDED BY|WHY IT'S BEEN RECOMMENDED|
|:-|:-|:-|
|[**Secondhand Lions**](https://www.imdb.com/title/tt0185906/?ref_=nv_sr_srsg_0)|[/user/doc\_samson/](https://www.reddit.com/user/doc",
1i0o4se,Crazy Christian guy followed me,self,1036,116,0.92,https://reddit.com/r/self/comments/1i0o4se/crazy_christian_guy_followed_me/,2025-01-13,Level_Koala_2824,"Went to a store to buy some gardening stuff, including a spray bottle. While waiting for the bus this one guy wanted to ""preach"" some christian stuff to me. I said I wasn't interested and he got mad, he begin shouting at me, saying I was going to hell, that I was everything wrong with this generation etc. Etc.

I just walked away and the guy begin to follow me, he never stopped shouting about god, how I was going to hell. I entered a random store and he just stood in front of it, waiting for me to come out. I went to the bathroom and filled the sprayer with water and when I came out he walked towards me shouting again, then I just... Shoot water at him, It was ridiculous, like spraying water on a dog to make him behave. I wasn't scared by the way, I was annoyed, he was an old man, even if he tried to attack me I'm sure I could've pushed him.

The crazy part is that IT WORKED! After a couple of seconds of him shouting he just left me alone.",
1loyxux,She (24F) broke up with me (23m) after 3 years and f**ked my college teammate a week later. ever since I found out has been trying to get me back,relationship_advice,1035,290,0.89,https://reddit.com/r/relationship_advice/comments/1loyxux/she_24f_broke_up_with_me_23m_after_3_years_and/,2025-07-01,Sorry_Season_1695,"The title pretty much sums it up. She started a random argument that led to our breakup. A week later, she added on social media and slept with one of my college ball teammates. (I considered him a friend, and he still denies it to this day.) We both graduated, and now she won’t leave me alone. However, the connection we shared is preventing me from blocking her or not having conversations with her. I’m torn between my heartbreak and my inability to move on. As you can imagine, she’s undoubtedly beautiful and is saying all the right things about how she’ll make up for her actions. Can I truly move on? Will I ever be able to trust her again? Why would she do something so hurtful just to beg for my forgiveness? 

Added for context: She also claims that the sex with the guy was terrible, and I even saw in her phone texts with her friend confirming this. However, she had done it twice or three times before attempting to come back. She even was pretty much seeing us both at the same time be",
3fx29r,The pregnancy subreddits are full of idiots.,offmychest,1031,265,0.97,https://reddit.com/r/offmychest/comments/3fx29r/the_pregnancy_subreddits_are_full_of_idiots/,2015-08-05,ElUterino,"The pregnancy subreddits are full of idiots.  I have a few irl friends with kids, but nobody who is pregnant with me right now, and neither my mom nor my MIL lives in the same country.  My husband is wonderful and supportive, but I'm sure he doesn't want to hear every detail of my feelings about my bladder control.  The subreddits are where I go for an outlet to just hang out and bask in pregnancy shit.

I get so enraged when I see women posting in a ""What are you craving?!"" thread about some innocuous food that they're craving, and being downvoted to hell because apparently other preggos are ideologically opposed to gummi bears or fried chicken.  Or when I read a post complaining bitterly that some woman's *third* baby shower (the first one was for her coworkers, the second one was for her family, a lot of her friends were able to attend those two, but she wants to have a third shower JUST for her friends) is not being planned to her exact expectations.  Yeah, man, you actually ARE be",
1qhm6a7,"As a woman, I’m tired of this thread.",lonely,1028,118,0.94,https://reddit.com/r/lonely/comments/1qhm6a7/as_a_woman_im_tired_of_this_thread/,2026-01-20,urnpiss,"Everytime I make a post, I always get DMs (and not a small amount) from men who quickly turn the conversation into something sexual.

Every time.

God forbid woman get lonely too.

Lonely doesn’t always mean wanting sex.

**A LOT OF YOU NEED TO LAY OFF THE PORN!!!!!**

edit: how many of you guys think this is a dating thread??? it’s not!",Venting
bruyaa,Update: I talked with my parents and my adopted brother about how he didn’t feel loved or a part of the family,relationship_advice,1018,127,0.99,https://reddit.com/r/relationship_advice/comments/bruyaa/update_i_talked_with_my_parents_and_my_adopted/,2019-05-22,TiAraFU,"Original- https://www.reddit.com/r/relationship_advice/comments/br5w97/my_adopted_brother_feels_as_though_the_family/?utm_source=share&amp;utm_medium=ios_app





Update-The first people I wanted to really talk to were my parents. I didn’t share everything John shared with us in the thread I made, but there were so many things they’d done that were just downright cruel. 

This conversation was fairly quiet and extremely emotional. I only write “adopted brother” here because I want to communicate with the people reading but in my heart he’s just my brother. So when I detailed the things John remembered, I began to cry and it hurt even more because I almost wanted my parents to deny.

I wanted them to be sure they’d never do anything so mean and that maybe John was remembering things wrong. They never denied anything though. When specific instances arose you could see them turn their heads or eyes away in shame. They’d get up and pace, put their heads down. Never a denial. 

When I asked",
2dgc4o,An Open Letter to Female Co-Workers from That Creepy One-Eyed Short Man with Hearing Aids.,offmychest,1013,222,0.97,https://reddit.com/r/offmychest/comments/2dgc4o/an_open_letter_to_female_coworkers_from_that/,2014-08-13,IWantToBeNormal,"Hi there!

So I understand that you're uncomfortable with my appearance and presence at work.

Look, it's okay!  I'm not hurt at all.

If you want me to quit and find another job, just tell me!

I will not cause any drama or raise any histrionics, not even subtly or covertly.  All I would do is simply submit a letter of resignation saying that I will no longer be working here effective immediately.

I'm sorry that I make you uncomfortable.  I know there's nothing that I could do or say to change your first impression of me as an ugly fucking retarded little creep.  You can't read my mind and know for certain that I am not a liar or a thief or a rapist.  You can't possibly know these things about a person unless you choose to spend time talking to them and getting to know them.  I understand this.  I am not going to force you into interacting with me.  This is your life, and you have the right to dictate the terms and boundaries of your comfort zone.

When I ask you a question with rega",
1s68e4o,"My boyfriend (39M) threw his bag at my (33F) face, refused to apologize ""because he thought I would block it"", then stormed out to leave after I said I just wanted to be alone",relationship_advice,989,360,0.94,https://reddit.com/r/relationship_advice/comments/1s68e4o/my_boyfriend_39m_threw_his_bag_at_my_33f_face/,2026-03-28,lavendertail,"Pretty much what the title says. We live separately but visit each other every weekend alternating (about 1.5 hours apart). We've been together 2.5 years.

His bag was on the couch with all his clothes were scattered everywhere, and I wanted him to come sit with me, but his stuff was in the way so I asked if he could move his ""stupid bag"". He started picking it up, and was like ""you want to try that again?"" I paused, and said ""the bag is dumb"" and we laughed. 

I was saying how I had wanted to lay down but his bag was there, and before I finished, bam -- big duffelbag of clothes hit me in the face. It hurt, and I was holding my face afterwards. I told him it hurt, and he said he thought I would try to block it but I didn't even try. He sat down next to me. I said I didn't think he would actually throw it at my face. He said ""I didn't throw it at your face, I threw it at your arm if you would have tried to block it.""

He didn't say anything and I even commented on how he wasn't even apo",
1m1vx1h,Update - My (29F) husband (31M) wants a baby but I want a divorce…,relationship_advice,986,73,0.97,https://reddit.com/r/relationship_advice/comments/1m1vx1h/update_my_29f_husband_31m_wants_a_baby_but_i_want/,2025-07-17,ThrowRA-chronicly,"Hello again Reddit, my previous post is on my page. I tried to link it but the pain medication might be impairing me. 

I had my surgery a few days ago and since I have time off I figured I’d write an update for anyone curious. It will be long and I apologize. 

TLDR: I tried to have one more discussion with him before I threw in the towel. He asked for an open marriage and I told him to move out. Papers are being filed and I have lawyer. 



I talked with my lawyer last week and the hope is papers are to be drafted and he will be formally served when he comes back from his work trip in 2 weeks. 

On one of my days off I wanted to have a discussion about our relationship and it didn’t go well. I had spent the night cleaning and getting the house put together because my anxiety was so bad. When he woke up in the morning I had breakfast made and we made just made polite small talk. 

I started the conversation by asking him if he was happy in our relationship, I’ll summarize the conversa",
nd08qh,Principles: How I went from social anxiety to having plenty of genuine friends and a happy life,socialskills,984,44,0.98,https://reddit.com/r/socialskills/comments/nd08qh/principles_how_i_went_from_social_anxiety_to/,2021-05-15,nutmegger189,"A couple of weeks ago I made a [thread](https://www.reddit.com/r/socialskills/comments/mztide/i_went_from_social_anxiety_to_having_plenty_of/) saying that I would share some principles and lessons that helped get me from being socially anxious, shy, and lacking genuine friends to someone who is genuinely happy with their social life and overall life.

It took a bit longer than I said it would to curate this list because my life is a little busy right now, but it's here!

I've definitely missed a lot of little things but I'm happy with this list for now.

This is in no particular order and is basically just a stream of my consciousness. I wrote down things as and when they came to mind, in the order that they came to mind. These are not necessarily original ideas nor are they necessarily incredibly insightful but I hope that everyone at least learns one new thing from the list.

If anyone has any criticisms or questions, please feel free to let me know!

Edit: Thanks for the awards! I t",
n185me,"Beware the lonely, angry men",MensLib,982,712,0.9,https://reddit.com/r/MensLib/comments/n185me/beware_the_lonely_angry_men/,2021-04-29,TAKEitTOrCIRCLEJERK,,
107y3xc,Old forgotten men,self,977,445,0.9,https://reddit.com/r/self/comments/107y3xc/old_forgotten_men/,2023-01-10,halfmeasures611,"sometimes when i'm looking at some 20-somethings thirst trap pics on IG, i'll scroll through the comments and there's always a sea of old, forgotten men all leaving the same delusional comments. ""Looking so beautiful today my dear 😍⚘️💕💕💕⚘️⚘️⚘️🔥🔥😍🔥😍"". like theyre waiting on a bus and noone told them that bus stopped running 10 years ago. 

always some 60+ yr old man, overweight and unkempt, 
living alone in some decaying, small town shack. the house is a time capsule. always some name like gary winnaker jr. always the same profile pic of a sad face taken at some horribly shitty angle because gary has no clue how to take a photo or what even looks good or bad anymore. always the same depressing frozen tv dinner everynight. time has grown over him like kudzu. what the fuck happened to gary? how did he end up like this? loneliness begets loneliness and with every passing year, gary just got weirder and weirder but noone told him until one day there was noone around who even could tell him.",
bzat70,Wife[23F] is freaking out over my[27M] new female friend,relationship_advice,974,298,0.98,https://reddit.com/r/relationship_advice/comments/bzat70/wife23f_is_freaking_out_over_my27m_new_female/,2019-06-11,Overall_Box,"Hello all,

&amp;#x200B;

A little context, my wife has told me she gets along better with men, and generally prefers their company. We both moved to a new city when we got married, I was very lucky to have friends in the area. She did not. She made a new friend, we'll call Michael, after a coworker set up a ""blind hangout"" thing and a hike. As far as I know that's the only time they physically saw each other, but they kept in touch through Instagram ever since. That was about a year and a half ago. During that time, I've had a lot of problems with him. My wife and I have an open text policy, and the few times I've read what he's saying to her, I've gotten upset. Examples include:

\-He only refers to me as ""boyfriend"". Wife insists shes told him shes married, he just refuses to acknowledge.

\-He's expressed he has no interest in ever meeting me(She's defended this by saying he just hates Americans. I think he's Ukrainian.)

\-He's called my wife pretty, cute, heart emojis, that crap",
zqrhl9,"What should vulnerable, lonely men look out for?",AskMen,968,720,0.95,https://reddit.com/r/AskMen/comments/zqrhl9/what_should_vulnerable_lonely_men_look_out_for/,2022-12-20,SkepticDrinker,,
eo6sv,"Thank you, Google. No I mean it, thank you so much for what you did for my grandfather.",self,966,292,0.95,https://reddit.com/r/self/comments/eo6sv/thank_you_google_no_i_mean_it_thank_you_so_much/,2010-12-19,Unlucky13,"My grandfather called my mother today almost in tears. He could not figure out what was wrong with his computer. He simply did not understand how to do the most simple of tasks. So of course I, being the family's IT go-to-guy, was threatened with bodily harm if I didn't drive over there immediately and help him.

Reddit, you would have cried yourself. He was using Verizon.net for email. Internet Explorer for a browser, and his router was hooked up... you aren't going to believe this... OUTSIDE on the screened-in porch. As you could imagine his email was damn near useless. IE was a couple of Kb/sec away from dead, and all the websites loaded worse than a 56K modem.

So over the course of 3 hours I introduced him to Gmail, Chrome, and indoor routing technology. He works in real estate and car sales, so I blew his freaking mind showing him Street View, explaining to him he no longer had to drive out to a property just to look at it, or order maps just to see the size of a lot from above.",
1n8vo4u,"My best friend betrayed me on the day my dad died, and I don’t think I can ever forgive her.",offmychest,964,59,0.98,https://reddit.com/r/offmychest/comments/1n8vo4u/my_best_friend_betrayed_me_on_the_day_my_dad_died/,2025-09-05,First_Protection9682,"I’m 33F. My dad was diagnosed in May and passed away by euthanasia in July. Not even 2 months ago. It’s been the hardest thing I’ve ever lived through.

I told only my two best friends, begging them not to tell anyone. On the DAY my dad died, one of them admitted she had already told her boyfriend AND someone I consider my enemy. I was in shock. I confronted her right away, and instead of saying “I’m so sorry,” she tried to manipulate me with some bullshit like, “Oh, she already knew.” Which is impossible. Even if it were true, she should never have said a word. No apology. Just excuses.

That’s when it hit me: in nearly 20 years of friendship, she has never once apologized to me for anything. Not once. Meanwhile, I’ve bent over backwards and said sorry a thousand times.

Then came the funeral. I walked outside… and all my friends were gone. Two years ago, when this same friend’s mom died, we all stood outside together for her. Three years ago, for another friend’s grandpa, we did the",
1qturxt,Today I almost died in the shower and realized that no one would find me for several weeks.,self,963,129,0.99,https://reddit.com/r/self/comments/1qturxt/today_i_almost_died_in_the_shower_and_realized/,2026-02-02,rekgin,"This morning, while there was still electricity, I decided to take a shower, and as I reached for the towel, I slipped. I hit my head hard on the metal faucet and broke it. Because of the broken faucet, water started pouring out in a powerful stream. I lay there for about a minute, feeling dizzy, and my first thought was not ""Am I okay?"" but ""Who will notice this? Who will help me?""
During breakfast, I thought about it even more and started to remember my phone calls. The last call was from scammers. The last message was from recruiters for the Ukrainian armed forces. The last conversation with a real person was with a cashier at ATB three days ago. I send my utility bills online, and my landlord automatically receives the rent for the apartment (automatic payment through PrivatBank). I work remotely, and my boss only writes to me once a week, occasionally calling with comments and orders to redo my work.
I have no contacts in case of an emergency.
I have no acquaintances or friends, n",
ej07j0,Am I a man when I'm alone?,MensLib,951,132,0.95,https://reddit.com/r/MensLib/comments/ej07j0/am_i_a_man_when_im_alone/,2020-01-02,Toen6,"So this was a weird thought I had recently and it might seem a little rambley, but I wanted to share it anyway because I thought it might lead to an interesting discussion.

So recently I was folding laundry and I was all alone in the house with the door and curtains of the room closed. Suddenly I thought to myself, 'am I still a man, here right now all alone?'.

To what extent is 'maleness' something that exists by it's contrast to other markers? Like womanhood or other genders, but also related to age in the sense that being a man is something different from being a boy.

Now of course I live and grew up in society and me being male is part of who I am wether I like it or not. It's part of my identity. But I kept thinking of weird scenario's like someone growing up without ever knowing another human. Would they relate to people of their gender when they would finally meet another person? Or would the whole concept of gender be so foreign to them that they wouldn't be able to grasp it",
1hvai4k,"The Agony of Texting With Men: ""Many guys are bad at messaging their friends back—and it might be making them more lonely.""",MensLib,950,115,0.95,https://reddit.com/r/MensLib/comments/1hvai4k/the_agony_of_texting_with_men_many_guys_are_bad/,2025-01-06,TAKEitTOrCIRCLEJERK,,
75j3dv,"I'(m) 21, my dad died, my mom died, my sister abandoned me, I lost all of my money multiple times, and now I feel like I have to be a slave just so I could have a roof over my head.",offmychest,944,104,0.97,https://reddit.com/r/offmychest/comments/75j3dv/im_21_my_dad_died_my_mom_died_my_sister_abandoned/,2017-10-10,EndlessStreams,"My dad owned his own air conditioning business. It was pretty dang successful, he made six figures and had very consistent work. He was such a hard worker. He worked an extremely physical job in the unbearable Arizona heat and it never managed to dampen his spirits or his mood when he came home. Still a wonderful dad and a great husband. He was diagnosed with cancer at age 52. He had a grapefruit sized tumor on his kidney. If you spoke to him, you would never guess it. Still impossibly positive about life. I suppose I'll never truly know, but it just seemed so genuine. He wasn't telling himself everything would be alright, he wasn't telling us everything would be alright, he just knew. He wasn't shook at all. Still supremely confident. When dad is confident about something, so is everyone else. He went into surgery to have the tumor removed, excited for the battle he knew he was going to overcome. Me and my whole family, 3 brothers, 3 sisters(I'm the youngest, I was 13), and my mom, wa",
kn5x7u,Just found out my boyfriend has been paying camgirls since we've been together,relationship_advice,928,203,0.97,https://reddit.com/r/relationship_advice/comments/kn5x7u/just_found_out_my_boyfriend_has_been_paying/,2020-12-30,0wmh0,"I just found out that my current boyfriend pays camgirls to watch him masturbate and vice versa. We had talked about his interest in camgirls IN THE PAST but I was fully under the impression that this habit had ceased since we had gotten together and our relationship had become quite serious. 

It never bothered me that he did it before because it was when he was single and I think that's totally acceptable. I have no issue with him masturbating or looking at porn but for some reason it deeply upsets me that he seeks out specific women to pay and have one on one time with over a camera and he also allows them to watch him. I have no idea the frequency, but he said he does it whenever we're fighting, he feels lonely, or whenever he is bored... Which I suspect means pretty often but I have no idea. 

It came up this morning that he still engages in this behavior and has since we've been together and he said he thought I knew and that I was fine with it. He said I should be thankful that",
q1vkfy,Dating as a black man and the triple dose of toxic masculinity,MensLib,923,90,0.96,https://reddit.com/r/MensLib/comments/q1vkfy/dating_as_a_black_man_and_the_triple_dose_of/,2021-10-05,DrinkMe_Responsibly,"I have found in my current relationships a lot of my toxic masculine traits have reared their ugly head and it is causing substantial issues. I find that the problem is threefold. Dating as a man. Dating as a black person. And dating as a black man. Let me explain

Many of us are well versed in toxic masculinity here but I'll cover it to spread awareness and for completion. Toxic masculinity is the idea that men need to be dominant, unemotional, and strong to be deemed ""a man."" Oddly enough in my case, all of my past girlfriends have actively encouraged me to engage in this behaviour. I was also raised by my black stepfather to be this way but we'll talk more on that in a bit. 

On this issue, I want to talk about something in good faith. I don't want to mince words but I feel like I need to tiptoe honestly. The common theme I see with me and other black men in this respect is that a lot of the pressure seems to come from white women. I can't count the number of times I and people from",
1gjqdco,"I am an adult being bullied by a teen, how do I get him to leave me alone? ",socialskills,922,504,0.94,https://reddit.com/r/socialskills/comments/1gjqdco/i_am_an_adult_being_bullied_by_a_teen_how_do_i/,2024-11-04,pixie_brat,"I (37f) live in an apartment complex,  about 6 months ago I started getting bullied by a teen boy. I'm not exactly sure his age, but he's about to hit puberty it seems to me.  

It started at 4am, he and his friends snuck out one night.  I work till 3am, so I was at the community dog park with my pups.  The kids came up to the dog park and tried to pet one of my dogs.  The dog barked and the bully screamed ""f*ck you"" a few times at my dog and threw a rock. It happened fast and I took a moment to process. By then the kids had ran to their apartment, right by the dog park,  so I followed to get the #. The next day I reported him to the office.  They told me his mom said it wasn't him.. they said without evidence they can't do anything.  

After that I saw him in the daytime a couple weeks later, I don't think he recognized me from that interaction, but I'm not sure. I looked at him as I passed his friend group, walking my dog. He says ""what the f*ck are you looking at b*tch"" and I in sho",
hqofge,We forget to celebrate each other,MensLib,912,27,0.97,https://reddit.com/r/MensLib/comments/hqofge/we_forget_to_celebrate_each_other/,2020-07-13,Jemiller,"Guys, we face a big challenge in normalizing the acknowledgment of male suffering and supporting men who are suffering. And there are many substantial obstacles to good mental health these days. But another thing we don’t do is celebrate when men have something good happen in their life and we especially turn a blind eye when men express their pain and look for support. A man turning to others for help instead of silently suffering alone is a cause for celebration. We’re a brotherhood and a family and we need to better reward each other for nurturing their self esteem and coming here to celebrate success and we need to celebrate when they successfully come to us for support.

Edit: 
There’s apparently disagreement and confusion.
This post isn’t about my life. This post isn’t about society in general, though we could apply it there too. This post is about this community, on this platform, and others like it. This community stands for the recognization of men as people with the full rang",
1lf0wh2,Do I (27f) just accept that my fiancé (35m) can only pay a small portion of the bills and not question it?,relationship_advice,907,1191,0.92,https://reddit.com/r/relationship_advice/comments/1lf0wh2/do_i_27f_just_accept_that_my_fiancé_35m_can_only/,2025-06-19,ThrowRa62589,"TLDR: My fiancé gets angry when i talk about money, currently we need to move to a bigger place for his daughter and he refuses to pay 50/50. Do I just accept that he can only pay a small portion of the bills and not question it despite his good income?

For context:

My fiancé and I have lived together for five months now. Currently I pay a majority of the bills about 70/30. Which I agreed to as this was my apartment first and was supposed to be temporary until we found a bigger place. (The plan was to split bills 50/50 when we moved). We are at a point now that we really need a bigger place. He has a daughter we have on the weekends and currently she is sleeping in the living room. 

When I asked him how much he can afford in rent he told me $600 a month TOTAL for his half of rent/electricity/Wi-Fi. He makes $65k annually usd, and has minimal other bills. Also prior to moving in with me, he paid $1100 a month in rent alone. So I’m not sure why now he can only afford $600. 

A few tim",
de8xdn,[UPDATE] Just found out my (22M) wife (21F) has been cheating on me for the past year,relationship_advice,901,226,0.9,https://reddit.com/r/relationship_advice/comments/de8xdn/update_just_found_out_my_22m_wife_21f_has_been/,2019-10-06,inter3938,"Original post: https://www.reddit.com/r/relationship_advice/comments/cux8g2/just_found_out_my_wife_has_been_cheating_on_me/?utm_source=share&amp;amp;amp;amp;utm_medium=ios_app&amp;amp;amp;amp;utm_name=iossmf

So as the title states my wife was cheating on me for the past year, at least that I know of. I was going to wait until October to confront her because she is a key witness in a court case I have coming up, but it was literally eating me alive. I had called my dad and talked to him about it and he he brought up a good point. She had made a written statement under oath about what had happened already. So upon realizing that I decided it was finally time to confront her.

It had only been a week since I had found out that I decided to confront her, but it was honestly one of the most uncomfortable weeks of my life. Everytime I looked at her I felt angry, every smile I made towards her was forced and faked, going to bed at night with her made me feel cold and empty and worst of all h",
1jpxu7o,Girl i was interested in ended up dating a friend i presented to her once,self,896,675,0.85,https://reddit.com/r/self/comments/1jpxu7o/girl_i_was_interested_in_ended_up_dating_a_friend/,2025-04-02,FireEmblemFates2,"met a cute girl at work, she's pretty chill and we share some interests, i take up a lot of confidence and ask her to go out and spend an afternoon at the park, we get along well spending time with her feels light and amazing the afternoon was wonderful i never felt at ease like that with someone before, she's up for another hang out. Plan to go out a few more times with her over the course of a month or two so we know each other well and i can make a relationship blossom, going out with her felt soooo good i could spend days talking with her about our passions and views on the world.

I Invited her to a movie i planned to see with another friend of mine, it goes well and she plays into the group dynamic. And then it all goes bad, weeks passes by and i see from my friend's story both of them outside, when i confront him as to why he didn't invite me as well he gives me fake excuses and turns out they did go together a few times without me.

I talked with her at lunch break today and sh",
kwf0vn,Casual sex is exhausting,dating_advice,893,153,0.96,https://reddit.com/r/dating_advice/comments/kwf0vn/casual_sex_is_exhausting/,2021-01-13,SombreLook,"I'm 23M, so I guess casual sex should be my shit. Well I've tried it and every time, I get attached to the girl. Then it's a cascade of fuckery after trying to sus out who's more involved because ""feelings bad"". 

The major fuck up on my part is I'm a passionate lover, which means the sex is great because of my approach but then bam. I get pushed into the deep end and next thing I know, my emotions are swimming in a deep ocean. At this point, I question whether it's my choice in women or if I'm just too sensitive. 

I like who I am though, I love being a great and romantic person. I love giving someone so much attention and pleasing them, even when it comes to cuddles. Yet, I unfamably get broken down every time. It's so dumb and i can imagine this happens to girls more than men, and it's fucked and i hate this feeling shit. Who fucking knew that sex can fuck with your head lol. 

Would love to hear your thoughts, during the moment I love it because I get pretty lonely. So the intimacy",
1ro7ii0,[20M] My father opened up to me yesterday and it broke my heart. Looking for guidance from fellow men.,AskMenOver30,893,273,0.94,https://reddit.com/r/AskMenOver30/comments/1ro7ii0/20m_my_father_opened_up_to_me_yesterday_and_it/,2026-03-08,DiscipleOf_Buddha,"Please take a time to read this.

I am 20 years old and my father is 54. I want to share something that has been hurting me for a long time, and yesterday it got worse.

17 years ago, my father made an investment in an apartment, Our house. He thought it would give our family a better future. But the property never grew in value. Loans piled up. Payments bounced again and again.. Finally after 17 years he had to sell the house on loss and currently we are living on rent . For most of my childhood, our family was going through heavy financial struggles because of this one decision that was made with good intentions.. 

Today my father is jobless..  He has no savings left for retirement. We barely manage to save enough for three meals a day. That is where we are right now.

But honestly, the money is not even the thing that hurts me the most.

What breaks my heart is how my father sees himself now.

He often talks to my mother about how his friends have done so much in life.. They are bu",Mental health experiences
1myj72g,Loneliness isn’t fixed by hobbies or “just go out” advice. Stop it.,lonely,889,137,0.99,https://reddit.com/r/lonely/comments/1myj72g/loneliness_isnt_fixed_by_hobbies_or_just_go_out/,2025-08-24,Allan_Quartermain,"I keep hearing the same advice given to lonely people: “just pick up a hobby,” “go meet new people,” “stop being lazy.”   


I did all that this year. Didn't work.  


Why? Because that style of message misses the main issue.

Hobbies don’t replace human connection. Simple. They can keep you busy, but they don’t provide meaningful interaction. You can spend all day painting, running, or learning the ukulele and still feel alone because no one really sees you.

Saying “make new friends” assumes everyone has the same opportunities, which is not true. Social anxiety, personal circumstances (lost my fiancé two years ago), and technology replacing deep connections with superficial ones, these problems can’t be fixed by simply saying “go to a meetup.” Trust me, I've been there. Even when you try, man.. they are all shallow connections, at best. Those won't satisfy the need for real intimacy! No idea why people keep giving away that advice!

Technology itself adds to the problem. I am a softw",
1i9vtbi,"In a just world, men like Zuckerberg, Bezos, and Musk would be in prison.",offmychest,883,44,0.94,https://reddit.com/r/offmychest/comments/1i9vtbi/in_a_just_world_men_like_zuckerberg_bezos_and/,2025-01-25,tdickimperator,"Bezos at minimum for his squashing of unionization efforts. It should be illegal. They should go to his house andarrest him, they should imprison him for at least ten years. The ATF should show up. The IRS should seize his assets. If he escapes the country, he should do it with the clothes on his back, and nothing else.

For Musk, it is both his treatment of workers, his quashing of unionization efforts, and, frankly, at minimum, his actions in Bolivia. It doesn't matter how wealthy you are, you should not be able to overturn a country's government almost singlehandedly in order to make it cheaper for your corporation to access resources cheaply at the expense of human rights. I earnestly believe he should be imprisoned for life for Bolivia alone. Fuck him, fuck his life, fuck his entire family and their legacy of racism and slavery dating back to his daddy's emerald mine in South African apartheid.

I believe earnestly that Zuckerberg has committed treason in the way he has allowed fo",
1c2tcdo,Being a sad and undesirable girl,self,874,605,0.84,https://reddit.com/r/self/comments/1c2tcdo/being_a_sad_and_undesirable_girl/,2024-04-13,CardiologistDry3071,"Recently I've started accepting that no one but random 40+ year olds find me attractive(I'm 18). I've only ever been approached by 2 boys my age when I was 16, obviously just desprete and wanting to have sex. I started college last year thinking I'd finally get to experience what ppl already had in high school. That's never going to happen. Absolutely no one wants to date or even talk to me. I'll never forget when my crush looked down right disgusted when my friend suggested we go on a date. Another boy screenshoted my message and said things about me in a gc. I would be straight up ignored by my friends male friends.

Right now I'm just sad, I hate myself even more than I did before and want to stop interacting with my friends. Its not that I think they don't care because I did this to myself. I don't know how to talk to people and fuck up every new friendship I try to make. Im always left watching everyone happily talk to eachother about random stuff but I'm left alone. I use these t",
1sn8il7,Andrew Tate and other rich men tell us to control women so they can keep controlling us,MensLib,871,65,0.96,https://reddit.com/r/MensLib/comments/1sn8il7/andrew_tate_and_other_rich_men_tell_us_to_control/,2026-04-16,futuredebris,"Hey y'all, I've been loving my life recently and I tried to figure out why in this post from my email newsletter. It really comes down to relationships with other people. More friends, deeper friendships.

This makes me even angrier about many of the world’s most powerful men, like Pete Hegseth and Andrew Tate, spewing ahistorical, unscientific nonsense about masculinity for a reason. The rich and powerful want all the other men to be competitive rather than collaborative and overly focused on productivity, discipline, and control.

This makes us compliant workers and give us a sense of entitlement over women. “The more the man serves and is bossed around \[at work,\] the more he bosses around \[at home,\]” the Marxist feminist scholar Silvia Federici writes. It also leaves us feeling isolated, lonely, and unskilled at forming and maintaining deep, meaningful relationships. Men are “crushed by the work and the social relations (which are relations of loneliness) that capital\[ism\] has",
1212cbu,2 toothbrushes in the bathroom a red flag?,dating_advice,870,443,0.93,https://reddit.com/r/dating_advice/comments/1212cbu/2_toothbrushes_in_the_bathroom_a_red_flag/,2023-03-24,jaixt,"I would love to hear your initial response to this question as well as a response to more context.

Context: I (32F) am single and live alone.
I met ‘Josh’ (35M) in February and have been talking since and have been on 3 dates. He came over to my place for the first time and all was well until he used my bathroom. Then got quiet, grumpy and overall seemed a bit off. He didn’t stay the night like planned and the night ended really quickly. 

I text him asking if anything was wrong and he told me I was “gross” to be dating him while I obviously had someone regularly staying with me. I was confused? I’d already told him my dating history and he knew I wasn’t seeing or talking with anyone else. He said he saw the 2 toothbrushes in my bathroom and the men’s razor in my shower and “isn’t stupid” and knew what it meant…

I have been having someone stay over regularly… my sister who has been going through a divorce. He is well aware of that as I’ve talked about it a lot. It’s her toothbrush. A",
xozcsu,How men can talk about their emotions: a guide,MensLib,864,49,0.97,https://reddit.com/r/MensLib/comments/xozcsu/how_men_can_talk_about_their_emotions_a_guide/,2022-09-26,threauaouais,"I'm a gay guy who grew up closeted with an emotionally neglectful family, so I know a thing or two about rigid male gender norms and emotional isolation.

After I came out and left home, I started being able to have authentic connections with other people, and I've ended up becoming a very emotionally open person. I wanted to talk about how that happened. This is my opinion, based on my own experiences, but I just wanted to share in case it was helpful to anyone else.

**TL;DR:** share things in a natural way with nonjudgmental people who make you feel comfortable and let you be yourself. Don't bother sharing in a forced way, or with critical people, or with people you don't click with.

___

**1) Find safe people**

You don't actually need to do all the work yourself. Instead, you can find people who are already emotionally open and nonjudgmental (a.k.a. ""safe people""), and hang out around them. This is the #1 thing that helped me open up. Safe people will make you feel safe to open u",
ad7n4s,"I'm turning into the ""bitter old man"" and want to stop it before it's too late.",AskMenOver30,856,223,0.98,https://reddit.com/r/AskMenOver30/comments/ad7n4s/im_turning_into_the_bitter_old_man_and_want_to/,2019-01-06,arrows83,"I'm beginning to hate people, distance myself and prefer to be left alone. Everything irritates me and it's scary.  I remember working for a bitter old man who yelled a lot, was always angry and been alone for years. Now I'm turning into that guy, and I really don't want to.

Edit: Wow! I didn't think this was going to get as much response as I thought! I'll go through the responses as best as I could.

Edit 2: What in tarnation?!  There's gold in them hills!  Thanks Stranger!",
1n4xo3h,My mother ambushed me yesterday by coming to my house after I outed the family pedophiles,offmychest,855,91,0.98,https://reddit.com/r/offmychest/comments/1n4xo3h/my_mother_ambushed_me_yesterday_by_coming_to_my/,2025-08-31,SeLekhr,"I am still kinda reeling from this?

A few days ago, I published my autobiography. I outed all the pedophiles in my family, and told my entire story. Every part of what I remember. 

My family is pissed at me. Claiming I'm traumatizing them by telling what happened to me. 

My mom said the words, ""Every family has issues.""

Yes, but not every family has a tradition of every girl in the family being raped by 4 years old by SOMEONE IN THE FAMILY. 

Our family does. 

There was so much sexual abuse in our family that the kids thought sex was normal. They'd act out against each other all the time, and it was brushed off as kids being kids. 

It was acted out by us because we grew up in a family that had normalized child rape. 

My mother claims she didn't. But if she didn't, she never, ever would've taken us around that family to begin with. She pretends that everything was fine and she did everything she could to protect us. 

Maybe. 

But if that was true, if you really tried to protect",
1p0iiaf,I don't know if I (38F) can ever forgive him (45M),relationship_advice,848,254,0.92,https://reddit.com/r/relationship_advice/comments/1p0iiaf/i_dont_know_if_i_38f_can_ever_forgive_him_45m/,2025-11-18,Chlorpicrin,"Update 11/19/25 - I just got off the phone with my mom. I asked if my kids and I could move back home to VA this summer. She is completely supportive and said she is dropping a check in the mail for me to use to hire a divorce mediator. 
-----------------------------------------------------------------------------------------

I (38F) met my husband (45M) in 2015. We were both recently divorced and fell desperately in love. He brought with him a daughter (SD18) who was welcoming and sweet. We were married in 2017, and welcomed a daughter in 2018 (7F) and a son in 2021 (4M). 

I have always had a relatively high libido, while he has a low libido. He would be intimate with me in order to knock me up, but was very much uninterested besides that. This bothered me, but as long as we continued being intimate every few months, I was willing to let it slide.

I have always done the majority of the housework and all the cooking for our family. My husband always said he was too tired, or that he",
x2s4un,How to help the Men in the Manophere not do that anymore,MensLib,847,316,0.91,https://reddit.com/r/MensLib/comments/x2s4un/how_to_help_the_men_in_the_manophere_not_do_that/,2022-08-31,mrDecency,"This is a paraphrase from a comment I wrote elsewhere, that I thought would make for a productive conversation here. 

I was writing about one of the biggest personal conflicts I feel in my feminism.

I'm pretty sure I'm in the right space to be understood here, but I will quickly mention how I'm using some words here.

Feminism: The societal project of dismantling the Patriarchy 

I'm a man, and I see the harm the patriarchy does to men. I'm a feminist because I oppose patriarchy, for the sake of both women and men. I think destroying the patriarchy would be good for everyone.

Men in the manosphere space are harmful to the people in their life, especially their romantic and sexual partners (and, let's be real, the people they wish were their partners). And protecting women protecting themselves from harmful people is always the right choice.

But... I don't think the men on the fringes of the manosphere (or even in the centre of it) should be left to figure it out on their own. Andre",
1qekhfw,How I avoid spiraling into shame when hearing feminist critiques of men,MensLib,846,438,0.88,https://reddit.com/r/MensLib/comments/1qekhfw/how_i_avoid_spiraling_into_shame_when_hearing/,2026-01-16,futuredebris,"I wanted to expand on my recent newsletter post about how I avoid spiraling into shame when hearing feminist critiques of men, especially after a male college student commented:

“Hearing perspectives like this helps me a lot. \[I’m\] frequently in social settings dominated by women, many of whom have prejudices towards men that are framed as necessary to advance a feminist cause. It has been very difficult for me to navigate this kind of terrain, as I often find myself triggered but also feeling rather helpless to defend/stand up for myself.”

Don’t get me wrong, I feel shame when I read the Feminism subreddit and scroll through comments on TikTok videos about men gifting butter dishes to their partners and see popular Bluesky posts about men “deserving” to be lonely and hear women friends of mine crack jokes about men. Shame that I enjoy vegging out on the couch watching football and struggle to stay in touch with friends and too often act like I know something when I don’t. Stuff me",
jnut5z,A year ago today I was sleeping on a dirty mattress topper on the floor of a tiny studio.,self,843,43,0.98,https://reddit.com/r/self/comments/jnut5z/a_year_ago_today_i_was_sleeping_on_a_dirty/,2020-11-04,ViviNoirMV,"I’m new to Reddit and I was just making some soup when I had a thought I wanted to share. I tried to find a good fitting subreddit, but couldn’t think of what that would be, so I figured here was fine. If not, please guide me to a better one, happy to post it there instead. I also want to say, please feel free to ask me anything about my journey within the last year or my life otherwise. I just feel like sharing how intense this thought was, I’m not even sure if anyone can relate to how this thought felt.

Like the title says, a year ago today I (28F) was sleeping on the floor of a less than 300sq ft (including bathroom, kitchen, and closet) studio apartment in Texas. I slept on a dirty mattress topper. I lived with a former coworker and his girlfriend, and their three cats.

My long term relationship had just ended (genuinely believed he was the man I was going to marry), and due to circumstances I’d rather not discuss, I had to move out immediately. I want to emphasize there was no b",
1nue5r0,"Men, what is the loneliest part of being a guy?",AskMen,832,420,0.93,https://reddit.com/r/AskMen/comments/1nue5r0/men_what_is_the_loneliest_part_of_being_a_guy/,2025-09-30,Willing_Werewolf_325,"I have been thinking about this after watching my siblings. I have two who are around the same age and both just started high school. My brother has a big friend group, mostly guys, and they rarely fight or cut people off. My sister, on the other hand, has a much smaller group of friends and there always seems to be drama, backstabbing, or someone getting hurt.

From the outside it almost looks like guys build friendships that are easier to maintain and last longer. So when I see people talk about a male loneliness epidemic it is a bit surprising. I am curious, what is the loneliest part of being a guy, and where do you feel it most in your everyday life?

Edit:
I would like to add that, I am 23 and have no wish to be a teenager again. I had a solid friend group, who I am still friends and we stayed away from drama. We didn’t hang out with the main girls, only sometimes at parties. 

But I realized that the guys were friends with pretty much everyone.",
219smp,I turn 40 today. I feel my life is basically over.,offmychest,827,188,0.96,https://reddit.com/r/offmychest/comments/219smp/i_turn_40_today_i_feel_my_life_is_basically_over/,2014-03-24,vw246hs,"I'm 40 years old today.

I can hardly believe it. I feel the same. I got up this morning, went to work.... just another Monday.

And then it hit me. I'm 40. The hair on my chest is going white. The lines around my eyes are there to stay now.

How did it get so late? How did I lose so much time?

If I close my eyes and take a deep breath, I remember turning 30. Hanging out with friends on a Wednesday night, pigging out on pizza and video games. I was broke as shit, but happy and never lonely.

Another breath, and I remember turning 25. I was fat, depressed, tired of my corporate job. I drank too much and gambled a lot. But I was still young.

Then, easy as breathing, I remember turning 20. I had all my hair. I was in amazing shape. I had a new girlfriend and the world was my oyster.

I still my mind just a little, I remember being 15. I can look down and see my own body, nearly man-sized but hairless. I can run my tongue across my teeth and feel the rasp of the orthodontics. I remember",CAW
tzlqij,I am so lonely,socialskills,827,68,0.97,https://reddit.com/r/socialskills/comments/tzlqij/i_am_so_lonely/,2022-04-09,DeepLyingNonce,"I just need to get this off my chest. I have a group project in one of my classes. Today at one point, a girl in my group pulled me close by  my arm to get my attention to tell me something - not romantically ofc. But holy shit it made me realize how lonely and starved of touch I am. I just want a hug man.

EDIT: Thanks for the lovely responses, beautiful internet people.",
1s6r5cv,I (32m) found out my partner (32f) cheated on me while she was away on holiday. She doesn’t know that I know. How do I navigate this?,relationship_advice,825,312,0.92,https://reddit.com/r/relationship_advice/comments/1s6r5cv/i_32m_found_out_my_partner_32f_cheated_on_me/,2026-03-29,Cumquatinator,"So I’ve been in a relationship with my girlfriend for 7 years now. We’ve had our ups and downs and have started to go to couples therapy (and we’re still going), trying to figure out our relationship.

We’re both are at a point of our lives where we’ve pressed the fuck it button and chase our dreams. With that, there’s been talk of her moving to london (it’s something that came up a few years ago) and we’ve both thought maybe we try à long distance relationship to see how we go - when that times does come.

Basically in November she graduated uni and gifted herself a lil dance workshop in Africa for all her efforts in graduating (to which I’ve been there in some of her most hardest times). She left for the camp December and I went to go meet her there in Jan. and we had a lovey time and everything was okay but things did feel à bit off (the usual things - someone constantly calling her phone, walking off to have chats, shady with messaging). I also told her that this person was calling",
yynufj,My boyfriend almost got taken advantage of on our vacation. How do I help him?,self,823,447,0.92,https://reddit.com/r/self/comments/yynufj/my_boyfriend_almost_got_taken_advantage_of_on_our/,2022-11-18,selenae99,"I first want to apologize for how long this is but I need to get the whole story out.

I am writing this because I am at a loss and also very scared and worried about my boyfriends well being. For context I (21 f) and my (23 m) boyfriend are currently in Mexico. We have had a great time staying at all inclusive resorts throughout the area but last night there was an incident.

We had just got back to our resort and we’re looking to grab a few drinks before heading to a night show. We pull up to the bar and there is a very outgoing older man sitting next to us. He sparks conversation and insists that we try the shots that he has been ordering for the other people sitting around us. Not thinking too much of it we agree and it’s a pretty normal interaction. 

My sweet boyfriend Becomes very outgoing when he has a few drinks in him and he begins to chat quite a bit with the older man. We learn that he is from our country and that he is a regular at this resort. After a while I have had one",
4kt6np,Had My First Date with Another Guy,self,823,51,0.88,https://reddit.com/r/self/comments/4kt6np/had_my_first_date_with_another_guy/,2016-05-24,shotbymaggie,"Hey guys I'm a 20 year old male who has only been in one horrible relationship and only dated two other girls in his whole life. I've always been comfortable talking to women and easily befriended them but when it came to flirting or dating I would drown in anxiety. Ive only kissed one girl and that was my first girlfriend and honestly every kiss was forced and only caused dread rather than satisfaction or joy. The other times I tried to date were only filled with regret, and even though i managed to get them to join me on multiple dates no matter how much I tried I could never enjoy them because i would be filled with dread and anxiety. This infuriated me due to the fact that I really liked these women and I tried my best to be happy with them yet I couldn't be. I didn't know what to do so I completely stopped dating and planned on never dating again.  

A couple of years into my abstinence from dating I get depressed and lonely and decide to let my superficial side go free and downlo",
de1lqx,I'm bored of the internet. I'm done wasting my time,self,806,87,0.94,https://reddit.com/r/self/comments/de1lqx/im_bored_of_the_internet_im_done_wasting_my_time/,2019-10-06,RobotsInATrenchCoat,"I just woke up and felt a need to type this, sorry if it makes no sense. 

It hit me like a brick recently that there's damn near nothing for me to do on the internet anymore.

I realized I just goddamn hate social media. Snapchat is full of ads and is basically a shitty tabloid. Instagram is just people posting the same things constantly trying to outdo each other or seem morally righteous and holier than thou. Memes are just the same joke over and over, and meme pages are just disgustingly greedy and self promoting past a certain level of popularity. 

The final straw for me is one of my former friends. She wastes days at a time in her room doing absolutely nothing except be online. She's been in various online relationships based around weird fandom things but never done anything with a real human being.

 Her private Instagram is full of depression, unhealthy obsession over certain men, misguided opinions, and -most of all- hentai. Her public is a halfway popular ""e-girl"" account t",
1hr02m2,After 6 hours clubbing I talked to a whooping 0 women,dating_advice,805,568,0.92,https://reddit.com/r/dating_advice/comments/1hr02m2/after_6_hours_clubbing_i_talked_to_a_whooping_0/,2025-01-01,Odd_Albatross1704,"I don't know what to do anymore to learn to talk to women. I am so disappointed in myself.

I've been hyping myself up this whole december. ""2025 will be different"", ""This year it changes"", ""Start with something smal and build from that"". I am aware that doing a 180 out of the gates was unrealistic.  So This New Year party I promised myself to just talk to at least 3 girls I did not know bedore. I would consider that a victory and a step in the right direction.

 

I did not set the goal of trying to flirt. Just tell them something nice. Still couldn't do it.

I'll be real, I cried when I went to bed. I feel so let down by myself.

27M here. Needless to say I am a virgin, never been in a relationship and have never even been kissed. Not surprising if I am not capable of talking to a woman.

I remember at least 10 people whose outfits I could have complimented because I actually liked then. A ""nice necklace"", ""I love your outfit"", ""I think that ribbon really ties the whole thing togethe",
1rwsn5i,[Update] My (24F) Husband (23M) Faked Fainting After I Gave Birth,relationship_advice,804,39,0.94,https://reddit.com/r/relationship_advice/comments/1rwsn5i/update_my_24f_husband_23m_faked_fainting_after_i/,2026-03-18,Psalters,"It’s been almost a year, so I thought I’d give an update in case anyone is wondering.

First, I want to thank everyone who took the time to comment, message me, or simply read and reflect on the post. When I wrote the original post I was in a very poor postpartum mental state and felt lost and extremely lonely. Seeing people even care a little bit made me feel less alone and reflect more on my own self-worth.

I also want to mention that I don’t think I properly explained our situation or what my husband was doing all day. I left out some details to keep the original post short and readable. Both my husband and I were incredibly sleep deprived at the time, and I wasn’t even fully aware of or able to process how difficult our situation really was.

Our son had colic and needed to be fed up to 15 times a day (exclusively breastfed) and held almost constantly, day and night. We slept in shifts, but neither of us were getting proper sleep. In our country the cause behind colic is never inv",
osni7t,Never want to go through a heartbreak again? Then establish these boundaries.,dating_advice,804,57,0.95,https://reddit.com/r/dating_advice/comments/osni7t/never_want_to_go_through_a_heartbreak_again_then/,2021-07-27,helpeachotherout60,"Read this if you want to reduce your chances of a bad relationship.

Before this breakup, I used to feel bad about setting boundaries because I cared too much about what other people thought. I realize now that making yourself comfortable must be a priority if you’re trying to find the best relationship for you. Be staying true to yourself, always telling the truth/being honest with your needs, and never hurting yourself to make another person comfy, you’ll find that the trash that doesn’t support you will simply take itself out. 

**Hope these help, and you have experience with these or any similar tips, I’d love to hear them below!**

PS- You should never have to beg your partner for basic respect. If someone’s actions clearly show that they don’t care about you, screaming one of these to them isn’t going to make them change. Your goal isn’t to make them change, your goal is to sit back and observe who is in front of you and see if they align with your needs. Don’t force people to be",
158fi7d,What are some healthy methods to overcome the need for wanting a girlfriend?,AskMen,797,508,0.95,https://reddit.com/r/AskMen/comments/158fi7d/what_are_some_healthy_methods_to_overcome_the/,2023-07-24,Joey_vegas20,"I’m a 34 year old male who’s been dealing with extreme loneliness for years. Lately it’s been bothering me so much to the extent that I can barely enjoy anything without feeling miserable. 

Working a Job, playing video games, hitting the gym and even smoking weed does not help me at all anymore.

EDIT: before anyone suggest the typical “go to therapy” advice every single one that I called are full and not taking any new clients and the ones who aren’t full are very expensive.",
1ja2mwx,My ex contacted me today,offmychest,796,35,1.0,https://reddit.com/r/offmychest/comments/1ja2mwx/my_ex_contacted_me_today/,2025-03-13,gwtvulpixtattoo,"He started the conversation off with, ""I'm lonely and I was thinking that we could hang out on Wednesdays and Thursdays.""

So I said, ""Why don't you find someone else to hang out with?""

He said, ""I have tried and I haven't been successful and I want someone who knows how to get cocaine.""

I know a dealer who is a friend of mine and my ex always bought through me because my friend was only comfortable with me.  When he broke it off he lost his contact.

This man literally dragged my heart and self esteem through the mud, and still I miss him every day and he had the nerve to offer to hang out with me but only if I could get him drugs.  And I was so close to doing it too.

And then I got my head on straight and I told him how shitty that made me feel.

And then he got volatile, cruel and mean.  And still I am proud of myself for sticking to my guns and saying no.",
diqyo,I'm an asshole.,self,795,519,0.89,https://reddit.com/r/self/comments/diqyo/im_an_asshole/,2010-09-25,Warlizard,"Ok, I know this is going to die a slow death on Reddit, but I figured I'd write it down before I forgot.

I went to an onsite to help out an old guy who couldn't get Internet access. I don't do onsites, but there was a scheduling issue, so I figured I'd just knock it out real quick and make my 89 bucks.

Old guy answers the door and I started working on his system. He was annoying and distracting as hell, talking at length about his sexual conquests, how he flew to Asia every year and spent a week with prostitutes, how the best shower he had was with a 17 year old Asian prostitute, how perfect her tits were, etc. I just wanted him to STFU and let me finish (Nortan had fucked up his stack, btw and I fixed his system by removing it).

A buddy of mine was in from out of town and he helped by distracting the old bastard, who wouldn't just shut the fuck up. On and on he spewed graphic details about the truly stratospheric number of Asian prostitutes he'd fucked and finally mentioned t",
1mpbooy,[REPOST + UPDATE] My boyfriend (32M) picked up my call by accident and I (29F) heard him cheating. He denied it for 2 days and has now confessed,relationship_advice,795,204,0.97,https://reddit.com/r/relationship_advice/comments/1mpbooy/repost_update_my_boyfriend_32m_picked_up_my_call/,2025-08-13,lovelylivelyy,"REPOST + UPDATE: this post went semi viral yesterday and I got overwhelmed by everyone telling me he cheated whilst I thought he hadn't because he kept gaslighting and love bombing me. So I felt bad and deleted it. I appreciate everyone who took the time to give me advice. I was just so confused... But he has now confessed to everything. He cheated with a work colleague on the train and panicked when he saw that we had a phone call going on. They made out, no sex. I'm broken. I don't know how to go on with my life. 

EDIT: so he basically gaslighted me for 2 days straight, telling me he didnt do it and came up with a story about how his colleague Rose did walk with him to the train station but got an Uber home. He literally came up with whole conversations they supposedly had when he left her behind. We even tested his smartwatch doing a call and I proved him I was right. I actually broke up with him last night. But he still KEPT denying. I kept pushing and a couple of hours ago he bro",
1nyai92,I used to not really believe in the whole adult male loneliness epidemic thing but holy hell,self,793,281,0.94,https://reddit.com/r/self/comments/1nyai92/i_used_to_not_really_believe_in_the_whole_adult/,2025-10-05,MikeRadical,"I'm 33. Every single weekend i message all my friends asking them to hang out. 

People are just so busy with whatever, I have many friends - all of which seem to be occupied with one thing or another, nobody seems to be able to commit to anything. You'll make plans with one friend, they will bail - now its too short notice to make plans with another. 

Argue I have shitty friends all you'd like, but I still like my friends - its just the reality of adult life. ""Entertain yourself"", I get that - and I often can, but that doesn't mean I don't want to spend time with people.",
1f6zza3,"As a man, I just want to be held and given a peck on the cheek",self,793,138,0.9,https://reddit.com/r/self/comments/1f6zza3/as_a_man_i_just_want_to_be_held_and_given_a_peck/,2024-09-02,SoftWindAgain,"I'm a tough guy. I can fight. I'm not big big, but I've got big shoulders and arms. I ride motorcycles, I fend off losers, I protect people. People tell me they feel safe around me.

But man, it's tiring being tough. I just want a woman to hug me. To rest her head on me. A peck on the cheek. To know I'm valued and cared for. To have some affection. To feel less lonely.

I'm deserving of love, but I don't make myself entitled to it. I do things for the people in my life because I care about them. I want them to be safe and secure. But man, who's going to make my heart feel safe and secure?

I carry myself every day. I look like I don't need anybody when I bike down 600kms with a 20kg backpack strapped on to my shoulders, just to take care of someone who needs me. But I just want some affection. Someone to make me feel softer than I have to act like I am.

I meditate. I practice self-love and gratitude. And I am so lucky for all I have. Yet, there's a yearning just to be loved by one spe",
1rewrvn,My absent father reached out after 18 years. I threatened them with $40k.,offmychest,792,77,0.96,https://reddit.com/r/offmychest/comments/1rewrvn/my_absent_father_reached_out_after_18_years_i/,2026-02-26,Remarkable_Steak67,"Well, not him DIRECTLY.

For context, I’m a 18f. I live with my grandparents, as they are my legal guardians. My mom and my stepdad, who has been in my life since I was about 2-3 years old, live in a different state.

I mostly grew up with my grandparents. My parents werent super active in my life, but I still love them to death. For the longest time, I thought my stepdad was my biological dad. I never even questioned why my last name was different and why I was Hispanic, whereas my stepdad and mom were both white. It never clicked to me that he wasn’t my biological dad, because I’ve always loved and treasured him. He’s a good man.

From the second I was born, my biological father, Michael, did NOT want me around. When my mom was pregnant with me, he was a douche. Drank, smoked, went out, cheated on my mom. She wanted a divorce, and he lost his ever loving shit. He beat the hell out of my poor mom, breaking her nose, black eye, everything. The whole 9 yards. He trashed the house, all w",
1npjng6,"My (27 F) boyfriend (27 M) went through very personal and private parts on my phone while I was sleeping and took pictures from his phone of my Reddit history, visited pages, my own AI chats. I felt extremely embarrassed and violated. Is this worth ending our 7 year relationship over?",relationship_advice,791,504,0.87,https://reddit.com/r/relationship_advice/comments/1npjng6/my_27_f_boyfriend_27_m_went_through_very_personal/,2025-09-24,throwRAfrostybid,"A few nights ago on Sunday, I fell asleep on the couch and when I woke up I saw my boyfriend had been awake. I could immediately tell he was being a standoffish towards me which would only mean it must have been something that happened while I was sleeping. I checked my screen time and confirmed he did get on my phone while I slept. 

Initially, I didn’t think to check just how much or what all he went through. He’s done this in the past but to my knowledge I thought he was just going through my iMessages and probably the social media dms. I have NEVER cheated, I don’t respond to DMs from any men and have definitely never even texted with a man that wasn’t already someone I was already friends with or a someone I work with. 

Yet he’s made it up in his mind that there is someone else or I’m even looking for someone else. Now even though I know my phone was clean of anything would indicate I’m cheating, there are still other parts on my phone that are very personal and private to me. Th",
1diwb4t,Women are looking at me again. ,offmychest,790,105,0.92,https://reddit.com/r/offmychest/comments/1diwb4t/women_are_looking_at_me_again/,2024-06-18,Early_Lawfulness_348,"Fuck. Yes. I notice them checking me out. Some are actively staring. It feels good, real fucking good. Because I was fat before and I was invisible. Don’t listen to the world, they don’t know wtf they are talking about, your looks matter. If you’re a man, get your ass in the gym. Consistently. 


Im getting ripped. Not Texas football player muscle chunk, just leaner, buffer, and I have shoulders now (been working the fuck out of them). People treat you differently when you’re fat. They don’t see you. They don’t take you seriously. They think you’re lazy (which you kind of are). 


I’ve been working out for 6 months now and wasn’t getting results for 4 of them. If you’re not getting results, you’re either not trying hard enough or you need to change something. I was working out 5 days a week. Kept working my diet in. …nothing. Fucking nothing. Then I started running 3 blocks in the mornings. I’ve got no cardio endurance. 


After a month, I’m up to 6 blocks. That’s what did it. I starte",
1c21m0d,"Why are stereotypical ""nerd"" type of men so socially awkward?",AskMen,790,498,0.87,https://reddit.com/r/AskMen/comments/1c21m0d/why_are_stereotypical_nerd_type_of_men_so/,2024-04-12,dynosys11,"Hello, I hope this doesn't offend anyone.

&amp;#x200B;

I am doing a Ph.D. program at an enginnering lab at quite prestigious university.

Unfortunately, I am the only female in my lab and this has put me into a lot of issues with my male colleagues.

&amp;#x200B;

&amp;#x200B;

All of us are in our late 20s, and I still can't quite deal the fact that many of my male colleagues cannot or will not (I am not sure which) even speak to me.

They have trouble looking at my face or eye when talking to me,

and they will avoid asking me even important questions related to work or asking me what lunch menu I want to order.

&amp;#x200B;

&amp;#x200B;

Or they will sometimes go to the opposite end of the spectrum and speak to me very abruptly or aggressively that leaves me wondering if I had done anything wrong or why they are so mad all of a sudden.

&amp;#x200B;

I try not to take it personally or make it a gender issue, but it's been over 2 years and their ongoing hot and cold behavior (not",
bm0i4g,"To Understand the Cause of Male Loneliness, Just Look at the Friendships of Boys",MensLib,786,189,0.98,https://reddit.com/r/MensLib/comments/bm0i4g/to_understand_the_cause_of_male_loneliness_just/,2019-05-08,TAKEitTOrCIRCLEJERK,,
btoxk5,Why do single women with no children do much more housework than single men with no children?,MensLib,785,288,0.94,https://reddit.com/r/MensLib/comments/btoxk5/why_do_single_women_with_no_children_do_much_more/,2019-05-27,eliminate1337,"I recently read a sociology article that found an interesting tidbit:

&gt;   time diary data show that in 2012 single women with no children reported doing almost twice as much cooking, cleaning, and laundry as single men with no children. [...] there is still a substantial difference in household workloads between single, childless men and women, and it is not one that can plausibly be explained by men’s exercise of patriarchal power.

https://contemporaryfamilies.org/complexities-brief-report/

There's evidence that all else being equal, men prefer to do less housework. I'm not making any kind of gender essentialist argument that women 'inherently' want a cleaner home; I think it's probably socialization. But the findings of this report line up with my personal experience. 

I've noticed this in my family. My parents have very egalitarian views. They both have graduate educations and work full-time. Yet my mother still ends up doing most of the housework, and the only reason I can t",
1q6g7bq,"Why the loneliness epidemic is a structural collapse of Brotherhood, not a lack of romance.",MensLib,779,76,0.95,https://reddit.com/r/MensLib/comments/1q6g7bq/why_the_loneliness_epidemic_is_a_structural/,2026-01-07,Evipicc,"The common sentiment around the male loneliness epidemic often treats it as a mysterious, sudden event or a glitch in the modern social software, and that it’s specifically women’s fault. We speak of it like a weather event, something that just happened to us while we were sleeping. But let's be direct. It's not a weather event. It's not an epidemic. This is a 400-year design flaw. Viewed through a structural lens, this isolation is not an accident. The patriarchy, often called a system of male benefit, paradoxically demands a high price from its primary constituents: the severance of the self from the collective emotional fabric. It promised men power, but the cost was connection.

We need to understand one important truth that underpins everything else: Men aren't just lonely. Brotherhood has collapsed.

I want to talk about the concept of the Unmirrored Man. Brotherhood, the idea of men having each other not in competition or dominance but in witness, has been systematically dismant",
1dj3rft,"Dating advice for men, from a woman",dating_advice,777,930,0.84,https://reddit.com/r/dating_advice/comments/1dj3rft/dating_advice_for_men_from_a_woman/,2024-06-18,444anonymousme444,"I notice there's a lot of men on these subreddits and a lot of their posts address similar problems. This is mostly for men who have trouble getting past the first step (approaching girls, getting girls interested, getting into relationships). I thought maybe a woman's perspective might help to identify the major things I notice men not paying enough attention to.

1. **Don't let your insecurities give you a defeatist attitude.** Some of us are born more attractive than others. That's just life - it's not fair. Instead of becoming bitter and victimizing yourself, focus on improving what you can and then learn to accept and embrace the rest. ""Attractive"" people aren't the only ones in relationships. Just because you find yourself unattractive doesn't mean you will never find someone. There are always people out there who will be attracted to you, but you have to realize that your attitude and confidence stands out much more than any physical insecurity or feature you may have. Women can",
e57dki,The guy [25m] who outed me [23m] to my homophobic family came out to me and is offering a date... allegedly,relationship_advice,773,122,0.93,https://reddit.com/r/relationship_advice/comments/e57dki/the_guy_25m_who_outed_me_23m_to_my_homophobic/,2019-12-02,No-Progress,"*TL;DR: Am gay guy. Had a huge crush on a friend and confessed to him. He seemingly outed me, leading to homelessness and serious issues. Years later, he contacted me out of the blue, saying he is gay and into me, and I don’t know how to take that. There is also a very real chance this is a trap and not real.*

Serious warning: This will include violent homophobia, homelessness and potentially upsetting/triggering elements. Additionally, I know that I will sound unhinged and unwell for a large part of it, I can see that in hindsight, but please keep in mind the context I was raised and lived in at the time, as it strongly screwed up how I saw emotional bonds, sex and a lot more stuff. I am still not back to normal health after all that.

I am an emotional mess right now so sorry if I ramble and don’t make too much sense, but I will try my best to give a structured and clear account of things, starting with context.

——-

I live in a western country where homosexuality isn’t criminalize",
x52r7w,I hate how this sub constantly gatekeeps women,lonely,771,225,0.91,https://reddit.com/r/lonely/comments/x52r7w/i_hate_how_this_sub_constantly_gatekeeps_women/,2022-09-03,foreverfree20010,"For some reason some men can't imagine that a woman would be lonely and have no one, apparently when men think of women they only think of attractive women so it's hard for them to imagine. It's very annoying because I thought that any lonely person would be able to understand what someone is going through",
gzg31,Shocked about what just happened. It ended well. Just need to get it off my chest.,self,770,166,0.93,https://reddit.com/r/self/comments/gzg31/shocked_about_what_just_happened_it_ended_well/,2011-04-28,goschumi1986,"A little less than an hour ago, I witnessed an older man being beat up on the street. A few people were standing around the scene, but didn't do anything. Everytime I saw something like this on the news, I thought ""what would I do?"". They say you should gather a few bystanders, because most people want to help, but don't dare to do it alone. So that's what I did. I asked a young man to help me.  

I saw the old man dropped his wallet, and I thought picking it up was a good excuse to go stand between him and his younger attacker. The attacker seemed shocked that somebody dared to come between them. He threatened to attack the old man again, but generally backed off... The other bystander that I asked for help went to talk to him, I took aside the old man, gave him his wallet and told him to walk away, to the police and to a doctor (he was bleeding on his head). In the mean time, the young man was distracted and kind of let go, didn't really pay attention to the old man. The old man was",
1krzol2,"Men, especially young men, what do you think has changed for men who are 18-25 in the last several years, both positively and negatively?",AskMen,769,512,0.94,https://reddit.com/r/AskMen/comments/1krzol2/men_especially_young_men_what_do_you_think_has/,2025-05-21,DRZ_WaPo,"There's been lots of polling and articles about young men being more lonely, the manosphere, leaning more conservative, figuring out how to navigate a changing world, etc., but what do you think is the biggest thing that is changing in today's world about being a young man?",
1ga67s0,I just learned that my dad died in an explosion that happened 3 weeks ago.,offmychest,763,45,0.98,https://reddit.com/r/offmychest/comments/1ga67s0/i_just_learned_that_my_dad_died_in_an_explosion/,2024-10-23,alwayspotential,"*All types of comments are welcome*

It's been 7 hours since I learned my dad died.

 I saw his name on the news… and I brushed it off. Thought it must be someone else with the same name.

I’m not going into all the details—I don’t have the energy for it. I won’t mention the country. The topic around this is political and very very heated.

My country’s at war, and I’ve been displaced. My house? Probably gone. My dad stayed behind, helping with food and shelters. Months passed with no contact.I kept telling myself, *“He’s busy. It’s fine.”* 

**Edit: everyone was running away, and very very few willingly stayed! Amidst massacres! I told him he's being unreasonable and he won’t make a difference.**

**I was just scared! I only now realize just how much bravery it takes to stay there! Bravery I would never have!**
**he loved life, he was scared shitless, yet he stayed there...**


A couple of hours ago, I saw his name again. This time, I knew. I knew it was him. The explosion that killed",
9gml3d,I hate cocaine. I really hate how it's becoming popular again.,self,753,284,0.91,https://reddit.com/r/self/comments/9gml3d/i_hate_cocaine_i_really_hate_how_its_becoming/,2018-09-17,ingannilo,"The title says most of it.  My dad was a coke addict, and we ended up losing our house over it.  I did my share of coke back in the early 00's as a late teenager, and pretty quickly came to the realization that it's a stupid drug with no net positives and lots of net negatives.

And for about ten years it felt like the world and me were on the same page: cocaine is for fools with more money and insecurities than brains.  

But now, and as a college prof I can see it in the culture, coke is coming back big.  It's a popular drug again, like it was around '00-'07-ish, rather than the kinda stigmatized and rare thing it was from around '08-'14-ish-- at least this is the case in my town.  I really worry about the incomming class this Fall.  I can tell how the coke-acceptance has influenced their culture, and it's definitely a sickness.

Cocaine is for people who *can't* love themselves, and need the drug to feel any self-love.  What's worse, and this is subtle, it turns people into folks wh",
1nje2qa,Capitalism is generating too many isolated men,MensLib,752,140,0.91,https://reddit.com/r/MensLib/comments/1nje2qa/capitalism_is_generating_too_many_isolated_men/,2025-09-17,futuredebris,"Hey y'all, I wrote about my feelings about Kirk's assassination. I could’ve been Tyler Robinson. I was once a scrawny kid in baggy black T-shirts and Hurley hats. I awkwardly forced a smile in family photos back then (and still sometimes do unless my partner makes me laugh). I played a lot of first-person shooter video games and had inside jokes with gamer friends I’d never met in person. I grew up in a conservative area and learned to shoot guns from my dad.

If Robinson is the killer, he surely [fits a pattern](https://www.politico.com/news/magazine/2022/05/27/stopping-mass-shooters-q-a-00035762) of isolated, likely overwhelmingly lonely men committing public violence. Neighbors and classmates have called him “shy,” “reserved,” “quiet,” and “keeping to himself.” People said those things about me when I was younger (and still sometimes do). They’ve also said Robinson was “very online,” which could’ve been me too if it weren’t for the sloth-like dial-up internet back then. 

I'm just t",
1oxeohk,Am I horrible if I don’t go on a second date because of how he ate?,dating_advice,750,248,0.94,https://reddit.com/r/dating_advice/comments/1oxeohk/am_i_horrible_if_i_dont_go_on_a_second_date/,2025-11-15,Routine-Crew8651,"So we went to a nice and fancy Italian restaurant for the first date. I’m 27f and he is 27m. I usually don’t do fancy restaurants on the first date but he insisted.

We got free bruschetta at first, which he completely refused. He tasted one olive, made a face and spat what he chewed into the napkin. Okay, not all of us like everything.

But then the main course arrived. He ordered a pasta dish and wanted to split a steak dish. He ended up separating the vegetables from his pasta to a separate plate and just ate the noodles. For the steak, a filet mignon specifically, he decided to ask for extra butter and used easily like half of a stick.

I don’t know. It grossed me out. I don’t discriminate people with special diets. Kosher, halal, vegan, vegetarian, allergies, even intermittent fasting or low fat diets I completely understand. But a grown man who eats that much butter on his meat and avoids anything that’s a vegetable on his plate just… completely turned me off.

I thanked him for",
6h8u96,This is why you should talk to her.,socialskills,746,72,0.95,https://reddit.com/r/socialskills/comments/6h8u96/this_is_why_you_should_talk_to_her/,2017-06-14,Raikkonen716,"In the last couple of months i tried to approach random people. In the supermarket, in the gym, at school, randomly in the evening. And you know what? I understood why this is so important. You feel connected with the environment, you slowly stop living in your head, your anxiety slowly but progressively gets lower and lower. Sometimes you will feel like it's useless, because, i mean, they are just quick talks with people that you're probably never gonna meet again, right? hell no. I think the best representation of how anxiey really works has been made by /u/larrythetomato  (cheers man, that was super) : https://imgur.com/a/jy48H

The more you approach new people, the less anxiety and even rejections mean something to you. 



Anyway, that was my context. Today i felt great, i was entering in the library of my college confident and happy, because i studied a lot in the morning and had a good session at the gym (also doing some nofap and eating really well recently, that helps a lot wi",
jauj30,"A year ago I(24F) accidentally kissed my friend's Bf(25M). She is now flirting with my Bf and wants to sleep with him to ""get even""!",relationship_advice,745,87,0.92,https://reddit.com/r/relationship_advice/comments/jauj30/a_year_ago_i24f_accidentally_kissed_my_friends/,2020-10-14,throwRAstarly667,"All this happened a year ago but is still bought up,so I just want some advice on how to deal with it. Characters:

* Me (24F)
* My friend,R (24F)
* R's (ex)boyfriend,A (25M)

R and I are/were friends but were not really close. She had told me that she had a BF but had never shown me his photo and I din't want to impose (she is an extremely private person) so I did not ask much. After my final exams got over I attended a party at our mutual friend S' place. R couldn't attend it as she had a family emergency.

There I met A and was instantly attracted to him. I was not looking for anything serious at that time and just wanted to have fun and blow off some steam. A and I escaped to a room and started making out. I was just about to unbutton his shirt when someone interrupted us(and thankfully so!).

A week later, the bunch of us were hanging out and R said that her BF was in town and wanted us to meet him. Spoiler alert, it was A. I was horrified! He took me aside and started begging me",
1bfdd36,The best dating advice you will ever hear about approaching women.,dating_advice,745,477,0.8,https://reddit.com/r/dating_advice/comments/1bfdd36/the_best_dating_advice_you_will_ever_hear_about/,2024-03-15,Mordcrest,"In ShoeonHead's latest video she confirmed a suspicion I've had for a long time and I decided to finally make this post. She brings up how men and women are both lonelier than ever and aren't dating nearly as much, which is absolutely true. The best things she said was about how men feel like they can never approach a woman, because they keep hearing all the places you shouldn't approach them and it paralyzes them. I have felt the exact same way as a man for my entire life. I try to find the ideal opportunity to approach a woman but it never shows up, because the ideal opportunity will never exist. I'm so damn tired of hearing every way a man should not approach a woman.   
Don't approach a woman at the gym, she's just trying to work out  
Don't approach a woman if she's working because she has to be nice to you because it's part of her job.  
Don't approach a woman when she's with her friends because she's trying to have fun.  
Don't approach a woman on the street because it's ""creepy",
h0z8vp,Revisiting a Pervasive Topic: Aging and Loneliness in Men.,MensLib,742,127,0.99,https://reddit.com/r/MensLib/comments/h0z8vp/revisiting_a_pervasive_topic_aging_and_loneliness/,2020-06-11,Sturdy_Stiles,"So I just finished watching The Ritual, and it reminded me that far too often traditional modes of masculinity fail to help men maintain healthy relatonships past the age of 30 and leave men with few options to connect to the world if they find themselves alone. Too often men feel alienated even when in a crowd, because the boundaries they built for their relationships don't allow them to talk about the things that they really need to talk about.

I imagine we all have that dad or that grandfather, whose only connection to the world is family and a few old colleagues that they barely talk about anything of consequence with but just have a beer with once in a while for 'old times sake' as if their life has already passed and everything now revolves around the glory days where they were integrated in a community and valued for their work. Sometimes this works great if you have a large family and still have stuff to do in it like handywork and such. Generally I find it to be a very inflex",
ae9e0q,"Sports supplement company preying on fragile male egos and with ridiculous and ignorant slogans like ""guys, we're being robbed of our masculinity - fight back!""",MensLib,740,103,0.96,https://reddit.com/r/MensLib/comments/ae9e0q/sports_supplement_company_preying_on_fragile_male/,2019-01-09,aleatoric,"I was at the gym and I swear DirectTV uses some kind of business targeted advertising because they're constantly playing commercials related to supplements or gym equipment. I saw this one come on yesterday from a testosterone boosting supplement company (who shall not be named because I don't want to give them any free marketing) that kicked the commercial off with the fearmongering plea, ""guys, we're being robbed of our masculinity - fight back!"" This is juxtaposed with the image of a woman talking sternly to a man. I guess a real man would just turn around and crack her skull for talking that way, huh? They have another commercial with the lamenting line: ""American men are gettin' soft!!!"" Yeah, having the courage to face our emotions and shed the cowardice of indifference that our fathers taught us is ""getting soft."" Fuck off with that shit. 

I think companies like this have been marketing to men who have self-doubt about their gender for a long time. But they're usually a lot mor",
1ai9h6y,It's sobering how much difference money makes,self,736,145,0.93,https://reddit.com/r/self/comments/1ai9h6y/its_sobering_how_much_difference_money_makes/,2024-02-03,stilldysgenic,"In my opinion, people's experienced lives are divided more by their wealth and class than things like race. Children from wealthy families are taller, but in my opinion it's because the children had the right environment and nutrition to reach their genetic potential, rather than just genetics alone.

I was homeless and used to be in foster homes before I joined the military. Being the government's bitch and taking the risk of getting blown up is how I improved my station in life. I am no longer in, but I still come back to town where I was stationed because I still have work to do in the area and I have nowhere else to go back to.

So with my benefits and savings, I was able to move away to a city where my rent is thousands a month in a high rise, and I work at a fitness club that cost $300/month. It's a big change, and now every time I come back to the military town in a rural area, I notice the difference.

The way people dress. The way people eat. The way people age. Height differe",
m520gh,Can we normalize men wearing jewelry?,MensLib,728,326,0.92,https://reddit.com/r/MensLib/comments/m520gh/can_we_normalize_men_wearing_jewelry/,2021-03-14,Ancient-Abs,"There is nothing gender specific about necklaces, earrings, bracelets and rings. Historically men have worn jewelry as symbols of wealth, fashion or beauty.

&amp;#x200B;

Today, jewelry is typically marketed mainly to women. Can we dismantle this? I think it is cool when guys where jewelry and it looks fashionable on them. One guy I know wears several bracelets and rings and it is dope. I think tiktok is picking up on it, but can we make it so more men feel comfortable doing what ever the fuck they want fashion wise without having negative consequences?


Edit: I am not talking about the occasional chain or a wedding band, I’m talking extravagant and flowery shit that gets labeled feminine so men aren’t typically allowed to wear.

Edit: For those of you still in doubt, when was the last time you saw a men wearing pearls IRL?  (Not a celebrity or someone in a music video)


Edit: For those of you who DONT think this is an issue and think it is already normalized. Here are young boys be",
1odl3l4,"After ten years, we (F36, M36) tried to open the relationship. It was horrible. How do we recover?",relationship_advice,725,563,0.81,https://reddit.com/r/relationship_advice/comments/1odl3l4/after_ten_years_we_f36_m36_tried_to_open_the/,2025-10-22,LadyOfTheHerrings,"I think my boyfriend and me might have fucked up our 10-year-relationship by trying to open it. 

Long Post Alert.

He started dating someone else, but nothing except one kiss happened, because he knew I wasn't comfortable with the situation yet. He was dating her, trying to keep her interested, while we were at the same time working on me becoming comfortable with the situation.

He has had two serious relationships before me, the second one lasted three years and was open. He is my first real relationship, and I am way less experienced than he is, both in terms of relationships and sex.   

He explained to me that his plan was to sleep with her a couple of times and then slowly let it peter out. He said, based on his past experiences, that the third wheel usually loses interest quickly, because they realize they have the least amount of power in the arrangement. If she had not lost interest, he would have tried to turn the fling into a friendship if possible, or just respectfully bre",
10r300f,"Internalized self-loathing, and why guilt doesn't help the cause",MensLib,717,131,0.97,https://reddit.com/r/MensLib/comments/10r300f/internalized_selfloathing_and_why_guilt_doesnt/,2023-02-01,NoodlePeeper,"[If](https://imgur.com/vdEzpl9) you've spent some time in online spaces such as this one, you've more than likely encountered some expression of a very particular kind of guilt: guilt for belonging to a hegemonic/oppressive class. This community specifically centers around the shared experiences of men, and according to the results of our most recent survey, people here are also predominantly white. Sometimes that guilt is sincere, sometimes it's performative, but it almost always fails to be helpful. Therefore, we will explore this topic to see if we can collectively move past these feelings and redirect that energy toward meaningful change. We will be focusing on white and male guilt because they are the most common occurrences of this phenomenon, but by no means are they the only variants that exist.

# Where is this guilt coming from?

To exist in the world is to find yourself forcefully inserted into systems you did not create, and to only see them in action long after you've been",
q4n7zz,I think I might have prevented something bad from happening tonight.,self,709,34,0.98,https://reddit.com/r/self/comments/q4n7zz/i_think_i_might_have_prevented_something_bad_from/,2021-10-09,trumpshouldrap,"I live in a small town, and I've been killing myself studying for this test I have coming up. I'm also a recovering alcoholic, and last night had the deep desire to drink.

Instead of doing so, I decided to take a drive. It was about midnight. I decided that I'd drive to Walmart all the way across town and then turn around. Walmart was closed. 

I get there and as I'm turning around in the parking lot I'm forced to drive past this idling truck with the windows down and a shady looking 40 something year old smoking cigarettes in the front. He gives me a deer in the headlights look, rolls his windows up and speeds off. As he does I see just a bit aways from him three MAYBE teenage girls who were clearly walking in his direction.

At midnight in a closed Walmart parking lot, I cant think of any reason three girls this age would have needed to meet up with a grown man. Let alone a grown man who sped off at the sight of what he might have thought was an undercover cop or something. 

I feel",
yarp0h,Male loneliness,MensLib,708,172,0.96,https://reddit.com/r/MensLib/comments/yarp0h/male_loneliness/,2022-10-22,ipini,"I’m sure this has been posted here before, but it’s the first time I’ve read it. And every third sentence (five or take) cuts like a knife. It’s like “dude, are you writing about me?”

I’ve often thought about this in the context of my own life, moving away from childhood friends for school and work, etc.and then finding out as an adult it’s hard to make friends. And as a male, seemingly harder. But for some reason I assumed it was just me, not so many others. 

What’s the solution? Seems so bad for society (not to mention individuals.)

Link: https://hazlitt.net/longreads/legion-lonely

EDIT TO SAY: Wow, thanks to all of you for this response. I can’t respond to everyone, but I’ve read this entire comment thread and I’ve learned so much. So many comments just hit me. So many common experiences. It’s odd that we are often more alone the more loneliness we have in common. (I also appreciated the discussion of cultural homophobia, and learned a ton there as well.) Anyhow, thanks so much!",
1oomjas,"When I was 14, I convinced my father to go the Albuquerque International Balloon Fiesta, the next morning I watched him die on TV",offmychest,707,113,0.91,https://reddit.com/r/offmychest/comments/1oomjas/when_i_was_14_i_convinced_my_father_to_go_the/,2025-11-04,AFatherStill,"My mother left my father in 1968, when I was only a few days old. The final straw was when he came home one night especially drunk. My father, was a full-blown alcoholic by this point, but this night was different; he became physical. My father took me from my mother and forcefully threw her out of the house.

She was 2 weeks out of the hospital from my birth and still had stitches in her stomach. My father and I were locked inside alone, and all my mother could do was watch us through the windows. He stumbled about the house with me in his arms, eventually passing out. My mother was able to get back into the house. She grabbed me, and a couple changes of clothing and left my father. My parents were divorced shortly after, and I’d only see my father a few times in the next 8 years.

In 1976 when I was 8 years old, my dad wrote me a letter. He wanted to re-connect with me. He was living in Arizona where he owned an insurance company. Not long after receiving his letter, my dad let me kn",
1jkz0to,Men that don't have kids. How lonely is life?,AskMenOver30,699,1720,0.78,https://reddit.com/r/AskMenOver30/comments/1jkz0to/men_that_dont_have_kids_how_lonely_is_life/,2025-03-27,JustHereForDogVids,"We're at the do or do not point when it comes to kids. I've heard life can be lonely for a single guy the wrong side of 40. What are the pros to your decision?

Edit: Some people have the wrong impression that I want kids to avoid loneliness. I don't. I was simply expressing I've heard one of the drawbacks of being childfree when you're older is loneliness. I wanted insight into that that's all.",Fatherhood &amp; Children
1f59y8d,I really don't understand whether I'm ugly or not - did a little experiment about it,self,696,45,0.85,https://reddit.com/r/self/comments/1f59y8d/i_really_dont_understand_whether_im_ugly_or_not/,2024-08-30,papayamayor,"So I want to start off by saying that I'm a (highly-functioning) autistic person. I also have OCD and a rather weird form of depression

I'm a 22M and I'm a virgin. I've also never had any relationship, never kissed a girl, never even been on a date. I've always struggled with anything related to romance. I've also never really tried too hard to get dates or a relationship because the times I did and eventually got rejected, it hurt bad, so to do myself a little favour, I never pushed myself too much out there to avoid building negativity about myself and lower even more my self esteem

Growing up I've never been told I'm ugly, but girls have also never particularly paid any interest in me. I've also always been a bit ""weird"" (which is well explained by being on the spectrum) and with unconventional habits compared to my peers. For example, I only text people out of necessity, I don't strike conversations via text with people just for the sake of it. I also struggle with casual convers",
boin83,I (30M) think I'm falling for my friend (27F) after we've been supporting each other through our respective break ups,dating_advice,695,127,0.98,https://reddit.com/r/dating_advice/comments/boin83/i_30m_think_im_falling_for_my_friend_27f_after/,2019-05-14,Hobbitbird,"Hi.

So myself and my friend have had a rough few months.

I'll start with me, as mine happened first. My 5 year relationship ended in January, my ex left, took my kids, pets and money and left me with debt, the house and lies. I went through a few bad times and suicide attempts (I'm alright now) and my above friend (Who was married at the time) was there through it all, helping and giving me advice and just genuinely being a good friend. 

Then in March, I get a phone call and her husband has left, walked out and left her alone with her 2 y/o little boy and she's looking for advice. Obviously, me being in a better place finally, decides to repay the favour and support her. 

We check in daily, make sure the other is doing well, send each other pictures of our kids. Even face time our kids to each other and just genuinely talk about our day and what's going on in life. Every drama we face, we face together and it's great to have that support there. 

We've had a few conversations, as m",
1f3hp4q,"""Many Gen Z Men Feel Left Behind. Some See Trump as an Answer."" says the newspaper of record. Let's poke some holes in that narrative!",MensLib,694,226,0.9,https://reddit.com/r/MensLib/comments/1f3hp4q/many_gen_z_men_feel_left_behind_some_see_trump_as/,2024-08-28,TAKEitTOrCIRCLEJERK,"#[Here's the article archive. Read it! DO ITTTT.](https://archive.is/2024.08.26-232945/https://www.nytimes.com/2024/08/24/upshot/trump-polls-young-men.html)

&gt;In some ways, this presidential election has become a referendum on gender roles — and the generation with the biggest difference in opinion between male and female voters is Generation Z.

This is one of those ""technically true, the best kind of true"" statements that actually doesn't help anyone understand the issue. What happened, in the reality we all share, is that young women had basic bodily rights taken from them by a far-right supreme court and sprinted ""left"", and young men haven't joined them as quickly.

Are there Gen Z boys who embrace the Amerifash narrative? Of course. But even though the next two lines of the article provide context, the intro to this article sets up a false frame, or at least an incomplete one. 

&gt;“Economically they’re getting shafted, politically they’re getting shafted, culturally no one’s",
a5lktv,The Privilege of the Petersonian: The Importance of Understanding the Experiences of the Disadvantaged,MensLib,692,161,0.91,https://reddit.com/r/MensLib/comments/a5lktv/the_privilege_of_the_petersonian_the_importance/,2018-12-12,Corbutte,"Previous essays:

* [Let's Talk About the Wall](https://old.reddit.com/r/MensLib/comments/a1bj29/lets_talk_about_the_wall/)

* [A Wizard of Earthsea vs. Harry Potter: Lessons for a Boy Coming of Age](https://old.reddit.com/r/MensLib/comments/9v442h/a_wizard_of_earthsea_vs_harry_potter_lessons_for/)

___________________________________________________________________________________

Good afternoon /r/menslib. Today I want to talk to you about Jordan Peterson. Or, rather, I want to talk to you about the worldview that creates men like Jordan Peterson and his followers. I want to take you through the role that privilege takes in shaping our worldviews, and give a few examples of when I had my own privilege checked - and how that changed my political beliefs and turned me into the woke SJW that is now writing this essay.

First, some housekeeping:

* This isn't going to be a ""takedown"" where a WOKE SJW SMASHES SMUG PETERSONHEAD. I'm going to be spending very little time criticizing Peters",
dr9yfw,"I allow my [29M] wife's [30F] anxiety to run our marriage and life. I""m miserable, angry, and resentful; I don't know what to do about it.",relationship_advice,683,189,0.97,https://reddit.com/r/relationship_advice/comments/dr9yfw/i_allow_my_29m_wifes_30f_anxiety_to_run_our/,2019-11-04,ThrowRA-PardonMe,"Let's rewind the clock.

When I met my now wife, we were 18/19 respectively, we were happy together, and there was a balance. We had a romantic life, a sex life, and enjoyed spending time with one another.

Her anxiety runs our lives. It runs the marriage, it dictates our choices, and I am partially to blame for that. I've coddled her by shouldering everything I possibly can instead of allowing her to deal with things while also being supportive and in the background. I never knew what a functioning relationship looked like from the outside (long-winded childhood stories for another time).

I thought I was taking care of her. I didn't realize that I was **taking care of her**, not being her husband. I don't really know if she killed it and I allowed it to die, or if I switched gears somewhere, killed it, and she allowed it to die.

Every single choice that comes up in our lives is met with a certain degree of panic. Hyperventilation, heart palpitations, jittering hands, crying, shaking",
2pua81,Want to know what it's like to go to prison as a nerd? No you don't.,offmychest,683,49,0.98,https://reddit.com/r/offmychest/comments/2pua81/want_to_know_what_its_like_to_go_to_prison_as_a/,2014-12-20,nerdy__throwaway,"I recently was released from an Alabama prison. I spent two years in prison and was sent there when I was 17. I am 19 now.  The Alabama prisons are horrible.
I was very sheltered growing up, and when I was 17 my father forced me to steal from some people because we didn't have any money.
I was very manipulatable and naive. And I was sent to prison like that as well. I used to love to play video games and computers, I created my first website when I was 11 years old. And I was and am still tall and kind of thin.
    
The first place I went, was one of the worst places, the juvenile wedge in the Mobile metro jail, the 16 and 17 year olds in Alabama jails are horrible and the most violent of them all.
I was the only white boy. They always attempted to steal from me and rob me, and literally terrorize me, throwing piss on me, or spitting in my drinking cup.
They let the inmates fill up the other inmates drinking cups.
     
The first week there, I bought a $20 phone card, and when I came b",
1plbge1,My partner (29M) attempted s*icide earlier this year. After 11 months of him healing I (31F) am considering leaving him TW:S*icide,relationship_advice,676,65,0.94,https://reddit.com/r/relationship_advice/comments/1plbge1/my_partner_29m_attempted_sicide_earlier_this_year/,2025-12-13,Wild-Dependent3447,"UPDATE : Thank you to everyone for your advice and support. I did it. I left. My friends and family showed up for me today and helped load my things and got me out of there. I feel like I can breathe now. 

TW : S*icide Names have been changed for privacy.

A little backstory : My partner and I have been together going on 6 years. The first 5 were an absolute dream. He(Ross) was the man of my dreams, hard working, went above and beyond to make me happy, and just generally showed up for me. Ross was in a car accident at the end of year 5, going into year 6, that flipped everything upside down. He became depressed, withdrawn, stopped going to work. I was obviously concerned. I urged him to seek therapy since the accident was traumatic, he decided he’d rather stay home and game. I understood since I knew he was hurting but reminded him we both have to keep working since I cannot afford the bills alone. He agreed but continued missing work, surprisingly he didn’t lose his job so I didn’t w",
mfc9fp,"Men, Accountability, and Microcultures",MensLib,671,356,0.94,https://reddit.com/r/MensLib/comments/mfc9fp/men_accountability_and_microcultures/,2021-03-28,Stavrogin78,"An ongoing dialogue with an old friend has brought this to my mind. When we talk about sexual assaults by men against women (I know, it happens to men more than anyone knows, but I want to talk about this for the moment), it eventually becomes clear that it will need to be men, not women, who solve the problem. It's unfortunate that we're so often framed as the problem when we're actually the solution, but we'll just have to live with that for now.

But let's explore what ""being the solution"" looks like. The standard line that we hear seems to be ""Men need to hold other men accountable - guys, check your bros"". Which is great, in theory. As my friend said, when a woman is attacked, it should be *our* phones blowing up, not women's. But I wonder if that's an overly simplistic approach to what's actually a more complicated problem, for a couple of reasons.

One fact that was pointed out over the course of these discussions was that everyone knows a woman who has been raped, but few men w",
i4lco2,I [44F] crossed a line with a sad coworker [42M] when we were the only ones in the office,relationship_advice,669,91,0.97,https://reddit.com/r/relationship_advice/comments/i4lco2/i_44f_crossed_a_line_with_a_sad_coworker_42m_when/,2020-08-06,katisanon,"Deep breath, here's my situation...

I am a 44 year old woman, divorced, no kids. I work in a large office setting. There are about 50 people on our floor alone. We can all easily work from home, and have been since March. But I guess people occasionally come in and out just to have a quiet place to focus when they need it.

I went in yesterday to retrieve some stuff  and thought i was the only one there, but there was one other person in that day. I wouldn't say I know him well, but he's definitely somebody I have talked to periodically over the years. He's kind, quiet, kind of an introvert but always has some super witty comment to make you laugh, so everyone is fond of him. He's hysterical at staff meetings. But his job doesn't require him to interact with a lot of colleagues so he is kind of an enigma. 

When I noticed he was there I went over to his cube and we started chatting. Just casual stuff, both of us remarking its just nice to have another person to talk to face to face.",
1qg2aj0,"As a man, I get what women mean when they say that many men don't see women as ""fully human""",offmychest,669,62,0.9,https://reddit.com/r/offmychest/comments/1qg2aj0/as_a_man_i_get_what_women_mean_when_they_say_that/,2026-01-18,TongueUnties,"I am going to try explaining this phenomenon from a first-person vantage point as a guy. Please know this is not universal and is especially less relevant to men who have grown up with sisters/positive male role models in everyday life.

From youth us males are plied with media that frames women as prizes to be won whose attractiveness and chastity are an extension of our personal worth, be this in music videos or narrative stories. We are also rarely given stories told from the vantage point of women that we'd willingly consume, and therefore aren't encouraged identify with women as having agency and unique viewpoints. Of course we can point to women getting unrealistic expectations themselves through princess stories, etc., but 1) A lot of those spotlight the romantic interest's great character as part of the prize in addition to wealth, handsomeness and so on 2) Most media is still greenlit by men and at scale the male perspective is more absorbed by women than vice versa.

As we ge",
x5p7dn,The narcissism of privilege and coming home to humanity,MensLib,667,99,0.91,https://reddit.com/r/MensLib/comments/x5p7dn/the_narcissism_of_privilege_and_coming_home_to/,2022-09-04,UpOnTheSun,"What unites many of us here is a desire to heal from the ways patriarchy has misshapen us. One part of this journey that I haven’t seen discussed much is confronting feelings of self-superiority. Society teaches us that we are more human than others—be it due to our gender, race, class, ability, etc.. This is the justification for our privilege.

As a white American, I grew up in a culture that taught me, because of my whiteness and maleness, that I am innately special. That the mind of a white man is different and better than other minds. This horrible messaging didn’t ever need to be said to me explicitly—it is everywhere in white American culture in subtler forms. 

I’m sharing this post here because I don’t believe I’m unusual. I had an unremarkable middle-class white American upbringing. I’m not a capital-N narcissist—the thought that I’m better than anyone feels gross. And I’m not new to the work of unlearning problematic things—it’s been a central focus of my life for years. And",
m5g7he,Girl I like at work likes me back!,lonely,665,57,0.98,https://reddit.com/r/lonely/comments/m5g7he/girl_i_like_at_work_likes_me_back/,2021-03-15,KLD-52,"I've pretty much been lonely with low self esteem since leaving high school (I'm 25 now) and I've always had trouble finding a girl who is actually interested in me and that I connect with.  


Anyway....in the last 6 months or so I've somewhat improved my situation and been feeling better....I did however hit a dip for the last month and was pretty lonely again but somehow a girl that I really connect with at work actually really likes me!  


She basically sent me a drunken facebook message confessing a few things, explaining how she was thinking about me and thought I should know that she thinks I'm genuine kind person etc and wants to hang out.

I talked to her the next day and explained the feelings are mutual.  
We really connect at work a lot so I'm excited to see how things turn out.  


Just wanted to vent a little as this sort of thing has pretty much never happened to me.


Edit*  man, I’ve never had so many people view my post,  I appreciate the kind words 😊",
6rz595,Men Are Terrifying,self,664,364,0.7,https://reddit.com/r/self/comments/6rz595/men_are_terrifying/,2017-08-06,Kleptoforhealth,"I was walking home from the gym about half an hour ago and this car full of men much older than me pull up and stop on the right side of the road (I was on the sidewalk to the left), the driver gets out and runs across the street and starts walking next to me. 
He asks if I have a minute and I say no and start walking faster, so does he. He tries to put his arm around my waist and I jumped back real quick and he turns to his friends in the car and laughs and says ""Oh she's scared"" and then tells me he's just trying to talk to me and get to know me and I tell him I'm not about that. 
I was on the phone with my mom because I always call someone when Im out walking for this fucking reason, and I tell my mom that there are some men harassing me and I think that made him nervous so he got back in his car and I thought they were done, but they went up the street and did a U-turn and came back down so now the car was on the same side of the street I was on. 
I ran behind some apartments where",
3dsz7u,My wife's having a baby and the help offered to guys is fucking garbage.,offmychest,660,169,0.93,https://reddit.com/r/offmychest/comments/3dsz7u/my_wifes_having_a_baby_and_the_help_offered_to/,2015-07-19,dadtobedamned,"I am so, so lonely. This is the hardest easy thing I've ever been part of. My wife is almost three months pregnant. I love her, and our little one so, so much. My wife is having a hard time. She's sick always. She isn't her. She's such a fighter, and hormones, or whatever, have her hostage. And there's nothing I can do short of getting pills, and toast, and juice, and the puke bucket. I snapped at her today. I did. She hates, HATES the way I smell. I get it. It's part of it. I shower. Brush my teeth. Keep my distance. But a hug still turns her stomach. I know it isn't my fault, but it kills me, and I snapped and said I couldn't take it, after going for another turned away from hug. She broke down and I felt like a monster.

I comforted her and we got through. We'll always get through.

I've told her since about the end of the first month. I can't stop crying. I can't. I am a stoic man. Everything chokes me up now. I am so overwhelmed by empathy. It wells inside me. 

I miss my wife. Sh",
kl0g7m,I just created this account because today is my birthday and I want it to be also my cake day,self,659,75,0.96,https://reddit.com/r/self/comments/kl0g7m/i_just_created_this_account_because_today_is_my/,2020-12-27,NowHereLaterGone,"Man I’m getting old. Kinda sad today. No wife, no girlfriend, no kids, no one home except me because I live by myself. Life isn’t that bad but life isn’t that good either. It’s ok. It’ll be ok. Everything will be fine. Things will get better. But I’m feeling lonely tonight. Just want to say that all you out there feeling down, you’re not the only one.

Edit: Thank you to all the internet strangers who wished me a Happy Birthday! Thank you to all the ones that gave me an award as well! I don’t have a single happy birthday message on Facebook or any social media but getting some love from people I don’t even know is awesome. Have a good day and happy holidays everyone!",
ai3veh,Tips on how to better connect with people?,dating_advice,657,112,0.98,https://reddit.com/r/dating_advice/comments/ai3veh/tips_on_how_to_better_connect_with_people/,2019-01-20,jeceandgin,"Hi all

I'm a 25 year old virgin. Never kissed anyone, nothing. I'm not ugly, in really good shape, have a great career, smart ect. I'm a little awkward but who isn't. I'm seeing a therapist to help deal with my depression and anxiety and it's helping.

My issue is I struggle to meet people and when I do meet people, I struggle to form genuine connections with them. I shy away when people ask personal questions. I guess I'm afraid mostly of them finding out about my inexperience.

Also, in my experience, it's hard to find genuine people who care and are open to new relationships/friendships. I'll get matches on dating apps, and so many girls don't even respond/care to carry on a convo. I'm not bitter about it, I understand they have options and they're not obligated to respond to me. But it makes this whole dating thing difficult. A few times I've had great conversations with girls, and they just don't respond when I ask them out for coffee. Again, no big deal, but I just don't know wh",
ahol1q,Am I the only one who feels like I need/want more affection than what society says about men?,AskMenOver30,657,159,0.97,https://reddit.com/r/AskMenOver30/comments/ahol1q/am_i_the_only_one_who_feels_like_i_needwant_more/,2019-01-19,dton512,"Society usually paints men as emotionless, cold, and self sustaining creatures who don't need affection. I feel as if I don't fit that mold at all. I find myself desiring affection from my SO more than she does and sometimes it's difficult to really voice that I need affection. I grew up in the south and was taught to be a man and not show my feelings. Am I alone in this or do others find themselves desiring affection from their SO and how do you express that desire without coming off as needy?",
bc04b9,Please don’t offer to do something for my special needs brother if you don’t mean it... *Venting*,self,656,112,0.96,https://reddit.com/r/self/comments/bc04b9/please_dont_offer_to_do_something_for_my_special/,2019-04-11,UselessComfort,"I recently got hired at a company that claims it’s very “family-like” where everyone looks out for each other. 

There are groups of people who go out and drink often and I got invited to go out as well. These groups often include managers, supervisors, HR reps...an interesting mix of people. Anyway, my boss invited me out for a drink with a bunch of them so I agreed. 

Now, there is a coworker who travels and is rarely in the office who basically has told me he likes me but understands I have a boyfriend, but he’s cool with being friends and is there if I ever need something. I only really started talking to him a week or so prior. , but everyone in the office has such high regards for him. He was there and this is who this story is really about. 

So we all went out, we were drinking talking about ourselves, super casual, when someone asked about me and my family. I gave them a very basic answer but they wanted to dive deeper so I started talking about my younger brother who has spec",
yxwzwp,What can be done to help some of the men we encounter in life?,AskMen,656,219,0.95,https://reddit.com/r/AskMen/comments/yxwzwp/what_can_be_done_to_help_some_of_the_men_we/,2022-11-17,msscahlett,"I’m a 52 year old woman. I play GTA and COD and Fallout quite a bit (maybe 4-8 hours a day). I encounter a large number of boys, young men and grown men. This is not to say all of them are like this, but a large number of them are very lonely. Very. I don’t mean even really in a sexual way of loneliness. But just truly no one to really talk to. To ask about how they’re doing, what’s going on in life, etc. 

I tend to be a real mom. I’m always happy they join the party. Ask how they are. How’s school/work/dinner/plans for the day. 

Sometimes they reach out on Snapchat. Pics of their day. School. Dinner. Last night I got a snap call from a guy I hadn’t spoken to in months. His girlfriend had left him. 

It breaks my heart. How can we help?  I meet men all the time who just seem shut down. You just don’t seem to have the support of your friends like women do.

This isn’t to say all men. Lots of men have fulfilling and happy lives. But many are so lonely. They often don’t even seem to app",
hg8afh,My parents (48m and f) forgiving my ex (28m) for his abuse to me (27f) has ruined our relationship,relationship_advice,654,47,0.97,https://reddit.com/r/relationship_advice/comments/hg8afh/my_parents_48m_and_f_forgiving_my_ex_28m_for_his/,2020-06-26,yellownoises,"TLDR; left abusive ex and my parents keep making comments that minimize my abuse, victim blame, ect and I can’t look at them without being angry and feeling betrayed now

I left my ex of 6 years that I have two kids with, who had been abusing me sense we got together, he also hit my son before he was a year old (this is the exact moment I started planning on how to leave). Through the years there had been multiple times where it was obvious something was going on/I tried to leave. One I left and stayed at my uncles house for days and my mom asked what was going on and I kept saying it was a sex thing (at the time he was basically using sex as a weapon- if we didn’t have sex I had to deal with his wrath/anger problems/ ect. He blamed his lack of control on me not having sex with him), and that he had anger issues. No one asked for more info, they just kept asking when I was going back (during this time I also found out he was talking to other women, lying about being at work, ect). Anot",
1qunz1n,BF (25m) wants me (25f) to pay his mortgage?,relationship_advice,651,1035,0.9,https://reddit.com/r/relationship_advice/comments/1qunz1n/bf_25m_wants_me_25f_to_pay_his_mortgage/,2026-02-03,adventsures,"Over-simplistic title, but there’s a couple things going on here. I (25f) have been dating a guy (25m) for 8 months. He lives in another state. I work from home so we get to see each for over a week at a time every month. We each make about the same yearly (80k+ each).

We are discussing timelines for me moving to him, which will be a few months from now. He is ALSO simultaneously looking at houses to buy. Now I would rather have us rent something reasonable until we’re ready to get married, then buy a house TOGETHER. I currently live alone in a nice apartment. I don’t have the financial need to have roommates. I’m at the point in my life where I can prioritize my comforts while being financially sound and I would prefer to continue doing so. Wfh and dog ownership also makes the housing situation a priority. 

Now with him buying a house: This is not something he’s planned very far ahead… About 4 months ago he started thinking about it but he’s getting help for a down payment and not p",
67dpdu,I saw a guy face down on the sidewalk,self,651,39,0.93,https://reddit.com/r/self/comments/67dpdu/i_saw_a_guy_face_down_on_the_sidewalk/,2017-04-25,Doopadoopdoopa,"I'm an engineering student in Boston. Today I had a long day of final exams so I hopped on my longboard and fucked off to the Public Gardens, sort of our 'Central Park.' Loads of people were out and about. Folks clearly just leaving work in the financial district, families walking around, etc. 

It was a perfect day for cruising. The paths at the Public Garden are ever so gently sloped and perfectly smooth so you can roll forever before you need to push. Plus, it's illegal so there's some illicit thrill of defying The Man.

I came around a corner and saw a man lying face down towards the side of the path. His cheek was planted on the hard asphalt and his body position was that of a man who chose to lie down for a quick rest. His mouth was closed and he seemed to have a peaceful expression on his face.

He was much older than me, with worn skin and wrinkled hands laid on the ground in front of him, above his head. His baseball cap, T-shirt, and sweatpants were the nondescript, vaguely s",
hxrmqd,19 f does anyone else feel that they don't fit in with any group of people? Girls find me weird and guys usually just fake platonic interest to get a chance at sex.,lonely,650,65,0.98,https://reddit.com/r/lonely/comments/hxrmqd/19_f_does_anyone_else_feel_that_they_dont_fit_in/,2020-07-25,throwawayVerySad-,"First of all I hope everyone is coping. I'm sorry to vent, I know you all have your own problems and most likely nobody will read this, but I need to let it out. Thank you. 

I just can't seem to place myself. I'm not engaged enough in social media/YouTube/Reddit/4chan or whatever there is out there to understand ""internet humour"" (I really don't know what else to call it), so conversations with people who spend most of their time online usually fall flat due to us having no banter or common interests. 

I love reading but have barely read anything, so not much to talk about with bookworms. I am not academic in the slightest so no luck with that crowd. I value politics, but don't know enough to engage in deep debates and discussions about it, however if someone takes 0 interest, I'm immediately put off. 

I want intelligent conversation but when I enter into it, I feel completely out of my depth.. I value philosophy and psychology but lack the intellect and eloquence to put my thoughts",
v62bf7,"An intro to patriarchy: what it is, how it works, and why we need to be liberated from it (i.e. men... and everyone else).",MensLib,649,231,0.84,https://reddit.com/r/MensLib/comments/v62bf7/an_intro_to_patriarchy_what_it_is_how_it_works/,2022-06-06,StonyGiddens,"\[If this post is helpful, check out: [The Boyfriend's Introduction to Feminism](http://bfitf.net), which covers the same material and a lot more.\]  
  
I love this sub but I'm sometimes frustrated by posts and comments that misrepresent patriarchy, and the talking-past-each-other that then ensues. We need a proper understanding of patriarchy as that from which we seek to liberate ourselves, so I'd like to offer a man-centric sketch of patriarchy, how it works, what it does to men, etc. Apologies for it being overly long, U.S.-centric, and heteronormative, etc., but I'm definitely open to suggestions to correct any flaws. \[Edits in brackets.\]

**What is patriarchy?**

Patriarchy is a social institution: a pervasive and durable set of ideas that structure our relationships with one another. These ideas vary from society to society, from blindingly obvious to subtle and insidious, but beneath it all patriarchy boils down to three crucial ideas:

1. Humans have two genders, 'men' and '",
1dvm4wa,I think I’ll never find someone and I’m trying to accept it.,self,646,440,0.89,https://reddit.com/r/self/comments/1dvm4wa/i_think_ill_never_find_someone_and_im_trying_to/,2024-07-05,Markermarkman,"I feel like I am destined never to fall in love and have kids. I’m pushing mid thirties right now and Ive never felt a connection to anyone and Ive been rejected many times.

Ive decided to just give up and grow up to be the lonely kind old man in the apartment complex that people wave hi to.",
1ka2d2w,What the helly is this.,dating_advice,645,156,0.93,https://reddit.com/r/dating_advice/comments/1ka2d2w/what_the_helly_is_this/,2025-04-28,lusigusi,"So I’ve been talking to this guy since January. We went on several dates, our physical and intellectual chemistry was very strong. I’ll spare all the specifics but we were moving in the direction of something more serious.

Then around March was when his communication got spotty. Like, would go a week plus without responding to me. I was genuinely distraught, I really liked him and I really thought we could be something for real.

Then beginning in April I let him back in again after he started being more regularly communicative again. Last week I went out of town and told him I’d be gone for a bit. He said he’d love to see me when I got back and to let him know.

So I did. I texted him as soon as I returned. He responded about 8 hours later with a phone call. I was cooking dinner and asked if he wanted to come over and have some. He came up with excuses as to why he couldn’t. 

I snapped. That’s the last straw for me. After we hung up I texted him a curt message saying that we weren’t",
1bmu2q9,Being a single father is such a thankless job,self,643,269,0.76,https://reddit.com/r/self/comments/1bmu2q9/being_a_single_father_is_such_a_thankless_job/,2024-03-24,MrManuzh,"And there's all sorts of assumptions around, too. There is quite a lot of advocacy for single moms... people know it sucks for them, in the dating market, in public perception. They have people going to bat for them. But being a single dad? Every bit as hard, if not harder. And no one really goes to bat for you. No one really compliments you or tells you you're doing a good job.

Hell, you mess up and even your own nine year old daughter tells you "" you're the WORST father in the WHOLE world!"" 

Yes, she said that. She really did. And she said sorry a while later, but it stinks. And it hurts. And sleeping at night, alone, and waking up at 2 o'clock because the youngest (4) had a nightmare, and having a hard time sleeping again after... it never really gets easier, it seems.

Meanwhile you're in No-Man's Land as far as dating's concerned. Good habits go out the window. Gained weight. Feel tired, out of shape, and pretty damn depressed.",
3iqs5n,"I'm tall, blonde, and 'beautiful'.",offmychest,643,80,0.93,https://reddit.com/r/offmychest/comments/3iqs5n/im_tall_blonde_and_beautiful/,2015-08-28,throwaway21261,"I'm also autistic and have no friends. I'm lonely. I've planned my suicide 3 times and attempted it once. That was almost a year ago, and waking up I realised I even managed to fuck that up. Maybe I'm already dead. Maybe I've been dead a long time. Whenever I try to connect with someone, I come across as desperate because I keep trying to cling onto some kind of hope. When I express my difficulties in every day life, I get told that it should be 'so easy' for me and to stop being selfish. This makes me feel even worse. I'm too scared to die and I'm too scared to live. I wish someone else could understand me and just sit with me and hold me. I don't want to be alone any more. I wish I could stop trying.

**Edit:** Wow, this has got big. I'm at work so can't reply individually but thank you everyone, once again I'm reminded why people on the internet are so much better than 'real' ones (hah.)

Probably not a surprise, but the two boyfriends I've had, I met online; one through a video gam",
14gaxhm,"The Cost of Traditional Masculinity: ""A man can be alone and unhappy and still labeled 'successful.'""",MensLib,642,81,0.97,https://reddit.com/r/MensLib/comments/14gaxhm/the_cost_of_traditional_masculinity_a_man_can_be/,2023-06-22,TAKEitTOrCIRCLEJERK,,
v4gmj7,No one cares (IRL) about how men feel and it’s literally killing me.,lonely,642,97,0.92,https://reddit.com/r/lonely/comments/v4gmj7/no_one_cares_irl_about_how_men_feel_and_its/,2022-06-04,DroppyLeftBoob,"Every time I (M23) surf the web I see thousands of people talking about how men’s mental health is just as important as a woman’s and how we should treat men who talk about their problems with respect. However, this is certainly not the common sentiment in real life. In real life men who have depression or men who cannot make jokes and be funny are seen as defective and stand no chance at garnering respect. 

No one wants to see a man cry. 

No one wants to hear a man complain. 

No one wants to know about a man’s weakness. 

I fucking hate this shit, man. I’m so broken and lonely and depressed, but I don’t have the luxury to express it at all, because if I do I’m seen as a man child, gay, or a weakling. You can’t even say it’s just the people I surround myself with because almost everyone in the Midwest thinks this way. 

I don’t want to put certain thoughts in my mind, but sometimes I really do think those thoughts are better than trying to be a man who is broken and on the path of b",Venting
1ij42ul,Calling girlfriend and a man answers telling me not to call again.,dating_advice,640,148,0.95,https://reddit.com/r/dating_advice/comments/1ij42ul/calling_girlfriend_and_a_man_answers_telling_me/,2025-02-06,b1nreddit,"So I m30 came back from sea after 4 months and decided to call girlfriend f28. Now, keep in mind during the whole 4 months we spoke, texted, video chatted practically every day or every other day. I get back, on day one we speak video chat and everything is good, discuss the fun stuff we'll do when we finally meet again. I call the next evening and boom. Blocked on whatsapp, I try fb - blocked instantly, I try IG blocked instantly, I try regular phone a few times - nothing. Get a call back like 2 minutes after. A guy answers saying she doesn't want to talk to me anymore and to not call again. Begins getting threatening basically if I want to meet and ""talk"" aka fight. bla bla bla to delete and lose the number. I tell the idiot to ask her why. The answer I received was to ""think about my actions"". She texts in 2 days saying to get out of her head, and how bad I hurt her. (Brothers and sisters I am telling you, we had a fun and normal as usual video call when I first got back.) So zero e",
1fb3k5y,My Husband subbed to my best friends Reddit and asked her for a custom video. ,offmychest,640,67,0.97,https://reddit.com/r/offmychest/comments/1fb3k5y/my_husband_subbed_to_my_best_friends_reddit_and/,2024-09-07,thefatonewithastory,"Hi all  

I got married, to a man who I thought I could trust, who I thought loved me, who I thought I would spend the rest of my life with. 

He has always been attentive, kind, generous with his love and his time but not too much. Allowed me space to be myself and do my own things, pursue my own dreams and hobbies. 

We run a business together. We love together. We are married. 

So why when I was scrolling through his messages looking for an address a friend sent us a while back did I see a text from his bank regarding a rejected payment to OF, a platform we have previously discussed and he said he didn't use? 

My previous relationship was 10+ years of abuse, getting cheated on, I ended up coming out with PTSD, severe mental health issues, physical trauma etc etc. I had worked so hard on being trusting, open, allowing grace and space for people to do what they choose in friendships and relationships and not being overbearing and controlling as a way of defense. I didn't want to be",
17y08n,"I'm sexist/afraid of men and I need help, please. ",AskMen,639,428,0.89,https://reddit.com/r/AskMen/comments/17y08n/im_sexistafraid_of_men_and_i_need_help_please/,2013-02-05,irrationalfearsyay,"WARNING: I am going to be brutally, brutally honest about my fears. Please understand that I *know* most men are not like this. I know that this fear is silly and irrational. I know this all. I'm going to try to explain how I feel and I can only hope that I get helpful responses. I've wanted to ask for help from you guys for awhile now because I was afraid I wasn't going to get any helpful responses. I figured since this is a throwaway it's worth a try. 

All my life I have been told by my dad that men are pigs. He told me over and over again that if a boy is being nice to you he's trying to get in your pants. He told me to stay away from men and that they only do things for sex. He told me countless stories about how his friends treat women like shit and that men are terrible beings. He'd go on about how men think with their dicks. He scared me. Of course, I wasn't afraid of my own father or brothers. I love all the men in my family. They're great people, but what my Dad taught me stu",
b71b1s,Struggling since I started passing as a man,MensLib,639,123,0.95,https://reddit.com/r/MensLib/comments/b71b1s/struggling_since_i_started_passing_as_a_man/,2019-03-29,Throawya933,"I’m a very quiet, thoughtful and sort of emotionally sensitive trans guy who has been struggling since I started passing as a man. 

-I always was scared to talk to people for fear of coming off as “creepy” or weird or predatory before I started passing, but now it’s doubled. 

I’m horrified of being this image I see in my head of this autistic guy who tries to talk to people even though no one likes him... as a girl, I took for granted that people would still think I’m ok or not creepy no matter what I do. 

-I’m very egalitarian and don’t like the idea of “men having to pursue women” or men having to be more dominant, but am struggling realizing ill literally be forever alone if I don’t do these things. 

-I feel like men only “make it” in the world if they’re talented in some way, where if I stayed as a girl I wouldn’t have to worry whether I did nothing because I would still be liked and appreciated. 

I don’t regret starting testosterone at all because i feel way less dysphoric ab",
1c78zez,My hot take: It’s hard to give advice here because we don’t know how you come off in real life.,dating_advice,637,100,0.98,https://reddit.com/r/dating_advice/comments/1c78zez/my_hot_take_its_hard_to_give_advice_here_because/,2024-04-18,buildabearbitch,"I see a lot of posts on here about men and women wondering why they’re still single. It’s always the same thing: they’re good looking, have a great job, etc.

We can’t give you honest advice when we don’t know what you’re like in person.

I recently found my ex’s Reddit account and in his post history, he was asking for some dating advice since he was struggling. On paper, he’s great. Very good looking man, makes good money, have hobbies, etc.

But let me tell you, he was one of the worst person I’ve ever met, let alone dated. Super rude, arrogant, narcissistic, emotionally abusive, and just a gross human being overall. You could have never tell from his Reddit comments and posts because he comes off genuinely nice on there.

So when I see posts about men and women wondering why they’re struggling, it’s because of how they come off in person.",
ukws6t,I called the suicide hotline and now I feel so embarrassed,lonely,635,152,0.99,https://reddit.com/r/lonely/comments/ukws6t/i_called_the_suicide_hotline_and_now_i_feel_so/,2022-05-08,graveyardgirlxo1,"I initially went on the site to use the chat setting but I was on hold for more than 30 minutes with no heads up about the wait time. So ridiculous so I impulsively called bc I really wanted to talk to someone. I wasn’t necessarily feeling suicidal right in that moment, just extremely lonely. I talked with the man and it was a bit awkward. He sounded tired and stressed out from the day. Already made me feel guilty and want to leave but I stayed. He asked me basic info ab my situation and relationships. He kept asking questions and I felt better bc he cared enough to keep asking. It was like he was waiting to get to a point to make. Then 27 minutes passed - nothing. He basically thanked me for my time and ended the conversation right at the 30 minute mark... It was like he was reading a script (which I’m sure he was). I barely talked ab anything. All he did was agree and act like he understood to make me feel better so I wouldn’t get triggered. But knowing that just triggers me. Nobody",Venting
15op5z5,What can be done to fix the male loneliness epidemic and what do you believe the cause is.,AskMen,635,666,0.89,https://reddit.com/r/AskMen/comments/15op5z5/what_can_be_done_to_fix_the_male_loneliness/,2023-08-12,gamer_simp,,
13ghc49,Some people in this sub don’t rlly deserve empathy,lonely,634,96,0.95,https://reddit.com/r/lonely/comments/13ghc49/some_people_in_this_sub_dont_rlly_deserve_empathy/,2023-05-13,donationmatters,"I’ve been a lurker in here for quite some time now. We always heard about the creeps and weirdos on Reddit but when I finally decided to share my loneliness, the first 6 messages I got were people being absolute creeps sending me their d*cks, and one of them even sent me a video of his d*ck and his assh*le being fingered. It was disturbing. I received 2 r*pe threats so far, one not too obvious and the other one pretty explicit. 

When you look at these peoples profile at some point they came here and complained about being lonely but they NEVER said why and they receive a bunch of supportive comments etc. 

If you’re one of these people, well, you deserve to feel lonely for the rest of your miserable life. Sexual offenders SHOULD feel lonely. You deserve it, you can’t live in society with the rest of the people. Learn to be a decent human being before trying to interact with people. Nobody wants to see your stupid below average ugly dick.

Edit 1: thank you so much for all the kind mes",TW: Abuse
1ohe5wf,[Update] My (33M) wife (31F) is having an emotional affair. Is divorce the right choice? Ty,relationship_advice,633,635,0.93,https://reddit.com/r/relationship_advice/comments/1ohe5wf/update_my_33m_wife_31f_is_having_an_emotional/,2025-10-27,ThrowRA03739209,"I ended up having the confrontation early last week. It wasn’t exactly when I had planned it but she knew something was up as I had emotionally checked out over the few days leading up to it.

Some background info I learned/not provided in the original post. The texting had gone about a week total. It turns out I had discovered it pretty early on. Although they have texted a lot for the last few years (I’ve seen them in the past and there was nothing like this/genuinely just work related stuff). There was also a lot of remarks about the intimacy between us fizzling out indicating that it may be a sign of the affair being physical. Our intimacy has dried out for the last year or so. We had chalked it up to stress, work, hormones, depression up to this point. 

In terms of the confrontation, there was no arguing or fireworks. I laid out a lot of grievances about the betrayal and the incredible disrespect I felt. I also pointed out the rage I felt over the hypocrisy of accusing all men of",
1hoqr9e,47 year old man and ashamed ,AskMenOver30,629,633,0.9,https://reddit.com/r/AskMenOver30/comments/1hoqr9e/47_year_old_man_and_ashamed/,2024-12-29,lisbon1977,"Update: I'm overwhelmed with all the messages. I took every one of them as an advice. Trying my best to answer you all.. but it's hard. I promise I read all of your messages and take all has an insight and advice. Thanks a lot everyone.  🙏💕

Update 2: I took so many insights from every single one of you. From harsh comments to the mellow ones . I'm overwhelmed and super grateful. I've saved so many comments. 💕 Wasn't expecting this big reaction, I also touched the hearts of many here that feel like me (man and woman) - you are not alone for sure and I'm so happy that my post helped you. It's a subject that touches us all, for better or worst. Everyone deserves to be happy.. Happy 2025 to you all.

Original post:


Not here trying to seek validation.

I'm 47, and I look back at my life, can help to feel ashamed and disappointed that my life turn out the way it did.

I’ve lived my life with respect, integrity, and honesty. I’ve always tried to be myself, believing that it’s the right way",Relationships/dating
1ca21hq,I realized I'm a man-child. How do I grow up?,socialskills,626,142,0.94,https://reddit.com/r/socialskills/comments/1ca21hq/i_realized_im_a_manchild_how_do_i_grow_up/,2024-04-22,chileConChile,"Like the title says, I've slowly begun to realize that I'm a man-child. I'm almost 30, I have a well-paying stable job, I'm about to get married in 2 months. But my whole life is just work, go home, consume social media, eat, play video games, and repeat. I feel like I don't know how to do anything.

I've lived with my parents my whole life, except on two occasions. I went to a boarding school for 2 years in highschool, and I went abroad for 5 years for college. Apart from that, I've lived with my parents and I still do. I also won't be moving out after I'm married.

I'm an only child, and from what I'd gathered, there have been unsuccessful pregnancies both before and after me. Needless to say, I was a spoiled kid. I still am. I'd never had to do chores or housework. Even now as a 30-year-old man I don't do housework. When I try to do the dishes my parents tell me to leave it because they were going to do it. I know how to cook but I don't. My mom cooks most of the time when she comes",
1sdlysw,"my gf (24F) wants me (25M) to go into our first home purchase but won't define her financial contribution, wants shared ownership and is thinking about breaking up with me because I don't have a ""provider"" mentality",relationship_advice,624,610,0.9,https://reddit.com/r/relationship_advice/comments/1sdlysw/my_gf_24f_wants_me_25m_to_go_into_our_first_home/,2026-04-06,AdSouth2901,"So we went to see a 4 bedroom house a couple days ago. Looked like a great first buy option, her mom would help us qualify and we'd pay it off. Mostly me. 

We were so excited about going into the home purchase when her mom butted in and offered her two cents about the payment coordination.

Stating that I as a man should handle everything I can and her daughter can help beyond that and whatever she decides to spend on such as personal luxuries. 

When I explained that taking on every payment alone would leave me financially tight, she said I should ""risk it and let the pressure motivate me to make more money"" - citing her own success story which is lowkey half truths as it is.

  
I make about 4k a month and have about 30k in savings. She has no stable income, some savings. She and her mom share the opinion that I should be the provider and leave her as far from financial responsibility as possible. 

For the reason, her mom begged her to avoid giving me a contribution number because",
qad2no,"You ever realize you're the ""Back burner friend""?",lonely,622,63,1.0,https://reddit.com/r/lonely/comments/qad2no/you_ever_realize_youre_the_back_burner_friend/,2021-10-18,honeycoatedheart,"And by that I mean - you're the last person they want to hang out with, at the end of the week making plans for the weekend when things fall through or when they couldn't get plans with anyone else then they come to you. And even when you guys hang out you sense that you aren't really the person they want to be with. You aren't an important  valuable person to them you're just there so they aren't really alone. Your texts get ignored for days or weeks on end while you see them on social media with other people - WAY happier than they ever are with you. They only come to you when they want something fro you. 

&amp;#x200B;

Shit hurts man.",Discussion
auyplu,My (27m) fiancee (24f) left me for a woman.,relationship_advice,620,142,0.97,https://reddit.com/r/relationship_advice/comments/auyplu/my_27m_fiancee_24f_left_me_for_a_woman/,2019-02-26,ripmyliferip,"It happened a few weeks ago. Waste of 3 1/2 years of my Life. The engagement was only just announced and people are still congratulating me in person, and it tears my heart from my chest every time I have to explain that we are no longer together. This was everything I ever wanted and everything was perfect. My whole life was planned and we were looking forward to children. I feel as though this has been taken away from me, and it may never happen now. It came from nowhere. I had to move away from my friends and life to start again. The emotional rollercoaster sucks, and I'm really hurting.. I've had to take time off work. 

I don't really know what I'm asking.. Maybe for someone just to tell me eventually I'll be ok? Loneliness is killing me. I'm barely sleeping. Sorry for the rant. I just really need someone to read this.


Edit-

Thank you for all the replies. I have read every single one of them. I value everyone's input, even if it differs from my own opinion. Many commenters have",
1iz83p5,We don't have a male loneliness epidemic. We have a general decline in close relationships.,self,619,278,0.83,https://reddit.com/r/self/comments/1iz83p5/we_dont_have_a_male_loneliness_epidemic_we_have_a/,2025-02-27,Sewblon,"I read this post about how the male loneliness crises would be alleviated if men had more self-awareness. [https://www.reddit.com/r/self/comments/1iwx7ea/comment/mervsrk/](https://www.reddit.com/r/self/comments/1iwx7ea/comment/mervsrk/) Maybe men would be less lonely if they were more self-aware. I don't know. But I do know that the entire premise is wrong. There is no male loneliness crisis. If you only look at studies that had more than 100 men and 100 women, there are no gender differences in loneliness [https://onlinelibrary.wiley.com/doi/abs/10.1002/per.2220](https://onlinelibrary.wiley.com/doi/abs/10.1002/per.2220) It reminded me of how people say that men need to learn how to reach out for emotional support from other men. [https://www.harpersbazaar.com/culture/features/a27259689/toxic-masculinity-male-friendships-emotional-labor-men-rely-on-women/](https://www.harpersbazaar.com/culture/features/a27259689/toxic-masculinity-male-friendships-emotional-labor-men-rely-on-women/)

[h",
vsfa50,Women can be lonely too,lonely,619,201,0.91,https://reddit.com/r/lonely/comments/vsfa50/women_can_be_lonely_too/,2022-07-06,pusillanimous303,"I see comments regularly on here about how women can’t really be lonely because it’s “so easy” for a woman to find someone. This is blatantly false. I’m not saying being a man provides the same experience as being a woman. I’m saying that women don’t have it as easy as some guys think. 

Since these statements are usually about romance, let’s look at that. Women, much more than men, have to deal with potential partners showing an interest just so they can get laid. They’re no longer human beings. They’re objects. And sometimes when the woman does sleep with a guy, that same guy could, the very next day, act like he doesn’t know who she is. Like their intimacy never happened. Being an especially attractive woman doesn’t fix this problem. Attractive women can be treated like a trophy. Something appreciated only if she can make the man look good. If she isn’t pretty enough or thin enough or outgoing enough, it makes the guy look bad—or so he thinks. Again, that isn’t being treated like a",Discussion
1pm1580,I found my roommate dead today,offmychest,616,41,0.99,https://reddit.com/r/offmychest/comments/1pm1580/i_found_my_roommate_dead_today/,2025-12-14,Kumar__01,"*I was going over this and saw how long this is. For anybody who reads this, I’m sorry it’s so long. I had to get it all off my chest.

He was cold to the touch. Not by a lot, a little, but definitely noticeable. He wouldn’t move. His eyes were wide open (I tried not to look at them too much. But it’s seared into my mind). He wouldn’t respond. I called his name, moved him. Nothing. No response. His dead body is all seared into my mind. All of it. I can’t stop seeing it.

He had been sick for two weeks, stomach pain, and I mean to the point where he could barely move, vomiting and pooping a lot (he said he would even pooped his pants). I found poop on his bathroom floor. I urged him to go to the hospital. He said he didn’t need to go. I found out today that his ex wife/girlfriend did the same.

I checked on him a few days ago, he wouldn’t respond when I knocked on his door. So I opened his door and saw him moving and breathing while sleeping. I thought he was okay.

I texted him today a",
xziaj3,My abusive stepfather died yesterday,self,616,86,0.98,https://reddit.com/r/self/comments/xziaj3/my_abusive_stepfather_died_yesterday/,2022-10-09,Kamots66,"I found out about two hours ago, and I will probably delete this later, but right now, even though I haven't seen him in a decade, a weight is lifted and I just need to shout it somewhere, anywhere. This man made 14 years of my life a living hell. He was a controlling, sadistic, alcoholic piece of shit of a human being. I hope he died alone and scared and screaming in pain and that he goes straight to the depths of fucking hell and rots forever.

Update: Thank you everyone for the support. It's to the point where I can't reply individually to each comment, but I am reading every single one. I thank everyone for the encouragement, I'm sad to learn how much this happens in the world---what is WRONG with people?---and as always there are a few, uh, odd replies and DMs. For the most part, however, I feel the strength and solidarity you are sending, and I wanted you to know it is not going unnoticed.",
wzgoq0,How to meet girls in a socially acceptable way?,dating_advice,615,437,0.97,https://reddit.com/r/dating_advice/comments/wzgoq0/how_to_meet_girls_in_a_socially_acceptable_way/,2022-08-27,PizzaTime333,"I'll keep this short because it's similar to what many other guys face as well, but would greatly appreciate any advice! 

25 year old guy. Living in major city, attractive women all around me 24/7. I think I am decent/average looking, and a funny/cool person to spend time with, and my friends would say the same, both guy/girl. Solid career. Absolutely zero dating life. I cannot figure out how in the world to meet women in a way that isn't frowned upon.  Please see some points about options that are frequently suggested below:

\-Dating apps: I've been trying them for years. Never ever get matches/likes. I've tried everything from different photos/strategies etc. Gave them up as they hurt your psyche.

\-Going to the bars: My friend group very rarely goes to the bars, so productivity for this is too rare/slim

\-Friend group/social circle/meeting people: I have a decent group of friends. It hasn't produced anything yet. I am tired of just waiting around for a woman to just ""naturally""",
1leqtxu,"Coworker cracking jokes about our coworker being a "" a single baby mama"".....Not knowing that its her adopted nephew who's parents died in a car accident with their daughter.",offmychest,614,39,0.97,https://reddit.com/r/offmychest/comments/1leqtxu/coworker_cracking_jokes_about_our_coworker_being/,2025-06-18,Angel-M007,"Wtf is wrong with the men of this generation frfr?

No seriously.  I was told things but I was with someone for 3 years in a rural small town at that. I always smh at people who said "" Somethings wrong with these men out here"". Of course Im like its not that bad is it? Well besides my ex proving this point. But still I refused to think there's a problem with them. A few bad seeds.

Omg these men at my workplace finally convinced me? What is with these men? No it's not all, but to the few of you out here who are decent I applaud you, you are a rare gem, a diamond in the rough babe. But this trend of mocking any woman 30 years of age as "" Old or used up"" lol or automatically assuming everyone is a "" single baby mom"" like what?  Buddy you act like you have no kids? What reality do you live in that you try to use aging as an insult, or single status or having cats lol? Nobodys crying we all know your projecting your insecurities Steven lol hell us women are at peace living these life style",
1oqnl1i,The one thing I noticed after 6+ years of not dating women after going through the self improvement/therapy pipeline is how fragile women are...,self,613,118,0.87,https://reddit.com/r/self/comments/1oqnl1i/the_one_thing_i_noticed_after_6_years_of_not/,2025-11-07,Low-Cockroach7733,"I've had mental health issue all my life as a result of an undiagnosed Neurodivergence. Ive had a string of failed short term relationships and a recent LDR with a special girl who helped me discover my Neurodivergent myself. I'm not the most stable guy out there as a result of childhood ptsd(being raised my an abusive schizophrenic will do that) and  untreated severe ADHD and suspected lvl 1 autism which can create lots of complications. I blame myself for those relationships failing. But Ive been getting better, focusing on building a future by becoming an Electricianl after dropping out of college 10 years ago, dealing with my own shit and  getting medicated for my ADHD which was giving me major issues when it came to maintaining  relationships. 

 Unlike most perpetually single guys, I dont think my attractiveness is the problem.  Im quite attractive, and years of working at physically difficult jobs and using gym as stress relief have given me a strong physique. I'm also classical",
1pvkmv,"As of today, I've been single for five years.",offmychest,612,130,0.94,https://reddit.com/r/offmychest/comments/1pvkmv/as_of_today_ive_been_single_for_five_years/,2013-11-04,happy5th,"For five years I wasted my life. Friendless, lonely, depressed, anxious, failing out of school and failing out of work. 

Then I became single.

It's been five years since then.

When I wasn't single I had no friends. My girlfriends-- two of them, one for three years, the other for two-- didn't have any friends, and drove away what friends I had. If I took them to parties they'd either stand angrily in the corner asking if we could leave or get embarrassingly, fall-down, blackout, carry-her-dead-weight-out drunk within fifteen minutes. I constantly apologized for their behavior and dreaded meeting new people. I got used to making excuses as to why I had to cancel plans or why I couldn't hang out, and more than once received angry screaming phone calls either demanding that I apologize for making spontaneous plans without her, bring her to hang out with people she hated, and/or cancel whatever I had that moment and get to where she was that instant.

All either of them ever did was lay",
132u9qr,There is a very unhealthy vibe in this subreddit,lonely,610,307,0.85,https://reddit.com/r/lonely/comments/132u9qr/there_is_a_very_unhealthy_vibe_in_this_subreddit/,2023-04-29,plumeblue,"28F here*. Am I the only one scrolling through this subreddit and being creeped out by it’s weird vibes? 

The amount of incel-leaning discourse that can be found here is frankly alarming - and my past experiences with this sub really emphasise that feeling. 

Boys, men, I know you’re hurting, I know you’re lonely, but *please* be careful and get out of this awfully destructive mindset setting you up against the entire world, against women, that is extremely damaging for all parties. 

You’re hurting? Find a FRIEND, first and foremost, instead of a relationship. You’ll have more chance finding it in subreddits relating to your interests than here. Cultivate that friendship. 

Go and seek psychological help!! There are amazing therapists out there who have the tools to help you out of the hole you’ve fallen into. Your perception of the world is twisted by cognitive distortions, and you MUST heal. And you’ll see that the process of healing will push you back towards socialisation. 

Plea",Discussion
hc0erf,A relationship won't solve your loneliness.,lonely,597,87,0.95,https://reddit.com/r/lonely/comments/hc0erf/a_relationship_wont_solve_your_loneliness/,2020-06-19,lonelyinlove121,"I first began browsing this subreddit a couple years ago when I was going through a break-up and needed a way to cope. I read the heartbreaking stories of loneliness from many different walks of life: young and old, men, women and children.

My own experience with loneliness is quite simple. My father cheated and divorced my mother shortly after my birth. My father was harsh with my upbringing due to his fears that my mother, who won custody, would raise his son to be a sissy.

For most of my schooling, I was able to make a few friends although I battled with social anxiety and low self-esteem. After high school I lost contact with most of my friends. At college I made a few “study-buddies” but not really true friends.

After graduating, I pursued further studies. At that time, I experienced what might have been depression although I was never formally diagnosed. My studies were severely impacted and I barely managed to graduate.

Afterwards, I found work at a start-up in a basic admin",
70psld,"I was a hopeless virgin, and then my life changed forever... this is my story",dating_advice,596,102,0.95,https://reddit.com/r/dating_advice/comments/70psld/i_was_a_hopeless_virgin_and_then_my_life_changed/,2017-09-17,_aloner,"When it came to dating, I thought it was never going to happen for me. It seemed like everyone else was light years ahead of me. I hadn’t even kissed a girl yet. 

Meanwhile, all my friends had already lost their virginity. They had girlfriends. It was like things just magically happened for them, without even having to try. They didn’t have some special knowledge or skills, but somehow they managed to hook up with girls and get into relationships.

When I asked them what I was doing wrong with girls, all they could say was, “I don’t know, just talk to them. Stop making a big deal about it.” 

That wasn’t very helpful. 

The more I tried to figure out what I was doing wrong, the less answers I had. Was something wrong with me?

That was the best explanation I could come up with. It felt like everyone in the entire school was hooking up, except for me. Even the freshmen seemed to know something I didn’t. The more I thought about it, the more I was sure… there had to be something wrong w",
1ilo6m6,My neighbor killed himself. I ignored the signes,self,594,21,0.95,https://reddit.com/r/self/comments/1ilo6m6/my_neighbor_killed_himself_i_ignored_the_signes/,2025-02-09,Kermit_Dope,"I live in a block apartment with my parents and my big brother in Denmark.

The area we live in has its dark pass with murder, gang crimes and there’s this one school with a juvenile prison and a hostel right next to it. Not that it really matters at all.

Anyways my neighbor (man) lived alone and I could always smell cannabis and weed from is his entrance. There’s this one garden in front of the block apartment that he’d regular tend to, watering and planting new plants. There would always be passerbies who’s try and pluck the flowers, and he’d always tell them off. He was always a nice guy.

A few weeks up to his suicide i spotted him walking down the streets with blacked out clothes and a hoodie, it was summer and very hot that day. His faced look deteriorated and sad. I thought of it was a of being a bit strange. ""Should I go up to him and aske of he's okay?"" Narhhhh Imma just mind my own business I guess

Fast forward to the day of his suicide. Me and my brother went out to gym in",
1011v90,Finally becoming a person after being an NPC for 19 years: does anyone else feel this way? (Rant/vent),socialskills,594,44,0.92,https://reddit.com/r/socialskills/comments/1011v90/finally_becoming_a_person_after_being_an_npc_for/,2023-01-02,MassivePangolin225,"Hi guys. Apologies in advance but this is gonna be really long. I feel like I’m going crazy and I don’t really know how to explain this to anyone in my life. 

I (F19) grew up in a pretty abusive household. I developed depression and an anxiety disorder, and cut myself off from all of my childhood friends. I dated whatever man spawned into my life, did drugs, ran away from home, self-sabotaged my closest friendships, the whole nine yards. I was horrifically depressed, terminally jealous of other people, and roiling in self-hatred. Basically I was a really unlikeable and terrible person. A classic dirtbag.

It’s so weird that when you’re in a traumatic, awful situation you can’t see ahead at all. I was so concerned with feeling shitty in the present that I never really realized there was another option. But life really does go on and it’s so surreal. Now I’m in college and I realized I was actually a pretty shitty and undeveloped person and put in the work to improve myself and mend my",
lojyxl,Having a husband sounds amazing,lonely,594,135,0.97,https://reddit.com/r/lonely/comments/lojyxl/having_a_husband_sounds_amazing/,2021-02-20,WryWaifu,"A man who absolutely chose you and only you. Someone to cook meals for and embrace when he gets home. Someone to talk about your thoughts or your day with who is genuinely interested and not just pretending to be to get sex from you.

It sounds amazing to be able to cuddle under a warm blanket and play games together (or if the soundtrack is really good just stay on the menu screen for an unreasonable amount of time). Or watch a good anime, maybe laugh and talk about it together, or even cry to it together and kiss away each other's tears. 

Just getting to rub his shoulders at the end of the day and kiss his neck. Knowing you'll be warm and safe through the night with his arms wrapped around you. 

Maybe one day. Cautiously optimistic at this point.

Edit: To those who are worried I may be over-idealizing, I have been in long term relationships before and realize there is also work and difficulty involved. But it's very worth it for such a connection with another person.

Edit #2: Als",Venting
htfo2s,someone hugged me.,offmychest,593,50,0.98,https://reddit.com/r/offmychest/comments/htfo2s/someone_hugged_me/,2020-07-18,foolishwizard_,"I went out for a walk and I got to the park and there was this girl there w her dog. 
feeling confident - I went up to her to talk and she smiled and we talked for a bit.
we both had our masks on - understanding the dangers and threats of the current pandemic. 
but she came in for a hug. 
she was shorter than me so she lifted her arms up around my neck and leaned in for a hug. 
she hugged me and left w her dog after about 10 mins of fun basic dialogue. 
I'm crying a lil. 
why did such a seemingly insignificant action affect me so much. 
i smiled and I'm still smiling. 
this girl didnt even know my last name and I didnt know hers but she made such an impact on my life that two days later I still smile at the thought of that hug. 
maybe this is a sign of how broken and lonely I am. 
maybe I'm very sentimental and appreciate the little things in life. 
it just feels good to acknowledge that someone other than my mom gave me a hug.
the little things matter man. 
i love life rn

update : a",
1iift3r,Carl Jung's theory of the collective unconscious suggests that Hitler wasn’t just an individual leader but a product of the mass psyche of the German population at the time.,self,589,151,0.91,https://reddit.com/r/self/comments/1iift3r/carl_jungs_theory_of_the_collective_unconscious/,2025-02-05,Guilty_Adeptness_694,"His rise wasn’t random—it was the result of deep-seated fears, unresolved national trauma, and a longing for a strong, almost mythical savior figure.

A similar pattern can be seen with Trump. He is not just a man but a reflection of a collective psychological state—a population shaped by political disillusionment, economic instability, and cultural anxiety. His rise wasn’t about intelligence or stupidity alone but about fear, frustration, and a desperate search for someone who could ""fix"" a system people felt had failed them. He became a magnet for that unconscious energy, just as Hitler did in Germany, though in a very different context.

The Germans of Nazi Germany dreamed of a leader who would restore their national pride and lead them to greatness, their wounded egos fueled by visions of superiority and world domination. In the U.S. today, Trump's rise is a symptom of something different but related—the desire to return to an imagined past, a golden age that never really existed.",
10ebntk,My Harasser Has Killed Himself (Suicide Trigger Warning),offmychest,589,88,0.98,https://reddit.com/r/offmychest/comments/10ebntk/my_harasser_has_killed_himself_suicide_trigger/,2023-01-17,Federal-Gear90,"I’m a 33-year-old male who was harassed by this man from my gym from early June last year to the end of November. I wrote about my experience previously on Reddit. It started with him staring at me constantly in the gym and making excuses to get close to me and escalated to him waiting for me after the gym and taking my photo. I tried changing and varying my schedule at the gym but he would turn up when I was there. I also had to see him in our local area at the supermarket etc. I could not leave the gym, because I would have broken my contract and I was doing a fitness program I’d already paid for in full.

I reported him to the Police and also got support from an anti-harassment charity. I tried speaking to this man at the gym to try and clear the air, but he was rude and aggressive. He then tried to gaslight me by sending me a message on social media making out I was bothering him. After that, he carried on coming to the gym when I was there and it go to the point where he was tryin",
9qj1u2,I Love MGTOW,AskMen,588,586,0.73,https://reddit.com/r/AskMen/comments/9qj1u2/i_love_mgtow/,2018-10-22,RampagingKoala,"No seriously, I actually love it.  It's great.  I've been a mod here for a while and it's the real reason that I keep coming back to this sodium-encrusted garbage disposal.

Watching you chucklefucks come in here spouting off you pseudoscience garbage about how men are biologically engineered to be better than women gives me a giant fucking stiffy.  Reading about how society is designed to fuck over men in every facet makes my nipples hard.  Seeing someone unironically type the term ""divorce rape"" gets me so close to the edge I have to try so hard not to bust all over my pants.  

When they talk about ""programming"" it just gets me.  Because people who spout out the term ""NPC"" and ""programming"" like they're the edgiest fuckers ever makes me realize that cognitive dissonance exists everywhere.  Like, for example, in people who think that they're so ""liberated"" from using the terminology everyone uses that they all start to use another set of terminology all together.  They've diverged fr",
bwy0ow,I guess I am the problem,dating_advice,575,374,0.96,https://reddit.com/r/dating_advice/comments/bwy0ow/i_guess_i_am_the_problem/,2019-06-05,ppbs19,"Pretty much EVERY girl i show interest in rejects me.

How do I fix this? 
I took therapy to become and feel more confident. I worked on fitness and appearance. I spent the last 7 months working on myself. 

Yet nothing. I am 27. I am getting desperate to feel and experience what I see around me. 

Is this something that is not for me? Should i just acccept that i am going to die a miserable lonely man? 

This agony is worse than any pain I have experienced.",
gqvaoo,I found a pigeon and named him porridge. He is my only friend but he is a good one.❤️,lonely,574,73,1.0,https://reddit.com/r/lonely/comments/gqvaoo/i_found_a_pigeon_and_named_him_porridge_he_is_my/,2020-05-26,TwinPeakingOnMeth,"He landed on my bedroom windowsill a few days ago. He is a very fat young man. I think it's a he, I don't know why, he just seems like it. Porridge felt like a good name because he's just so podgey. 

He's a very docile creature, he lets me stroke him and pick him up and is generally placid.  In all honesty he seems completely brain-dead but he's very sweet and his derpy face is endearing :) 

He makes me smile, I wish everyone had a porridge. I hope you're all okay, and if anyone feels lonely and would like to talk then feel free to pm me ❤️",
1gie9f8,My Experience With Gaslighting as a Male Survivor of Domestic Violence,MensLib,570,57,0.97,https://reddit.com/r/MensLib/comments/1gie9f8/my_experience_with_gaslighting_as_a_male_survivor/,2024-11-03,Throwaway-625,"If you are a man reading this who is in an abusive relationship please don't be discouraged. Reach out for help. Most reputable, legitimate organizations like the domestic violence hotline believe male victims and take the issue seriously. There is a lot of talk online about how it's so hard for men to find professionals that believe them but it's not really true. Actual professionals know that domestic violence against men exists and they will believe you. At least that was my experience, one of my only regrets is not reaching out sooner. You are not alone.

Sorry for the long post. I'm just writing this to put my feelings to words. It helps me feel sane. If anyone finds any benefit from reading this then that's just the cherry on top.

I was in an abusive relationship about 2 years ago. I was so effectively gaslight by my abuser that not only did I feel crazy, but I felt like a jerk for feeling scared. They would blow up in a violent rage and afterwards when they were calm they would",
73kz9p,My Pregnant wife hates me,self,570,118,0.92,https://reddit.com/r/self/comments/73kz9p/my_pregnant_wife_hates_me/,2017-10-01,chasewood240,"My wife and I got married over the summer, we were childhood best friends and there was always an emotional connection. We got married after only 3 weeks of dating after finding out she was pregnant. She assured me that she had always wanted to be with me so I just agreed to jump the gun.. 5 months into the pregnancy now and I just don't think I can do it anymore.. 
about 2 weeks after the marriage she told me that she resented me for getting her pregnant.
At this point she says she doesn't respect me or like me or even love me for that matter. I told her we shouldn't be together if she truly felt like that which led her to ignore me for weeks. 

It has gotten to the point where she says there is nothing to say about it and that I just need to ""wait for her to get over it""

My mental health is deteriorating. She will post on social media with friends looking happy and fine, yet she can't look at me without reminding me that she feels nothing for me.  She announced the pregnancy without",
1ndl81u,What actually separates guys who always end up in relationships from those who don’t?,AskMen,567,402,0.93,https://reddit.com/r/AskMen/comments/1ndl81u/what_actually_separates_guys_who_always_end_up_in/,2025-09-10,bing_ji_ling,"Aight so ignore the title and just read if you could spare some time and drop some advice if you can. Thanks in advance brothers, lemme begin.

I’m 24M. Had a couple casual things back in middle school but since then it’s been dry as hell for me when it comes to dating. Sometimes I think, how hard could it be to get into a relationship? Why does it feel like a puzzle to me?

I get sad and lonely at times, but then I think—damn, the idea of making someone fall for me feels like a massive, damn near impossible task. So I back out, focus on other stuff like fitness, eating healthy, learning new things. But then that wave hits me: *“Aight, I’m doing all this but if I got no one to share it with, what’s really the point?”* Then I end up demotivated again, doomscrolling, looking up relationship advice and tactics—just stuck in this never-ending cycle.

Meanwhile, I got a buddy who seems to stumble into relationships like it’s nothing. Back in high school, he met this girl at a friend’s party",Existential post
72wob7,All my relationships failed in the first 3 months... until I learned this lesson,dating_advice,567,80,0.94,https://reddit.com/r/dating_advice/comments/72wob7/all_my_relationships_failed_in_the_first_3_months/,2017-09-28,_aloner,"For years I couldn’t keep a relationship going for more than a few months. Dating was confusing to me. I got dumped multiple times, even when I thought I was doing all the right things. 

Today I’m in the best relationship of my life with a woman who loves me for who I am. Our relationship has only gotten better and stronger over time. We talk about spending the rest of our lives together.
 
Having a relationship last this long (and more importantly, still be good) is no easy feat. It has taken a lot of personal growth for me to become the man I am today. I had to learn a lot of lessons the hard way, by making mistakes.
 
I’m going share some of those lessons with you today, so you can start your next relationship strong and set it up for success. 

I remember what it was like, feeling confused and not knowing what I was doing wrong. It was really hard. I want to help guys like me overcome these hurdles and become confident at dating. 

If you’ve been struggling to make a relationship",
1bvurpu,"Men Are Lonely. We Explore Some Reasons Why, And What Can Be Done About It",MensLib,566,145,0.95,https://reddit.com/r/MensLib/comments/1bvurpu/men_are_lonely_we_explore_some_reasons_why_and/,2024-04-04,TAKEitTOrCIRCLEJERK,,
a6w0xe,Husband (31) Walked On Me (31) And Our Two Babies,relationship_advice,565,158,0.95,https://reddit.com/r/relationship_advice/comments/a6w0xe/husband_31_walked_on_me_31_and_our_two_babies/,2018-12-17,blackarrowpro,"A very brief history: we’ve been together for eight years and married for five years. We had (what I thought, anyway) a brilliant friendship and loving relationship. We barely argued or disagreed, we spent so much time laughing and enjoying ourselves, and we always took time to tell each other how much we appreciated one another.

Two years after we married he accepted a job in the city which was about an hour away from our home. Things were okay at first, but then over the months he would come home less and less. He would ring and say “I’ve had a big day at work, so I don’t feel like driving all the way home. I’m going to stay at my friend’s house.”

I was then left to do a lot of things on my own (like all the chores and home maintenance) plus attend a lot of functions on my own. At this point in time, I also had a newborn baby, so the responsibility to do everything on my own was mounting.

During this time he shifted to a different group of friends: young bachelors who either lived",
ass6gz,"How do deal with boredom, disappointment, and friendship in your 30's?",AskMenOver30,558,452,0.93,https://reddit.com/r/AskMenOver30/comments/ass6gz/how_do_deal_with_boredom_disappointment_and/,2019-02-20,pacificbiketour,"Hi Reddit, I just turned 33. Wow.



All through out my 20's, life was exciting. I spent my early adult college years partying, chasing girls, and ever so often-studying . My friends and I talked a big talk about how we were all going start businesses &amp; travel the world. I found my mid twenties to be just as enjoyable; We now had jobs, of course, but there were plenty of happy hours, and now we could finally afford those trips we had talked up in our heads. The recession had struck in '09, which made it so many of us pushed off the married with children life. In fact, life was better every year. Until 28. Something happened at 28.



It's like my world shrunk at 28. Suddenly half my friends got married and moved out to the suburbs. The other half, seemingly because they lost their roommates, moved back home. I swear my friend group shrunk from 20 to 5 in the span of a year.



And now, in my 30's, I find everyone so boring! In the past we all lived in the trendy part of town, compl",
1estvpa,"Tried reporting production of CSAM (child p*rn) to police; they brushed me off. three times. now ask ""why I never reported""",offmychest,556,55,0.96,https://reddit.com/r/offmychest/comments/1estvpa/tried_reporting_production_of_csam_child_prn_to/,2024-08-15,Hour-Length8969,"In high school it came to my (currently 21 F) attention that a group of well respected boys (currently 23-24) were collecting nude photos of ""every girl in town"". It started as just the girls in school then turned into something a lot more foul. This all takes place in 2018-2019 and this is how I came to find out:

I dated one of these boys (before I knew, obviously). I was told by one of his ex friends to ""check his homework file on his computer"". One time when I was over his house and he was in the kitchen I went over to his computer, which was already open and saw normal folders related to ""pre-calc homework"" or ""bio homework"" (etc.) then a lone folder in the corner just titled ""homework"".

I click, I see what I expected to see after what I was told; nude pictures of my classmates and friends, but then pages and pages of small, pre-pubescent children. Nude and/or doing adult acts. I was disgusted, like actually about to throw up and feeling dizzy, as I'm a survivor of child sex abus",
1bquy36,I hate my husband postpartum am I exaggerating?,offmychest,555,124,0.98,https://reddit.com/r/offmychest/comments/1bquy36/i_hate_my_husband_postpartum_am_i_exaggerating/,2024-03-29,RBKGP,"Me (25F) and my husband (30M) welcomed our baby girl 2 months ago. It was a planned pregnancy. However, I feel like my husband only wants to be a parent when it's convenient for him (i.e. only when baby is happy and content). He is not taking care of me at all and made derogatory comments about my C-section. I hurt myself the other day and told him my scar was hurting to which he responded ""C-section is not that big of a deal"".   All he does is saying hello to the baby in the morning before he goes to work. He is going to the gym almost every day after work because he says he needs it for mental health but the baby is fast asleep by the time he gets home yet he complains the baby is not attached to him. I told him several times that I would like to go to the gym too since I hate how my body looks and his graciously agreed to look after the baby only on his days off work so I can exercise twice a week (yet he gets to exercise 5-6 times a week). I feel lonely and isolated but he doesn't",
7n2gy6,Tired of being a Nice Guy. What does it take to be a Good Guy?,AskMen,554,253,0.9,https://reddit.com/r/AskMen/comments/7n2gy6/tired_of_being_a_nice_guy_what_does_it_take_to_be/,2017-12-30,SoundandFurySNothing,"""Maybe you're the problem"" is a common theme on r/niceguys but I don't see a lot of suggestions for recovering niceaholics

I've got some nice guy symptoms:

- Trying to be nice so it leads to relationships

- Overly respectful (I ask for consent for everything)

- Resentful of women and afraid of rejection

- Feeling of entitlement to what others have
    - love, sex, couple stuff in general

- Resentment of men who have a SO and regular sex. Especially if my value assessment of them as a person isn't positive.
(Howcouldshebewithhim Syndrome)

r/niceguys hunts and finds people like me to prop up and redicule as nice guys. I think a lot of us are just beta males trying to figure out the old and new rules of engaging women and failing spectacularly. Hence the sub dedicated to their cringe worthy behavior.

I joined r/niceguys to try and identify nice guy behavior in myself and cure it if I can but no one really gives advice on what to do, just what not to do.

I just end up feeling real",Frequently Asked
32o8ko,My grandfather just called me a pussy,self,554,224,0.91,https://reddit.com/r/self/comments/32o8ko/my_grandfather_just_called_me_a_pussy/,2015-04-15,Tsukamori,"I'm 16 and my relationship with my grandpa has never been the best, but this morning he decided to not hold back on me.

He was visiting and my mom made breakfast. I was happily eating along and suddenly he just sorta snapped at me at the table.

He was talking about everything he had to do as a child and how hard life was, and comparing that to me and how much of a pussy I apparently am.

My mom started defending me, telling them how I used to walk to school alone at 8 years old and that I can definitely take care of myself. He basically ignored it and told her she raised me wrong and that I'm way too dependant of her. I should 'man up', get a girlfriend already and make my own breakfast.

So now there's one thing I know for sure. He will die never having known I'm gay.",
vzoemh,How looking people in their eyes changed my life FOREVER,socialskills,553,50,0.96,https://reddit.com/r/socialskills/comments/vzoemh/how_looking_people_in_their_eyes_changed_my_life/,2022-07-15,Huna1124,"# There was once a little me, 

*felt separate from every person in this world. lonely. Most of us know the feeling, although sometimes surrounded by a lot of people.*

When dealing with people, I've always asked myself why I find all this difficult, or why I just couldn't connect with someone. I'm the type of person who couldn't even remember other people's faces and names when I met them. most of the time it was almost embarrassing when I used some linguistic tricks to find out what my opposite was called again. Im sure you know these type of situations too.

Even being good friends with someone sometimes felt like watching a movie. there is only me and everything else passes me untouched. I don't mean that I'm emotionless, but I think you get what I mean. Even if I once had the courage to ask a girl out on a date, I never felt like connecting with her. Sometimes I would also sit at home and wonder if I came across as uninteresting, ugly, boring, intimidating, arrogant or something l",
1lj4e80,I hate being a (straight) man,offmychest,549,138,0.84,https://reddit.com/r/offmychest/comments/1lj4e80/i_hate_being_a_straight_man/,2025-06-24,SirAustinMeow,"I went to a concert tonight. It was an amphitheater with lawn seating. A girl was sitting on front of me with her group and her drink can fell over. I instinctively picked it back up for her so it wouldn't spill out. She turned just in time to see my hand on her drink, but not the fact it fell over. I didn't think anything of it until a few minutes later when I saw her shaking the can by her ear and no longer sipping her beverage. It finally clicked - she probably thought I was trying to drug her. I went to the bar, bought another of the same drink she had and begged the bartender to not open the can  at the bar (which they have to do by policy). He was nice enough to let it slide after I explained the situation and I gave the girl the sealed drink. She still seemed uneasy, but accepted it, and shortly after, her and her whole group relocated. 

I'm not mad at her apprehension, in fact I respect it, but I felt like shit for the rest of the night. I hate being a man and all of the negat",
1cbriv5,My partner told me a secret that broke me,offmychest,545,158,0.91,https://reddit.com/r/offmychest/comments/1cbriv5/my_partner_told_me_a_secret_that_broke_me/,2024-04-24,ExtremeEmergency5157,"Last night my partner and I were in bed just chatting like always. The conversation took a turn and got really emotional. After gathering the strength, my partner told me that they are in love with a fictional character, I knew they loved the character but I guess it was deeper than that. Now I’m not saying that’s wrong, people get attached to a fictional character. It happens. But this is different, they are full blown in love. I promised my partner I don’t see them any differently because of it, but it broke my heart hearing them talk that way about someone else. The fictional character has a special place in their heart and they assured me that it doesn’t get in the way of their love for me. For the first time in our relationship, I felt 2nd place. Am I wrong for that? Everything is normal between us now that I’ve cried it out, but the sting is still there. I don’t know how you feel about it. 



Edit: just want to make it clear that there is one character involved. There has only e",
1qbwswf,"[Update] to: My [40M] date [39F] said I violated her consent in terms of kinks. What exactly is a ""kink""? I thought I was vanilla...",relationship_advice,545,172,0.84,https://reddit.com/r/relationship_advice/comments/1qbwswf/update_to_my_40m_date_39f_said_i_violated_her/,2026-01-13,ThrowRA_consent101,"Hello everyone, I randomly remembered this account and that I never gave an update to my post from over a year ago: [Link](https://old.reddit.com/r/relationship_advice/comments/1db9z2z/my_40m_date_39f_said_i_violated_her_consent_in/). 

I got very overwhelmed with the amount of replies (Over 300 messages in my inbox after I woke up!) and when I realized that I had also translated things wrong into English, which made things worse, I just kind of gave up, especially since people's opinions also were divided and I ended up somewhat confused. Shoutout to u/Fjordgard for explaining my translation error in the thread!

Around three days after my post, I surprisingly got a message from Dana, telling me she wanted to meet up one more time. She made it clear that she didn't want to continue seeing me, but that she felt she owed me a face-to-face apology. Seeing as I wanted to apologize myself, we met in a park and talked. 

Dana wanted to start because she felt she ""set me up"". She reiterated",
a40yzt,Read a post in r/TooAfraidToAsk about a man who can’t cry in front of anyone. I’m wondering how many men only cry when they’re alone or can’t cry. Who do you feel comfortable expressing those emotions with? Do you think it’s more acceptable now for men to cry than it used to be?,MensLib,544,190,0.98,https://reddit.com/r/MensLib/comments/a40yzt/read_a_post_in_rtooafraidtoask_about_a_man_who/,2018-12-07,CatHatJess,,
sjpd27,On The Reactionary Nature of MRAs in India,MensLib,542,97,0.92,https://reddit.com/r/MensLib/comments/sjpd27/on_the_reactionary_nature_of_mras_in_india/,2022-02-03,enkayjee2,"I have to say that among the countries that I would have expected Men's Rights Activism to grow in, I would have considered India to be the least likely among them. As someone who is born and brought up in India his whole life, I can tell you with absolute confidence, there is an infinitismally small number of systemic or cultural ways in which men are at a disadvantage in India. And yet the surge of support for the #MarriageStrike movement has astonished me.

Simply put, #MarriageStrike is a reaction to a series of petitions being heard by the Delhi High Court (think of a High Court as a state level Supreme Court) regarding acknowledging Marital Rape as a crime. Till now, according to our Penal Code, any sex that is done by a man with a woman inside a marriage cannot be considered rape (Section 375 Exception 1). It can be considered Cruelty at the hand of the husband (Section 498A) or it can be considered sexual assault as part of domestic violence (The DV Act), but not rape. An NGO f",
1p0wf9d,"Men of reddit, do you like physically sleeping with your partner? Why?",AskMen,535,247,0.92,https://reddit.com/r/AskMen/comments/1p0wf9d/men_of_reddit_do_you_like_physically_sleeping/,2025-11-19,shrimptimebabey,"Is it just a general “ooo woman (or man/nb) soft” or a greater level of bonding and trust you feel? Do you feel like you sleep better with a partner or alone? Does it make you really sweaty? Do you feel insecure about snoring? 

I (f24) am a super fussy sleeper and find it difficult to fall asleep with someone else, my 2 exs always begged for me to sleep over, I thought it was because they thought they would have more opportunities for sex. Idve obliged but I toss and turn for hours if I don’t have my weighted blanket and earplugs and such. I find that guys always fall asleep super quick, do yall find that you fall asleep quicker with partners? Or is it mostly because of post coital exhaustion?",
9gd2bj,No one believes that i was in an abusive relationship.,MensLib,532,44,0.96,https://reddit.com/r/MensLib/comments/9gd2bj/no_one_believes_that_i_was_in_an_abusive/,2018-09-16,Onslaught23gr,"Me and me ex broke in 2015 but still the feeling of hopelessness takes its toll every freaking day.

We started at December 2010 when i was in the Army (in Greece, enlisting is mandatory when you're 19 years old).

The first year was awesome. But as the time was passing she was becoming more and more obsessive with me. When i was messaging my cousin, she would break my phone. She would call me names when i was too broke to go out. She was constantly reminding me worthless i was and how i was lucky that i had her.

She would go out with her friends for all night. But when i went for a drink with my friends she would just tell me ""have fun"" and then wouldn't speak to me for two straight days. I know, it's more a meme now but it is not ok. With all these happening, i couldn't have sex with her. How could i? I'm not a testosterone robot who doesn't give a flying fuck what a person whom i love, says to me. When i comforted her that we should leave this relationship she said exactly this: ""I",
jghrun,What is the right move after finding out your son isn't yours,AskMen,532,317,0.95,https://reddit.com/r/AskMen/comments/jghrun/what_is_the_right_move_after_finding_out_your_son/,2020-10-23,PerryWeAreTopDeeJays,"Within the last hour I just received a peace of mind DNA test for my son and I, which came back with a zero possibly of being his farther... I'm obviously destroyed by this news.

That being said I woke his mum and broke the news within a few minutes of reading the results, I don't hold any grudges against her as I believe she was positive that I was the child's father as we had regular sex but one guy made it in before we really got together an she claims to have taken the morning after pill with no contact from the guy ever since with no knowledge of his full name or home town.

But here I am 2 years later bring up his bloodline with my last name. I know my son will one day figure out he ain't my son or something will build elsewhere and pop one day, opening a can of worms I don't think I'm ready to deal with. So my question is how does a man move forward with the best interest of the boy, which will be farther less if I walk away, just that damage that comes with the loss of a farth",
1iph8s3,"Men, Women and Social Connections - Roughly equal shares of U.S. men and women say they’re often lonely; women are more likely to reach out to a wider network for emotional support",MensLib,530,125,0.95,https://reddit.com/r/MensLib/comments/1iph8s3/men_women_and_social_connections_roughly_equal/,2025-02-14,Atlasatlastatleast,,
152d1na,My (F26) Husband (34M) has changed since having our twins.,relationship_advice,529,289,0.94,https://reddit.com/r/relationship_advice/comments/152d1na/my_f26_husband_34m_has_changed_since_having_our/,2023-07-17,Ok_Restaurant_5553,"I (26f) have been married to my husband (34M) for two years now. We have recently become parents of twins who were born early and spent some time in hospital due to this. 

In early June I had to go into hospital and had emergency surgery to remove my gallbladder. I ended up hospital for 9 days and in that time my husband and my mother took care of the twins, this is where the issues began. My husband only visited me twice while in hospital which really bothered me. My mother had the children from around 10am until 9pm so my husband could rest and have time to himself. My mother would be the one to bring the children to visit me and the whole experience was incredibly lonely. 

After returning home, I noticed my husband had changed. He was snippy with our twins (who were only a month old at the time) and despite being 5 days post surgery and still having a surgical drain, a lot of the childcare fell back on me and in the time I was gone, it appeared that no chores were completed and th",
1sl11w4,"Giving him the peace he’s always been asking of me. Im 33F, he’s 35M.",relationship_advice,529,149,0.89,https://reddit.com/r/relationship_advice/comments/1sl11w4/giving_him_the_peace_hes_always_been_asking_of_me/,2026-04-14,ydaffodil,"Me(33F) and my husband(35M) have been together since 2017. We got married pretty quickly after dating each other that same year and we’ll be almost coming up to 9 years. We both instantly knew that we were meant for each other like two people like puzzle pieces that been searching and finally found one another. We’ve had our ups and downs, but we always managed to keep trying to work it out for each other.

He always took care of me and thought about my well being. He’s a simple guy. He’s a good, hard working man. He really tries his best to make sure we live comfortably. He always tells me he loves me and makes sure to show it too. When I worked he never asked me to help pay for rent, gas or dates. I only had to pay for groceries. I am really thankful for everything he does (even till now) for me and us together. I try showing that by doing my part as his wife and being his support system. He’s also a grumpy man. Usually his way or no way. He can get pretty mean and avoidant. He’s als",
1i5ucfk,"Why does it seem like way more people complain about men complaining about ""male loneliness"" than men actually doing that",AskMen,528,183,0.83,https://reddit.com/r/AskMen/comments/1i5ucfk/why_does_it_seem_like_way_more_people_complain/,2025-01-20,uniterofrealms_,"I have been seeing this across all platforms, Reddit, Twitter, TikTok you name it. When I see someone referencing ""male loneliness pandemic endemic"" yada yada, its seems 8 out of 10 times its someone complaining about men complaining about it. And these posts get resounding approval from the public too. It all feels like manufactured outrage tbh. Like they made up a person in their mind to get mad at.",
1fluo35,My ex left me insecure about external factors. And I have struggled to find someone to talk to without getting extreme ideas in response.,self,528,11,0.98,https://reddit.com/r/self/comments/1fluo35/my_ex_left_me_insecure_about_external_factors_and/,2024-09-21,ThrowRA_ConfusedUser,"TLDR: (25F)EX broke up with me(25M) a few months back. She suddenly was against kids and came out as bi, and wanted to leave to explore life by her own. I'm now insecure that all partners will do the same, trying to talk to people about that irl has just fed the insecurity.

So I (25M) am a couple of months out of a 3 year relationship with my ex(25F). At the beginning of the relationship, we got along great, we shared the same core values and extremely similar life goals. However, around 6 months ago, she came out as bisexual and told me she might not want kids anymore. I really struggled with those revelations but did my best to support her through those 6 months, however she eventually left me because she wanted to explore that part of herself before settling down. She said ""You are and amazing boyfriend and will be a great father"" and ""We need to break up"" in the same conversation.

This hurt me quite a bit, and it destroyed every sense of stability my mind had. I did my best to be",
9vo61r,I'm getting accused of stalking a girl I never even knew existed. I don't know what to do.,self,525,184,0.96,https://reddit.com/r/self/comments/9vo61r/im_getting_accused_of_stalking_a_girl_i_never/,2018-11-09,ConnectVictory,"This is on a college campus in the U.S.. The girl reported that she sees me too much, and apparently that was enough to take action on me. I only know her name, because the letter that was sent to my door said to not talk to the person. The insane part is that I live on campus, I study on campus, go to class on campus, eat every day on campus, and even work 20 hours a week on campus. Most people know me on campus because of the way I dress and my positive attitude. I am a 19 year old male on a female dominated campus with only a few thousand people, in an isolated town.

&amp;#x200B;

Should I be worried, if I haven't done anything wrong? How can I protect myself against a false accusation?

I have no reason to believe she has malicious intent.

&amp;#x200B;

To be fair to my accuser, we go to a university in Alaska. Alaska has very high crime rates compared to other parts in the U.S.. As a tall male from a very safe town, It is probably harder for me to understand how this girl truly",
4g7dge,First kiss holy fuck,self,525,74,0.85,https://reddit.com/r/self/comments/4g7dge/first_kiss_holy_fuck/,2016-04-24,LegoStaircase,"I had my first kiss tonight and I have so many things running through my head. It was a friend of mine and we were playing laser tag with a couple other friends and we were alone and she just did it, man. We sorta talked about it after. She found it so hard to believe that I hadn't kissed anyone so she just did it??? Then, when we stopped at my place, she and I just looked at each other for about 30 seconds, a long fucking 30 seconds. I just went for it, so we kissed again??? Like it was that easy this whole fucking time? Man, I'm such a puss lol.

I feel so much better because I've wanted to go after her for so long but I'm too awkward to do shit like that. But, I also feel kinda bad because what if I fucked things up between us? It's not even about the kiss anymore, it's about what comes after. Do we go back to normal? I don't know.

I'm so happy, scared, and confused all at once.

(I'm 19 btw. Idk why it took me so long.)",
nev54i,I‘m so sick of it,lonely,524,92,0.97,https://reddit.com/r/lonely/comments/nev54i/im_so_sick_of_it/,2021-05-17,bambul36,"Everyone tells me I should love myself. That nobody could love me if I don‘t love myself first. I should have a fulfilling live on my own. A partner should be a nice asset, not a necessity. My „bestfriend“ (F22) told me that if I started a relationship right now, it wouldn‘t be a healthy one, it wouldn‘t make me happy. Sorry but HOW THE F*** WOULD YOU KNOW?! 

She’s with her boyfriend for 3 years now. They are living together, even during the pandemic. She wouldn‘t know how it feels to be alone. To be so lonely. She gets cuddled into sleep every night and wakes up to the face of the man she loves and who loves her. 
Oh and just so you know, she was depressed and cut herself before and during the relationship. So f*** you and your selflove, you are clearly loving yourself so much and are living such a fulfilled life without anyone.

Sorry I need to vent. I‘m so f***ing lonely and everyone tells me I should love myself and that it will fix all my problems. Spoiler: no, it won‘t. I would",Venting
w79wdf,"My best friend is getting married and inviting me to a wedding, and still single... should I still go?",socialskills,524,275,0.92,https://reddit.com/r/socialskills/comments/w79wdf/my_best_friend_is_getting_married_and_inviting_me/,2022-07-25,john105t,"So long story short, my friend since childhood (who I haven't seen in like 5 years) is getting married.

He reached out to me recently, and I was one of the first to know before he made the official announcement.

He wants to invite me to the wedding and be one of his ""big"" guests. Not best man I hope.

My only hesitation is that I'm 26, and still single. Don't have any friends who are girls.

Does it look out of place to show up to a wedding alone? Should I decline?

Would it be bad to skip the reception and just attend the ceremony?",
foiyxe,How do you become friends with other guys?,MensLib,521,108,0.98,https://reddit.com/r/MensLib/comments/foiyxe/how_do_you_become_friends_with_other_guys/,2020-03-25,Critical-Screen,"The title says it all. I find myself lacking close friendships with other guys/dudes, yet I want to have them. I'm wondering what strategies or advice y'all can give to help me make some friends who are guys?

I know that there are a few recourses offered on making friends in this subreddit: e.g., [https://www.helpguide.org/articles/relationships-communication/making-good-friends.htm](https://www.helpguide.org/articles/relationships-communication/making-good-friends.htm). However, I'm wondering if there are specific conversation topics or ways to bond that you have found successful? Or additional advice/perspective you think may be helpful? There are a countless number of articles that document the social problem of men feeling lonely and not having close friends (included below). Hopefully something useful comes out of this.

1). [https://www.huffpost.com/entry/men-friendship-crisis\_l\_5dbc9aa7e4b0576b62a1e90](https://www.huffpost.com/entry/men-friendship-crisis_l_5dbc9aa7e4b0576b62a",
2k78de,"Dear Bristol Palin, Nobody Cares.",offmychest,520,89,0.85,https://reddit.com/r/offmychest/comments/2k78de/dear_bristol_palin_nobody_cares/,2014-10-24,_DontChaKnow_,"I am so tired of seeing her shit on the “news”. Some rednecks got into a fight at a kegger. Who cares? 

Today I saw a headline written by that little Palin twit: “*The Media Reveals Its Bias Against Conservative Women Once Again*”.

You want to go back to a [conservative] time when woman were ostracized from academia, the workforce, barred from voting, and expected to be Suzy homemaker, in some bullshit fantasy where the only role of women is to raise children and satisfy men?  The Palin family is nothing more than a bunch of bumblefuck trailer-trash puppets being used to leverage a fading white male conservative fantasy (yes, this is being written by a white American man).  People like her make Americans look incredibly foolish to the rest of the world.  The only reason she gets media attention is because of the joke that is her mother’s trainwreck of a political career.

Maybe she reddits and will read this, so let me be crystal:

Bristol, “You are not special. You are not a beautif",
1nw1txx,(Update) My (22F) girlfriend (23F) has “manic pixie dream girl”ed the men in her life. Do I need to say something?,relationship_advice,519,42,0.9,https://reddit.com/r/relationship_advice/comments/1nw1txx/update_my_22f_girlfriend_23f_has_manic_pixie/,2025-10-02,MathematicianOld8258,"Link to my original post: [here](https://www.reddit.com/r/relationship_advice/comments/1nk4g96/my_22f_girlfriend_23f_has_manic_pixie_dream/)

So I don’t know if anyone cares, but I have an update. It's a bit of a longer post and more story-ish, so sorry. 



Before I go into the story, I just want to clarify:  the use of “manic pixie dream girl” in this post and the other was meant to be ironic/a joke. I see that phrase as such a stupid and bad trope that I assumed my use of it would quickly be seen as judgment towards men who actually use it. That’s totally on me, I should have been more careful with my words and also realised tone of voice doesn't translate well online (and also just not try to be funny while seeking advice). 

It was really hard from the comments to work out what to do with my situation. It felt like a lot of people hadn’t fully read the post/understood what I was asking (the number of people that thought I was a man asking my girlfriend to change her personality is",
59vdlf,15 Glaring Signs Of Social Incompetence You Want To Avoid At All Cost,socialskills,518,43,0.93,https://reddit.com/r/socialskills/comments/59vdlf/15_glaring_signs_of_social_incompetence_you_want/,2016-10-28,aIVIis,"Everyone wants to read about how to develop great social skills. But what good are the best tips and techniques if they are being destroyed by negative behavior that makes you come across like a douchebag? Worry no more. Here is a list of behaviors that you should avoid at all costs if you want to be seen as socially skilled.

Before we dive in, I would like to clarify something: Everyone has some negative social behavior. It’s normal. Things become problematic, however, as soon as these behaviors turn into habits.

I, for example, used some of the negative behaviors below as my default state of communicating. I did not know how to connect with others through positive communication. So I relied on connecting through negativity. But it backfired on me. Because who is going to spend time with a person full of negative social behavior? Right, people with the same social incompetence.

So, learn from my foolishness, be honest with yourself, assess which of the following habits you are guil",
1smdpdh,What becomes more important the older you get that most young men don't quite understand?,AskMen,518,260,0.95,https://reddit.com/r/AskMen/comments/1smdpdh/what_becomes_more_important_the_older_you_get/,2026-04-15,optimaltimemism,"It seems the internet exposes a lot of ideas and beliefs that young men are influenced by due to loneliness, feeling of inadequacy, low self-esteam, etc.. On the other hand, there is a ""macheesemo"" (toxic masculinity) about how ""alpha,"" manly, arrogant, strong, etc., a male should behave and view others.

Then, you have expectations from the opposite gender (not all females) of height, physique, courtship, salary, societal standards or aspirations humans have.

If you saw children (I vew my younger self as a child, still kind of do) struggling to find a foothold in their life, what would you want them to know becomes clearer the wiser and older they'll get?

EDIT: So many great replies. I hope they reach those who are in need of receiving them. I know some of us can be stubborn and think we can do it on our own, but everyone needs a helping hand or two. It's what being human is all about. Community.",We're All Virgins
1l4yo4v,"It's ridiculous how many people think ""don't go places to meet someone"" is good dating advice",self,517,386,0.89,https://reddit.com/r/self/comments/1l4yo4v/its_ridiculous_how_many_people_think_dont_go/,2025-06-06,SalamanderSurfing,"**Edit: No, I am not misinterpreting ""don't be desperate"" as ""don't try to meet people."" I have literally argued with people who have told people seeking advice you won't meet anyone until you stop looking for a partner, that it happens when you least expect it, that there are no steps to take to form a relationship because it should just happen automatically when you're content enough with yourself, and other things.**

**What is it that possesses people to think they know what people actually said in discussions they were never in?**

I'm almost starting to think it's a psyop designed to keep people lonely. Or it's just people projecting their social anxiety and thinking it's helpful advice.

People act like going to any kind of gathering or place where people socialize with the intention to get laid or meet someone is automatically going to make people think they're desperate and be turned off by them, when that doesn't happen in real life. What turns people off isn't intending to m",
adn5nd,"We have a real problem, it’s friends, and we should all really try to get and maintain good ones.",MensLib,512,57,0.97,https://reddit.com/r/MensLib/comments/adn5nd/we_have_a_real_problem_its_friends_and_we_should/,2019-01-07,33242,"It’s no secret that American men have emotional issues with friendship.  I figured I’d share my experiences from the past year in the hopes that it might make another of us to embrace good friendship with all its benefits and quirks.  After all, our lives are only as colorful as the friends we share.

I arrived at 31 having been between two jobs and recently moved back home with my wife and kids (nothing non-amicable, I was away on business).  I play music so traditionally those would be the folks I hung out with, but I was suddenly without a band.  Also, the college friend id had in town had moved away for work.  I had my small kids and my wife, but they just aren’t the same, don’t have the same levels of engagement or competitiveness or ability to do strenuous activities like hiking or biking or sports that a similarly aged male friend would.(not saying a female friend wouldn’t or couldn’t fit the bill here, but in my experience it’s easier to find men who fit the bill, and honestly",
gy59sc,"Not asking for advice, but giving it. Be independant and you will make a stronger relationship.",dating_advice,510,56,0.98,https://reddit.com/r/dating_advice/comments/gy59sc/not_asking_for_advice_but_giving_it_be/,2020-06-07,acehole818,"I realized that I had never thought about ""me"" because I was always part of a ""we"" - that is, I was always in a relationship. The collective ""we"" should always be first. You should put the needs of the relationship first, always.

The problem most people have is that they get lost in their SO's needs, and not the collective needs of the relationship. You should always ask yourself ""Is that what's best for US?"" not ""Is this what's best for HIM/HER/ME""

I was 23 when I realized I had never thought selfishly. I was constantly in one relationship or another since i was 15. I was a serial monogamist, going from one LTR to another.

So I made a pact with myself to be single for one year. The first attempt, I made it three months. Second attempt, I made it 8 months. Third attempt, I made it a year.

It was actually super difficult for me because I had always been in a relationship and always had to think about what was going to happen to the relationship if I did anything.

The realization th",
xjdblp,My (40/M) wife (34/F) has been spending a lot of time with her tennis coach,relationship_advice,508,237,0.95,https://reddit.com/r/relationship_advice/comments/xjdblp/my_40m_wife_34f_has_been_spending_a_lot_of_time/,2022-09-20,throwRA_ozpilot,"I am a pilot for a major airline and have been based in Hong Kong for the past 5 years. I'm originally from Australia and met my wife (a local) here. When I first met her, I immediately fell over heels for her and long story short, we've now been married for 8 months. 

A couple months ago, her bffs convinced her to take up tennis lessons and I approved. What better way to keep fit rather than sitting at home all day! Her tennis coach is a tall New Zealand fellow in his 20s, who was once an English teacher. I really didn't think much of it, but the once a week tennis lessons became twice a week and now they have suddenly become daily lessons. Rather than 1 hour lessons in the beginning, they now last over 3. I asked my wife if I could join her for tennis and she told me it wouldn't be such a good idea. Any advice on how to confront her would be well appreciated.



UPDATE - 22/9

Firstly, thank you all so much for the advice. It was all very supportive and mostly helpful. While plenty",
1byb1sz,Where the hell are men supposed to meet women these days?,dating_advice,508,376,0.88,https://reddit.com/r/dating_advice/comments/1byb1sz/where_the_hell_are_men_supposed_to_meet_women/,2024-04-07,johnhtman,"I'm incredibly lonely, and have never been in a relationship in my life. Part of the problem is I don't know where is an acceptable place to meet women. I'm always seeing about men harassing women on the street, and that you shouldn't hit on random women you come across. Yet I don't know many other ways of meeting single women my own age.",
74of06,"I'm a strong and independent woman, but I'm lonely.",offmychest,507,81,0.91,https://reddit.com/r/offmychest/comments/74of06/im_a_strong_and_independent_woman_but_im_lonely/,2017-10-06,offfmychesticles,"I'm not a model, but I'm not grotesque.  I'm educated.  I'm witty.  I'm well traveled.  I'm fucking interesting.  I do great things on my own, but I'm still lonely.  

My friends think I don't try, but I do.  I ask guys out and they don't follow up.  

I have a great sex life...in that I can make myself orgasm, but I haven't had sex in almost a year.  I miss it, a lot. 

Now and again, I have those dark thoughts of 'what's wrong with me?'.  Well, there's nothing wrong with me.  I'm fucking great.  But I am also alone. 

I feel like people in my life look to me as a source of strength, because in most facets of my life I am very independent.  I feel like a fraud.  I feel like I need to admit to myself that I am fucking lonely. 


EDIT: 

I have read through all of these responses and I'm honestly shocked at the perception that I MUST some how feel bad about myself for being single.  I can be happy and lonely at the same time.

Also think some of you think I don't go out, like ever.  I'm",
1r5juxk,"Unmarried Men in thirties, how do you deal with your solitude?",AskMen,502,256,0.94,https://reddit.com/r/AskMen/comments/1r5juxk/unmarried_men_in_thirties_how_do_you_deal_with/,2026-02-15,Anarkeeyan,"I am seeing quite a significant number of posts regarding male loneliness. This is a significant men's mental health issue.

I am 33 now, unmarried, and have never been in a relationship. I have found a few ways to deal with my solitude that suit my situation and character. This will differ from person to person, according to their temperament, I guess.

I am an introvert and not much of an outdoors guy. I don't travel much. A significant portion of my day is spent at work. At home, I listen to music, watch movies, series, etc.

I am also interested in reading books. I have a physical collection of around 1,000 books covering various subjects. Presently, I am writing a novel for a competition and translating an academic book and some poems.

I used to go for long walks when I lived in a town, but since I am now in the city, I exercise indoors mostly.

I have a close friend of 15 years, with whom I rant occasionally. He got married a few years ago, but the ranting still continues :)

So",
1euo6zx,Choosing to end things with my dismissive-avoidant girlfriend,self,501,141,0.93,https://reddit.com/r/self/comments/1euo6zx/choosing_to_end_things_with_my_dismissiveavoidant/,2024-08-17,totally_bamboozled,"This is a long piece. Mostly a reflection and writing outlet to translate my thoughts into words. I'm not expecting anyone to really read this, but wishing you the best if so.

I (30M) met my girlfriend (29F) about 6 months ago. We come from opposite ends of the relationship spectrum:

* I had a nearly ten-year relationship from the ages of 18-28. I was engaged, cheated on, and then thrown into the dating pool for the first time in my life at 28. I went to therapy (and still do), followed by a nearly two-year period of single life where I went out and slept with basically anyone and everyone who would give me attention. It helped. I enjoyed that period, but I always missed, and truly craved, the stability and comfort of sharing my life with someone else. The sense of being welcomed into someone's life and parsing through their emotional nooks and crannies. For me, it's my favorite thing in the world: building emotional intimacy with someone else.
* She has been single for most of her a",
7y5y26,Men need to emotionally support other men,MensLib,499,103,0.94,https://reddit.com/r/MensLib/comments/7y5y26/men_need_to_emotionally_support_other_men/,2018-02-17,Lissarie,"On Facebook, a woman named Anastassia Paloni wrote: 

""Something that bothers me - how men’s unwillingness to support each other emotionally means all that emotional work has to be done by women.

Dudes, call each other on the phone. Check in on your dude friends when they’re down. Seriously call a dude friend right now and ask him how he’s doing. Tell him you appreciate him and that you’re here if he needs anything or just to talk.

I promise this will make our world a much better place.

You have a lot of feelings and women can’t deal with all of them.""

I'm a woman and this really resonated with me - I am the primary emotional support for a surprising number of men, men who regularly tell me they have no one else to talk to. Some of them have experienced trauma, some are lonely and isolated, others just need to talk about regular everyday stress. I can't ever remember a man telling me he has a good male friend he can talk to about mental health, emotional wellness, or coping with st",
1iuwpms,Update: I am on vacation with my bf of almost 6 years and I’ve decided I have to break up with him.,self,499,73,0.94,https://reddit.com/r/self/comments/1iuwpms/update_i_am_on_vacation_with_my_bf_of_almost_6/,2025-02-21,CulturalLeg2313,"Original post here: https://www.reddit.com/r/self/s/Kst3q3IZrI

I did it. I told him that he pushed me one time too far and that I cannot do it anymore. It was heartbreaking, a lot of tears were shed. He was shocked, but very apologetic and he begged for one more chance. He promised change. But I told him that I don’t want to spend the rest of my life with the man he is *today*. I said that if he enacted change, maybe down the line we could make it work, but as of right now, I can’t trust his promises and I have to take care of myself and my own heart and take some space. I don’t want to be given the silent treatment and I don’t want to walk on eggshells anymore. While he was devastated and said he would do anything to keep me, he was also very understanding and kind. He wants me to take care of myself too, and he will respect my decision and work on himself. He’s looking into therapy/counseling/anger management options. He said he’ll work on communication and emotional regulation so h",
1mcfbfi,"I'm telling his wife today about our 3 year old affair. I don't know what will happen, but I've been wanting to come clean for years now.",offmychest,498,116,0.88,https://reddit.com/r/offmychest/comments/1mcfbfi/im_telling_his_wife_today_about_our_3_year_old/,2025-07-29,Maleficent-Step6267,"I didn't know he was married when we met at work. We were friends for half a year, eating lunch or getting coffee daily and texting on weekends. We got closer and he kept asking me to have drinks after work or get lunch on weekends. After half a year, I agreed. One night during drinks, he hugged me and said he felt like he could be himself with me. A week later he kissed me and told me he loved me, and that's how we began. As he was late 40s/early 50s with teenage kids, I never questioned why he didn't invite me to his house, but he slept over at mine often (and I live in a nice part of the city where restaurants and concert venues were so it made sense why we hung out at my place and not his in the suburbs). I could never have imagined that the man I fell in love with was a bad person, so I made so many excuses in my head ignoring the obvious signs as they came up during the first year of our relationship. Realizing okay, he's married legally but maybe separated? Maybe she's a lesbian",
8kw6v2,"I'm the only male at my workplace (15 women), and I find myself often defending either myself or men in general, and I'm looking for some advice",MensLib,498,126,0.95,https://reddit.com/r/MensLib/comments/8kw6v2/im_the_only_male_at_my_workplace_15_women_and_i/,2018-05-20,WingerSupreme,"So there are two parts to this, but they're interconnected.  Without getting into a ton of details, a lot of my co-workers' conversations at work revolves around their husbands (or ex-husbands, boyfriends, and for the single ones their dating lives), and there's a lot of the stereotypical complaints about men.  Lazy around the house, out drinking with the boys all the time, they want sex too often (or not often enough), etc.  Beyond that, there's also the comments like ""All men would sexually harass a woman if given the opportunity"" (direct quote) or when discussing paternity leave, the comment was ""Why do men need paternity leave?  So they can sit around and watch TV while the mom does all the work?""  In those cases, I feel the need to defend both myself and men in general, but I simultaneously realize it's futile.

Adding to my frustration, I am occasionally (sometimes more frequently) made the butt of the joke because I am not a ""manly man.""  When I say that, I don't mean it's the w",
1mk2rsf,"Why does everyone on Reddit assume that if guy struggles to date and expresses any frustration about it, then he has a shitty personality? Should I just ignore these people?",self,496,399,0.87,https://reddit.com/r/self/comments/1mk2rsf/why_does_everyone_on_reddit_assume_that_if_guy/,2025-08-07,GoodDirector7083,"Or if he vents or complains about a single thing, then THAT'S the reason why he's single. You can't complain about a damn thing. You're just supposed to get whipped and kicked over and over again and take it. 

It's like you can't express any negative emotions as man without people trying to rip you apart. They assume that the way you type on Reddit = your entire personality in real life.

 If you have a SINGLE insecurity as a man, or call people out on their bullshit, then you're a misogynist incel  who's doomed to be alone forever. Are they right, or should I ignore them?",
22ku2e,"Reddit, my dad died yesterday. Last year, I posted a fun little photo series of his awesomeness and I just really need to share it with you all again.",self,494,67,0.85,https://reddit.com/r/self/comments/22ku2e/reddit_my_dad_died_yesterday_last_year_i_posted_a/,2014-04-09,thingsthingsthings,"He was the more genuine man I've ever met. He raised me as a single parent and he was so jolly and loveable. We had our differences at times, but fuck, we were really two peas in a pod.

I am really hurting right now.

I mean, how many dads get air compressors for Christmas but play with the box instead of the air compressor?

Here's an album of him being amazing: http://imgur.com/a/26x0W

Also, bonus: a video of my dad hula hooping on Wii Sports. I almost peed I was laughing so hard: https://www.youtube.com/watch?v=Pcd95g1YlWY

His funeral is tomorrow and I am seriously shaking right now. Neither he nor I were/are religious, but good thoughts and messages from fellow redditors would really help to make the next 24 hours a little bit easier. 

My mom died when I was 11, so I'm officially a grown-up orphan now. I feel so alone and in shock. I don't even know if I'm writing coherently.",
284y4q,I often think about this woman I met on a plane in 2009 traveling from Dubai to Bangkok.,self,492,62,0.94,https://reddit.com/r/self/comments/284y4q/i_often_think_about_this_woman_i_met_on_a_plane/,2014-06-14,Kansas_City,"In 2009, I was traveling from Dubai to Bangkok.  I was seated in the aisle of the front row middle section, on the left side.  In the middle and to my right was what looked like a beautiful, young Thai woman in a blue/black hijab.  She looked very sad but I knew better not to initiate conversation with a Muslim woman as their ""male guardian"" was likely nearby.  I actually expected the Emirates flight attendant to ask me to move but it never happened.  (It happened on a couple previous occasions).  Since I wasn't asked to move an hour into the flight, I just assumed she was traveling alone.  

I was done listening to some music and started to pull out my laptop to watch a movie.  When I took my headphones off, she asked me in perfect english what I was listening to.  I told her and we chit chatted for a few minutes.  She said she was flying to Bangkok to see her mom and it had been a couple years since she had been home.  She looked like she had been crying so I asked her if everything",
1e437zq,Dating is depressing as hell man.,lonely,491,373,0.96,https://reddit.com/r/lonely/comments/1e437zq/dating_is_depressing_as_hell_man/,2024-07-15,Fragrant-Assistant64,"It's so fucking depressing, especially as a guy. I get zero matches on apps even tho I put effort into my profile, so I have no choice but to ask out people IRL.

It just sucks that, as a man, if you don't approach women and ask them out, you WILL be alone forever. But when you do ask them out, you get rejected 90% of the time, which destroys your confidence, which makes you even MORE depressed, which makes it even more likely you'll be rejected the next time. It's just an endless loop.

I'm introverted, I don't know where women get the idea that we like to chase or pursue, but none of this comes naturally to me.

I'm not even afraid of rejection anymore, it's more the feeling of hopelessness I get when I get rejected for friend-zoned yet again. Like I'm not worthy. 

I just feel invisible, I can make friends with girls easily, but they never see me as more than that. It's like they don't even see me as a man.

I know it's just a numbers game, but I'm not built to take rejection over a",Venting
9qg8sn,I feel like the trait of 'people-pleasing' is underdiscussed in men when it comes to dating and sex due to traditionally being associated with women and the effects in such a context being immediately visible and harmful to women while much more subtle and long-term in the same context.,MensLib,488,118,0.95,https://reddit.com/r/MensLib/comments/9qg8sn/i_feel_like_the_trait_of_peoplepleasing_is/,2018-10-22,here_for_news1,"So I'm listening to 'In the No' a radiolab episode posted to this sub yesterday, and first off I highly recommend you go give it a listen because it has a lot of good insight on a lot of stuff, but I wanted to focus on a certain aspect of it here.

One of the recurring themes was women feeling like they had to or wanted to please the other person in an encounter gone bad, and consistently put their needs and desires below the person at the time or just in general.

That stuck out to me in contrast to the description given of the men, in the larger sense of being the actor and not concerned about people pleasing, and specific examples like Raoul running after the author down the street to ask her out.

That example stuck out in particular because I did identify with the men in some accounts, but I more overwhelmingly identified with the women in general feeling, not of their specific experiences with relationships and sex, but the feeling of putting other people first and wanting to not",
1dorntq,Why There Are No Men in Book Clubs (Translated Article),MensLib,488,252,0.89,https://reddit.com/r/MensLib/comments/1dorntq/why_there_are_no_men_in_book_clubs_translated/,2024-06-26,Melanchoholism,"[Original article in spanish here](https://elpais.com/smoda/placeres/2024-05-18/por-que-no-hay-hombres-es-los-clubs-de-lectura.html)

This is a translation from an opinion article written by Ana Ribera García-Rubio, narrative media producer in Spain and Latin America. Any opinions shown in this article are hers, while my own thoughts will be on the next section

=============ARTICLE===============

**\*Why there are no men in book clubs\***

I'm asked to write why in book clubs, podcast listening clubs, book presentations or creative retreats there are no men. ""Well, that has matices"". Yes, I will be concrete: in a listening club I organized recently, in three sessions where we reunited between 30 to 50 people, every time only one man assisted. I speak to writer friends and ask them about book clubs they participate in: ""There are only women"", they answer at once. I speak to another friend who recently organized a creative retreat: only women. I ask another girl-friend who organized a",
1c9ys0l,She left me after 18 years because I wasn't a good provider. Now I have to learn how to be a man. I'm turning 40 soon. ,offmychest,487,208,0.86,https://reddit.com/r/offmychest/comments/1c9ys0l/she_left_me_after_18_years_because_i_wasnt_a_good/,2024-04-22,BroWTFIsThisEven,"I was with my gf for 18 years. She left me for a mutual ""friend"" because I wasn't a good provider.

I failed to be a provider for this girl that I loved and I can't make excuses for that. I made enough to pay my half of the bills and she never had to help me with that, but she was making great money and got tired of not being able to do fun stuff. Of course she would pay for vacations sometimes and cover our bar tabs (we drank A LOT), but I was not able to match these efforts. After 18 years, she felt unprovided for and unprotected financially. She got bored and tired  of waiting. So she left me. It's been about 1 year now.

I grew up without any father figures in a family full of women. No one ever taught me how to be a man. I don't use that as an out for my failure. But it wouldn't be fair to me to not observe the fact that having no dudes teach me what I'm supposed to do definitely hurt me in the long run.

I'm turning 40 soon.  
I'm scared.  
I'm still heartbroken.  
I feel undesir",
14yw2cg,How do you talk to other men who still don’t understand consent?,MensLib,485,167,0.89,https://reddit.com/r/MensLib/comments/14yw2cg/how_do_you_talk_to_other_men_who_still_dont/,2023-07-13,realdealreel9,"I got into a ridiculous back and forth in the comments of r/ask in response to the prompt “What cancelled celebrity do you still support?” Probably should’ve just avoided the thread altogether especially given that my initial assumption that Louis CK would be heavily featured was quickly validated. 

Many dudes in the comments were going as far as saying that the case of Louis CK (as well as Aziz Ansari’s “bad date”/crossing the line with consent case) were incidents that scare every single man because the lines are so blurry now. The worst was a guy who posed the hypothetical (related to changing one’s mind) of calling the cops on a guest you have invited in for burglary, as if this is the same thing. People don’t owe you sex and you are allowed to stop at any point. I shouldn’t have to tell anyone this but here we are.

I was raised by a single mother and other relatives, mostly women, to respect other people’s boundaries/wishes, etc, even if or especially these feelings changed. I w",
9fqwvu,Improving your ability to converse at home can work wonders but is practically unheard of.,socialskills,484,35,0.98,https://reddit.com/r/socialskills/comments/9fqwvu/improving_your_ability_to_converse_at_home_can/,2018-09-14,uncommonreality,"I spent a long period of my life socially anxious, afraid to approach new people and with a small group of people I got on with at school. I failed at a whole bunch of interviews, missed multiple opportunities to date great girls and watched as my life stayed pretty stagnant, purely off the back of having mediocre or below average social skills.   
I'd always been a big reader and that kept me sane. A year or so before attending university I developed an interest in the Ancient Greeks. I can't remember exactly how, but I think I'd been playing Rome Total War and that had triggered an interest in Ancient Civilisations. A few months down the line and I came across a passage in a book about Demosthenes. Turns out the guy started off with a stutter and a severe lack of confidence. He embarked on a quest to become a better man and legend has it he commenced this operation by locking himself in his basement and working on his speech. After reading this, I came across more and more stories ab",
u1mw0w,"I know that men often have issues with being lonely, but this makes me wonder.. what are your relationships with your male friends like? Do you talk to each other about issues/support each other?",AskMen,483,365,0.94,https://reddit.com/r/AskMen/comments/u1mw0w/i_know_that_men_often_have_issues_with_being/,2022-04-12,everleighclaire,,
1kzwfm7,"Fellas, if you go on a date clean your place up.",self,482,86,0.94,https://reddit.com/r/self/comments/1kzwfm7/fellas_if_you_go_on_a_date_clean_your_place_up/,2025-05-31,Rex_felis,"I saw a post here a while back about a guy who ruined his chances when his date saw his place. I don't think he was expecting her to stop over and hadn't cleaned up. Regardless of if you think she's coming over or not, the flexibility of having a clean place to come back to is worth it for the relaxation and lack of worrying alone. 

I had a date last night. My place was a ~~bit of a~~ certified mess. She hit me up a bit out of the blue so I only learned we were still on when I was still at work. I took like 5 mins during a break to write out exactly what I needed to do. I even told myself there was little chance we'd actually end the night at my apartment but I'm doing it regardless because it was still a non-zero% chance. I should have done it for myself anyways. 

I got home and had like 40 minutes to get my shit together and shower before I met her. Not gonna lie I was impressed by how fast and efficient I was. It's shame that I sometimes let myself fall apart a bit/am so easily mo",
1fh8ovb,Men who left 'the one' to explore and realised they made a big mistake: if she gave you a 2nd chance would you feel happy settling down with her?,AskMen,481,169,0.91,https://reddit.com/r/AskMen/comments/1fh8ovb/men_who_left_the_one_to_explore_and_realised_they/,2024-09-15,ChirpLol,"Aimed at those who really liked their gf but were unsure about committing long term due to lack of experience, broke up wanting to date more people before settling down, and realised they couldn't find anyone better than her

If you ask her for another chance and she gives it, would you feel like you're just 'settling' because she wasn't your first choice? If a better girl finally came along would you leave her again even after committing to her?

Or would you feel grateful and fulfilled because 'exploring' the dating pool helped you realise what you lost?

long edit: Thanks guys I appreciate everyone being so honest! I'm actually not a guy I'm the girl in this scenario. The thing is we started off dating casually but we unexpectedly started getting serious, and he's been considering taking the next step. However I'm his first relationship, so I completely understand his hesitancy behind settling down with the first girl. But I told him no second chances, commit now or never and he was",
rj8ip5,"just a word of warning, be careful who messages you after a post here :/",lonely,479,69,0.97,https://reddit.com/r/lonely/comments/rj8ip5/just_a_word_of_warning_be_careful_who_messages/,2021-12-18,amber-nights,"had a man nearly double my age in my dms, took him a whole 12 hours to start asking sexual questions. i’m not a minor(21) but the thought of anyone doing that to someone who is disgusts me

taking advantage of those who are lonely and vulnerable is deplorable, stand up to them, you deserve *SO MUCH* better",Venting
1c6jx17,How to I improve my confidence with women?,self,477,304,0.89,https://reddit.com/r/self/comments/1c6jx17/how_to_i_improve_my_confidence_with_women/,2024-04-17,Usual-Raspberry-9736,"**EDIT:** Not every guy who struggles is overweight and physically unattractive, here's a [photo of myself](https://imgur.com/gallery/GFfkKNo), I'm well aware that my looks (in person) aren't the problem, it's definitely mindset. This is proven because I often see women looking at me when going about my business, either alone or with friends while I'm dressed nice, I just simply have a mental barrier preventing me from walking over and starting a conversation.

I (26m) can talk platonic, but never anything more. I could give hundreds of reasons for why I'm not dating, however the main one is that I don't feel good enough to ask someone on a date or show interest, due to low self esteem.

My first and only date thus far was at 24, she was the one who made all the moves, I didn't really do anything except show up and not fuck up.

The typical advice to use dating apps, I've been using Tinder, Bumble and Hinge for 3-4 years and have received hardly any matches, I therefore can't rely on d",
fgmzt4,Why do i always fall in love with strangers?,lonely,476,44,1.0,https://reddit.com/r/lonely/comments/fgmzt4/why_do_i_always_fall_in_love_with_strangers/,2020-03-10,endgia,"I always find myself falling in love with someone that I barely know whenever i go out in public. In a train, a coffeeshop, the veggie aisle in some grocery store. Its pathetic. I feel pathetic... and its not just small crush like “oh look they’re attractive”.. no, I literally feel attached to the person... and if nothing happens between us, like if they dont show me the least bit of interest or even look my way i’d get heartbroken. Again i’ve had small crushes before but this is ridiculous.. it reminds me of how lonely i am &amp; ruins the rest of my day. Fuckin hell man!",
193h7bm,My first husband's affair baby is old enough to have babies by now,offmychest,476,17,0.97,https://reddit.com/r/offmychest/comments/193h7bm/my_first_husbands_affair_baby_is_old_enough_to/,2024-01-10,Annual_Raspberry7203,"20 years ago, I left my first husband. I met him when I was 16 and he was 20. He wound up being my first everything. He was my neighbor, and he brought the beer. When he first told me he liked me, I was creeped out because I was in high school and he had facial hair, but eventually, I caved.... after he showed up drunk at my house sad that I didn't come out that night. That scared me, but my friend who was staying over that night talked me into accepting him. I was lonely and bored in a small town, and he had a car and things to do.

So for the next 4 years, he controlled me by telling me how immature I was and threatening to hurt himself (punched himself, cut himself.... i convinced myself he was just passionate).  He had a lot of red flags I didn't see since I was just so happy that an older guy love bombed me. By the time I graduated high school, I was isolated from all of my friends because he was afraid I would cheat (classic projection). I found out the entire time we were togeth",
22gzus,I did it. I finally fixed myself and my self esteem. One year ago i couldnt even imagine this.,offmychest,475,38,0.97,https://reddit.com/r/offmychest/comments/22gzus/i_did_it_i_finally_fixed_myself_and_my_self/,2014-04-07,tofutown99,"I used to numb the loneliness with porn.. I quit that. I browsed the internet all day in place of socializing. I took my internet adaptor outside and curb stomped it to oblivion. I played videogames to escape reality. Quit cold turkey. I absolutely hated the way i looked. I tossed my mirror out the window. I hated feeling weak. I hit the gym. I'm afraid of asking girls out. I did it anyway. I have parent issues. Saw the school therapist, talked to my parents, resolved it. I thought i sucked at my major. I realized i just needed to put in effort. 

And this all happened in one semester. But its My last semester. I graduate in a month. I used to feel it was all too late. Theres no more time to live it up with my newfound self esteem. No time to finally get a girlfriend. All my college friends will move on while i move back with my parents. Like lonely highschool all over again. But fuck that, ill get a job. Ill get a car. Ill join a dating site. ill do martial arts. Ill volunteer. Ill go",
1othzn6,My bf (33M) was uninvited to my sister's (34F) wedding. Can my relationship heal from this?,relationship_advice,473,640,0.8,https://reddit.com/r/relationship_advice/comments/1othzn6/my_bf_33m_was_uninvited_to_my_sisters_34f_wedding/,2025-11-10,Fun-Flower9596,"Part 2 Update:

[https://www.reddit.com/r/relationship\_advice/comments/1ovdqcl/part\_2\_my\_bf\_33m\_was\_uninvited\_to\_my\_sisters\_34f/](https://www.reddit.com/r/relationship_advice/comments/1ovdqcl/part_2_my_bf_33m_was_uninvited_to_my_sisters_34f/)



*\*\*\*Edit\*\*\**

I started this thread with the intention of forgiving my (29F) bf (33M) after basically cheating (texting and messaging women and bots on other platforms - some explicit). Only this isn’t his second chance, it’s technically the third. As ridiculous as the third event is, it’s still cheating, whether it was a bot or not. 

The other issue I addressed was that my sister (34F) will not forgive or acknowledge him now, which I totally understand, but it would be obvious in front of my family, putting her character at risk, because my parents don’t know what’s going on. They will wonder why she’s being so rude, and that will hurt me even more. So I was wondering how to remedy the situation, or if it was pointless, and t",
1l4djka,I discovered my boyfriends been getting off to my sister and I don’t think there’s any coming back from this,offmychest,471,64,0.98,https://reddit.com/r/offmychest/comments/1l4djka/i_discovered_my_boyfriends_been_getting_off_to_my/,2025-06-05,Little_Associate5394,"Hey all…. 
So as the title states, I decided to go through my boyfriend’s phone to discover he’s been obsessively checking my sisters IG. Mind you, my sister is an attractive blonde, really into fitness and working out, and just recently got a boob job. So her IG page is full of half naked pictures of her in bikinis, showing off her butt in mirror selfies, etc. 
When confronted on why he’s been checking her profile, he proceeded to let me know it’s because he thinks she’s hot and shows guys at work her IG and talks about his “girlfriends hot sister”. Idk why he decided to admit this next part, but he also admitted he jerks off to her, IN HIS WORK BATHROOM. 
Please bear in mind, I just gave birth to this man’s son 4 months ago, and our daughter was born December 2023. So I’m not in great shape right now, because, well I just got done being pregnant. I also have been begging this man for sex, and have to beg him to want to get me off (which he never actually has done since this became a",
3leb81,"Gf's dad wants to talk, 1 on 1... What to expect (dads?)",AskMen,468,335,0.9,https://reddit.com/r/AskMen/comments/3leb81/gfs_dad_wants_to_talk_1_on_1_what_to_expect_dads/,2015-09-18,dynamo147,"(Actually serious) Soooo my girl tells me that her dad wants to talk to me, alone tomorrow, 1 on 1. Whenever I'm over there never has a situation arose where I'm alone with anyone in her family but her so I'm really not sure what to expect. We've been dating for...yeah 3 years now, 4 come Feb. We are both 20, what is the man gonna ask me? If there's anything else that you need to know to help think of a possible scenario just ask! 

https://cdn-webimages.wimages.net/051801218dc70852685694eea4ae8d824a7e75-wm.jpg.  
   
Just for the giggles but yeah not saying this ^

Edit 1: Hey if you guys could help me get some viability so that this lasts during the morning too I'd appreciate it, figure that a lot of other people with good advice just might not be nocturnal

Edit 2 The Results: THEY WANTED TO ASK ABOUT BIRTHDAY IDEAS FOR HER! NOTHING ELSE, (ik what she likes) 

Thanks to all of those who dropped a word of advice, and or made us laugh!",
1r2twb1,Can potlucks cure the male loneliness epidemic?,MensLib,467,54,0.95,https://reddit.com/r/MensLib/comments/1r2twb1/can_potlucks_cure_the_male_loneliness_epidemic/,2026-02-12,futuredebris,"Hey y'all! My partner and I have been hosting biweekly potlucks with friends and neighbors for about a year now. For a while, most of the year, I couldn’t see what the gatherings were adding up to. They felt like random, disconnected dinner parties. People would thank us graciously for hosting, but the warmth and connection would fade within days. Only one or two friends invited us to their gatherings in return. I hate that I felt annoyed by that. I was still haunted by what I’d experienced for as long as I can remember, at least since college, an unquenchable thirst for more connection. But I’ve started noticing small green shoots of connection in the dirt of daily life. 

Writer and organizer Garrett Bucks argues that hosting friends and neighbors is essential to defeating fascism. “The people who have been most effective \[fighting ICE in\] Minneapolis aren’t the big talkers with the loudest megaphones,” Bucks writes. “They are those who already knew their neighbors, who could be ke",
1nt00on,My family is pressuring me [27F] to divorce my husband [28M],relationship_advice,465,135,0.95,https://reddit.com/r/relationship_advice/comments/1nt00on/my_family_is_pressuring_me_27f_to_divorce_my/,2025-09-28,jjreynolds3,"My husband, let’s call him Nate,
and I have been together for 10 years, married for 4 years. We’ve been having a rough couple of years and basically everyone I am close to is telling me to get divorced. Nate and I have known each other since we were 14 and 15. We were best friends first and basically inseparable and started dating near the end of high school. 

As far as our relationship everything was great. He treated me amazingly  always with the most respect, going out on dates frequently, buying each other gifts, many vacations together etc. When we first got engaged things were a bit rough but we spent many nights having long discussions and worked through those issues. However over the last couple of years we’ve been having a hard time. 

Nate lost his job in 2022 and I think this set us on a collision course. Ever since then he’s had a hard time keeping a job. He frequently goes to temp agencies for in between periods but this has never been a problem for me as he tries his bes",
85unbu,"[UPDATE] Inviting a girl over to my apartment, I'm basically shitting my pants here. What are the Dos and Dont's of having a girl over? How can I make a move without being awkward/creepy?",dating_advice,464,134,0.97,https://reddit.com/r/dating_advice/comments/85unbu/update_inviting_a_girl_over_to_my_apartment_im/,2018-03-20,CatoIntern,"Original: https://www.reddit.com/r/dating_advice/comments/855a81/inviting_a_girl_over_to_my_apartment_3rd_date_im/

So she came over Saturday night, I had deep-cleaned my apartment so I was feeling pretty good about things. Had some lounge music on in the background on Spotify. We both started to make the cookie mix in the kitchen, then set it all up and popped it in the stove to bake. We sat on the living room couch and started chatting. It was really good flow conversation. It was a good hour before I finally made my move and said I wanted to kiss her. So we did.

This is where things get dicey. 30 seconds into the make-out session, something about her seemed off, like her knees were drawn up and she wasn't very active. I pulled back and asked if everything was okay, she said yes, so we kept kissing for a while longer. But she still didn't seem into it so I backed off after about a minute.

Then we awkwardly kept talking about random stuff. I had spaghetti flying everywhere the whole",
1hzgddq,I'm an old disabled hooker,lonely,464,88,0.97,https://reddit.com/r/lonely/comments/1hzgddq/im_an_old_disabled_hooker/,2025-01-12,anolddisabledhooker,"(throwaway for obvious reasons) I can't believe I became the stereotype. I grew up white trash. I thought I got out of it. I went to college. I got a degree. A month after I graduated, I was in a bad accident, and became disabled. I worked odd jobs and my partner helped support me until I got a settlement from the accident. My partner left me understandably, and I just tried to have as much fun as I could with my disabled body. I didn't expect to live to be this old. I made that 100k last 5 years, not bad. i tried to buy a house but was denied because my work history sucked since i became disabled). I ran out of money. Sex work ended up being the only job that I can do that actually sustains me with my fatigue and chronic pain and irregular pain flares.

All of my friends have settled down. I haven't had a partner in 10 years. Eventually, when you're single people just stop inviting you to stuff. I am 41 and I have nothing to show for my life. I spent the holidays alone.... I always sp",
1t95ugk,Does anyone feel like a lot of the popular dating advice is outdated for Gen Z?,dating_advice,462,449,0.95,https://reddit.com/r/dating_advice/comments/1t95ugk/does_anyone_feel_like_a_lot_of_the_popular_dating/,2026-05-10,Pontokyo,"As a 25 year old Gen Z man, I've followed almost all the popular dating advice, but I've still found it extremely difficult to meet women my age. 

Like most men, my online dating success has been abysmal. I get only 3-4 matches a month at most, and most of the time the matches are either fake, OF models trying to farm for subscribers, or randomly ghost me for no apparent reason. I'm moved to a new city and deleted my apps and tried dating offline following the advice I've read on this subreddit, but I've not been successful there either.

Unfortunately, I am the youngest person in my office and everyone else is is married and most of them have kids, so none of them are interested in going out and socializing after work. I've joined a lot of hobby groups of things that I'm interested in (running club, salsa lessons, yoga classes, and book clubs), and I've unfortunately faced the same issue, most people there are 30+ and already in a relationship, there are no single women my age anywhe",
ccuj5r,Reflections of fifty years of being a male virgin,self,459,56,0.97,https://reddit.com/r/self/comments/ccuj5r/reflections_of_fifty_years_of_being_a_male_virgin/,2019-07-13,WeighedButLacking,"I’m reflecting right now on the first fifty years of my life, which I spent as a virgin. I never touched anyone during those years, did not even hold hands, hug, or kiss anyone. I was static. Frozen. A robot, almost. It’s not that I had no feelings, because I had a lot of them. It’s just that I kept them on the surface for so long, pushed them down until they all but disappeared. 

Intimacy was scary. And it almost seemed like an impossibility. Something other, whole, humans did but I was not allowed to partake in. A rite of passage I never passed. In a sense I was a perpetual child. Still terrified of my father as if I was a little boy, still fearful of my mothers looks, still caring about their judgement well into middle age. I was ashamed, too. Of the things I wanted, desired, yet felt unworthy of for the longest time. 

I remember a day when I was already twenty-seven. I cycled past a little playground that had steel bars, and some shirtless young men were doing pull-ups and other",
7wq00h,What I have learned and want to share about being a single male for the first time in years,dating_advice,457,78,0.95,https://reddit.com/r/dating_advice/comments/7wq00h/what_i_have_learned_and_want_to_share_about_being/,2018-02-11,jhavel9811,"Hello,

I always find it cathartic to to write down what I have been going through in the hopes of helping others.

So I recently got out of a 3 year relationship that was uber toxic. It left me in ruins. To dig myself out I decided to say screw it and go get out there.

The first week of me being single I reached out to my old friends and old flings and just got coffee with them. Some I tried to flirt with others I just wanted to hang out. My goal (I work in sales in my real life job) was to expand my network. I wanted to start going to things where to meet other people. I have found that it is much easier to talk to girls when you are social proofed. What that means is if a girl sees you regularly or with friends of hers your not a complete stranger. This got me two dates, but it I am working it very hard to get referrals if you know what I mean.

The second thing I did for my first week is hop on tinder. Tinder is not in my experience the best place to find long term girls, but it i",
1pl5lcj,I think my wife just held up a mirror… and I’m not sure how to move forward with what I saw.,offmychest,456,147,0.91,https://reddit.com/r/offmychest/comments/1pl5lcj/i_think_my_wife_just_held_up_a_mirror_and_im_not/,2025-12-12,Turckle,"I’m not even sure why I’m posting here. Maybe because strangers feel safer than people who know me. Maybe because I’m scared of what I’m feeling and don’t want to unload it on the people I love.

Earlier today, my wife sent me a long, gentle message about our communication lately. She wasn’t attacking me. She wasn’t angry. She said all of it calmly and with care. But reading it… it hit me in a way I didn’t expect.

She said that sometimes I sound sharp, even when I don’t mean to. She said she feels stuck because if she gives input when I’m handling parenting things, I get frustrated — but if she stays quiet, that frustrates me too. She said the kids sometimes go quiet around me because they’re worried about saying the wrong thing. And she said it hurts her when I seem irritated or defensive when she’s just trying to talk.

Seeing those words laid out like that… I felt something inside me drop. Like a truth I’ve been avoiding finally stepped forward.

The truth is: I’ve been struggling.",
1n0mmfq,What is your take on the “male loneliness epidemic”?,AskMen,455,1067,0.85,https://reddit.com/r/AskMen/comments/1n0mmfq/what_is_your_take_on_the_male_loneliness_epidemic/,2025-08-26,Aggravating_Run8585,"Do you think it’s real, and if so, what’s driving it? Or is it overblown?",🛑 Answers From Men Only 🛑
frkh1,My Nair Experience - I Just Want My Story to Be Heard,self,451,175,0.89,https://reddit.com/r/self/comments/frkh1/my_nair_experience_i_just_want_my_story_to_be/,2011-02-24,itsafunnyname,"Long time ass-pube Nairer here. I'm gonna fill you in on one of my particularly painful experiences with Nair products.

Prior to my freshman year in college, I had experimented with [Nair for Men Body Cream](http://images.bizrate.com/resize?sq=500&amp;uid=2239550330) on my butt cheeks/ass pubes with a fair amount of success. I had learned that the most effective and least painful way to manscape my posterior with NFMBC was as follows: turn on the shower, let that shit heat up, hop in, soap up the cheeks (and in between), rinse, soap up, rinse off, step out, towel off (lightly and gently), apply cream to the cheeks and in between (again, lightly and gently), examine your naked body in front of the mirror while allowing the lotion work its magic ~ 8-10 minutes, hop in the shower, rinse off (making sure no cream touches the genitals), soap up, rinse off, shower as normal, towel dry, clothe yourself. The process of showering the ass with hot, soapy water prior to the lotion application wa",
2xbujs,This guy's family was murdered.,self,450,35,0.97,https://reddit.com/r/self/comments/2xbujs/this_guys_family_was_murdered/,2015-02-27,Furthur_slimeking,"The guy who runs my local store was visibly upset earlier. He was red faced and crying while on the phone. When I went to buy my beers I asked him, as usual, how he was doing, and mentioned that he seemed upset and not his usual self. He then explained to me that three of his close relatives had been murdered by some more distant relatives back in the country he's from. He had heard about this while I was waiting to pay for my goods. He served me, I asked if he was ok, and he said he was. He still seemed tearful, quite understandably. 

  When I got home, I felt awful for leaving him alone, so I went back to the store and we had a chat. He said ""these things happen, it [his home country] is a fucked up place"". 

  I see this dude almost every day and we always have a chat and a joke. Half his family just got murdered and he's still at work, selling booze to alcoholics and students in the middle of the night. He was crying down the phone, red-faced and wiping his eyes. He's a good man.",
c7g71x,"Nothing says ""Happy Pride"" like the worst depressive episode of your life (Pride 2019)",MensLib,450,28,0.94,https://reddit.com/r/MensLib/comments/c7g71x/nothing_says_happy_pride_like_the_worst/,2019-06-30,sourpatchkidj,"**CW DEPRESSION. MENTAL HEALTH, HOMOPHOBIA**


So not only was June (American) Pride Month, but also Male Mental Health month. I tried to do a project on social media, where I wanted to shift gears and bring attention to the latter with one daily global fact/statistic and accompanying resource/coping skill, but only made it to 5 days, before I fell into the worst depressive episode I've ever had, thus far.


The trigger in question? Parental homophobia.



**Firstly, a little background about myself:** I’m a gayAsian with cerebral palsy. As I may have mentioned previously in this sub, the intersections of all three have made life extraordinarily difficult, as I’m sure you can imagine with each existing with their own problems and disprivileges.

 I’ve been out to my parents for a while now, dad since last May, and mom since March 2017. Both are naturalized American citizens, which means that they’ve been exposed to all kinds of diversity for decades, comparable to the ocean of yellow h",LGBTQ+
gtbpc1,Does it seem like everyone is just trying to boost their self-esteem?,socialskills,448,98,0.99,https://reddit.com/r/socialskills/comments/gtbpc1/does_it_seem_like_everyone_is_just_trying_to/,2020-05-30,tramselbiso,"I don't have any friends. I do feel lonely. I pretty much just work all the time and whenever I have free time I engage in solitary activities eg Netflix, reading and cycling. Whenever I socialise with others eg colleagues at a cafe or restaurant (pre-Covid) or even nowadays just catching up via video conferencing, I tend to get tired of people because I am very sensitive to people trying to boost their self-esteem. 

For example, one of my colleagues kept talking about how other people in his team are unintelligent and incompetent, which was just an attempt to try to boost his own self-esteem by trying to convince me (and perhaps himself) that he is smart. Another time someone accused me of not being masculine enough, which may have been an attempt to make himself seem more masculine. This person clearly took pride in his masculinity. Then there is another person who has five properties and keeps talking about them all the time. This person would find any way to link any conversation",
1dmtc5s,What does it mean when men say a woman is intimidating?,AskMen,447,515,0.83,https://reddit.com/r/AskMen/comments/1dmtc5s/what_does_it_mean_when_men_say_a_woman_is/,2024-06-23,Glittering-Rub-6950,"36f here. I've noticed that I frequently hear the same comments from men that I date.

On the first date it's usually something like ""You've really got it together,"" ""you've got a good head on your shoulders,"" ""you're smart, you've got a lot going for you,"" and it quickly turns into being told that I'm ""intimidating.""

My counselor says that I give off masculine energy - she says that leading with my accomplishments is an example of that. What are people supposed to talk about on dates? I talk about what I have going on in my life at the moment, but I don't feel like I'm bragging or showing off. It usually comes up organically, for example I'll talk about my pets or my hobbies, or a project that I'm working on at my house. It seems that a lot of men are intimidated by the fact that I'm a homeowner? I don't think it's that big of a deal - I'd either be paying rent or a mortgage and I chose a mortgage.

I've heard from a few men that it's intimidating to date a women who doesn't need the",
1ktknu0,he drank my sweet tea and i’m starting to really hate him.,offmychest,447,218,0.96,https://reddit.com/r/offmychest/comments/1ktknu0/he_drank_my_sweet_tea_and_im_starting_to_really/,2025-05-23,xthrowmeaway999,"i just got back from bojangles. i ordered myself a regular sweet tea and got my boyfriend the watermelon one he specifically asked for. when we got home, i realized he drank all of mine. i asked why he didn’t check or notice it wasn’t watermelon and he says, “idk, i thought i tasted both.” what does that even mean?

it’s not about the tea. it’s just the latest thing in a long list that’s making me resent him.

he’s lazy. asking for a simple favor makes him groan like i asked him to move a mountain. it takes him days to take out the trash, and by then the house smells. i’ll mention how nice the house smells once it’s finally gone and how nice it would be if we worked as a team—and he just sits there, silent.

i have a son who isn’t his, and while i don’t expect him to take full responsibility, basic help would be nice. asking him to put him in the car? pulling teeth. make him a daycare lunch while i get him dressed? a chore. clean his room or organize toys while i handle something else?",
1lfe0yr,Does it seem as though young men are conditioned to be increasingly less confident In themselves lately? Why is that?,AskMen,445,503,0.86,https://reddit.com/r/AskMen/comments/1lfe0yr/does_it_seem_as_though_young_men_are_conditioned/,2025-06-19,Parking-Economics232,"I suppose this is something that’s been going on forever, but it’s at the point where it’s been leaking into local affairs more.

You have people who are resigned to being lonely, without male or female friends. Guys running off of expectations for appearance set by media and intensified by targeted advertisement. Proceeding to go off the definition of masculinity given by some advertiser and force themselves to (badly) conform to it instead of finding their own value. Predictably getting rejected and bitter because you didn’t spend enough time developing your own interests and finding like minded individuals. Why isn’t lifting for the sake of being healthy and enjoyable nearly as promoted as lifting to prove yourself a man and find “high value” women.

Women have this problem too, and it forms this weird dynamic where it’s easier to blame the other gender for pushing poor values onto yours - even though it’s a deliberate conflict setup by people who just want to sell products to solve",Existential post
1dhzr2f,My husband (M47) and I (F46) haven't had sex even once in the past five years. How do I know if this is normal?,relationship_advice,444,429,0.88,https://reddit.com/r/relationship_advice/comments/1dhzr2f/my_husband_m47_and_i_f46_havent_had_sex_even_once/,2024-06-17,ThrowRAfroginthepit,"It's been almost five years since my husband and I had sex. For a couple of years prior to this, we used to have sex twice or three times a year. Neither of us have initiated sex for the past five years nor have had an open talk on this. He's a very loving and caring man, and I am 100 percent sure he doesn't have any affairs. It's just that there's no sex between us. I have lost the urge to have sex and do not feel the need to have sex anymore. However, I am not sure what his feelings are. It feels awkward to initiate any conversation on this topic. I want to know if this is normal, and do men also lose the urge to have sex after 40 years of age?

**UPDATE**: Thank you all for the comments and suggestions. To add further context, my husband and I have been married for more than 20 years now, and the low-sex drive has been for the past 6 to 7 years. We still hug each other while sleeping at night. For people who find it strange that I am not able to talk about this with my husband, we b",
c2c8xc,"If two people want to date each other, they won’t let the details get in the way. If one of them doesn’t want to, any detail will get in the way..",dating_advice,443,21,0.94,https://reddit.com/r/dating_advice/comments/c2c8xc/if_two_people_want_to_date_each_other_they_wont/,2019-06-19,warheat1990,"The key when a guy approaches a girl, he doesn’t approach to win her over. It is to see if she is willing to..invest time to go out on a date to get to know him more intimately.

In other words, she says yes.

So you approach to show true intent, vulnerability right there and then.

You need to have a frame of mindset to see things at face value. Most guys just find themselves frustrated because they are needy, desperate by looking for signals, and trying to confirm their own theories that a girl likes them without asking her out.

Some even go so far to not walk away when a girl says “leave me alone.”

AND they don’t ask questions for advice but to confirm their own theories.

What do I do if she loves me but is afraid of me? When I talk to her, she says to leave her alone but then she stares at me and gives signs. Last time I talked to her, she shouted to leave her alone irritatingly.

See the neediness, the desperation and all rationality out of the window.

Approaching to show true",
1e14l6m,Stop incelposting.,lonely,442,435,0.7,https://reddit.com/r/lonely/comments/1e14l6m/stop_incelposting/,2024-07-12,Morag_Ladier,"Maybe fucking look in the mirror. Maybe the reason that women don’t like you is because you are so bitter and misogynistic towards them. Women can’t just get a boyfriend Willy nilly. They’re seen as sex objects. You think that because you’re misogynistic and taking your anger out on women.

Just because people pretend to care about women and use them for sex doesn’t mean women are cared about or respected. “Oh, she was raped, therefore she can get any man and is happy!”

Women don’t automatically make friends or boyfriends. Some of us are lesbian. Some of us aren’t even interested. We don’t just sit there and get gawked at by every single man, and if we did, the men wouldn’t want to date us.

You complain about how women don’t care about your feelings - well then maybe don’t be a misogynistic dick and undermine their experiences.

Maybe stop seeing women as just the thing you’re attracted to. I’ve seen women get shamed for being lonely, with incels saying that “oh well you can just get",Discussion
gl8j3z,25 and Hate Hook-Up Culture,lonely,439,96,0.99,https://reddit.com/r/lonely/comments/gl8j3z/25_and_hate_hookup_culture/,2020-05-17,lofaro_21,"Does anyone else still believe in real dating?
I’m so tired of the hookup culture. No judgement if that’s what you like, but I personally hate it. I don’t want to waste my time or energy. I know my worth and what I can bring to the table but it seems I only meet men that only want to sleep with me or are intimidated by the fact that I’m independent and educated. 

Please don’t tell me “the right one will come along when you least expect it”. I get it. I just need to vent &amp; im lonely. And no, that doesn’t mean I’m settling.. what people don’t get is that knowing your worth doesn’t take away your loneliness and desire to share your life with someone. Honestly, sometimes I just wish I could lay on the couch with my head on someone’s lap while we watch the office.. and maybe eat some chicken nuggets that we’ll regret eating the next day",
s3syq3,I only hate myself when I'm around other people,socialskills,437,40,0.98,https://reddit.com/r/socialskills/comments/s3syq3/i_only_hate_myself_when_im_around_other_people/,2022-01-14,cowmeathuman,"Ever since i was a teenager I've struggled with intense self loathing which made me feel suicidal and made want to self harm. Over the years I've improved in nearly every aspect, but no matter how much I improved, it had no effect on my self-esteem.

Recently I've realized that my self hatred comes from the desire to be liked by other people. When I'm not thinking in the context of other people's opinions of me I am a fairly confident person. I'm proud of how far I've come and I'm slowly working towards improving my life each day, but I still don't feel good enough to be loved by other people.

I started caring less about what some random people I'm never going to see again think about me, but when I want to become friends with someone, especially when it's a girl I like, all of my insecurities seep in. For example, I don't think that me being a virgin makes me less of a person. It's just the way things are at the moment, but I am extremely ashamed of it when I'm around other people an",
1i2pak7,When was the last time someone cared for you in the most simplest of ways?,AskMen,436,136,0.95,https://reddit.com/r/AskMen/comments/1i2pak7/when_was_the_last_time_someone_cared_for_you_in/,2025-01-16,karmaisthatguy,"The past two nights I hung out with a guy I met on hinge. I noticed that his face was really dry and I told him that I would put lotion on his face for him. I really did not think what I said was so moving but he was literally taken aback and asked if I really would for him. I said of course. So I let him just relax while I put his face cream on for him. Something super simple. 

I don’t know why but it made me kind of sad to think that some men don’t get that kind of attention. Or am I just crazy right now? Because I know of the statistics of male loneliness and I just felt really bad or maybe I’m just an emotional wreck right now. I just was happy that such a simple act made someone feel cared for.",
wdlqzu,My brother died and my mom revived him,self,436,86,0.98,https://reddit.com/r/self/comments/wdlqzu/my_brother_died_and_my_mom_revived_him/,2022-08-01,AdoreDL,"My mom called to tell me my brother died and she found and revived him in the bathroom ( fentanyl OD) so that hit like a ton of bricks

My mom couldn’t visit him just with al the shock and the amount of detail she and my little sisters endured 

My brother was dead . 

I just ran and ran until I busted my ankle 

I dropped everything went to visit him now I just don’t know what to do about that situation it’s like we were prepared for the call of losing him just not being there..

my mom is in shock I won’t get into detail on happed other then he was gone grey that’s it 

we’ve been dealing with his addiction for so long at age 24 he had a stroke after his OD and now this… he’s now 25. 

We’ve done everything now it’s the homewood… well we thought it would be but that turned out to be 300$ a night 

Man my moms trying to find him somewhere he can go to detox… we did everything we can we realize it’s not him it’s the addiction he has so many hands willing to help him he just needs to gr",
jk3eds,Before I turn 26,lonely,434,53,0.99,https://reddit.com/r/lonely/comments/jk3eds/before_i_turn_26/,2020-10-29,Captain-Cheesehead,"In about 2 hours, I’ll be 26 years old. Just four little years away from entering my thirties, and in hindsight, 25 has been pretty shitty to put it gently. 

I thought this was the year I’d hit my stride; the year I’d get back up on my feet after my first encounter with heartbreak, the year I’d find a job and start saving for many dreams and aspirations I want to fulfill, like traveling and buying something nice. 

Instead, this year was the one where I sank to my lowest: Sadness, anxiety, a year-long dry spell (that’s still ongoing), heartbreak, disappointment, unemployed, fear of becoming a failure, not knowing what I’ll do, still in college, putting in weight… and this myriad of misfortune was kicked off with a funeral. The funeral of someone I knew. Someone who wasn’t very close to me, but that I held in high regards. That person and their entire family, who had their lives taken away in a fire. 

I thought things would get better from then on. I went out with my brothers the foll",
zkv01l,why is a parent living with you a bad thing?,dating_advice,434,272,0.94,https://reddit.com/r/dating_advice/comments/zkv01l/why_is_a_parent_living_with_you_a_bad_thing/,2022-12-13,Significant_Loss_231,"I am a 34 year old male. I haven't dated in a while. I have recently started looking into dating. 

Here is the issue. My mother lives with me. 

She has been living with me for about three years. She is legally blind and fell a few years back. Me and my brothers decided that it would be safer to have her living with us instead of alone. I gives everyone peace of mind. 

The problem started when I wanted to start dating. Apparently it's ""weird"" for a grown man to live with his mother. I never thought anything of it, but some people have told me that it is odd. I have explained the situation but no mater what it seems to be a major turn off to people. 

Any help would be appreciated.",
1lgmawr,Do single people just not leave the house anymore?,dating_advice,433,189,0.93,https://reddit.com/r/dating_advice/comments/1lgmawr/do_single_people_just_not_leave_the_house_anymore/,2025-06-21,Spirited-Fortune-130,"Not sure if it's a pattern or just me, but it seems like there's barely any single women that go out anymore. Probably men too, based on what some of my friends have told me.

After not leaving the house too much myself in the past few years, I started going out more. Basically saying yes to any invitation I get. Not necessarily just to meet someone but I knowing that I could if the opportunity presents itself. Maybe I'm crazy but...nobody seems single?

First example was a concert I went to. Definitely the type that would attract single women (or so I thought). But when I got there...almost everyone was with a partner. To the point where I just gave up the idea of talking to anyone there. I also went to another event and out of about 150 people, I don't think there were any women under 35 that were alone/single there.

I'm just not sure what to do now. I'm not trying to turn this into a rant about dating apps but I've been wanting to meet someone offline since they simply just aren't",
1cztc8s,"Want to combat male loneliness? Start by helping boys: ""A growing chorus of journalists, psychologists, and advocates is helping paint a picture of the ways in which having empathy for the struggles of boys and men is not separate from the feminist project, but in fact essential to it.""",MensLib,432,33,0.96,https://reddit.com/r/MensLib/comments/1cztc8s/want_to_combat_male_loneliness_start_by_helping/,2024-05-24,TAKEitTOrCIRCLEJERK,,
1rwzqa9,"husband m32 was texting a younger woman (22) while I (f31) was pregnant, it’s been 8 months and I still don’t feel the same. Don’t know if I’m overreacting or if the damage is",relationship_advice,430,503,0.91,https://reddit.com/r/relationship_advice/comments/1rwzqa9/husband_m32_was_texting_a_younger_woman_22_while/,2026-03-18,Imaginary-Ground-866,"I want brutally honest opinions, not comfort answers. I don’t know if my marriage is repairable or if I’m staying because of history, kids, and fear of starting over.

Me (31F) and my husband (32M) have been together since we were teenagers. We met when I was 15 and he was 16, and we’ve been together 16 years. Married, 5 kids. Oldest is 5, then twins who are 10 months younger (also 5), then a 2-year-old, and now a 4-month-old baby who I was pregnant with when all this happened.

We’ve always been very close, almost inseparable. People used to say we were obsessed with each other. We did everything together, talked all the time, and I genuinely believed no matter how bad our arguments got, we would never cross certain lines.

He had recently went back to work and I we were fine about a few weeks after he started talking to her we started arguing again. Before problem was when we argued, it could get really bad. Long arguments, hours sometimes, both of us saying hurtful things. When we w",
1oe2sif,Poland’s birth rate is in freefall. The cause? A loneliness epidemic that state cash can’t solve | Anna Gromada,MensLib,430,195,0.93,https://reddit.com/r/MensLib/comments/1oe2sif/polands_birth_rate_is_in_freefall_the_cause_a/,2025-10-23,No-Advantage-579,"""Nearly half of Poles under 30 are single. Another fifth are in relationships but live apart. This generation, in particular those aged 18 to 24, [surveys show](https://www.cbos.pl/SPISKOM.POL/2024/K_115_24.PDF), is more likely to feel lonely than any other – more even than Poles over 75. **In 2024, almost two in five young men** [**said they had not** ](https://www.cbos.pl/PL/publikacje/raporty_tekst.php?id=7038)**had sex for at least a year. Abstinence, too, has become partisan: right-leaning men and left-leaning women are the likeliest to be sexually inactive.**

Young Poles aren’t just sleeping apart –they’re scrolling apart. Seven in 10 have tried the lottery of dating apps. But the promise of infinite possibility appears to have delivered infinite hesitation: **only 9% of young couples have** [**actually met**](https://www.statista.com/statistics/1623385/poland-how-young-adults-met-their-partner-or-spouse/) **online.** What appears, in statistics, as a fertility crisis seems, in",
kzhjmi,I was a sex worker,offmychest,429,32,0.97,https://reddit.com/r/offmychest/comments/kzhjmi/i_was_a_sex_worker/,2021-01-17,WiseWhereas9909,"I've never told anyone. I worked in a legal brothel (Melbourne, Australia) for almost 4 years from days after turning 20 to 24. For the most part it was fine - the customers were mostly lonely older men and treated me nicely. I am a genuinely kind person, the shoulder to cry on, so sometimes after sex I'd hold them and they'd tell me what was on their minds. 

I'm not at all what you would think a ""sex worker"" looks like - i am gentle, shy, softly spoken. I know I'm relatively attractive - not hot, or sexy - but I'm decent looking and I have a nice smile. 

I'm almost 28 now and I guess the reason I'm posting this is because I think I'm ready to tell people. It was such a formative part of my 20s - I was able to work 2 nights a week while I was at uni and make more money than i would have at a full time job. I studied in between clients, I travelled the world with what i earned. I became amazing at sex!

I think I need to be honest. To forgive myself. To heal.",
8ab8k3,I've always thought that i'm gonna die alone but went on my first date ever today,offmychest,428,33,0.99,https://reddit.com/r/offmychest/comments/8ab8k3/ive_always_thought_that_im_gonna_die_alone_but/,2018-04-06,sanitydvb,"27 years of being alive and never went on a date before. My whole life i thought that i was gonna die a sad lonely old man. I'm not the most confident and good looking guy out there but i do try talking to girls and most of the time they pushed me away. Got matched with this girl on tinder and we texted a few times there, we clicked and she gave me her number without me even asking her. Then she asked when am i gonna ask her out and i grew a pair and asked. The rest is history.

My outlook on life has changed dramatically and even if nothing happens after this date i still am gonna cherish this moment and remember to never give up on anything. For the first time in years i'm gonna go to bed smiling",
1m1xc1l,Man-Child,socialskills,428,66,0.95,https://reddit.com/r/socialskills/comments/1m1xc1l/manchild/,2025-07-17,Ok_Team7122,"I realize that I am a man-child. I am 26 YO and I think and behave like an 8 YO boy, expecting the world to be a fair place, calling my dad in India up for every small thing, falling for anyone that talks to me in a nice manner, not comprehending social dynamics or even basic etiquette like ""not standing in the middle of a queue or something"". I am in the US right now, living alone, but I ain't able to handle my own sh\*\* on my own. I am unable to live my life as a normal functioning adult.   
Is there anything that I could do in order to start behaving like a proper adult? I don't know how to speak up in meetings at workplace, send emails, assert and stand up for myself, etc.  
I don't understand subtle comments made by people, etc.  
For example, when someone at workplace told me ""amazing work done in 3 months, I think you must not have slept nights"" it was a taunt saying ""is that all you did in 3 months?"" and I took it / believed it in the literal sense that he was kinda praising m",
15paiml,This is why I think there should be a leftist/progressive counter-argument to toxic masculinity,MensLib,426,199,0.86,https://reddit.com/r/MensLib/comments/15paiml/this_is_why_i_think_there_should_be_a/,2023-08-12,gate18,"**Edit typo: The title should be: ""This is why I think there should NOT be a counterargument""**

I'm not the most active in this space or this topic but I have read articles and argued with a few people that believe that the left (or whoever is not on the far right) should have a narrative to counter what the far right is offering men. 

I started listening to [Can Masculinity be Truly Non-Toxic?](https://www.youtube.com/watch?v=kPOvzazPx8c&amp;ab_channel=WavingtheRedFlag) and 10 minutes in I had to stop and write this. FDSignifire was asked what's positive masculinity (the opposite of toxic masculinity), and he says 

&gt;I would say the opposite of those things: self-denial, eliminating emotional range, stoicism, wanting to be a lone wolf, and not one to ask for help, and not going to doctors. So, the opposite of all of that would be what I call productive masculinity because, **whether or not things like being a provider, protector, and breadwinner tie into how you identify and idea",
9filwf,"In college, in desperate need to make friends and socialize. Im already a Junior and I have made zero progress.",socialskills,422,56,0.98,https://reddit.com/r/socialskills/comments/9filwf/in_college_in_desperate_need_to_make_friends_and/,2018-09-13,your_simpleton,"I am new to my university. I just transferred from Community College. I am in desperate need for friends.

So here is the scoop, I do blame myself for my lack of social experience or life or whatever. Basically throughout my K-12 years, I have had the same friends. I never really had to make new friends, or never had to really socialize outside of my group or outside of my norm. So I graduated HS, and went to CC, and still had some of my friends from my secondary schooling. 

Now I just transfered to a big state university, and here I am actually all alone. My friends are either stuck at CC, moved on, or are away from home for college. So now what? I am stuck with bounds of socialites and pretty girls, and here I am not knowing what to do or how to go about this.

I do no live on campus, I live with my parents and I commute to and from school. I also work after school sometimes, not everyday after school but some days. 

It's been 3 weeks, and I'm stuck. I don't want this to be a shitt",
im2b8p,I've started dating women and one of my exes is really mad at me,relationship_advice,420,92,0.94,https://reddit.com/r/relationship_advice/comments/im2b8p/ive_started_dating_women_and_one_of_my_exes_is/,2020-09-03,ThrowRAhmmmmm,"I've recently started dating women (I am a woman) which was something I didn't feel comfortable being out about completely. When I dated men I let them know I was interested, so it's always been known among those I'm close to.

Now I am only seeing women and my ex is texting me things like ""you're so stupid"" and ""being gay isn't a substitute for a shitty personality"" and ""enjoy being lonely at 35 with your cats you dyke"" and ""lesbians have the highest rates of domestic violence"" and ""you always have the most embarrassing phases, it's my duty to bully you"".

We have mutual friends so I can block him but I really don't know what to do...like do I tell people? Avoid him? This is really not okay stuff for him to say right?",
eki9q,"Another troll husband call, a coincidence, and a Forever Alone ",self,419,97,0.92,https://reddit.com/r/self/comments/eki9q/another_troll_husband_call_a_coincidence_and_a/,2010-12-12,paperbark,"These little stories, surrounding a pickup truck we advertised on an online sale board, always pop into my head in December. We posted it three years ago this month.

The first is for all of you who enjoyed an [earlier troll phone call by my 'fingerless' husband.](http://www.reddit.com/r/self/comments/e7m06/to_an_it_tech_apologies_on_behalf_of_my_troll/) The other stories you can take or leave. For reference, we live in Chicago, and almost all the calls came from out of state. 


I first talked to a geezer from Kansas, who was friendly and chatty before demanding a lowball price and delivery of the truck to a halfway point in Missouri. *Oooh-kay,* said I. *We’ll be in touch. Click.*

He called again, belligerent, and talked to the husband.

 **Husband:** Look buddy, I’m not selling you this truck, not at that location, not at that price. This isn’t Meet Me in St. Louis.

**Geezer:**  Yeah, well, I’ve got a tape recording of your wife promising sale and delivery of it, and my son, ** *m",
d8ii94,"I was raped 4 years ago, when I was 15.",offmychest,417,52,0.98,https://reddit.com/r/offmychest/comments/d8ii94/i_was_raped_4_years_ago_when_i_was_15/,2019-09-24,throwaway4232000,"4 years ago, I (M19) was raped by a man in his late 20s to early 30s. We met through a dating app called Grindr, which was specifically made for gay men. At the time, I was very lonely and confused. Having lived in a conservative, Mormon household, I did not feel coming out would be safe for me. Neither was Grindr. I knew that, but there was no other way I could think of for guidance. My internet usage was heavily monitored and my school did not have any LGBT+ clubs or support groups. So, I downloaded Grindr without my parents knowing, and met up with a guy at a coffee shop who I thought was good intentioned. 

We met at the coffee shop. It was dark out. I remember telling my mom I was going to a study group, but I don’t remember why we went at that hour. We had a lengthy conversation about being gay and how to deal with things like coming out and finding a support system if things didn’t work out. He was nice, perhaps too nice, and he made me feel comfortable. Comfortable enough to ta",
jnrd62,Tuesday Check In: How's Everybody's Mental Health?,MensLib,416,246,0.99,https://reddit.com/r/MensLib/comments/jnrd62/tuesday_check_in_hows_everybodys_mental_health/,2020-11-04,MLModBot,"Good morning everyone and welcome to our weekly mental health check in thread! Feel free to comment below with how you are doing, as well as any coping skill/relaxation aids for others can try! For information on mental health resources and support, feel free to consult our [resources wiki](https://www.reddit.com/r/MensLib/wiki/edit/sidebar/resources_for_men) (also located in the sidebar!)

Remember you are human, it's OK to not be OK. Try to be kind to yourself and remember that people need people. No one is a lone island and you need not struggle alone. Remember to practice self-care and alone time as well. You can't pour from an empty cup.

Take a moment to check in with a loved one, friend, or acquaintance. Ask them how they're doing, ask them about their mental health! Keep in mind that we may not all be mentally ill, but we ALL have mental health.",
23h9v0,I moved across the country and now I'm so lonely it hurts to breathe. I hope someone reads this.,offmychest,416,55,0.97,https://reddit.com/r/offmychest/comments/23h9v0/i_moved_across_the_country_and_now_im_so_lonely/,2014-04-20,throwawy9999,"I might have made a terrible decision. I thought I was going to be adventurous and get a new start at life. I thought I was going to find a direction to go in and make a career for myself. 

I know breaking up with my ex was the right thing to do, but months later, the emotional trauma he caused me from our relationship is apparent to me. He was the first person I'd ever fallen in love with and I truly thought we were going to get married. He was so kind and understood me like no one else. We had so much fun together, going on adventures, writing music, even just cuddling and watching Netflix. I could see the love in his eyes when he would kiss me and I could feel it when he would hold me tight. I could see it in the way his mouth smiled and hear it in the way he laughed. When we were together, it seemed like there were new colors to the world that I had never seen before.

We had an amazing relationship for two years. My friends thought we were so well matched that they called him the",
albzej,What’s the life of a man who chose not to have children like?,AskMenOver30,414,388,0.95,https://reddit.com/r/AskMenOver30/comments/albzej/whats_the_life_of_a_man_who_chose_not_to_have/,2019-01-30,Bison-cartel,"I’m 26 years old and in the last year Iv finally come to terms with the fact that i don’t want children. When I finally said it out loud I felt a weight lift off my shoulder. I come from a broken home and the although i love my career it will have good patches and bad. All of this made me anxious about having children but i think it was just my brain making excuses for having zero paternal instincts. I can’t stand children. However since most of the people 30+ I know are parents of friends Iv no idea what to life of a grown man, when everyone around him is reproducing, would be like. Is it lonely? Or is it amazing and full of free time and disposable income?",
1yhup8,No heartbeat...,self,412,61,0.94,https://reddit.com/r/self/comments/1yhup8/no_heartbeat/,2014-02-21,throwaway-heartbreak,"I don't have anyone else to talk to about this. I went today to have an ultrasound and see my baby for the very first time. When the lady had the roller thing on my stomach, and she was looking at the monitor she all of the sudden got quiet and had a bad look on her face..  She then told me that she was sorry, but my baby's heart wasn't beating. I broke down crying in the office. I don't know what happened. I haven't showed any signs of miscarriage and I feel fine. I had to go to the hospital, and they said that if my body doesn't expel it naturally that I need a d&amp;c in march 7th. How am I going to live for this long with a dead baby in me. I'm going crazy I think! I just needed to get that off my chest. I'm sorry for typos and wall of text, but I am drinking quite alot right now. Thanks for listening 


** sober edit.. Thank you all so much for listening to me rant. I have no close friends or family, so i was feeling pretty alone in this. your comments kept me sane last night. Ser",
14qjb2h,can we stop with the incel posting?,lonely,404,234,0.86,https://reddit.com/r/lonely/comments/14qjb2h/can_we_stop_with_the_incel_posting/,2023-07-04,babyfuckingkeem,"seriously guys, stop adopting this incel mindset and regurgitating the same stupid comments like ‘people only care about women here not men’. trying to get nudes from women ≠ caring about them. i know it’s seriously difficult at times but this mindset is incredibly damaging to yourself and the people around you. before anyone accuses me of not knowing how bad it feels because i am a woman, i am a lonely dude myself. saying stuff like that won’t make you anymore appealing or less lonely, it actually does the complete opposite. please seek help.",Venting
1ifzj4k,I started a men’s group and it’s been amazing! 57m,AskMenOver30,402,117,0.97,https://reddit.com/r/AskMenOver30/comments/1ifzj4k/i_started_a_mens_group_and_its_been_amazing_57m/,2025-02-02,Defiant-Scale-3348,"Hey guys! 

I was reading the sub this morning and was struck, as I often am, by how many men in our country feel alone, abandoned, and like they have to do it all themselves. I can relate. 

At 57 (or any age) it’s been hard to make new friends and find other IRL guys to talk to about what it’s like to be a man. So, back in August, I started a men’s group on MeetUp to see if other guys were feeling the same way.

The response was strong right off the bat and now we have over 40 men in the group. We meet every week on Zoom (meetings are limited to 12 members to ensure that everyone has a chance to share) and we also meet in-person for a walk around a local lake every Sunday.

Here’s what I’ve learned:

1. You don’t have to be a therapist to run a men’s group. As the main facilitator of the group, I just make sure that everybody’s had a chance to share, I ask questions, and I keep things moving. When I first started the group before our first meeting, I was nervous that I wasn’t qualifi",Mental health experiences
1m8mhku,Update. My husband is best friend with his ex.,offmychest,401,32,0.97,https://reddit.com/r/offmychest/comments/1m8mhku/update_my_husband_is_best_friend_with_his_ex/,2025-07-25,Jazzlike-Sugar-7209,"Hi. 

I'm writing here becuase I'm unable to sleep. 

Its been 6 months since my last update, I'm now  9 months pregnant and my daughter is 5 now. She is a sweetheart.  

My last months have been rough.  Life is beating me up like if I was the one who stole baby Jesus' pacifier.  

My ex was very respectful the very few weeks. He came regularly to pick our daughter, put his share of money, was attentive with me and I thought whoa, maybe this is going to hurt like hell for a long time but its gonna work. My mom and my sister were great! I swear this pregnancy has been easy, sometimes I forget I'm pregnant. 

I FOUND out the reason of Eliza and ex fallout. And learned it directly from Eliza's mouth. She called me one day and say she would like some words. I wasn't sure but we met. She said she wanted to apologize for a couple of things: not realizing _how_ badly intrusive she was in my marriage (she knew she was but did not realized how bad it was and how toxic). Enjoying the influece sh",
1k9wor5,I cannot for the life of me understand why homosexuality is a sin,offmychest,400,326,0.89,https://reddit.com/r/offmychest/comments/1k9wor5/i_cannot_for_the_life_of_me_understand_why/,2025-04-28,perfect_angelicboy,"I can justify the classification of most sins. Lying, drunkenness, gossiping, greed, covetousness, lust/lasciviousness etc etc. But I do not understand why my capacity for love is evil, and inherently disordered. Why it would be a moral good that I spend my entire life alone. It just seems so arbitrary, and it makes me afraid that I’m inherently evil, because I can’t see it as a moral evil for two men to be together. That maybe there is something so inherently evil in me that what is evil, seems good to me. But then I remeber all the other things I know for a fact to be evil, and I’m lost. 

I think Christianity is a beautiful religion with a lot of good qualities, I just wish so badly I didn’t want to love a man. I’m so scared and lonely and ashamed",
pwg9ta,I hate being single,dating_advice,398,135,0.97,https://reddit.com/r/dating_advice/comments/pwg9ta/i_hate_being_single/,2021-09-27,Psychological-Sea607,Now don’t get me wrong being single has it’s pros but people tend to forget that it also has it’s cons. I’m not into sleeping with random people and I would prefer a consistent partner that isn’t a fwb. I’m 24 now I’ve almost gotten married before but it didn’t feel like it was for the right reason so we called it off. Now I have my dog and I’m in school but since covid I haven’t gotten to meet new people since events are called off so often. I resort to online dating but I’m not into going to a strangers house on the first meeting. Apparently I’m an oddball because I value my safety. I don’t even feel comfortable with a man touching me because I don’t know what to do anymore. Like it feels like I’m feral to a the idea of a male connection. Everyone tells me to use my time while I’m single to figure out what I want and I have. I don’t get why it’s wrong nowadays to want a partner. If you express that is your desire people judge you as if you’re desperate but I’m human and there’s nothi,
1l2gtob,OpenAI featured chatbot is pushing extreme surgeries to “subhuman” men,MensLib,395,56,0.97,https://reddit.com/r/MensLib/comments/1l2gtob/openai_featured_chatbot_is_pushing_extreme/,2025-06-03,TAKEitTOrCIRCLEJERK,"#[“Hardmaxxing is NECESSARY. Softmaxxing alone will NEVER mog you into viability — it’s like putting a fresh coat of paint on a crumbling building,” declares a chatbot featured prominently on OpenAI’s GPTs page.](https://www.citationneeded.news/openai-incel-chatbot-subhuman-men/)

Look, we all have insecurities. It's part of living as a human. You did not ask to live^in^a^society. It's just how life works. 

Here's the deal: **these people and chatbots are fucking lying to you about the solutions to your insecurity.** They are not your friends. They do not want what is best for you. The people who write this shit - and the LLMs trained on that writing - have identified a market opportunity and they are capitalizing on it.

You, the young man, are the market opportunity. These chatbots and gurus want your money and attention. They want you to feel bad so they alone can drip-feed you Secret Knowledge.",
16gmowy,I did a fun experiment (21F),lonely,394,80,0.88,https://reddit.com/r/lonely/comments/16gmowy/i_did_a_fun_experiment_21f/,2023-09-12,Particular-Berry-788,"I'm a man and I pretended to be a woman. Why did I do that? To see how much fucked up this sub is, now I can tell without any doubt that yall are awful people and should be ashamed of yourselves. 

It all started yesterday. Yesterday I was really feeling down and I made a post looking for help and asking people to DM me, I did it with my main account (not this one) where it's clear I'm a man and of course nobody replied to me. I was left alone. 

Today I made a similar post but with this account, pretending to be a girl and, and oh God, 10 chat requests and 3 comments in just ten minutes.

We all know what that means, the big majority of people on this sub are either big babies looking for a woman to heal their inner child, loners looking for a relationship or weirdos who just wants to get laid.

There's nothing wrong in seeking a partner, the awful part is that YOU ARE DOING IT IN A SUB SUPPOSED TO HELP PEOPLE WHO STRUGGLE WITH LONELINESS, YALL ARE TRYING TO TAKE ADVANTAGE OF LONELY W",Discussion
lkzkvj,To the man at the bus stop,offmychest,393,42,0.96,https://reddit.com/r/offmychest/comments/lkzkvj/to_the_man_at_the_bus_stop/,2021-02-16,foxychai,"Fuck you. Seriously. Fuck you for trying to yell over my headphones to try to get me to look at you and for trying to block my path when I kept walking away. I am so sick of the male gaze. I dressed up today for me, to try to pull myself out of a month's long depression. Now I'm crawling back into my cave of misanthropy and isolation. I just want to feel safe.",
t7eoip,I confessed my feelings to my crush and I’d 100% recommend it,dating_advice,391,55,0.96,https://reddit.com/r/dating_advice/comments/t7eoip/i_confessed_my_feelings_to_my_crush_and_id_100/,2022-03-05,polarbure,"This is the confidence booster I didn’t know existed and as a woman (26,f) it was 100x more scary for me, I have never been so direct with a guy. In the past my version of making the first move was walking past a guy and letting him see me and then choose to approach me lol that was the best you’d get out of me

So he’s been my crush for over 4 months now, it got to a point where we weren’t even in regular communication anymore but I was just stalking his socials admiring and thinking about him from a distance. He’s an amazing person to be around and it was eating me up that I was keeping how I felt towards him a secret and it was growing more and more.  I even thought I’d look ridiculous confessing how I feel considering we don’t talk often anymore.

At first when I was typing the message and actually sent it, I literally screamed in nervousness and I thought I’ll never look at my phone again. And then I felt the embarrassment of randomly confessing my feelings to him, and the embarra",
1olp6bq,"He is 16 years older but I feel he is the one. However, my female friends are telling me to ned things with him",self,387,716,0.78,https://reddit.com/r/self/comments/1olp6bq/he_is_16_years_older_but_i_feel_he_is_the_one/,2025-11-01,ThrowRAgiver285,"I am 30. So a total adult woman. I had a hard time with dating because I am to some degree old fashioned. I want traditional man - protective, manly, good career. I do work myself and make good money (international big company) but I do believe I am traditional myself. I love cooking for my man, want a big family, wear 99% time dresses and heels.

I met this man at my workplace and he is what I always wanted. He is ambitious, has a good career (a plant manager in a huge company), tall, clean cut look, respectful, can take control. He divorced 2 years ago, when he was 44. His marriage lasted 11 years. No children.

We have been dating for 6 months only but we plan to get married. Not right away, in the spring maybe. And we get along very well as we complete each other. He is climbing that professional ladder and I provide him all the emotional and whatever support he might need. I repeat that I am not a kept woman, nor do I consider that a man has to be the only provider. I owb my own f",
1p8thpi,"If you never had problems making male friends as a woman, if male friends naturally gravitated towards you, you should know you're a very attractive woman.",self,387,132,0.84,https://reddit.com/r/self/comments/1p8thpi/if_you_never_had_problems_making_male_friends_as/,2025-11-28,Positive-Face1705,"Story time. I was close friends (till we had to move apart for college) with a girl far more attractive than I am.

Our friend group bloomed thanks in large part to her alone. Guys chatted her up, always had a question they needed her help on, et.c. Always at least two guys at a time had an apparent crush on her. Others might have been better at hiding it.

She was cool but never really into stereotypically ""manly"" things, but they always had a lot in common with her. 

I appreciate her for being pretty and cool  because it sure made our lives more interesting with a bigger social circle.",
188b8j7,Would you date yourself?,dating_advice,386,484,0.97,https://reddit.com/r/dating_advice/comments/188b8j7/would_you_date_yourself/,2023-12-01,jwade1971,"I ask this question because I’ve had friends and people who I have known that tend to set unrealistic expectations for what they are looking for in a partner. As an example I had a friend who was morbidly obese but refused to go out with a woman who was obese or even overweight, he would use words like “ugly” or “gross” when observing women he found unattractive. This man went years without dating(even though he would complain about being lonely) and unfortunately died last year. How about thoughts on realistic standards?",
q0iite,"Married men, be honest, how lonely are you ?",AskMen,383,261,0.93,https://reddit.com/r/AskMen/comments/q0iite/married_men_be_honest_how_lonely_are_you/,2021-10-03,kjvlv,how long have you been married and when did the loneliness start?,
1sfcr76,"The person (35M) who absolutely obliterated my heart texted me (35F) for my birthday, what do I say back?",relationship_advice,381,196,0.92,https://reddit.com/r/relationship_advice/comments/1sfcr76/the_person_35m_who_absolutely_obliterated_my/,2026-04-07,Glittering_Shelter10,"Pretty much what the caption says, and this is my throwaway account. I’ve been heartbroken over this man for 3 years now, and we’ve been in no contact for 6 months. He was my best friend for YEARS, then we decided to give a relationship a shot. I had never felt so seen or understood by someone, and it was a beautiful thing to begin a relationship with someone who I had a 

friendship with already. I found out he had cheated on me multiple times and so I ended it. I will never forget the moment I found out, the world stopped for me. I never experienced this level of betrayal by someone, let alone by the person who knew me best and I trusted the most. We tried to repair the friendship but honestly I could never look at him the same way. So one day I just silently walked away, and have been working on grieving the person who I thought was my best friend. But then I get the “happy birthday I hope you are well” type of birthday text and I truly do not know how to respond.",
1j7qrg8,I just found out I'm a child of rape,offmychest,381,19,0.97,https://reddit.com/r/offmychest/comments/1j7qrg8/i_just_found_out_im_a_child_of_rape/,2025-03-10,bingbongdiddlydoo,"My father raped my mother multiple times. When my brother and I were concieved, he drugged her and raped her, then told her he ""planted his seed"" in her already. My mom has had very little self worth her whole life, and was taken advantage of and abused pretty much everywhere she went. On top of that, she spent her childhood in Cambodia during the Khmer Rouge and lived in a concentration camp. Her mother killed herself when my mom was 7. She was raped by her step brother and his friends when she was a child. And everyone told her she always deserved the pain she went through. 
Her and I now live with my step dad and his family and my step dad is a man from heaven, I swear. He's always been an amazing father to me and an amazing husband to my mom. 
Sometimes out of nowhere her PTSD will be triggered and she'll go absolute batshit. 
Growing up, as a child, I never understood why my mom would be normal sometimes and absolutely fucking crazy other times. So when she would be triggered, I w",
bi02kp,How to build a social life after a long period of social isolation?,socialskills,380,41,0.99,https://reddit.com/r/socialskills/comments/bi02kp/how_to_build_a_social_life_after_a_long_period_of/,2019-04-27,sgtmohs,"Hi everyone. Sorry in advance, this post might be a bit long. I’m looking for some advice on the next steps to take to improve my social life after a long period of social isolation and mental illness. I’m a 21 yr old male if that helps put things in perspective. 

In my last couple of years of high school and my first few years of university I gradually developed anxiety and depression, which reached a breaking point early last year. After seeing a psychologist for a year I’ve made a ton of progress. I’m no longer suffering from depression, and have made significant progress in dealing with the general anxiety that was at the root of a lot of my issues. Ive still got more to progress to make, but I feel like now is the right time to really put an effort into rebuilding a social life. 

I had a pretty wide circle of friends in high school, along with a few really close friends. I only kept my close friendships once I started uni, and those gradually drifted. As of right now, I have one",
2xgt5t,"My boyfriend claims that doing the ""helicopter dick"" is impossible. Has anyone been successful?",AskMen,378,232,0.86,https://reddit.com/r/AskMen/comments/2xgt5t/my_boyfriend_claims_that_doing_the_helicopter/,2015-02-28,Girugameshu,"I am referring, of course, to the move featured in the Lonely Island song [3-Way](http://youtu.be/Pi7gwX7rjOw). He believes it's impossible, or at least extremely difficult for an ordinary man, to achieve successive 360° penile rotations. So, have any of you here attempted it? What was the result? Did you impress the chick?

Edit: Thank you for the responses. They make me wish that I was equipped with such a versatile appendage. To stymie some of the ""your boyfriend has a micropenis lol"" accusations, I'll add that my boyfriend is one hell of an amazing grower, not a shower. Seriously, it's damn impressive. That appears to be the source of the issue. I wouldn't trade his dick for anything, so I suppose that we'll watch meatspin together for me to get my fill.",
1ydl9i,"[UPDATE] I never gave a blowjob before, should I tell him? Should I ask him if I can give him one? I don't know wtf I'm doing.",AskMen,377,79,0.89,https://reddit.com/r/AskMen/comments/1ydl9i/update_i_never_gave_a_blowjob_before_should_i/,2014-02-19,iwantthedddddd,"[First Post](http://www.reddit.com/r/AskMen/comments/1viinz/i_never_gave_a_blowjob_before_should_i_tell_him/)

[First Update](http://www.reddit.com/r/AskMen/comments/1vljlc/update_i_never_gave_a_blowjob_before_should_i/)

I was checking this account the other day and noticed some messages asking for an update, and I thought you guys deserved it after being so nice and supportive. This is not as interesting as my previous posts (or that relevant to this sub) but I don't want to let anyone down (:.

So, after that first blowjob we started seeing each-other non stop. And the craziest thing for me is that he was the one asking to hang out all the time! I always felt like I was bugging him whenever I asked if he wanted to do something (not his fault, I'm just a little bit insecure, it stills feel weird to have someone show interest in me), seeing him so excited about me is a great feeling. 

We kept going out and doing awesome stuff together, and obviously I kept practicing my blowjob skill",Sex
1jkstpa,The fact people don’t realize two things can be true at once is what’s killing all discourse,self,377,51,0.95,https://reddit.com/r/self/comments/1jkstpa/the_fact_people_dont_realize_two_things_can_be/,2025-03-27,East-Cattle9536,"I’ve been seeing all these relationship posts over the last week and it’s wild. 1) if u are an ugly person who managed to get in a good relationship, that doesn’t mean being ugly doesn’t make things harder for other people. 2) if there are some terrible people who are in relationships that does not necessarily mean their terribleness is the reason they are in them, and it doesn’t preclude good people from being able to find people as well. 3) if there are some men who, through conscious choices, socially isolate themselves and hold terrible views about women and therefore can’t get in relationships, that does not mean the entire male loneliness epidemic is self inflicted. 4) if there is a male loneliness epidemic, that doesn’t mean there isn’t a female loneliness epidemic. 5) the causes and consequences of female loneliness do not have to be the same as male loneliness to be comparably damaging. 

This idea of “if men x, then women y,” is killing our ability to have relationships or ev",
1ah075h,Me and my straight best friend fell in love and were in a secret 'relationship' for years.,offmychest,377,64,0.92,https://reddit.com/r/offmychest/comments/1ah075h/me_and_my_straight_best_friend_fell_in_love_and/,2024-02-02,IndividualSeason3634,"Hi guys, this is my story about how me and my straight best friend fell in love, and how I'm really struggling with it right now. I can’t really find anything on reddit with the same bizarre situation I found myself in. This all occurred between 2016-2024. This is a long story, so strap in.For some context - I'm a (closeted) bi 26 male, my friend is a straight 28 male. Both of us are middle eastern men and have traditional middle eastern families where it is expected to get married to a woman (will become relevant). We are stereotypical middle eastern men, both around 6-foot, beard, muscles.  
  
I met my friend, James, in the gym in August of 2016. I was 19, he was 21. We would train every day at the exact same times and would notice each other but not talk at all, just the occasional 'bro nod' if we made eye contact. I thought he was handsome, he was buff and had a cute smile, but no intention to get romantic or intimate with him. There was always some weird tension in the air that",
hitxdr,Sexual harassment of adult men by teenage girls,MensLib,377,53,0.96,https://reddit.com/r/MensLib/comments/hitxdr/sexual_harassment_of_adult_men_by_teenage_girls/,2020-06-30,mizel103,"A thing that happens and I think we don't talk , guide, and educate about enough.

This is coming from a very personal place for me. I used to work in the non-formal education field, specifically summer camps, and I used to be the subject of many ""counselor-crushes"" which eventually led to me leaving the field (along with a general sense of having grows out of it). You all know what I'm talking about: a group of girl-campers would decide that they have a crush on the counselor, and would go on to make suggestive comments, trap him alone in the room with them, even touch him inappropriately. Most times this isn't a single girl, but a group of them who make their counselor crush the thing that bonds them (a common interest they share) throughout the summer camp. The place I worked used to handle cases of boy-campers touching female-counselors inappropriately very well: they'd take him aside, and explain the idea of personal space to them, keeping in mind that our country has an extremely",
1hyyqj2,The Number 1 thing that has helped motivate me in dating,dating_advice,377,72,0.97,https://reddit.com/r/dating_advice/comments/1hyyqj2/the_number_1_thing_that_has_helped_motivate_me_in/,2025-01-11,GWPtheTrilogy1,"For me I used to hear that I would find someone, ""it'll happen one day when I least expect it"" you know, the typical bullshit people say to placate you. And then one day I realized that it may not happen. The odds are not in my favor. Plenty of people never find someone and die alone. This may seem strange but to me that helps motivate me. 

I want a partner, I want someone to do life with, the good, the bad, the ugly I want this with someone but it's not owed to me. I've put in YEARS of work. I've watched friends,  both men and women, who put in literally zero effort to find a partner, have great people fall into their laps. Some are married, some have kids, some are (or seem) disgustingly happy they have the romantic happiness I desperately want with a fraction of the effort that I have put in. In my experience if i do nothing, nothing will happen for me. I have never once in my life gotten anything I've really wanted without me putting in consistent, sizeable effort.

I've tried eve",
w0wjr2,"If your girlfriend tells you they have a history of cheating but says she regrets it, would it be a dick move to give them a chance on the condition that a paternity test would be needed if she ever got pregnant?",dating_advice,375,242,0.9,https://reddit.com/r/dating_advice/comments/w0wjr2/if_your_girlfriend_tells_you_they_have_a_history/,2022-07-17,SB6P897,"I feel like the answer is yes but tbh I wouldn’t want to raise another man’s child, let alone stay with her if she cheats on me. Any thoughts or advice from people who have given their SO’s another chance?

Edit: to clarify, I broke up with this girl the night she shared her history, but I’m having second thoughts cuz she was great otherwise. We’re starting to talk again",
1dbrvez,Being a woman on this reddit,lonely,374,174,0.87,https://reddit.com/r/lonely/comments/1dbrvez/being_a_woman_on_this_reddit/,2024-06-09,SignificanceTime9086,"I get thirst no matter how I vent about my mental health and struggles. If you want to make friends or a relationship maybe stop treating anyone woman who breathes like a sex object.

I've been offered money to video chat. I'm not a SW. I've been told how I must not be lonely if I won't be dtf a stranger. I've been told how women ""only"" like bad men and won't give nice guys a chance.

 If you want to stop being lonely then validate what people are actually saying,and be supportive. If you want to be considered a nice guy then actually be nice. Don't just sit here and complain about being ghosted after you acted inappropriately. 

Women do like nice guys - most of you just aren't nice.",
1e6anfb,I'm pregnant and moving to Flordia leaving my Baby Daddy Behind. ,offmychest,374,99,0.92,https://reddit.com/r/offmychest/comments/1e6anfb/im_pregnant_and_moving_to_flordia_leaving_my_baby/,2024-07-18,anxietybreathing,"I (28F) am 13 weeks pregnant. I found out when I was 4 weeks and told my BBD (27M) right away. Me and him were never really in a relationship yet we were exclusive or so I thought. I loved this man so much I'd do anything for him. I always thought we would end up together eventually. He was my best friend. My rock. We weren't together but he always treated me like his gf. It was very confusing. When I told him I was pregnant I thought that was it. We'd get together and work as a team to raise this baby. Give her a chance to a two parent home. But no, instead he told me he was getting back together with his ex. I thought he and his ex were long done but to my surprise they never broke up. He was juggling both of us for MONTHS. I was absolutely devastated. He told me he had told her about his unfaithfulness and that she forgave him. That she was all in and was willing to see our child as her own. I think this is absolutely crazy. What kind of woman with any sense of self respect would ju",
1r1cyt0,"The man who sexually assaulted me, and has raped numerous women has had multiple girlfriends, and a big group of friends, while I have neither.",self,373,48,0.94,https://reddit.com/r/self/comments/1r1cyt0/the_man_who_sexually_assaulted_me_and_has_raped/,2026-02-10,CombinationRough8699,"So when me and my friends were in high-school, we smoked weed for one of the first times. One of the guys with us started acting very weird and eccentric. We got back to my place, and he ended up pinning me down while saying he wanted to suck my dick, and had to be pulled off me by several other friends. I stopped talking with him after this. I later heard from several different women that he had raped them, and considering what he did to me I don't doubt it. 

In the years following high-school, my friends all moved away or ended up ghosting me, until I pretty much stopped seeing them entirely. I've spent the entirety of my late 20s alone. I've also never had any luck romantically, and have been rejected by every woman I've ever asked out. 

A few months ago I was invited to a event with some of my old friends. I got there to see the man who attacked me there alongside his absolutely beautiful girlfriend.  Overhearing conversations between him and my other friends, it sounds like they",
9je36l,My Mum Told Me Being Gay Is Cruel &amp; Ungrateful Because She Wants Grandchildren.,offmychest,373,36,0.96,https://reddit.com/r/offmychest/comments/9je36l/my_mum_told_me_being_gay_is_cruel_ungrateful/,2018-09-27,diet2thewind,"I've been gay ever since I could remember. I didn't learn the concept of homosexuality until I was in my preteen years, but I always knew that my favourite male friends would only feel like brothers and female friends felt special and I was attracted to them.

I'm in my 20s now and I haven't told my parents. They're not religious, but Asian and believe that ""nature"" made men and women for a reason. My dad is a casual misogynist who already loves commenting on random women's appearances (if you pass by our car at a red light you can't escape) and is the classic ""men's man"" who recoils violently at anything that doesn't fit into his morals. 

My mum is passive-aggressive, believing that it's ok for people to do whatever they want, unless it's her kids. She thinks being gay is a mental trauma (eg lesbians are women who had hearts broken by men) or a lifestyle choice. Being gay to her is like a bad life decision, equivalent to taking a 2 mil loan for a yacht when you make 2k a month.

It d",
r856z9,Narrow male sexual roles...,MensLib,368,64,0.98,https://reddit.com/r/MensLib/comments/r856z9/narrow_male_sexual_roles/,2021-12-03,AbyssinianLion,"I noticed that the previous thread on submissive/switch men was understandably derailed by the authors problematic views that probably warrants a few visits at the local therapist office. Notwithstanding, I do think this issue deserves to be highlighted as one of the major social issues men face who may not conform to the cookie cutter performative masculine sexual roles that society and many women expect and desire of men.  

&amp;#x200B;

Personally as a racially ambiguous muscular brown man and a switch verging on being self identified as a sexually submissive man, Ive had my fair share of sexual troubles and Im sure Im not the only man who has had to deal with imposed sexual roles making sex quite unenjoyable, especially when certain women assume that I am endowed with traditional macho masculine energy because of my ethnicity, when that couldn't be further from the truth. But like the problematic author, Im not attracted to many aspect of the BDSM community, which although is incr",
1hkfgg,My father-in-law is out to kill me. I'm not even joking.,offmychest,368,172,0.97,https://reddit.com/r/offmychest/comments/1hkfgg/my_fatherinlaw_is_out_to_kill_me_im_not_even/,2013-07-03,DontLookAtMe_,"I know it's normal for people to not exactly get along with the inlaws, but I am at my breaking point. I love my wife to death,  but I think I'm going to have to divorce her just so I can stay alive.

Her dad, or Satan as I like to call him, has done the following to me in the past 5 years:

1. Calls every night to speak with his daughter. Which is fine. But he always calls and insists on talking for at least 2 hours. He'll make her feel bad if she doesn't stay on the line. 

2. He calls whenever he knows we will be out doing something. We have learned to not tell him of our plans if we can help it.

3. He passively aggressively tells her how much I suck and how she could do better, *while I'm in the same damn room!*

4. He shows up at our house uninvited constantly.

5. When he's at our house, he's constantly telling me how I've done a shitty job on one thing or another.

6. He always 'accidentally' runs into me or hits me with objects. For example, when walking by, his cane will 'mag",
lkxcjl,Tuesday Check In: How's Everybody's Mental Health?,MensLib,368,246,0.98,https://reddit.com/r/MensLib/comments/lkxcjl/tuesday_check_in_hows_everybodys_mental_health/,2021-02-16,MLModBot,"Good morning everyone and welcome to our weekly mental health check in thread! Feel free to comment below with how you are doing, as well as any coping skill/relaxation aids for others can try! For information on mental health resources and support, feel free to consult our [resources wiki](https://www.reddit.com/r/MensLib/wiki/edit/sidebar/resources_for_men) (also located in the sidebar!)

Remember you are human, it's OK to not be OK. Try to be kind to yourself and remember that people need people. No one is a lone island and you need not struggle alone. Remember to practice self-care and alone time as well. You can't pour from an empty cup.

Take a moment to check in with a loved one, friend, or acquaintance. Ask them how they're doing, ask them about their mental health! Keep in mind that we may not all be mentally ill, but we ALL have mental health.",
hraq6i,"Confession: I’m grown woman with no friends , extremely lonely , and hit rock bottom",lonely,367,55,0.99,https://reddit.com/r/lonely/comments/hraq6i/confession_im_grown_woman_with_no_friends/,2020-07-14,popularloner712,"I’m humiliated  to say this but I have no friends. I have no one to list as emergency contact. I have no one I can talk to or confide in. Nobody checks on me.  People look at me and assume I have friends but I don’t. Why do I have phone ? It’s just filled with men that only want to sleep with me or talk to me when they’re bored at night. No female friends at all. After, one used me for something she ghosted and the other ghosted when she got boyfriend . I haven’t had true friend since maybe since  high school? More I think about they weren’t true friends either. 
As 26 year old woman , i feel I’m at rock bottom. Last night , I cried for hours staring at the wall. I feel nobody cares about me or loves me in this world . I lost my job..I’m unemployed and broke. I don’t know how I will survive . I’m stuck in hopelessness and the loneliness makes it worse! I tried making friends online. I can’t find any female friends. It seems like women don’t want to be friends with other women. Well the",
1m6z7y3,What I've learned from my 11 year depression.,lonely,367,55,0.95,https://reddit.com/r/lonely/comments/1m6z7y3/what_ive_learned_from_my_11_year_depression/,2025-07-23,tswiflover,"Im 34m living in minnesota.

#1: nobody cares. 

Talking to friends and family about your problems is only okay for small depressions that normal people go through and recover from quickly. Ongoing  depression quickly drives people away.

Lesson: keep it to yourself. If you're a young person who is depressed, never ever talk about it with anyone. Just pretend to be normal so at least you still have people around you.

#2: people are actually glad you're miserable.

 Either because it makes them feel better about their life or because they're annoyed at your bad mood. If you fail to do what I said in #1 you will inevitably hear people say things like ""you're so negative."" Or ""you just like being miserable."" Or ""thats why nobody likes being around you."" 

Lesson: don't tell people your weaknesses or insecurities because they will inevitably use them against you. People are naturally sadistic so once they find a hole in your armor they will fire their bullets directly into it. 

Note: thi",
blvict,Blindsided [31M] by open relationship request after 7 years at a vulnerable time; now she [31F] is backtracking completely. Can I still trust her? Should I end it?,relationship_advice,364,449,0.94,https://reddit.com/r/relationship_advice/comments/blvict/blindsided_31m_by_open_relationship_request_after/,2019-05-07,Egadsssss,"*May 10*

**Update #3**

**Cheating reaction** She was upset to learn that I cheated (unforgivably) on her, naturally. But when I  told her on May 7 (shortly after she told me she had targeted her ex for the hookup), it's odd... she sounded surprised, but there was a tinge of almost *happiness* in her voice, like she was trying to sound upset but was actually kind of excited. I've seen her cry 100+ times easily, and if something devastates her she sobs and slumps. But she was shrill and started talking really fast and grilling me on it and trying to find all the reasons it was worse than what she did. It's either because she thought this would make us even and I won't break up with her, or because it absolves her of the guilt she still carrying from what she still hasn't told me. Or I'm just paranoid at this point.

**Status:** I haven't definitively broken up with her, and we argue on the phone every day now. But I'm now planning to move in with a friend in that city instead of with h",
1zkhh0,"Dear AskMen, it appears I've lost all hope...",AskMen,362,229,0.9,https://reddit.com/r/AskMen/comments/1zkhh0/dear_askmen_it_appears_ive_lost_all_hope/,2014-03-04,im_vaun_kae,"I've hit rock bottom, and it's pretty lonely here. 
I'm a 22 year old with nothing. 

I found out on Valentine's Day that my girlfriend of 4+ years has been sleeping with my bestfriend whom I have known for 10+ years. It has been going on for 2+ years.

I just found out that she is pregnant and claims that it I am the father.

I have no money.

No job.

My family resents me.

I don't have any friends.

I regret so much. Is there any hope in starting life over. I have no idea where to start. They're days where I feel like crying, but nothing comes out. I've been trying to keep calm and take my mind off of things by visiting reddit, but the feeling of being nothing is still here. Where do I start?


**EDIT**
I appreciate all of the support I've received. Today has been an amazing day. I've found a place hiring near my home which is great news. My ex contacted me and we sat up and appointment for a DNA test. It's going to cost a fortune, but I won't be paying for it. The test is scheduled",
1oz14x9,"Found out my brother talks to his dead wife, i dont know how to handle it.",offmychest,361,159,0.91,https://reddit.com/r/offmychest/comments/1oz14x9/found_out_my_brother_talks_to_his_dead_wife_i/,2025-11-16,Conscious_Weekend247,"(FYI I don't usually use this app, so ill try my best to read responses.) I don’t really know how to start this, but I need to get it off my chest because it’s eating at me. My brother’s wife died a little over a year ago. It was sudden and brutal and it broke him in ways I didn’t know a person could break. I moved in with him a few months after, partly to help him, partly because I didn’t trust myself to leave him alone. He never asked, he just sort of accepted it. He’s been “functional” on the surface goes to work, pays bills, makes small talk. But every now and then there’s this heaviness in the house, like the air changes. A couple weeks ago, I was walking past his room late at night. His door was cracked open not enough to see inside, but enough to hear. I heard him talking. At first I thought he was on the phone, but then I heard her name. Not just once, but over and over. And his voice wasn’t angry or dramatic or anything… it was soft. Like he was confiding in someone. He was te",
1ojvix6,"My 19F boyfriend M19 took too many pills and now his life is falling apart, how do i support him without selling myself short?",relationship_advice,360,183,0.85,https://reddit.com/r/relationship_advice/comments/1ojvix6/my_19f_boyfriend_m19_took_too_many_pills_and_now/,2025-10-30,Far_Razzmatazz4184,"Hi everyone, my boyfriend and I have been together for two years and I really like our relationship and he is very loving. We both use party drugs occasionally (about 1-3 times a month). However, about half a year ago he discovered Benzos. He doesn’t do them daily, sometimes to sleep. But 3 times now he has completely overdone it, he is a heavy (strong and tall) man but obv he can’t handle taking 10-13 pills in a go (i don’t know the dosage).

The last time before yesterday was in August when i was on vacation. Between midnight and 6am i was on the phone with different people trying to get him home somehow, i was worried sick and it was a horrible experience. Also in my experience people on Benzos aren’t nice. He drove to where i was the next day to apologize.

Yesterday we had set up a date at 10:30am at a park. We were both really excited the day before. Then in the morning he has taken a lot again, i could barely tslk to him. He let me wait for about 40 minutes and then kept giving",
1taxbft,My Rapist Killed Himself,offmychest,360,27,0.97,https://reddit.com/r/offmychest/comments/1taxbft/my_rapist_killed_himself/,2026-05-12,Simple-Impress-9783,"When I was in my first year of college, about 8 years ago, I went to a get together with my best friend at the time. She had a small group of friends that didn’t go to our school but lived nearby, who we had hung out with several times before. One night one of the friends was house sitting for their relative who was out of town so we thought it was a perfect opportunity to have what we called at the time a “kickback” meaning less people than a party, more people than a hangout, with underage drinking and weed smoking. It sounds really stupid now but since they were all our friends who we trusted pretty well, we figured we would do the “safe” thing and just spend the night so we could avoid drinking and driving. 

At the house was a pool and we, being drunk, high teenagers, decided to go swimming. But we didn’t have our swimsuits. I was insecure at the time so I was wearing a bra (now I’m free tittying it), so my best friend and I decided to just swim in our bras and underwear, and the",
1lsxxys,I (22M) was blindsided by my girlfriend’s (21F) secret. How do I get past this?,relationship_advice,357,358,0.82,https://reddit.com/r/relationship_advice/comments/1lsxxys/i_22m_was_blindsided_by_my_girlfriends_21f_secret/,2025-07-06,throwRA_5409953,"I have a lot to say but please read and give me advice, I can’t really talk to anyone and you’ll understand why when you read the post.

I started dating my girlfriend Kayla (21F) around 2.5 years ago. We met in a campus club and hit it off but I thought she was out of my league. I never struggled with girls but I’m far from a ladies man. So I was surprised when Kayla invited me to a festival one day out of the blue. I don’t know what came over me, but at the end of the night I kissed her and the rest is history. 

I could honestly go on about what a great partner she’s been. She’s really attentive and supportive and does cute things like hide boxes of chocolate with notes in them in my bag. She really makes me want to be better…I’ve started hitting the gym consistently and feel more driven to succeed to keep her by my side. 

Anyway I’ll get to the issue. Kayla invited me to visit her hometown over summer break. I met her parents for the second time and it went well. We then went to a",
1ncopbr,I received terrible news on Sunday and I need to talk to someone about it.,offmychest,355,30,0.99,https://reddit.com/r/offmychest/comments/1ncopbr/i_received_terrible_news_on_sunday_and_i_need_to/,2025-09-09,Junior-Campaign7732,"So for starters, up until a year ago (I moved away), I was a victim advocate that worked in a DA's office. I adored my job and still keep in contact with my former coworkers who still fill me in on what's going on with my old cases. 

In January 2022, we received a case of a woman who shot her husband in the head and claimed self defense due to domestic violence. So the ""victim"" was actually the abuser in this case. Without exaggeration, he is the worst person I have ever met in my life. From day one, he tried to control and dominate me and the attorney on the case, constantly questioning us then retracting and acting submissive when we called him out on it. He acted like we worked for him and would send us emails that were pages and pages long of things he saw the Defendant doing, send us diagrams of how the incident happened. Phone calls would last hours, and he would often just show up unannounced. Court appearances were a nightmare. He weaponized every resource. I would catch mysel",
1piiq6e,Sometimes I wish I never transitioned,offmychest,351,78,0.83,https://reddit.com/r/offmychest/comments/1piiq6e/sometimes_i_wish_i_never_transitioned/,2025-12-09,Snotzis,"I'm a trans man (meaning Female to Male), I'm fully transitioned socially, medically and almost fully physically (I'm not getting bottom surgery, too many risks). I've started testosterone 8 years ago.

I'm happy as a man and when people call me miss it makes me incredibly uncomfortable. I don't instinctively respond to my deadname anymore. most of the time I'm very content with my new gender but sometimes I miss being a woman and I find myself thinking about what my life could have been have I stayed a woman instead of transitioning.

I miss having long hair and braiding them, I miss painting my nails, I even miss makeup sometimes. I wore a dress this summer when nobody was home and it felt good because dresses are so comfortable and I like to do the twirling like a princess 😂. I miss the easy connection and camaderie with other women. It's been incredibly lonely after transitioning. When I was a woman I had boyfriends but since then I've only attracted chasers and fetishists. I can o",
1t1h7qz,I’m tired of doing life alone as a man,AskMenOver30,350,343,0.89,https://reddit.com/r/AskMenOver30/comments/1t1h7qz/im_tired_of_doing_life_alone_as_a_man/,2026-05-02,Inner_Ad_4725,"That’s it. I’m just tired. I’ve tried to build a community, family, girls I loved. It didn’t work. Now I’m 32 and coming to terms with it’s probably just not going to happen in my lifetime. I think I’m just meant to be alone.",Life
1snklf4,"It’s lonely gig, being a man and all.",AskMenOver30,349,144,0.84,https://reddit.com/r/AskMenOver30/comments/1snklf4/its_lonely_gig_being_a_man_and_all/,2026-04-16,ZoneMean1017,"The constant competition with self and other. Never knowing if other men are your friends or secretly envious, jealous, hate you. Women are generally disinterested, guarded or generally so sick of men that they have very little time and energy for you. As I get into my mid 30’s it’s just….quiet. Fewer phone calls, fewer meet ups, fewer every thing except bills and a deepening sense of alienation from my self and others. This life is wild. I’m tired of sugar coating it. This isn’t how I feel every single day, but it’s a major part of the vibe. Maybe I did this to my self. Either way feels like every thing is a Ponzi scheme. I guess the patriarchy doesn’t just sour up women’s lives after all. It’s hard being a man out here.

Edit: thanks for the different flavors of support every one. Some struck a nerve in a good way while others struck me as pompous, arrogant and more or less dismissive in that typical almost emotionally violent male way which is ironic because of the content of my pos",Mental health experiences
1lk5dq9,The reason for male loneliness not enough people are talking about,MensLib,349,227,0.92,https://reddit.com/r/MensLib/comments/1lk5dq9/the_reason_for_male_loneliness_not_enough_people/,2025-06-25,futuredebris,,
1k8reoe,Men who do not approach women: how do you not feel lonely?,AskMen,347,631,0.82,https://reddit.com/r/AskMen/comments/1k8reoe/men_who_do_not_approach_women_how_do_you_not_feel/,2025-04-27,brittttx,"If you're not approaching, how are you meeting women? OLD? Through friends? Or you're fine being single? 

Edit/update: I really appreciate all of you being so candid. It also makes me sad to see how many lonely men (women too) there are out there 💜",
cq022a,"2 months after the death of my [m37] wife [f37], her best friend [f36] moved in temporarily while she leaves her husband [m37]. The circumstances are forcing me to move forward before I'm ready. What am I supposed to do?",relationship_advice,345,50,0.96,https://reddit.com/r/relationship_advice/comments/cq022a/2_months_after_the_death_of_my_m37_wife_f37_her/,2019-08-13,icantdealwthis,"My wife was killed in a car accident in May.  I'm still a mess over it, if I'm being honest, and that leaves me in no shape to deal with this mess that's causing me to lose what few avenues of support I have left.  If you couldn't guess form the title what's happening, it will become apparent soon.

In July my wife's best friend asked if she and her 3 y/o could stay with me until she figures out what to do about her marriage.  I accepted for a number of reasons.  She keeps a clean house and eats healthy.  I need help with bills.  I'm lonely and we've always gotten along well.  Before anyone jumps to conclusions, I'm not fucking her.  Frankly, I'm in no shape to be seeing anybody and furthermore, she doesn't want me.  Also, while she's very nice and very pretty, I can't afford her spending so I don't want her either.  Neither of us do casual sex.

Of course this looks bad from the outside looking in.  My in-laws have been saying the most hurtful things, even suggesting that I played a r",
p1l4i0,I want hugs really bad,lonely,343,49,0.98,https://reddit.com/r/lonely/comments/p1l4i0/i_want_hugs_really_bad/,2021-08-10,nowhereboyyuck,My chest starts aching again. I need someone to comfort me but I’m a guy so I guess I just have to man up. I hate it. I hate being alive. I hate feeling lonely all the time.,Venting
6frtbc,To the girl I ghosted on Tinder.,offmychest,342,27,0.91,https://reddit.com/r/offmychest/comments/6frtbc/to_the_girl_i_ghosted_on_tinder/,2017-06-07,paris-tx,"This was about a year ago, maybe two. I honestly don't remember exactly. You had just graduated from a well-known university pretty close to where I live. You were a few weeks away from heading back home to another state when we matched.

Your name is from a popular movie. I made a dumb joke about it, which in retrospect was probably a lame first approach, but you responded anyway. You responded right away. That had never happened to me before on Tinder, and hasn't since. (Although, truth be told, I finally gave up on the app a couple of months ago.) The conversation from there was back-and-forth, not the typical drawn-out Tinder conversation. We talked about movies. I really liked that you were a film buff, because I am too. I asked you what your favorite movie was. It was *The Third Man*. You called it ""a cinematic masterpiece."" I told you I knew of it, hadn't seen it, but wanted to. One thing led to another and we made plans to meet up and watch it together. That's where the trouble",
i7mbfl,Tuesday Check In: How's Everybody's Mental Health?,MensLib,340,198,0.97,https://reddit.com/r/MensLib/comments/i7mbfl/tuesday_check_in_hows_everybodys_mental_health/,2020-08-11,MLModBot,"Good morning everyone and welcome to our weekly mental health check in thread! Feel free to comment below with how you are doing, as well as any coping skill/relaxation aids for others can try! For information on mental health resources and support, feel free to consult our [resources wiki](https://www.reddit.com/r/MensLib/wiki/edit/sidebar/resources_for_men) (also located in the sidebar!)

Remember you are human, it's OK to not be OK. Try to be kind to yourself and remember that people need people. No one is a lone island and you need not struggle alone. Remember to practice self-care and alone time as well. You can't pour from an empty cup.

Take a moment to check in with a loved one, friend, or acquaintance. Ask them how they're doing, ask them about their mental health! Keep in mind that we may not all be mentally ill, but we ALL have mental health.",
ml4wqz,Tuesday Check In: How's Everybody's Mental Health?,MensLib,339,244,0.98,https://reddit.com/r/MensLib/comments/ml4wqz/tuesday_check_in_hows_everybodys_mental_health/,2021-04-06,MLModBot,"Good morning everyone and welcome to our weekly mental health check in thread! Feel free to comment below with how you are doing, as well as any coping skill/relaxation aids for others can try! For information on mental health resources and support, feel free to consult our [resources wiki](https://www.reddit.com/r/MensLib/wiki/sidebar/resources_for_men) (also located in the sidebar!)

Remember you are human, it's OK to not be OK. Try to be kind to yourself and remember that people need people. No one is a lone island and you need not struggle alone. Remember to practice self-care and alone time as well. You can't pour from an empty cup.

Take a moment to check in with a loved one, friend, or acquaintance. Ask them how they're doing, ask them about their mental health! Keep in mind that we may not all be mentally ill, but we ALL have mental health.",
uwpesb,How she we understand masculinity? What are the mechanisms behind it?,MensLib,339,117,0.86,https://reddit.com/r/MensLib/comments/uwpesb/how_she_we_understand_masculinity_what_are_the/,2022-05-24,Bucket___Head,"I have been on this sub for a while, and although I have learned a lot I have failed to find a satisfying explanation for why masculinity takes its form in the way it does. There seems to be a lack of a framework which would logically tie many of the concepts mentioned. Maybe there is one and I just haven't found it so please do enlighten me, but either way maybe the answer might be helpful to many. 

Things like, *hegemonic masculinity*, the act of men competing between one another. The lack of emotional intelligence, meaningful and close friendships, that develops through boyhood. The aggressiveness that boys often depict. 

These traits as maybe other ones you can point to, show to me a lack of vulnerability and a need for status. And that just might be where the answer lies. An interesting study to that might be ones pointed out right on this [sub](https://www.reddit.com/r/MensLib/comments/9tmaom/the_testosterone_myth_everything_you_know_about/) which demonstrates how testosterone",
1oj6ax4,"My (33F) husband (33M) was less than supportive through pregnancy, labor &amp; postpartum. Can we overcome this?",relationship_advice,337,232,0.91,https://reddit.com/r/relationship_advice/comments/1oj6ax4/my_33f_husband_33m_was_less_than_supportive/,2025-10-29,whoisshe2222,"I’m 6 months PP and have had a tough time with my husband. A little backstory - we’ve been married for 7 years, together for 10. He’s always wanted children - if I was up to him we’d have at least 3 by now. He didn’t have a great example of support growing up. His dad is an asshole to put it lightly. In our relationship he’s always been supportive of me, but I’m also very independent and low maintenance so he’s used to me taking care of things for myself. My family and friends adore him, etc. 

During my pregnancy he wasn’t overly supportive. When I wasn’t feeling good things around the house piled up until I felt better. I got exactly 0 back rubs despite asking and expressing how uncomfortable I was in the last few weeks. He lacked sympathy, honestly. During labor he sat in his chair watching shows on his iPad alone. When I got my epidural he sat in the same chair, did not move. The only “support” if you even can call it that, was telling me to breathe from across the room in said ch",
4rhwqd,I've never had sex because of a disease and it's make me depressed,offmychest,337,49,0.97,https://reddit.com/r/offmychest/comments/4rhwqd/ive_never_had_sex_because_of_a_disease_and_its/,2016-07-06,chopped-liver,"Hi. I really don't know if is the right place, or why am I writing it, or who even would want to read this, but I need to tell someone my miserable story.

I am in my late 20's and as title says I have a disease since birth. It's not a cancer or something terminal but it's still ruining my life and keeps me in a depression. I have a hypogonadism - it's a disease that prevents body from producing testosteron. Basically, my body doesn't produce any types of hormons (there are a lot of them apparently), and only after a heavy medical treatment I have some of them on a lowest acceptable level. What does this mean? My body hadn't aged well: I have not gained much height, I'm fat, have no body or facial hair, my voice is still childish and in my late 20's I look like a teen. And of course I have a genitals of a seven years old body. You can say that it's not a big deal and people live with much worse stuff, but it's actually killing me inside. I have not had sex in my life, I have not been i",
a9tqbh,My perspective on safety from a trans woman,MensLib,337,56,0.9,https://reddit.com/r/MensLib/comments/a9tqbh/my_perspective_on_safety_from_a_trans_woman/,2018-12-26,shonkshonk,"There's not a lot of perks to being trans, apart from long legs and challenging the gender binary in my sleep. But one of the good things is it gives you a unique window into the lived experiences of both men and women.

One thing I've been mulling over a lot lately is the concept of gendered safety. I've notice that a lot of the issues around sexual harassment and abuse is the inability of many men to actually empathise with the ways that women feel unsafe.

For example, in a lot of toxic workplace cultures, the story goes like this: man in power sexually harasses/abuses a woman with less power. The other men in power find it easier to empathise with the man - even if they aren't abusers themselves - than the woman. Therefore the incident gets suppressed, the man gets to resign with 'dignity', and the woman might even face recriminations for 'ruining his life/reputation'.

I sort of lived undercover as a man for 25 or so years and now have spent a few years as a mostly passing trans w",
1mxsgfj,performative nonchalance is truly ruining modern dating,dating_advice,336,84,0.93,https://reddit.com/r/dating_advice/comments/1mxsgfj/performative_nonchalance_is_truly_ruining_modern/,2025-08-23,Bibisafa123,"So I was watching a video[ ](https://youtu.be/og0x7jzyAM8?si=OigKVUa45JLZOWax)earlier about how performative nonchalance is ruining modern dating culture, and honestly… i felt so seen cos it perfectly described what I've been going through

I just ended a “talking stage” with someone I genuinely liked, and man, the effort was so one-sided. Every conversation felt like I was dragging things along while she played it cool, acting like it didn’t matter if we talked or not. And it sucks, because I was actually interested and liked her.

What’s wild is, I know friends who’ve been in the exact same situation. We keep claiming we’re all lonely, wanting connection, but then people choose to put on this facade of indifference, like showing you care is embarrassing. It’s draining, confusing, and honestly just sad.

I don’t get it. Why are we doing this to ourselves? Why is vulnerability in dating treated like a weakness instead of, you know, the whole point?

I'm so drained, god, I just want to",
o8h7ux,My best friend is a home wrecker,relationship_advice,335,104,0.96,https://reddit.com/r/relationship_advice/comments/o8h7ux/my_best_friend_is_a_home_wrecker/,2021-06-26,nazli_meroua,"So my best friend (25f)  of 20 years has been seeing this man (35) for about 6 years.
It's all been good. I've met him a few times.
It was a serious relationship with ups and downs.
Last month they got engaged and we were all happy about it.
But few days later i got a long text from her. Saying that he's married and have two daughters (4_2). And when he divorces his wife(27) they will get married.
I was shock cuz i thought i knew everything about them. She didn't seem like the type to date taken men. She told me he got married five years ago. So right when he met her.
Btw his wife doesn't know he's cheating on her and planning for a divorce.
Should i talk her out of it? Should i tell the wife.? Should i talk to him?
Or should i stay away from it. It's not my business.

Edit:    She told me he was already engaged when she met him, when their relationship wasn't so serious, she didn't mind. Especially after what he's telling her about his fiance (that he's not happy with her, she's lonel",
ldqgpp,My (36F) Boyfriends (38M and 43M) Apparently know and HATE each other? Do I need To be Involved in this?,relationship_advice,334,172,0.75,https://reddit.com/r/relationship_advice/comments/ldqgpp/my_36f_boyfriends_38m_and_43m_apparently_know_and/,2021-02-06,SuddenlySingleton,"I (36F) work as a lodge host/wildlife photography guide in Rural Alaska, and it's kind of hard to maintain a long-term relationship because I'm gone for 2-4 weeks at a time all the time, and most of the people I meet are also in jobs with unstable schedules/passing through.  So I make no secret of the fact that the relationships I have are Temporary and I WILL be seeing other people while they're gone.  Like actually sit down and talk about how I operate. That's not the issue here.

Lately, I have two men I've been seeing intermittently- ""Jay"" (38M)  (names changed for privacy) works as security for the oil-drilling operations and ""Mason"" (43M) is an advocate/lawyer for the tribes out here.  Both men are smart, funny, religious (in the cool ""do right by your fellow man"" way, not the cult way), great in bed and Honestly I Really Thought They'd Be Friends if they met. Both of them know I see other men (and sometimes women), but not specifically that I'm seeing Jay and Mason. 

So, a few",
bmvfwd,Not even social anxiety anymore. Just absolutely nothing to talk about.,socialskills,330,71,0.98,https://reddit.com/r/socialskills/comments/bmvfwd/not_even_social_anxiety_anymore_just_absolutely/,2019-05-10,Patrick4649,"I recently realized that my issue is no longer, or perhaps never was, about social anxiety. I just have nothing to say, nothing to relate to other people on. My hobbies are largely solitary, and I haven't had a friend in almost a decade. Zero dating experience too. And this is despite being almost 30. I've always had issues with conversation, except with a rare few friends during my schooling years who for some reason I could never run out of things to say to. I never understood why back, attributing it to the abuse I suffered at home causing me to be more withdrawn, but eventually I realized the truth was more complicated.

The biggest reason for my social issues, was because I had been so heavily sheltered, so coddled, so isolated from other kids due to overprotective (and abusive) parents, that I missed out on critical life experiences that other kids got to have. While other kids were hanging out at recess playing card games, going on field trips, joining sports clubs, doing sleepo",
159p9c3,I made a friend last night,lonely,329,15,0.99,https://reddit.com/r/lonely/comments/159p9c3/i_made_a_friend_last_night/,2023-07-25,Sweet-Investment9052,"Last night I decided I was gonna get drunk and text my ex and all this other shit. I got to a bar and as I’m about to text my ex this dude comes up to me and goes “hey man, wanna shoot some pool?” 

Honestly I was so depressed I declined his offer like 10x lol


Anyways he’s like “come on man, we won’t even play competitive, just 2 guys drinkin beer and shooting pool” 

Fast forward to about 2 hours later we were bar hopping and having laughs that was much needed

I ended up driving him home because I was a lot more sober than he was. 

We exchanged numbers and honestly I didn’t think we’d ever talk again, which was kinda sad but I was just happy I had a really fun night after having such a bad day. 

Well, he texted me today and was like “hey man we gotta do this shit more often, that’s the most fun I’ve had in months” 

I finally made a friend, I was so fucking lonely and was ready to do something stupid. This guy will never know but he saved me last night.",
nuyl6t,Tuesday Check In: How's Everybody's Mental Health?,MensLib,328,212,0.97,https://reddit.com/r/MensLib/comments/nuyl6t/tuesday_check_in_hows_everybodys_mental_health/,2021-06-08,UnicornQueerior,"Good day, everyone and welcome to our weekly mental health check-in thread! Feel free to comment below with how you are doing, as well as any coping skills and self-care strategies others can try! For information on mental health resources and support, feel free to consult our [resources wiki](https://www.reddit.com/r/MensLib/wiki/sidebar/resources_for_men) (also located in the sidebar!)

Remember, you are human, it's OK to not be OK. We're currently in the middle of a global pandemic and are all struggling with how to cope and make sense of things. Try to be kind to yourself and remember that people need people. No one is a lone island and you need not struggle alone. Remember to practice self-care and alone time as well. You can't pour from an empty cup.

Take a moment to check in with a loved one, friend, or acquaintance. Ask them how they're doing, ask them about their mental health. Keep in mind that while we may not all be mentally ill, we all have mental health.

[If you find yo",Mental Health Megathread
1bwsvy8,"35, I'm another silent sufferering male.  This is the worst feeling. Getting off another 40hr work week and having no plans, no wife/kids, not even a date, nothing. I'm supposed to feel excited about the weekend but instead I just feel dead inside. I have noone to rush home to.",offmychest,328,264,0.78,https://reddit.com/r/offmychest/comments/1bwsvy8/35_im_another_silent_sufferering_male_this_is_the/,2024-04-05,badjojo2,"I had a girlfriend in highschool, and never again afterwards. It's just been 17 years of loneliness. I had a few one night stands that I wasn't into that much. I'm a romantic but the few times I was offered a one night stand I took it because I knew I was physically starving for touch since it had been years. Currently it's been 3 years since I've had sex, before that 7 years, before that 5 and 2.

I know I'm not the only one that feels this miserable, 1/3 guys are virgins or haven't had sex within a year or more. 

What are the rest of you doing? Do you still work and support society or did you just give up and move back in with your parents, or worse?

Edit: since everyone keeps asking

- No, I don't use dating apps and never have, I want to meet someone naturally, as it should be, and that should've never left our culture to begin with. 


Edit #2: This happens every single time a guy speaks up about being lonely. Whenever a guy claims he has troubles with dating, automatically, wom",
ehcuk5,What 2019 Taught Me and Lessons for 2020,AskMenOver30,327,57,0.91,https://reddit.com/r/AskMenOver30/comments/ehcuk5/what_2019_taught_me_and_lessons_for_2020/,2019-12-29,TrapRightTrapLeft,"I compiled a list of lessons that I learned over the past year. Maybe they’ll help someone else. 

1. No matter how you plan, the universe will unravel just the way it’s supposed to. 
2. Life is too short to go through the motions. 
3. Ifs it’s not a F*** yes, it’s probably a No. 
4. Nobody is entitled to your time, response, body...if you don’t want to give it, keep it. 
5. Doesn’t matter how well you think you know someone or how long you’ve known someone, they can and will switch up on you. Don’t be surprised, nor get too comfortable. 
6. Stop trying to force people to love you. Some are just incapable.
7. Stop trying to convince YOURSELF, that just okay can be enough. You deserve better than okay. 
8. Don’t ignore the red flag. They coming back around. 
9. It’s okay to isolate yourself. Learn to be okay with being alone. 
10. Take that off day man, those work folks can and will function without you. 
11. Learning to put your own sanity above hurting someone’s feelings with honesty",
cha1d3,I like a neglected street dog,AskMenOver30,325,112,0.93,https://reddit.com/r/AskMenOver30/comments/cha1d3/i_like_a_neglected_street_dog/,2019-07-24,THIS_SHIT_IS_LOUD,"Edit: Typo in my title “I feel like a neglected street dog”* 

Edit 2: I swear I’ll respond to every comment and I really appreciate all the words. Seriously I’m sitting in my work bathroom crying right now reading some of these replies and messages, thank you. 

Edit 3: Thanks everybody for the replies, it really helped just to have people to talk to. 

-

I’m a 31 male living in the Pacific Northwest of the United States and lately things have been hitting me harder than usual. 

I have a well paying job that I love, I have been regularly going to therapy for years now, I take my medications, and I do my best to be mindful of myself. In spite of all of this I feel crushingly alone all the time.

For context, I don’t really have family. My birth family was very abusive and neglectful towards me as a child (regular beatings, wasn’t allowed to talk to girls, was never talked to only yelled at, etc.). As an adult I’ve tried to keep calling them and talking to them but our relationship is",
4oh470,Some advice/a warning for young isolated men like myself,self,322,75,0.93,https://reddit.com/r/self/comments/4oh470/some_advicea_warning_for_young_isolated_men_like/,2016-06-17,500ooo,"I used to browse 4chan (for about 4 years) back when I was a shutin at college and at home. I suppose the one good thing I got out of it was to be way, way more skeptical of things, but that's about it.


I was definitely addicted to 4chan, which was tough to break out of but I've finally done it through a mix of distancing myself from it and growing tired of it. I browsed some of the worst boards there, too. Like /pol/ and /r9k/. I did not go to them for serious matters. Just for a laugh or to post something dumb or see what was up. But I still read a lot of posts there, and despite conscious efforts, a lot of the garbage did seep its way into my mind. Now, I never believed them that much, but they would still be there, likely influencing me.


Given enough time in those places, and a lack of sensible human beings to socialize with, one would experience the same thing I did. Slowly your views on things, like women, race, whatever, will start to change. At least that's what it was like",
1ftex9t,12 years gone,self,321,112,0.84,https://reddit.com/r/self/comments/1ftex9t/12_years_gone/,2024-10-01,Dicshard_throwway69,"After over a decade, my(31) partner(29) ended our relationship. It’s been about a month and a half or so and I think I can honestly say, I did not see it coming. I just need to reflect out into the open, I think.

Our relationship was always a tumultuous one, not because of how we treated each other, but because of our upbringing. I was 18 and she was 17 when we met. Initially, we were not into each other–I was a rambunctious kid wearing a mask of confidence over a great deal of pain and she had begun hanging out with my friend group through one of our friends' girlfriends. She hardly ever said anything, she just seemed in a rough place and I wanted to make her laugh, and I did. I didn’t find her particularly attractive in the least bit, nothing like my type, but something about her did intrigue me.

We all took a beach trip in our friend's RV one summer and she went ofcourse. By this time, she had been hanging out with us for awhile, but she still hadn’t really come out of her shell.",
cz2o7o,Trying to make friends as a friendless female is harder and more isolating than expected,lonely,319,91,0.97,https://reddit.com/r/lonely/comments/cz2o7o/trying_to_make_friends_as_a_friendless_female_is/,2019-09-03,jayx468,"I feel for all lonely people but I have come across quite the conundrum when trying to make friends. No one else has posted anything similar as far as I know so I may actually be truly alone in this.

I've had friends before with all genders. Most of those friendships were online but some were not. Most of my friends were men. My longest friendships were with men and all the friendships I had with ladies didn't last long for reasons I'll mention later. I feel it's easier for me to have more things in common and connect more with men than women.

I'm straight and I'm not after a relationship with anyone and that has caused problems when it comes to the friend search. When I say I'm looking for a friend I'm looking for only that, not low key looking for a relationship or friends with benefits. When I claim anywhere online I'm looking for friends I mainly get responses from men which isn't the issue. The problem is once you make it clear that you're only after friends and the chance of an",
8fhebu,I think I have been witnessing a young woman being trafficked for sex.,self,319,57,0.94,https://reddit.com/r/self/comments/8fhebu/i_think_i_have_been_witnessing_a_young_woman/,2018-04-28,creamboy2623,"TL;DR Multiple males go to her boyfriends apartment late at night, and neighbors hear her screaming through the walls late at night.

From what I have personally witnessed, a few months ago when it was freezing cold outside, like maybe in February, at about 10 AM when it was 30 degrees, the girl in question (I'll call her Betty) was running away from a male on the lawn of the apartment complex where her she lives with her ""boyfriend"" (I'll call him Abu). I say in quotation marks this because I do not know if this is his official title to her, but that's what they are living as. She was wearing pajama pants with a sweater, and I think she only had socks on. The guy, whom it looked like was chasing her, was wearing pajama pants, an undershirt, but no shoes or socks. 

Again, it was maybe 30 degrees outside. She finally stopped running and more or less collapsed into this surrender position like the woman in the center left of [this picture](https://www.google.com/search?rlz=1C1AOHY_enUS7",
1o5g3kp,"My mom (61F) is getting married 8 months after my dad’s death, and I (27F) feel like I’m losing her too",relationship_advice,318,74,0.96,https://reddit.com/r/relationship_advice/comments/1o5g3kp/my_mom_61f_is_getting_married_8_months_after_my/,2025-10-13,Vivid-Foxy,"My dad passed away eight months ago after a relatively short but intense battle against lung cancer. My parents were still married, and they had been together for 30 years. Yesterday, my mom called me to tell me that she’s going to get married to a man who lives in Senegal.

For context, we’re from a European country, and she says she’s known him for a long time. Apparently, they used to know each other years ago when he lived here, and even my dad knew him. I also met him as a child but can barely remember. My mom told me they already used to have feelings for each other back in the day, but didn’t act on it because my mom didn’t want to risk losing her marriage to my dad. 

But they haven’t seen each other in person for nineteen years. They reconnected in August, after he messaged her saying he’d heard my dad had passed away. Now, two months later, she says she’s in love and wants to marry him.

She plans to go to Senegal in December for a month, and after that he’s supposed to move",
18t25as,What are the causes of the male loneliness epidemic and how can men (in specific) work to stop it?,AskMen,318,441,0.83,https://reddit.com/r/AskMen/comments/18t25as/what_are_the_causes_of_the_male_loneliness/,2023-12-28,Lu_ko_,,
pzwciq,Things I Want to Say : About the Friendzone,self,316,85,0.88,https://reddit.com/r/self/comments/pzwciq/things_i_want_to_say_about_the_friendzone/,2021-10-02,Fiber_fan,"So about that Friendzone…

Part of why so many guys think the Friendzone is a thing and women don't is due to differences in what men consider friendship and what women consider friendship. Women consider it entirely normal to depend on their friends for emotional support.  Men don't have that as such a regular part.  

And it's such a shame because men deserve emotional support beyond just romantic relationships.  

What I find most disturbing about the Friendzone concept is it shows how much men are lacking in their friendships.  It shows that the only place in their lives where they expect to receive support is via romantic relationships. That seems rather lonely to me.

Men, it also shows subterfuge and manipulation.  And subterfuge and manipulation is always a solidly asshole move.  Being genuine and honest in your motives matter.  

Let's say you are a boss somewhere where there are trade secrets.  You hire an employee who seems fantastic.  They tell you everything you want to h",
1t9xlr6,My (54M) wife (51F) asked me for a divorce because she is no longer happy with the dynamics of our blended family but she says she wants me to fight for our marriage?,relationship_advice,314,199,0.9,https://reddit.com/r/relationship_advice/comments/1t9xlr6/my_54m_wife_51f_asked_me_for_a_divorce_because/,2026-05-11,ThrowRAJbyrinone,"My wife (51F) and I (54M) were both widowed for around 2 years when we met. I had two young kids with my first wife and my wife had three young kids with her first husband. Family and friends encouraged us to come together as a family quickly so our children would have a two parent family again. I remember 6+ months after my first wife died I was encouraged to get back out there and find my kids a stepmom so she could be their second mom. At the time I had my own family tell me my daughter would need a mom and not a dad when she got older and went through many changes. I took it to heart back then but reflect very differently on it now.

When my wife and I first got together all our kids were unhappy about it. They didn't want a stepparent or a new mom and dad. Over time my stepchildren grew close enough to me to call me dad. They had some truly bad memories of their father and the type of man he was and over time that drove them to want to embrace having a dad who didn't treat them li",
efz869,As you have gotten older has family visits become more stressful?,AskMenOver30,314,115,0.98,https://reddit.com/r/AskMenOver30/comments/efz869/as_you_have_gotten_older_has_family_visits_become/,2019-12-26,FinderOfE,"I’m a single male 31, over the last five years or so I’ve noticed family gathering have become more stressful to me. I am grateful for my parents and I know they are grateful that I want to visit but anymore I can only tolerate visiting for a couple of days before I start getting stressed out. 

Has this happened to anybody else or is it more of a isolated issue pertaining to personality differences that have become more apparent as I’ve gotten older?",
1hiiafk,Does anyone have any recommendations on male/masc body positivity?,MensLib,314,49,0.95,https://reddit.com/r/MensLib/comments/1hiiafk/does_anyone_have_any_recommendations_on_malemasc/,2024-12-20,thedamnoftinkers,"Obviously there is a fair amount of body positivity focused on *women* and female or femme bodies- I've been quite involved, myself. I plan to do a deep dive with research &amp; connections in the body positivity community, but I would really love to hear from you folks about what has been meaningful &amp; inspiring to you or what you see having traction with vulnerable groups of boys, young men and lonely men.

It doesn't make sense to me that only women should be addressed in body positivity when there is obviously such a dire need for it in men's circles, too. So I'd love to have resources available as needed.

I'm not just talking about HAES or weight acceptance- I'm talking about social media or video, audio or written material that openly discusses how physical attractiveness is frequently promoted at the cost of so many other values, and how we are worth more than how well we fit conventional notions of attractiveness. 

I'd also love to hear your thoughts and ideas around this!",
zqsc4y,I'm 2 months sober and I'm the only person who is proud of myself,offmychest,314,49,0.99,https://reddit.com/r/offmychest/comments/zqsc4y/im_2_months_sober_and_im_the_only_person_who_is/,2022-12-20,abbybruk,"So I've (21F) been struggling with a lot of different problems basically my whole life. At a young age I had to move schools due to anger issues which then turned into extreme social anxiety and I was eventually diagnosed with ADHD. I had very few friends in high school until I turned 15 and started going to parties and trying desperately to ""fit in"" by drinking and hooking up with people. One of the first times I got blackout drunk at a party I was raped by a boy who dragged me into a field and forced me to give him oral, which is something I've never really told anyone. In sixth-form (college) I fell in with a crowd who weren't necessarily bad, but they did a lot of drugs when I was 16. This lead to me having a lot of problems and even getting suspended from school because of weed (I live in the UK). At 18 I had a boyfriend for 2 months who was very emotionally abusive and when I broke up with him he attempted suicide. During lockdown in 2020 I developed a pretty severe drinking prob",
1bxma14,I feel like I'm unattractive and unwanted.,self,313,218,0.9,https://reddit.com/r/self/comments/1bxma14/i_feel_like_im_unattractive_and_unwanted/,2024-04-06,TheWanderer501,"I'm going to reach 40 soon and still never had the chance to find a genuine love or be taken seriously in a relationship. I think I've already tried everything (dating app, meeting in person) but I'm really unlucky when it comes to dating. I thought finding a foreign man would make it easier for me to be accepted, especially my looks and body but it turns out it's even harder. I think I'm meant to be alone in life even if I really want to experience the love and affection of a man. 

I'm sorry if I'm airing out my feelings here. I'm  just tired of hoping and feeling alone. Plus, I miss my dog. She's the only one who made me feel genuine love without asking for anything. Have a good day.",
1qkto5t,Telling lonely people to “just go outside and talk to people” is fucking useless and ingnorant.,lonely,311,106,0.99,https://reddit.com/r/lonely/comments/1qkto5t/telling_lonely_people_to_just_go_outside_and_talk/,2026-01-23,Sprigatitogirl,"Im sorry but anytime people say this to me or lonely people its so fuckin annoying, man. Like oh bro you dont think we TRIED THAT??????? Being lonely is literally something nobody chooses to be. Hell i would bet alot of us here are lonely because beither we do not have people like us around or even online even when trying to reach out.

Even online its horrible. I hate how  when youre lonely people try to  blame you wnd its usually the people whove never felt an ounce of loneliness in their life too. Youre told to keep beating a dead horse bro its not working. I think if just going out and talking to people worked most of us woukdnt be here????

Its ignorant because they forget that even making bonds is not a 1 way thing. You could be the most social  person and talk to everyone and STILL be lonely or fail to make true friends. Youre told  to  try doing this and that but tou dont think we tried that?? People like this will only understand if they could see our firsthand experiences bei",Venting
1p9czks,I 26f told my husband 41m about his employee hitting on me and the whole situation has blown up.,offmychest,310,52,0.9,https://reddit.com/r/offmychest/comments/1p9czks/i_26f_told_my_husband_41m_about_his_employee/,2025-11-29,throwra888193778,"He owns a business, and they recently had a work event. One of his employees, who by the way is married was drinking and hit on me. He is 30, and I’ve met him a ton of times. He had been at our house multiple times.

He came up when I was sitting alone, I was feeling weak and had brain fog and wasn’t able to find my man, so I sat down and put my head down for a second.

He came over asking if I was okay, it was normal at first. He started calling me beautiful, which I brushed off. I thought maybe he was kissing up since my husband is his boss

He then made a comment about my man being old, and asked if I ever wished he was younger and joked that if I did I could call him. I told him I was going to go, and he put his hand on my leg. 

So I know all this isn’t the end of the world, but it ended by another guy who works there coming over. 
After I told my husband, the guy who came over to stop him said he had made comments behind my husband’s back before about being into me. My husband re",
1t54cgx,"A motivational cult tried to recruit me at 19. Unfortunately for them, I’m neurodivergent.",offmychest,310,87,0.93,https://reddit.com/r/offmychest/comments/1t54cgx/a_motivational_cult_tried_to_recruit_me_at_19/,2026-05-06,Elena19967,"About 15 years ago, when I was 19 or 20, my mom got involved in something called Misión México, which was also connected to something called “Proacción” or “ProAcción.” According to them, it was about leadership, personal growth, transformation, commitment, and every motivational buzzword you can imagine. According to me: coercive coaching with corporate cult vibes.

My mom and older sister were DEEP into it.

And when I say deep into it, I mean:

	•	multiple course levels,

	•	thousands and thousands of pesos,

	•	constant recruiting,

	•	“the process,”

	•	“leadership,”

	•	“commitment,”

	•	emotional graduations,

	•	miracle success stories,

	•	and a bunch of adults acting like they had just discovered fire.

My mom aggressively pressured my middle sister and me to join.

Now, even before this, I’d always been interested in cults, psychological manipulation, and coercive group dynamics. I’m also autistic, ADHD, and dyslexic — though I didn’t know it at the time — and honestly I thi",
g4nk2,So my mother took me out to lunch to let me know that she's been having a secret relationship for years with an ex who abused me as a child...,self,309,231,0.89,https://reddit.com/r/self/comments/g4nk2/so_my_mother_took_me_out_to_lunch_to_let_me_know/,2011-03-15,MyEFingFamily,"After a few moments of drowning in a flood of unleashed memories...

MyEFingMom: ""He's a different man, he has a son, goes to church every day...""

Me: ""Oh, he has his own now? Does he beat it too?""

MyEFingMom: ""(my name)!""

Me: ""Well then what does he feel so bad about that he has to go to church every day?""

MyEFingMom: ""It's not that he feels bad, he enjoys it, he's just a different person now.""

Me: ""Yeah, he did seem to enjoy it.""

MyEFingMom: ""I'm bringing him by for lunch sometime this weekend, he wants to make amends.""

Me: ""Ummm, no you're not.""

MyEFingMom: ""I'll let you know when so you don't have to be there if you don't want to.""

Me: ""Ummm, no I'm not.""

MyEFingMom: ""It's not your choice, it's not your house.""

Me: ""Look, just because it's not my home, doesn't negate my right to object to someone who beat me as a child coming by.""

MyEFingMom: Blank look, ""It's not your choice.""

Me: ""No it's not my choice, but let me tell you the real consequences of your choices. If yo",
sc6oy8,Tuesday Check In: How's Everybody's Mental Health?,MensLib,309,236,0.97,https://reddit.com/r/MensLib/comments/sc6oy8/tuesday_check_in_hows_everybodys_mental_health/,2022-01-25,MLModBot,"Good day, everyone and welcome to our weekly mental health check-in thread! Feel free to comment below with how you are doing, as well as any coping skills and self-care strategies others can try! For information on mental health resources and support, feel free to consult our [resources wiki](https://www.reddit.com/r/MensLib/wiki/sidebar/resources_for_men) (also located in the sidebar!)

Remember, you are human, it's OK to not be OK. We're currently in the middle of a global pandemic and are all struggling with how to cope and make sense of things. Try to be kind to yourself and remember that people need people. No one is a lone island and you need not struggle alone. Remember to practice self-care and alone time as well. You can't pour from an empty cup.

Take a moment to check in with a loved one, friend, or acquaintance. Ask them how they're doing, ask them about their mental health. Keep in mind that while we may not all be mentally ill, we all have mental health.

[If you find yo",Mental Health Megathread
wyem55,“Guess I’ll be a virgin forever since all women find me unattractive ☹️”,lonely,309,110,0.84,https://reddit.com/r/lonely/comments/wyem55/guess_ill_be_a_virgin_forever_since_all_women/,2022-08-26,Mindless-Balance-498,"Posts like this are rampant on this page right now. They completely ignore the facts that 

1. MANY people on here, myself included, are women living sad, solitary lives just like you. 

And 

2. If you live pretty much anywhere except Russia or China, your local population is almost definitely pretty close to 50/50 men and women, so your base odds are just as good as anyone else’s.

There are like twenty or thirty men to every ONE woman on the average dating app (and most of those women are probably inactive). It’s not that you aren’t matching with anyone, it’s that there’s no one to match with. Dating apps suck and men are creepy like 75% of the time.

So if you think you’re going to be able to acquire sex or intimacy like you would take-out food, I’m sorry to tell you it’s almost definitely NOT going to happen that way.

You feel lonely because the society we live in has been stripped of every single avenue for us to feel human closeness. We’re literally herd animals, but instead of",
1l5f9tm,"I am 9 months pregnant (34f), hormonal, emotional, feeling extremely neglected and my husband (34m) has not really been involved, yet he just told me how much he’s on this sub and how many women are in such abusive/terrible relationships. I would love input.",relationship_advice,305,84,0.92,https://reddit.com/r/relationship_advice/comments/1l5f9tm/i_am_9_months_pregnant_34f_hormonal_emotional/,2025-06-07,xnightwolflivesx,"We tried to have a baby for two years, I was told we couldn’t conceive without medication due to PCOS, etc. We had many failed attempts at pregnancy and I pretty much let the idea go that we wouldn’t be having a baby. With a bit of a surprise, last fall, we found out we were pregnant and I was pretty shocked, to say the least. I had a complete freak out, didn’t know if I wanted to keep the baby, worried about our marriage, finances, and my husband constantly reassured me that things would be great and we should be excited! He was thrilled when I told him, like way excited and somewhat confused by my reaction. I was freaking out daily and he said he was going to step up, take care of everything, reassured me our marriage would be stronger than ever, we would be more connected, help with the house (it’s in bad shape, needs some serious help with paint on popcorn ceilings, huge piles of clutter we need to go through, just a lot), would be supportive and helpful with my pregnancy (like rub",
1hibjc8,How do you get a gf?,AskMen,304,318,0.89,https://reddit.com/r/AskMen/comments/1hibjc8/how_do_you_get_a_gf/,2024-12-20,StrikingLock2448,"I’m a 23 year old man that’s never dated, never kissed anyone, and never been in a relationship. Is this rare? Dating just feels so inaccessible to me.

Like how are other 23 year old guys meeting woman that like them so easily? I feel like unless you’re in university it’s hard. I’ve tried dating apps and those don’t work for me.

I wouldn’t even consider myself boring? I work a corporate job and attend a sports hobby club a few times a week. I also like hiking, biking, playing racket sports, I wanna travel more and into self growth and ambition. I’m not into bars and clubs.

I usually don’t flirt but rather just have a genuine conversation. In the rare case that a woman does start a casual conversation with me at a social event or wherever and it flows, I make some lighthearted jokes here and there but I typically don’t flirt because I don’t wanna make the woman feel uncomfortable. There have been a few times woman have said some comments mildly hinting at something flirty/teaseful bu",
1fy9xqp,I almost hired a gigolo for myself and now I feel absolutely horrible. ,offmychest,303,111,0.93,https://reddit.com/r/offmychest/comments/1fy9xqp/i_almost_hired_a_gigolo_for_myself_and_now_i_feel/,2024-10-07,throwawaygaii,"I went to Amsterdam where it's legal to get an escort, but it was mostly women for men. My friend and I found an agency that has men offer their services, even something as basic as taking you out on a date or to dinner like a boyfriend. 

I'm 25 years old and unable to find a boyfriend. I've tried dating apps and I'm either not attracted to the guys, they ghost me or have horrible social skills. I've been craving a man's touch and attention that I actually called the agency to ask for their rates.

If they weren't as expensive, I would've likely hired one. But looking back on it now, I feel so horrible because of it. Like I've stooped to such a low level in my life that I haven't had a relationship since I was like 17. 

And I can't tell any one of my friends this because I already feel so bad for even considering it but damn, I'm really lonely.",
1hakz1o,My pessimistic dad is shocked I barred him from Thanksgiving and is expecting an apology from me before Christmas,AskMenOver30,303,120,0.85,https://reddit.com/r/AskMenOver30/comments/1hakz1o/my_pessimistic_dad_is_shocked_i_barred_him_from/,2024-12-09,ExcitingLandscape,"2 days before Thanksgiving my parents got in a big fight and my dad threatened my mom with saying that she can go to Thanksgiving alone(at my place) and take an Amtrak. So she did and called his bluff. The next day he calls me and tells me he's coming up. I told him don't bother because he's not invited.

He was shocked that I told him not to come and that my mom came up all by herself to spend thanksgiving with my family and her grandkids. 

For some reason my dad seems to like to stir the pot and get into arguments and drama. I think it makes him feel like The Man and king of the castle to judge others, tell people ""you're wrong!"", and just be angry at little things. I think he's trying to overcompensate for his lack of respect and accomplishments. My mom has always been the breadwinner, the cook, the child caretaker, the BIG decision maker. While my dad never strived for much in life and was always just her beneficiary.

But my mom busted ass and worked her way up the corporate late",General
w1zij4,Tired of dating but lonely,dating_advice,303,137,0.96,https://reddit.com/r/dating_advice/comments/w1zij4/tired_of_dating_but_lonely/,2022-07-18,AndreiTD,"I really need someone to care about me so that I feel I matter in this world the least bit, but apparently every date or relationship turns out to be a great failure. Until 25 I only had 2 short relationships and that was mostly because I tried so hard for them, the partners didn't feel like being together with me. I feel I'm constantly being tested, I have to be amazing from every point of view, I just can't be myself because whenever I am, I am dumped or rejected. 

Just today the girl I was dating texted me she doesn't see us fit together and it's better to stop seeing each other. I asked for feedback and she replied she doesn't get too intimate (kissing, hugs) from the first dates and generally loves more mature men than me. Had I not kissed her, the relationship would've turned into a friendzone. I know that. It's always like this. I either jump into a toxic relationship where I'm the only one who cares or just friendzoned after a while. 

I can't take it any more at this point, d",
1dudro,How can I help my 16 y/o sons self-esteem regarding body image issues?,AskMen,301,350,0.95,https://reddit.com/r/AskMen/comments/1dudro/how_can_i_help_my_16_yo_sons_selfesteem_regarding/,2013-05-07,nlriley,"I’m a 33y/o single mother of a 16 y/o boy. His father elected many years ago to not be a part of his life so approaching him for help or advice isn’t an option.  A coworker told me about this large forum so I thought I’d give it a try. Read all the rules first, but excuse me if I accidentally break any rules as this is my first post.

It’s been a rough couple of months for him lately. Just generally depressed, temperamental with me and isn’t being as social with his friends as he was earlier in the school year. I haven’t wanted to nag with a lot of questions because usually I get a total denial that anything was wrong at all. 

But it’s been bothering me more and more. So Saturday evening I wrote him a handwritten note and left it on the kitchen counter for him to find the next morning. I just expressed that no matter what was going on he could talk to me. No judgments, no punishments, just unconditional love. I also told him how upsetting it is for me to see him when he’s not happy an",
1o32p5c,"She wants to talk, but you just want to watch YouTube",MensLib,301,74,0.89,https://reddit.com/r/MensLib/comments/1o32p5c/she_wants_to_talk_but_you_just_want_to_watch/,2025-10-10,futuredebris,"Hey y'all, curious your thoughts about this post I wrote for my weekly newsletter helping men with relationships. One of the most interesting things I talk about with my straight male therapy clients is how they feel about being a man in today’s society. Many of them (like me) want to be a modern, enlightened man who women want to be with. But I've found that we can’t fully escape how society has influenced us from a young age. 

Sure, hormones contribute marginal differences between most people born male or female. But [far more consequential](https://www.theguardian.com/books/2017/jan/18/testosterone-rex-review-cordelia-fine) are cultural forces that pressure us into being society’s preferred version of man or woman. Parents [tend to](https://bpspsychub.onlinelibrary.wiley.com/doi/abs/10.1111/bjdp.12069) [treat boys and girls differently](https://pmc.ncbi.nlm.nih.gov/articles/PMC5481199/). Toys are [more divided by gender than they were 50 years ago](https://www.theatlantic.com/busin",
6t81x7,I honestly love it when a girl...,offmychest,301,27,0.88,https://reddit.com/r/offmychest/comments/6t81x7/i_honestly_love_it_when_a_girl/,2017-08-12,TheBestBotInTheHouse,"I would love cuddle to a girls stomach as she says everything going to be alright, its just cozy and comforting. Its hard to be a lonely guy in the lonely man world.",
qwc48v,Finding my place as a man,MensLib,300,65,0.96,https://reddit.com/r/MensLib/comments/qwc48v/finding_my_place_as_a_man/,2021-11-17,coconuts_and_lime,"I have faced many new challenges throughout my somewhat recent transition from living as a woman to living as a man. It has triggered much reflection in me, because while my gender feels right now, I can honestly no longer say that I know who I am anymore, and what my place in the world is.

There is a complete new set of expectations from me, many of which I don't feel comfortable fulfilling. This leaves me questioning my gender all over again, causing me a lot of distress because I know in my heart that I am a man, so considering something else to be true feels very invalidating. However, society keeps telling me that a real man is all of these things that I am not, so how could I possibly be a man? 

Most of my close relationships are women, and while I have always been able to speak openly with them, I feel like they can no longer understand or relate to my problems anymore. So when I talk about having these difficulties, I am often met with indifference where I would previously be",
z2cs3z,being alone is kinda embarrassing ngl,lonely,300,67,0.98,https://reddit.com/r/lonely/comments/z2cs3z/being_alone_is_kinda_embarrassing_ngl/,2022-11-23,ZannaNova,"Eating alone, shopping alone, walking around alone, etc. Coworkers talking about their plans with friends/partners then ask you about yours? I have none, its me, myself and I watching Youtube tonight. 💀

 People discussing their relationships and asking for everyone's opinions? Idk, cannot help you bc i've never even been alone with a boy lol. I've got acquaintances and coworkers my age (20) that are legit already married and have babies and I have not even held eye contact with a man, let alone even had a friend of either gender.

 It's so embarrassing having to lie and fake like i'm not a complete loser. I mean, i'm fairly ok with being alone but sometimes it really catches up to me about how embarrassing it is to be left behind the curve.",
8zarfx,She never offers to pay,socialskills,299,210,0.93,https://reddit.com/r/socialskills/comments/8zarfx/she_never_offers_to_pay/,2018-07-16,Rammi333,"I've had about 6 dinner dates with a new Greek girl I'm seeing and when the bill comes she never offers to pay or reaches for her purse, including coffees. I find it extremely unattractive and rude. Everything else seems to be great though. I think she acts in a traditional manner. How should I approach the situation?

The other day we met friends for a coffee. A double date. The girl from other couple went up and bought coffee for herself and her date. Afterwards when the girls were left alone for a while, my girl asked the other ""Don't you think it's manly you going to pay and get the coffee?"".

She has paid for first round of drinks, wine, food shopping twice, street food once, little things. Just when it has been in a restaurant she hasn't.",
jhm4td,I keep having dreams that someone cares about me,self,299,22,0.98,https://reddit.com/r/self/comments/jhm4td/i_keep_having_dreams_that_someone_cares_about_me/,2020-10-25,bobbybox,"Its so, so nice. 

Im not going to sit here and whine that nobody loves me. Im a single mom to one boy and I know where my priorities are, but its been so long since Ive been in a relationship, let alone a ""loving"" one. 

My mom died in June. The three of us lived together for the past 6 years and now with her gone, every day just drags on in this pandemic isolation. I certainly know I have family that cares about me. But its not as if anyone comes by to check on me. Just a few texts from relatives to ask how things are once in a while. I dont always want to be the mopey person that everyone has to be careful around.

I plowed through summer, after the initial grieving period. The sunshine always brightens my spirit no matter whats going on. Now that the cold, gloomy months are setting in, its getting harder to trudge on. My son is missing her more and more. When he cries I cry. Christmas will be here eventually and for the first time Im dreading it as it was a special time of year for",
18fo0z1,Sick and tired of the fetishization of Asian Women,offmychest,299,51,0.86,https://reddit.com/r/offmychest/comments/18fo0z1/sick_and_tired_of_the_fetishization_of_asian_women/,2023-12-11,Valuable-Kitchen9395,"Hi I’m an Asian (22F). Currently in my final year of college. I’ve unfortunately had lots of negative encounters with fetishizationa Dan being treated less than”than” as a human being. 

Put into context, I’m a vocal arts major in college. My classmate, a good friend, of mine had her senior voice recital this evening. Let’s call her Nicole. I was so excited for her and asked her if her family was going to come.She told me her mom, dad and stepmom ( plus stepbrothers) would come; her biological parents are divorced. 

Come night of recital, little did I know Nicole’s stepmom is Asian. She’s also always wayyyy younger than her husband. Nicole’s 22 and her brothers are on 4-5 years old at most. Throughout most of the recital I caught her father staring at me (in a like checking me out manner). After Nicole finished her recital I went up to give her a hug and talk to her and I caught her father standing off in the distance staring at me almost the entire time I talked to his daughter.  I w",
1g14aft,It’s lowkey sad how 80% of these posts are just men,lonely,297,61,0.83,https://reddit.com/r/lonely/comments/1g14aft/its_lowkey_sad_how_80_of_these_posts_are_just_men/,2024-10-11,3sperr,"I’m a man too and it’s rough. But it is what it is

Edit: I’m not saying women can’t feel lonely. I’m just saying that the amount of ‘M’ as opposed to ‘F’ on these posts is just depressing",Discussion
2dtuyy,"Dear Mark, I'm leaving you...",offmychest,297,171,0.81,https://reddit.com/r/offmychest/comments/2dtuyy/dear_mark_im_leaving_you/,2014-08-17,DeadbeatMother____,"**Small update:**

 **I have spoken to my ex husband. I believe my sister gave my number to him because she is the only one who has it at the moment. 

He basically yelled at me and called me childish. He's embarrassed and says I should not have posted our business on the internet and should have spoke to him about this. He wants me to delete this post and come home(haha you wish Mark). He is angry I have left him with the responsibility and he says he has no idea how I did things. He says the check I left wasn't enough and asked how he would pay for the cell phone bill.  He said I'm being selfish and ridiculous. He wanted me to come home and ""talk"". He is upset about the letter I left my daughter but he threw it away. My children have not asked for me and don't seem bothered by my absence. My husband has told them I have left for a trip for now.

After he was done ranting and asking me to come back, I calmly told him I had left the north part of our area and wad almost in my new South",
1j2w0u,Guys- you've changed my life for the better- really. Thank you to all who post here.,AskMen,294,57,0.87,https://reddit.com/r/AskMen/comments/1j2w0u/guys_youve_changed_my_life_for_the_better_really/,2013-07-26,qualitymilf,"I am a mid-forties female. I have spent my whole life thinking I was unattractive. The teen girl icons of my time were Brooke Shields and other models like her (google her- as a teen she was around six foot, no boobs, no hips- basically she looked  like a man). So as a fairly short girl with big boobs and an ass I thought I was unappealing, and because of the household I grew up in (all female and my mother was a religious fanatic) there was no one to tell me what men really liked in a woman.

So fast forward a couple of decades. My marriage is over (it was an abusive marriage but I didn't have the confidence to leave for a very long time- my insecurities about my looks playing a large part in how long I stayed) my kids are grown and no guy has given me a glance for about 25 years. So I am thinking I am going to be alone for the rest of my life. 

Then I find Askmen, and suddenly I understand what makes you tick and what you like! I realise that my 128 pound curvy hourglass figure migh",
156zv7x,To all the creeps lurking around this subreddit,lonely,294,74,0.89,https://reddit.com/r/lonely/comments/156zv7x/to_all_the_creeps_lurking_around_this_subreddit/,2023-07-23,gangvith36,"Fuck all of you fr. You are the reason why men (especially you) are lonely, why we have a bad rep towards women, and why women here are afraid of us. I’m really sorry to all the men and women who genuinely wanted a friendship and ended up getting backstabbed with dick pics. I’m sorry on behalf of the men who only has one disgusting intention in his mind when texting a girl.",
2vj5mf,Do you think you'll ever get to be the Best Man at a wedding?,AskMen,293,298,0.93,https://reddit.com/r/AskMen/comments/2vj5mf/do_you_think_youll_ever_get_to_be_the_best_man_at/,2015-02-11,LeadingPretender,"I ask because I realise that I will probably never get to be a best man.

Not because I'm lonely or don't have any friends, but mainly because all of my best friends already have brothers or childhood friends that will fill that role. 

I moved around a lot when I was young due to my father's job, so I didn't make any meaningful friendships until university.

I'm in that awkward situation where I have several guys to choose from to be my own best man, but will most likely never get to be the best man myself which is a role I would love to have.",
116jdls,I'm lonely too,offmychest,292,44,0.98,https://reddit.com/r/offmychest/comments/116jdls/im_lonely_too/,2023-02-19,zombrowskileftfield,"I'm female and recently confessed to a male acquaintence I'm lonely. He just scoffed and said men experience loneliness. Neither gender has a monopoly on loneliness or suffering. Give me a fucking break. It would be great to vent without invalidating each other with our limited views. All it communicates to me is you see the genders as monoliths and any deviance is invisible to you. Sisterhood is a fucking myth, and brotherhood for that matter, or is at least inaccessible to deviants.",
up9yq6,You NEED to be single right now.,socialskills,291,61,0.88,https://reddit.com/r/socialskills/comments/up9yq6/you_need_to_be_single_right_now/,2022-05-14,kingthechristian,"On a long drive coming home from a wedding rehearsal party, I thought to myself: ""man, you need to be single.""

I've frequented this sub for a couple of years now, and I always see a recurring mindset (that I also had for a long, long time) of improving your social skills so that you can get a boyfriend or girlfriend.

But listen. to. me. bachelors, bachelorettes, and all...

You NEED to be single right now.

Singleness is not a curse, lower class status, nor a personal failure. For a lot of people (especially men on the internet), there's a terrible notion that:

(a) not being in a long term relationship, 

(b) being a virgin, and/or 

(c) not having ""game"" 

makes you somehow... less than. Conversely, people that are in a relationship have it made. This is simply not true on both fronts. First, you are more than your relationship status. You are a living, breathing human being with value that is inherent in YOU. Do not accept lies from yourself or anyone else that denies this. Second",
1swo6bx,guys waiting/hoping for women to approach you: it's a trap,dating_advice,291,270,0.89,https://reddit.com/r/dating_advice/comments/1swo6bx/guys_waitinghoping_for_women_to_approach_you_its/,2026-04-27,purpleamory,"The posts advocating women to approach men consistently get massive upvotes.

To the degree this empowers women and helps with gender inequality/inequity and gives women more confidence in having new tools they feel they can use, this is a very good thing.

However, my fear is a lot of socially anxious guys are getting their hopes up by these posts and comments.  This narrative has been making the social media rounds for years and hardly anything in terms of dating culture has changed. 

If anything would have changed, it would have happened 2-4 years ago when these posts first started getting circulated and discussed to death.  

If you are a guy, have you noticed more women started to approach you the last few years?  Probably not.

The guys who hang their hat on some massive tidal wave of women starting to approach them are going to use this to avoid taking the difficult but necessary steps for self-improvement, including increasing their own social skills, overcoming fear of reject",
81sokt,Your appearance can define your looks. Your personality can define your appearance.,dating_advice,291,147,0.83,https://reddit.com/r/dating_advice/comments/81sokt/your_appearance_can_define_your_looks_your/,2018-03-03,welchie98,"Looks is important for finding anyone to be attracted to you. However, I never hear anybody talk about appearance in a person. You appearance can ultimately define your looks. Your personality can define your appearance.

I can guarentee you that *most* girls are not looking for a guy with thick calves, triceps that have ""muscles on their muslces,"" or any guy thats like James Bond. Yes, it's a fantasy and it's dreamy, but it ain't realistic. There are some girls like that, but that's just shallow and you wouldn't want to be with her (just like guys who are only looking for girls that have thick asses and gorgeous breasts are shallow, samething). With that said, looks are important. Whenever somebody says that though, I think they mistake that with what I said previously. I am going to tell you, that is not needed. To have good looks, your appearance should be really good. Good apperance meaning: 

- You shower regularly.

- You wear decent clothes that fit you well.

- You brush your t",
1lzrtcu,How do you feel about the “male loneliness epidemic”?,AskMenOver30,290,688,0.86,https://reddit.com/r/AskMenOver30/comments/1lzrtcu/how_do_you_feel_about_the_male_loneliness_epidemic/,2025-07-14,turnpoopintowine,How has your friendships and community changed throughout or life and into your 30s?,General
780ihl,Bullying and depression has made me a very hateful person who lacks empathy. Therefore I have trouble building relationships with people and thus I feel lonely all the time.,socialskills,289,27,0.94,https://reddit.com/r/socialskills/comments/780ihl/bullying_and_depression_has_made_me_a_very/,2017-10-22,pinetreeteepee,"I've gone through 7 years of depression caused by bullying through 
my teenage years. Now, I have this very twisted idea of socializing- that it's a dog-eats-dog world, every man for themselves, people are out to get you, etc. However, I feel that I'm missing something, like the ability to build relationships with people. I feel lonely, so whenever I'm alone, I feel this nagging annoyance that I'm missing something.

So I force myself to leave my house and go to the city by myself to try to interact with people. However, all I end up doing is seeing all these great and happy people, loving couples, groups of friends, etc. and that makes me depressed and say fuck you all. Fuck all of you. 

I'm known as the rude, ""asshole"", blunt guy of the group. I'm excellent at putting other people down, cracking jokes, etc. Honestly, I realize I'm so harsh all the time because I'm lonely.

TL;DR
Feeling super lonely all the time, so I react with being hateful against other people. This prevents me f",
fpswvc,How do you emotionally support your male friends? Are you the sort of friend your friends could cry to?,AskMen,289,151,0.98,https://reddit.com/r/AskMen/comments/fpswvc/how_do_you_emotionally_support_your_male_friends/,2020-03-27,Scribbles_,"Recently, I've seen a lot of men discussing their lack of emotional support systems outside of their mothers and girlfriends/wives. It appears many men feel as though their personal problems matter less to society or their social groups than women's problems. So putting aside societal concern, I was wondering how we, as men, can sometimes contribute to our male friends feeling isolated or unable to open up without judgement, and how we could change to let our friends be more vulnerable around us.

A lot of this obviously comes from the way that men are socialized and pervading beliefs that we're all very familiar with, like men are supposed to be strong and unmoved, never cry, never ask for help, never show vulnerability (or 'weakness').

But I believe some of it might also be the way the we react to our friends vulnerability, the way we talk in social situations about men than seem to need help, the way we react when our friends cry, and the level of concern we show for our male frien",
1tavat7,I Left My Girlfriend of 7 Years After Discovering Her Affair — But Leaving Her Daughter Behind Broke Me,offmychest,289,59,0.93,https://reddit.com/r/offmychest/comments/1tavat7/i_left_my_girlfriend_of_7_years_after_discovering/,2026-05-12,depie2,"I just need to get this off my chest because everything still feels unreal.

I recently ended a 7-year relationship after discovering my girlfriend had been cheating on me. The strange part is that I never actually caught her red-handed. At first, I only found conversations where she was flirting with other men. I honestly thought that was already the worst of it.

One day, I asked her if there was something she wanted to confess to me. I never told her exactly what I knew because I wanted to see if she would be honest. Maybe because she thought I already knew everything, she ended up confessing to an affair with one of her coworkers.

That was the moment my whole world collapsed.

She told me it had been going on for around three months. During those same months, I was drowning in overtime at work and going through one of the busiest and most stressful periods of my life. While I was working myself to exhaustion trying to keep us afloat financially, she was spending money on inns and",
ozvq9k,An Educational Post on Trans Men's Issues and Trans Men's Lib! (+ trans men's issues sub),MensLib,288,71,0.93,https://reddit.com/r/MensLib/comments/ozvq9k/an_educational_post_on_trans_mens_issues_and/,2021-08-07,GlassyVulture85,"I have permission from the mods to make this post and I really hope It can be helpful to people here!  

What I want to talk about and educate on really, are the issues specifically affecting trans men that, like cis men's issues, have been swept under the rug, oftentimes on purpose due to the transphobia we face. But multiple interactions I've had in this sub have prompted me to make this post. I feel like that there's so many brilliant, wonderful and kind cis men here, who would love to help stand up for their trans brothers, but feel overwhelmed, don't know how or simply don't know what trans men face and how best to remedy that. If that sounds like you, then this post is yours to save and refer to at any point. For my trans brothers, at the end of this post I'll be linking a subreddit I'm trying to get off the ground to talk about trans men's lib specifically! That being said, let's get into the meat of the issue here and break it down into small sub-headings:

**Trans men are men:",
1h01x5x,I see why people get sucked into ab*sive relationships ,dating_advice,288,76,0.91,https://reddit.com/r/dating_advice/comments/1h01x5x/i_see_why_people_get_sucked_into_absive/,2024-11-26,evergreengirl123,"When I was younger, I could never understand why women stay with their abusive partners. Now having experienced a taste of that kind of dynamic, I completely see why women go back and stay. It’s not black and white at all, and it’s so much more complicated than people think. I have so much empathy and compassion for women that been in a cycle like that. I’m currently trying really hard to end the cycle I’m in, but man it’s so hard.

Edit: Since a few people asked me specifically why it’s hard for me to leave. The guy in question can be so great, so emotionally intelligent, makes me feel so wanted, can offer a level of security I haven’t maybe ever had or had since I was a kid. But he can flip on a dime, and say some of the most hurtful things. From time to time I’ve also been afraid of him, one time sexually, another time I thought he would leave me in the middle of the city with no way to get home. Logically I know the sweetest is just an act, but man it feels so good, it’s really har",
1hu5dis,When did everyone get so boring at clubs??,self,288,128,0.86,https://reddit.com/r/self/comments/1hu5dis/when_did_everyone_get_so_boring_at_clubs/,2025-01-05,acousticbruises,"After going out last night I'm no longer shocked by the loneliness epidemic at all, but to a (large?) extent this is misery of collective making.

Went to a club last night for the first time in years and I was literally, actually the only one dancing with about 50 people in the room. Everyone was so attached to their phones it was pathetic. 

I haven't had so little fun going out ever. Not even good people watching avalible cos everyone was totally locked in to their personal devices. The people I was with were no better, never going out with them again. 

Literally everyone, men &amp; women, weren't even trying to dance at a club. Holy fuck like I get peeping your phone and taking some selfies, but people were straight up GLUED to their phones. I wish I used *my* phone to take a video it was actually borderline hysterical if it wasn't so cringe.  

Also, WHY ARE PEOPLE WEARING HEADPHONES AT A CLUB!? Is this a thing now? Why? Just stay home. 

I have no issue being first to dance, but",
48apsl,Fuckin teenagers....,self,287,58,0.89,https://reddit.com/r/self/comments/48apsl/fuckin_teenagers/,2016-02-29,Goodguyscumbag,"When I was a teenager, it pissed me off to no end the lack of respect adults gave me. Being kicked out of places for skateboarding like I was a criminal, school teachers basically bullying me because I didn't get good grades, just regular shit like that.

I always make a point of it to treat teenagers with respect and stick up for them when some senior citizen asshole wants to give them shit for skateboarding or making too much noise.

So I'm in the car with my mom and as she's pulling out of a parking space, some kid walking with his girlfriend throws shit at her car.

Obviously an attempt to show off to his girlfriend. My mom starts cussing at him and he starts saying shit like ""I love you"". Obviously just more showing off to the girl. My mom thought she was telling him off, but she was just giving him more opportunities to show off.

I got out of the car and the second he saw me, his bullshit stopped. I'm not even 6' tall. Fuckin pussy.

I get it now. I can get by not getting fucked",
1scs835,My Family’s entire life is falling apart and I’m so happy!,offmychest,285,17,0.98,https://reddit.com/r/offmychest/comments/1scs835/my_familys_entire_life_is_falling_apart_and_im_so/,2026-04-05,Professional_War1473,"This is a throwaway account so that I can actually tell all of my business. I am very bitter about this so bear with me and I hope you enjoy!

About 2.5 years ago my mother died suddenly in a car accident via a drunk driver. Leaving I (19F) 16yo at the time and my 9 siblings alone with my stepfather. A couple of weeks before this my mother informed me that he was having an affair which seemed to really wear her down. But this was typical for him he’d cheated on his last wife multiple times as well which is what caused their divorce. So when she passed I was already a very angry teenager in the throes of grieving my mother. On top of the fact that He would leave every weekend to go on “vacation”. (Which I later found out was him going to his mistress's house). He would constantly lie to family and friends about where he was. Pretending to be a loving, grieving father. While my older sister and I had to quit our jobs and put school on the back burner to take care of our younger siblings",
1q3eo2s,"My (22F) bf (22M) uses his anxiety to control me, from work events to my tone of voice. I apologized to keep the peace, but I feel like I'm disappearing. What can I do to help both of us?",relationship_advice,285,261,0.94,https://reddit.com/r/relationship_advice/comments/1q3eo2s/my_22f_bf_22m_uses_his_anxiety_to_control_me_from/,2026-01-04,Beginning-Basil-1027,"I don't know what's normal in my relationship anymore. We've been together for slightly more than a year. My boyfriend has severe anxiety, and it feels like it's being used to control almost everything I do. The biggest fight happened last week when I was at my own work farewell dinner. I'd told him I'd be home by midnight, but he started having a panic attack. My phone blew up with commands to leave the event immediately and threats. When I finally called back from the loud venue, the first thing he said was to call me a b*tch. His stance is that I should have left immediately to comfort him, and that my failure caused both his attack and his abusive reaction. He's also fixated on the fact I didn't assure him that female colleagues would be there, which he says made it worse because he thought the rest were all male colleagues.

He is saying this time is an isolated case but I do not agree. Our arguments are constant, and the triggers are things I can't seem to get right:
- He says I'",
1n6r5n9,"Lonely Then, Lonely Now - How Patriarchy and Profit Keep Men Isolated",MensLib,284,57,0.91,https://reddit.com/r/MensLib/comments/1n6r5n9/lonely_then_lonely_now_how_patriarchy_and_profit/,2025-09-02,greyfox92404,,
8jcfki,"Gents - how do deal with feelings of ""lagging behind"" in your life?",AskMen,283,150,0.9,https://reddit.com/r/AskMen/comments/8jcfki/gents_how_do_deal_with_feelings_of_lagging_behind/,2018-05-14,Dynasty2201,"I'm 31 and single again.  A millennial.  I rent a double room, live half an hour from work.  I earn nearly double the UK average wage.  Own my car outright. I save around £1000 a month.  I have about £25k to my name in savings. Most people can only dream of being in my position.

I have no debts outside of my student loan, of which I have about £4k left.  

But it's all ""not enough"" it seems [Edit - I should clarify, not enough for society and the expectation of ""where you should be by now"", not for lavish expenses].

I can't afford houses or flats in my area just outside London, but CAN afford them if I got married, or lived in the sticks. 

And everyone around me is having kids, getting married, going on holidays.  I've seen most of the world, I'm in no rush to see most of it again.

I'm just so...so tired, to the point of tears these days, of being asked when am I going to get my own place?  When am I going to get married? ""clock's ticking mate"".

Fuck you.  When did you start crapp",
5gogqv,I'm looking for a girl I met on Omegle who talked me out of suicide. Where are you Natalie? I want to thank you,self,283,15,0.9,https://reddit.com/r/self/comments/5gogqv/im_looking_for_a_girl_i_met_on_omegle_who_talked/,2016-12-05,nataliewhereuat,"EDIT 12/13/17: Over a year since I posted things and I’m still getting PMs which is great. I’m so glad people are still reading my thoughts. No I haven’t heard from Natalie, but truthfully I don’t need to find her. This was more of me expressing myself than a genuine attempt to find her. I want to thank everyone for their kind words. I still check this account every now and then so I can still see your PMs. Thanks again reddit! 


Throwaway account. 

About 5-6 years ago, I was a depressed lonely person who had no friends. My family gave zero fucks about me or my happiness. My social life was nonexistent and my grades were falling. I spent a lot of time on Omegle talking with strangers and asking people if I should commit suicide. I felt as if it was my only option.

Natalie, you were different. You were the first to actually give a shit about me. You responded with a Lil Wayne quote before realizing the seriousness of my question. You told me your story. You told me about your abusive",
1ds6pan,You guys give guys a bad name,lonely,283,337,0.76,https://reddit.com/r/lonely/comments/1ds6pan/you_guys_give_guys_a_bad_name/,2024-06-30,WashingtonCounselor,"I know this is probably posted a lot, but I felt like repeating it again; some of you need to learn to respect women. 


I get it, loneliness can make you bitter. I really really get that. But just because life is hard, doesn't mean you get to make it harder for others. Women are all individuals with different wants and desires. They are human beings who want to be treated as such and not as objects. They're not all the same, so it doesn't make sense to generalize them beyond a small biological level. Behavioral similarities among women are more likely a result of sociocultural factors, and even then not every woman from that culture will be the same.



I'm not saying that women are superior or that men shouldn't be respected too. Despite the name, feminism isn't about female superiority; it's about equal gender rights. When you generalize a group of people and degrade and dehumanize them, it can hurt. That should go without saying but as a rule of thumb, people should be treated like",
6hfyk9,LTA: Male loneliness and social isolation!,MensLib,282,129,0.94,https://reddit.com/r/MensLib/comments/6hfyk9/lta_male_loneliness_and_social_isolation/,2017-06-15,TAKEitTOrCIRCLEJERK,"I'll separate this into two parts, for reasons that'll be made clear.

____

**1**

I tell this story often, but (like [Louis CK's first memory](https://www.youtube.com/watch?v=_Q10C5Zp1_Q)) I remember the first time I went from being a kid to being a teenager. It was the first week of class my freshman year. Over the summer, I'd put on three or four inches, my shoulders had gotten broad, and I'd gained 30lb. I walked into the bodega next to my house - the one I'd been going to since I was 5 - and there was a new girl at the register. I think it was the owners' daughter.

I went to get a 20oz Pepsi (only 200 of the 4000 calories I needed that day!) and looked up into the big, round mirror they use to watch the corners of the store. She was staring at me. No trying to hide it. Absolutely mean-mugging me to make sure I wasn't going to steal.

That's when I realized that I wasn't the sweet neighborhood kid anymore. I was a stranger and a potential thief.

That kind of isolation [starts ev",
1ldusf8,I adore my husband,self,282,56,0.93,https://reddit.com/r/self/comments/1ldusf8/i_adore_my_husband/,2025-06-17,Various-Most2367,"Today is our two year wedding anniversary. We were together for six years before we married, so marriage didn't didn't change our lives together too much besides give us another excuse to celebrate and spoil each other and reflect, which we take every opportunity to. 
We didn't start out like a fairy tale. In fact, neither of us were ready to be in a relationship at all, but we didn't want to be alone either. We were supposed to be a one night stand, my first one-night stand in fact, but the next day I woke up in his arms and we went to breakfast, went for a hike together, and we never left each other after that. We picked each other up, dusted each other off, and the depressed and lonely girl and the wounded and callous man slowly melted into one another to become a couple that would do absolutely anything for each other and with each other. 
It doesn't matter what I'm doing, it's always better with him there. We genuinely enjoy each other in a way I don't see enough couples doing. Th",
1i07gpy,Being a woman is just as hard,lonely,280,107,0.84,https://reddit.com/r/lonely/comments/1i07gpy/being_a_woman_is_just_as_hard/,2025-01-13,Atticbound22,People on here keep saying men have it worse but no one is saving me either. We're all here just suffering and lonely. We all have expectations that are unmet and just because the struggles are different doesn't mean yours are more difficult. So many people slide in my dms just to insult me bc I dont show up the way they need and people think women get all this great attention.,
rabh05,It’s okay to not be a 10,dating_advice,280,58,0.92,https://reddit.com/r/dating_advice/comments/rabh05/its_okay_to_not_be_a_10/,2021-12-06,Jazzlike_Operation23,I have to get this off my chest. I was having a conversation with my sisters and all they could talk about was how they deserve the best men of the world and how they’re 10/10 in their own eyes. So I chimed in and let them know they probably aren’t a 10 to most guys and that their standards were outrageous. Now why is this important? Because you don’t need to be super attractive to be loved or give love. I’m tired of this condescending notion that you need to be a certain level of attractive to be treated decent by other people. An attractive man didn’t treat you like shit because he couldn’t see how pretty you are. Maybe he didn’t like you and he didn’t think you were that attractive. Maybe an average person would treat you better. In this cruel world we prioritize looks and sex way more than we should especially nowadays. So many people will end up alone because of their condescending point of view on dating and relationships. It’s perfectly fine to be average and be with someone ave,
1q0w4zy,My father‘s “incurable” cancer is in remission and I am ecstatic,offmychest,280,19,1.0,https://reddit.com/r/offmychest/comments/1q0w4zy/my_fathers_incurable_cancer_is_in_remission_and_i/,2026-01-01,LHDC69,"My (19M) father (66M) was first diagnosed with cancer when I was 8 years old. No one ever actually told me my father had cancer, but I pieced together some clues and understood that I might not have a father for very long. I vividly remember those long days in hospital waiting rooms doing my homework, the basketball games he couldn’t go to because he had chemo, and for those who have the misfortune of knowing; all of the things that come with having a loved one with cancer. My dad was not supposed to see me graduate from middle school. But my dad beat the first cancer only to have it come back a few years later. Then he beat it again, only to have it come back at its meanest once I got into highschool. My dad has multiple myeloma, which is cancer of the white blood cells and plasma, a cancer that is often only managed and not cured until the cancer inevitably wins. My father was put on the hospice care when I was 14. My mother abandoned and divorced my father while he was dying, so I h",
1l5xco1,"A rude woman hit my car in a parking lot, then blamed me when she got into a much worse accident moments later because she got out of her car without putting it into park.",offmychest,279,14,0.99,https://reddit.com/r/offmychest/comments/1l5xco1/a_rude_woman_hit_my_car_in_a_parking_lot_then/,2025-06-07,josilicious,"My (42F) kid graduated high school today, which was wonderful. What was not wonderful was the absolute chaos in the parking lot trying to leave afterwards. 

I had been parked in an aisle waiting for my turn to move forward for at least 45 minutes when I felt a bump from behind. Before I could ask my husband if someone just hit us, there were two more, larger bumps in rapid succession. I got out of the car and walked back to see the bumper of a car trying to get between me and the car behind me *actively touching* the bumper of my car. I looked at the woman driving and told her she just hit me multiple times. I want to note, I was pissed and emphatic, but I was not raging or yelling, just direct. She said she didn’t. I told her that her car was touching mine as we speak, and she replied, “well there couldn’t be any damage!” as she put her car in reverse. She then GOT OUT OF HER FREAKING CAR WITHOUT PUTTING IT IN PARK. I’m sorry for yelling but I cannot tell you the fucking trauma that",
1c3ch2e,The difference between men and women's loneliness,lonely,279,136,0.83,https://reddit.com/r/lonely/comments/1c3ch2e/the_difference_between_men_and_womens_loneliness/,2024-04-13,SphereOfPettiness,"Men : I have never felt the touch of a woman.

Women : I have felt the touch of a man, forcefully and against my will. I don't want it like this.

Someone out there said ""Men are looking for clean water in a desert while women are looking for clean water in a swamp"", and this is the perfect analogy to sum it up. I wish men whould stop thinking we don't feel lonely either just because we experience it differently from them.

  
EDIT : People, I literally didn't say anything that could allude to competition. I just meant that women are told they can't be lonely because they get hit on but that's not a connection at all. Comparing both experiences doesn't mean I'm saying one is worse than the other, both are valid and we all feel fucking lonely.",Discussion
1m8hqu0,Update 2: My (34m) wife (30f) admitted to an emotional affair that became physical. How can we fix our relationship?,relationship_advice,278,333,0.77,https://reddit.com/r/relationship_advice/comments/1m8hqu0/update_2_my_34m_wife_30f_admitted_to_an_emotional/,2025-07-24,ThrowRA-throwawayred,"Hi Reddit, its been almost two months since my last update and I wanted to give one final update to everyone who has helped me deal with this situation. I've received a ton of good advice and well wishes and I can't thank everyone enough for the support I received in what was the loneliest time of my life.

My last update ended with my wife quitting her job, her starting individual therapy and us still being sleeping in separate rooms. 

Since then we have started couples therapy, our therapist specifically deals with emotional and physical infidelity, and go three times a week. While I know that may seem excessive to some people, we really needed. Some weeks we don't need the third session and our therapist suggested we cancel and instead go on a date, something simple where we could just get used to being around eachother again. I also started individual therapy at our couples therapist's suggestion to help me with my anger and drinking. I'm not an alcoholic but I was starting to dev",
1gjr9tj,Friend (30M) felt uncomfortable after receiving my (34M) gifts for their milestone birthday and has now blocked me - what next? (LONG),relationship_advice,277,477,0.78,https://reddit.com/r/relationship_advice/comments/1gjr9tj/friend_30m_felt_uncomfortable_after_receiving_my/,2024-11-04,YojimboKel,"**TLDR;** friend felt uncomfortable after initially being touched by (what I thought were) thoughtful and personalised gifts. He's now blocked me and doesn't want to communicate. I've made peace with never really knowing why but would like advice on how to fix things. I feel terrible that I would ever cause such a close friend to feel uncomfortable. I made mistakes in this interaction, but didn't think that of the tier list of reasons why you'd fall out with a close friend that this scenario would even be on it. My default is to leave it and let time heal but welcome thoughts. (And yes i know about different ""love languages"" applying to friendships too). Im also open to receiving fair critique so I can improve as a person.

**My heartfelt thanks for taking time out of your day to read my story. Although I don't know any of the people reading this personally, I wish the best for all of you.**

\*\*\*

Something has been playing in my head for the last couple of weeks, and while I am pra",
hbnpeq,being a trans guy and experiencing a lack of emotional support,MensLib,277,68,0.96,https://reddit.com/r/MensLib/comments/hbnpeq/being_a_trans_guy_and_experiencing_a_lack_of/,2020-06-18,kittycatjamma,"hey, everyone!

I'm not sure how to phrase this exactly, or how to make this a fancy properly structured post, but in short, transitioning into male has isolated me emotionally and made it harder to experience a sense of close friendship. I feel less like part of a collective and more solitary in my own head. 

I know we can all agree that it's unhealthy that we treat guys like this. that your feelings are yours and yours alone, and that you'll always be a separate entity completely to anybody other than maybe a romantic partner. I don't know what it's like to be raised that way as a young kid. but I know what it's like to have healthy expectations of what I can and can't handle alone and what connections to other people should look like, and then having that taken away from me. that's the hard part of transitioning, not the medical costs and procedures, or people's anti-trans BS per se.

At one point I tried to detransition as a result of this. I needed that back. but I was too dyspho",
1sfffvl,my disabled uncle was just rushed to hospital and i have never felt more anger in my life,offmychest,276,26,0.97,https://reddit.com/r/offmychest/comments/1sfffvl/my_disabled_uncle_was_just_rushed_to_hospital_and/,2026-04-08,ElectricalUnicorn,"this world is fucking cruel. my uncle (who we'll call steve) is a 43 year old disabled man. he has a condition which is really rare and ive forgotten the name of but essentially his neck is so bent over that his chin is permanently where his chest is. he also has a stoma bag and a range of other conditions that mean he has to take the equivalent of 350mg of morphine a day to deal with the pain. his life consists of lying in bed and occasionally going outside for a smoke. my nan who is 82 is his carer. my dad (his brother) and i are down for a few days to visit and whilst we were all asleep steve went outside for a smoke (god forbid he seeks out a single form of enjoyment in his miserable life) and due to his condition he lost his balance and had a fall. we were awoken because he had rang the careline who then rang inside the house and we found him outside on the floor. my dad had to carry him inside and we put him on a chair, rang an ambulance all that. he was in excruciating pain and",
19exylt,"I’m lonely, and I’m scared to talk about it",MensLib,276,32,0.96,https://reddit.com/r/MensLib/comments/19exylt/im_lonely_and_im_scared_to_talk_about_it/,2024-01-25,futuredebris,I wrote about my loneliness and how it’s hard to talk about particularly because I’m a cis man. Curious ya’ll’s thoughts on male loneliness.,
oeuxsl,Why so many men aren't interested to know women if they can't have sex with them?,AskMen,275,641,0.74,https://reddit.com/r/AskMen/comments/oeuxsl/why_so_many_men_arent_interested_to_know_women_if/,2021-07-06,Bat-Penatar,"So many times in my personal life I come across someone I get on with who happen to be a man. If you have things in common with someone and enjoy conversing that should be enough reason to chat with someone, right? But I am getting ghosted over and over once men realize that I'm partnered. Most times these men initiate the conversation, don't even bring up dating or ask me out but as soon as I casually refer to my bf they just disappear.

Do these men really think that the only value of a woman is their potential to have sex with them? Aren't we all adult humans that deserve some respect and should be able to enjoy companionship? This happened so many times to me recently that I'd thought I ask the question. I'm always making an effort to be friendly and reply to everyone but it seems like men are only able to be nice to a girl when they believe she is single.

Edit: Thank you to the few who genuinely answered my question, I am closer to understanding why men would ghost a woman who is",
1mircll,I love my girlfriend so. Much.,self,275,99,0.79,https://reddit.com/r/self/comments/1mircll/i_love_my_girlfriend_so_much/,2025-08-06,imgoodonnat,"22 m and I just… I love this woman more than I am capable of expressing to her, but I’m never gonna stop trying to get the point across. She’s the most amazing, kind, fun, loving person I’ve ever even thought of let alone gotten to know or love. She loves me so much and getting to love her is just such an amazing privilege, I feel like the luckiest man alive even when we aren’t having a good time. I can’t wait to make her my wife. Nobody told me love felt this good when you meet your soul mate.",
lolviv,Single 32F losing hope,dating_advice,274,194,0.92,https://reddit.com/r/dating_advice/comments/lolviv/single_32f_losing_hope/,2021-02-21,sin-awards-me-pain,"I just don’t know what to do. I have no problem garnering interest from men, but it never leads anywhere. I want a family, I want a man who loves and cherishes me, I want closeness. I work on myself, meditate, write down what I’m looking for in a partner, pray. I’m successful and have a good job, I’m attractive. I am kind and smart and sensitive. I have my flaws but so do we all. I live in a major metropolitan area with many other attractive and successful people. I’m just starting to lose hope. I don’t know what it is I can do differently. I feel like this is a crapshoot and whether I end up with someone or not is out of my hands. And in a way it is. But I want to do everything right to tip the odds in my favor. Do I need to think more positively? Do I need to lower my expectations? Do I need to stop online dating? Any tips please. Online dating in this pandemic is exhausting me. I’ve had so many like 3 month long mini relationships with the wrong people. I’m just hitting a wall. And",
1i3jtb2,"If men really are lonely as we keep hearing these days, why don't men make an effort to build support systems to help out fellow men? ",AskMenOver30,273,1209,0.63,https://reddit.com/r/AskMenOver30/comments/1i3jtb2/if_men_really_are_lonely_as_we_keep_hearing_these/,2025-01-17,staranise2,"Every second day, I keep reading about how the loneliness problem is getting worse for men, so why are no men actively doing something about it? Or is the ""loneliness epidemic"" simply an exaggeration?",Life
1nu8717,I’m sad as fuck,self,273,78,0.86,https://reddit.com/r/self/comments/1nu8717/im_sad_as_fuck/,2025-09-30,YeehawJunktion,"My now ex left me two weeks ago. I was asleep and he left without saying anything and I haven’t heard from him since. One of my friends picked him up and he’s staying with her and she won’t talk to me either. 

When I first met him, he was the CEO of a public health clinic. We did whatever we wanted. He lost his job a couple months after we met, and he told me that he had a trust with 5 million dollars in it so neither of us worked for 2 years, however he could never access the money, and it was just bullshit excuses and weird stuff. Turns out all the bank statements he showed me were forged, he didn’t pay for anything the last two years. The police won’t help me because they say it’s a civil matter, but a civil lawsuit would be a huge waste of time and money.

Now I’m just feeling every emotion on the spectrum. I’m hurt, sad, confused, enraged, all of the things. I don’t know how to pick my life up from here. This sociopath who I would’ve died for was literally just scamming me for a",
ezwv0r,What are some key things a man should know or do when moving out to live alone.,AskMen,272,136,0.98,https://reddit.com/r/AskMen/comments/ezwv0r/what_are_some_key_things_a_man_should_know_or_do/,2020-02-06,slavstripes,"Next week i'll (M26) be moving out of my mom's place to live on my own. I was wondering what would be some of the thing men should need to know when living alone. I know how to cook and keep myself alive, but what are the extra tips experienced alone living men of reddit can share?",Frequently Asked
4ad8op,"My perspective on why no one understands why Sheriff Joe Arpaio keeps getting re-elected and my story of why I left Phoenix, AZ.",self,272,162,0.79,https://reddit.com/r/self/comments/4ad8op/my_perspective_on_why_no_one_understands_why/,2016-03-14,Skootchy,"Edit: Keep it civil. This is just a story. It's really difficult discussing racism because everyone feels different. The reason I wrote this is because this was an important experience to my life that I can relate to. That's all. 

Last edit: I am no longer going to respond to this post due to not respecting the first edit. The only reason I'm leaving it up is for the people who do appreciate my story. If you dont, please down vote and move along. It's quite obvious that racism with Sheriff Joe is a big issue. And if you have lived there for blah blah blah how many years, and you claim to have seen no racism, you're just in denial. The only place I've seen it comparable was Buffalo. Enjoy the thread or dont. I could care less.

This is going to be a long story. Buckle up buckeroos. http://m.imgur.com/VGijMZX

So for anyone who missed one of the top posts yesterday about the man who spent 4 years in jail for plotting to kill Sheriff Joe. https://en.wikipedia.org/wiki/Joe_Arpaio#Munnell_",
1ioljnw,I do feel like social media is what made men feel abandoned.,self,271,1033,0.66,https://reddit.com/r/self/comments/1ioljnw/i_do_feel_like_social_media_is_what_made_men_feel/,2025-02-13,TreeBerryDingus,"I'll start by saying that, with this post, I'm talking about social media consumption and how I believe it is, at least partly, responsible for men feeling abandoned.

**__I don't mean for this to turn into a hate thread against feminists or women in general so, if you're here to do that, please don't.__** 

Lastly, I am not an incel nor someone who hates women. But I also don't consider myself to be a 'feminist', not out of dislike but because I don't pay attention to those issues perhaps as much as I should. Consider this to be a layman's point of view on this issue but also feel free to school me in the comments if you think I'm wrong. My ears are open. 

What inspired me to make this post was when I looked at the reply section of a fellow user posting about how their crush turned out to be a 'blackpilled incel'. I recommend you read that first before you continue but, for those that haven't read it, a majority of the replies there were, understandably, hostile to the OP's crush for",
agvlnz,Girlfriend (34) refuses to pay for anything.,dating_advice,270,206,0.96,https://reddit.com/r/dating_advice/comments/agvlnz/girlfriend_34_refuses_to_pay_for_anything/,2019-01-17,geolink,"Okay so I met a really nice girl a while back and we really hit it off. Everything was perfect and we have been getting very serious for the past five months.  

Now I’m a moderately successful guy and live alone and make more than decent money and enjoy being the man in most circumstances so since the start I offered to pay for dates and outings without holding back.  

She loves high end cuisine and always suggests that we eat out like so.  
Maybe about twenty dates in I realized that she has not even once offered to pay for dinner or our date. I would always pay no questions asked. Literally would never even offer or even try to do the “check dance”. 

I didn’t give it much thought because I like her and the sex is good and she is actually nice until we decided to take a trip together. We went for a week to Israel and Jerusalem and had a blast.  Thing is I paid for her tickets and hotel and every outing.  She clearly spent zero for it and again did not even offer.  This was a big de",
1lm8v64,I (42F) divorced my (43M) ex-husband last October after 21 years of marriage. I'm having issues understanding how someone can be so ungrateful after everything that I gave in the marriage. How do I let go of the past and just move on?,relationship_advice,270,58,0.86,https://reddit.com/r/relationship_advice/comments/1lm8v64/i_42f_divorced_my_43m_exhusband_last_october/,2025-06-27,True-Device3268,"I was with my ex-husband for 21  years before I asked for a divorce in 2023. He would have everyone think that it came out of nowhere, but the truth is that  I  had been talking to him about the issues that we were having in our relationship for about seven years. He would always apologize, but never change his behavior, or he would blame my mental health for the issues we were having.

Because he never wanted anyone to know what was going on in our marriage, I did a real good job at painting our marriage perfect when it was falling apart. This man worked for maybe a year and a half, the whole time that we were married, despite my asking him for help after my eight-year military career.

When I was medically retired from the Air Force in 2013, he wanted us to move to San Antonio, but I didn't have a job waiting for me there, nor did I have any family there to help me through my difficult time. So I told him that it would be better for us to move down to where my family is because my fa",
x7v8lv,My BF (37M) says that I (20F) am having an emotional affair?,relationship_advice,269,253,0.99,https://reddit.com/r/relationship_advice/comments/x7v8lv/my_bf_37m_says_that_i_20f_am_having_an_emotional/,2022-09-07,Ilovemybfidkwhattodo,"I don’t even know what’s going on… I’m sorry if this isn’t the sort of thing to be posted, I’m a tiktok person, not a Reddit person, but the anonymity of Reddit is what I need right now, because of certain aspects of this story. I’m sorry about my spelling my phone is hardcore glitching haha

My boyfriend and I met about a year ago and it was like, love at first sight frickin crazy romantic stuff haha. We’ve been getting closer and closer since then and I see him and someone I want to spend the rest of my life with, his mom and I are really close too! 

I ended up finding out that most of my friend group was saying some pretty heinous stuff about my boyfriend and I behind my back, (everything from “he’s a pedophile” to talking about how I’m a pervert who gets off to old men) so I’ve been pretty lonely for the past six months-ish, I haven’t had anyone to talk to, until I met John (22M) through a comment section on a meme of all things haha, we talk almost everyday, and watch movies toge",
1hjp9w5,There’s something inherently wrong with me that I don’t understand.,self,269,92,0.98,https://reddit.com/r/self/comments/1hjp9w5/theres_something_inherently_wrong_with_me_that_i/,2024-12-22,paosfocalt,"I’ve always been someone who “doesn’t fit in”. And I mean that in the most literal sense. I was never part of any groups, ever since childhood, not really. I’ve had and have individual friends, but in a group, even those friends tend to bond more with the others and leave me behind. I’ve never really fit in with anyone, be it school, college, workplaces… 

I don’t know if anyone knows the feeling of walking “with” someone but in reality, they’re all walking together, and you’re separate, either behind them, or in front of them, but never “with” them. Always having to ask them things or say something to just BE A PART of the conversation, but even then, you can FEEL like you’re not actually a part of the conversation or the group, you’re just THERE, you’re there but you’re not THERE.

And this has been something I’ve dealt with throughout my life, ever since I was a little kid, I have always felt like no one outside my family truly likes me, or cares for me, or about me. Currently at my",
1hxidkq,How do you even start dating as a late bloomer?,self,269,157,0.94,https://reddit.com/r/self/comments/1hxidkq/how_do_you_even_start_dating_as_a_late_bloomer/,2025-01-09,ThunderStroke90,"I don't want to sound dramatic, but to be honest, the idea of being in relationship seems as unattainable to me as something like winning the lottery. I've been through 4 years of high school, 4 years of university, joined multiple clubs, volunteered, worked multiple different part time jobs, tried my best to ""put myself out there"" and meet people but I dunno. It just never happened. I've never even had so much as a talking stage or even developed a crush.

I'd say me never having a relationship is part of a greater problem, and that's that I don't really have any friends or a social life.

I just don't meet people. I won't give my whole life story, but through a combination of covid and moving cities, my 20's have been super lonely, without a doubt i'm the most depressed i've ever been. I was really shy during high school, and I told myself I was going to turn over a new leaf and try to be more social in university, but then covid happened, which ruined everything and I never quite re",
mo0ose,"Have you ever been used by a female friend to protect her against harassment from other men? If so, how did it make you feel?",AskMen,268,236,0.92,https://reddit.com/r/AskMen/comments/mo0ose/have_you_ever_been_used_by_a_female_friend_to/,2021-04-10,reb228,"Today I was at a convenience store late at night when a random man started hitting on me. Thankfully by chance I ran into a male friend, so I started talking with him to make it seem like he was with me. The creepy man left me alone after that. My friend seemed surprised by the man’s behavior, but to me men being creepy in public is not unusual. In the moment I felt so relieved and safe by my friend’s presence. However, it also makes me feel awkward for my friend. I have no idea how he felt, other than surprised. If you have ever helped a woman fend off creepy dudes, how did you feel about it? Is it nice to be protective, or is it uncomfortable to be put in that situation?",
cz4xys,I dress up like a girl and send pictures to other guys,offmychest,267,54,0.94,https://reddit.com/r/offmychest/comments/cz4xys/i_dress_up_like_a_girl_and_send_pictures_to_other/,2019-09-03,Heyyo1213,"I'm not even gay. Just so depressed and isolated that I go to extreme measures such as this to receive any sort of attention and feel wanted.

It's pretty easy to get away with. I only take photos from my stomach down, wear leggings so I don't have to shave my legs. As long as my junk is hidden then it's somewhat convincing. Pretty much no one has ever been able to tell that I'm actually a male.

As someone who in real life receives a compliment once every like, 5 years, it's nice to have some, even if its because of a lie.",
43q2w8,Tired of all the small dick jokes.,MensLib,266,211,0.96,https://reddit.com/r/MensLib/comments/43q2w8/tired_of_all_the_small_dick_jokes/,2016-02-01,Tiredofitall_,"This is a comment response to yet another small dick shaming thread on a different feminist subreddit. But I know I will only get downvoted there and I just wanted to vent.


_____
 1. Some guy makes a sexist comment. 2. You-all make fun of men like me who unfortunately are below average.

This guy probably has a normal dick. He doesn't care. It's me who's the false advertisement. Except for i don't lie about it. I just hope my ex broke up with me for reasons unrelated to my 5 inches of shame. I even put my dignity on the line by sometimes feeling to apologize for what I pack. I have never seen a desirable man my size. I am too old to cry alone.

 I just vent out my frustrations at the gym. You know the classic small dick compensation. No actually it's all the pain that I vent. When you're really tired from the work out you sort of reach a high where you don't feel much of your emotions.

Do you know how I never felt like a man in my entire life because I am below average? Do you know",Brigade Alert
1qhquzk,For the men who wanted a wife and kids (and it didn't happen); how are you feeling?,AskMen,263,160,0.92,https://reddit.com/r/AskMen/comments/1qhquzk/for_the_men_who_wanted_a_wife_and_kids_and_it/,2026-01-20,JoesphBlowseph,"I'm really curious how older men who wanted a wife and kids are feeling.  I'd like to hear from men who wanted a family life, and it just didn't happen. I'm curious if eventually the longing goes away, or even deepens. I want to know if the nights still get lonely, or maybe the love for yourself deepens and it gets better. 

I'm turning 33 in a few weeks, and feeling somber. I haven't been on a date in a few months, and I'm definitely getting less attention than just a year or 2 ago from women, despite staying in shape.  People in my life tell me I'm still ""young"", but I'm trying to adjust my mindset to acceptance.  My intuition is currently telling me, I don't think I'll find a life partner, even though I want one. I'm starting to get bummed out around families. It's a selfish thought, but my mind goes to ""where's mine?"". I'm still going to try to keep dating but, I'd like to hear from men who is just didn't happen for.",
jk4zl3,Going on my (f) first ever date at 23y/o 😊,lonely,263,17,0.99,https://reddit.com/r/lonely/comments/jk4zl3/going_on_my_f_first_ever_date_at_23yo/,2020-10-29,toastynotroasty,"And I do mean first ever date — I've never even been alone with the opposite sex for more than 5 minutes (and it's never been in a romantic setting, lol).

I'm not expecting much because I don't think we have much in common, but I'm still proud of myself.

I made a Bumble account (I always told myself I would never make a dating app account), and after some chatting I asked the first guy I matched with, who said no — then I asked the second guy who said yes 😆

I understand that I'm lucky to both be getting an actual date from a dating app and also to start dating in my early 20s, because I know lots of people don't start dating until their 30s. And that's okay!

It's one of those things that is easy to obsess over when you don't have it, and it feels like an eternity without it. But once it happens you realise how silly you were to obsess over it, and your time without it doesn't feel even that long anymore. 💙

Be brave and stay safe everyone ✌️

Edit: thank you so much for the support",
1o7eohi,My wife 39F admitted to an emotional affair. What do I 41M do from here?,relationship_advice,262,279,0.89,https://reddit.com/r/relationship_advice/comments/1o7eohi/my_wife_39f_admitted_to_an_emotional_affair_what/,2025-10-15,Just-surviving84,"My wife (39F) and I (41M) have been married for 17 years. We have 3 school aged children together. For a few years we've struggled with communication and intimacy issues, but we recently started couples therapy and I thought we were starting to make some progress. We are both conflict avoidant and I think our unwillingness to have disagreements or advocate for ourselves really made us both build up a lot of resentment.

Anyway, I received an anonymous text from someone that is either a mutual friend of ours or some sort of acquaintance of hers. They let me know that for the past few months they've wrestled with the decision but ultimately they felt like they had to inform me of what they saw and suspected. They saw my wife multiple times flirting, spending time alone, holding hands at a bar, and having very 'sexually charged conversations' with another man. This other man is a mutual acquaintance of ours that I've known since college.

When I confronted her with this she quickly admitt",
15xhgqb,Is the Cure to Male Loneliness Out on the Pickleball Court?,MensLib,260,89,0.83,https://reddit.com/r/MensLib/comments/15xhgqb/is_the_cure_to_male_loneliness_out_on_the/,2023-08-21,TAKEitTOrCIRCLEJERK,,
vbu2il,"this subreddit is full of incels, so I'm out",lonely,260,89,0.78,https://reddit.com/r/lonely/comments/vbu2il/this_subreddit_is_full_of_incels_so_im_out/,2022-06-14,ArtisticAd1237,"I keep finding posts about men blaming women for anything, people confusing friendship with a romantic relationship and then blaming it on the girl, men saying there are no ""depressed girls lonely"". It's overall, a subreddit of people who keep blaming others for their problems

Edit: it's not full, but I kept getting the same vibes from a couple of posts and I really don't want to deal with those kind of thoughts.
Also, my last sentence might be too harsh, I too blame on others when the feeling of being lonely takes over. 
And I realised that exposing myself to the same mentality is not healthy for me, so I decided to leave.
I know some people might find comfort here and I wish you the best in your journey.",
1mgjjk5,"Is the ""Male Loneliness Epidemic"" Self-Inflicted?",MensLib,259,221,0.8,https://reddit.com/r/MensLib/comments/1mgjjk5/is_the_male_loneliness_epidemic_selfinflicted/,2025-08-03,opeJustGonnaSneakBy,"I've been trying to articulate this same message to the younger guys I know for a while now, but I've never been as blunt as this. What do we think of the wording?",
1qpsgkf,I can’t get over my imaginary gf and love my real one,offmychest,259,58,0.9,https://reddit.com/r/offmychest/comments/1qpsgkf/i_cant_get_over_my_imaginary_gf_and_love_my_real/,2026-01-28,yeahyeahiraq,"I’ve always had an extremely active and vivid imagination, and when I was 14, probably to cope with a lack of female attention, I created an imaginary girlfriend in my head, personality wise based off of whatever I wanted a girlfriend to be and appearance wise she was roughly patched together off a few girls and instagram models I thought were hot at the time.

Initially I’d just think about her before sleeping, mostly running through scenarios of meeting her, getting with her and losing my virginity. I feel this stage was pretty harmless, but I feel like I sort of reached the point of no return once I decided to name her (sharing her name feels wrong however) and give her a birthday, create an imaginary friend group for her etc

After this it was sort of like I “got together” with her, my fantasies shifted from the initial talking stage to being in a proper relationship with her, I also began to imagine her when I’d be doing pretty much anything alone, having conversations with her in",
rexizc,3 months is a long time to go without physical intimacy,lonely,257,153,0.96,https://reddit.com/r/lonely/comments/rexizc/3_months_is_a_long_time_to_go_without_physical/,2021-12-12,SaulGoodBroo,"I was watching a show and one of the characters said “3 months is a long time to go without physical intimacy” 

Well it’s been about 3 years for me and I already felt so pathetic and lonely. After all, I’m the man so I’ve got to make it all happen it seems. 
But I’ve been seriously hurt before. I’m no good at this. I feel I’ll just keep struggling.",Venting
1myc2tc,I'm tired (30M) of parenting my GF (28F) with no sex to even keep me sane.,relationship_advice,257,210,0.8,https://reddit.com/r/relationship_advice/comments/1myc2tc/im_tired_30m_of_parenting_my_gf_28f_with_no_sex/,2025-08-23,ThrowRA720360,"This turned way longer than I expected and still left a lot out. TL;DR and question at bottom.

Been together with my GF for a bit over 4 years now and we're honestly really good on paper: like 2 best friends, no pointless arguments or jealosy, we share values and future plans, and generally great match personality-wise. After we moved together somewhere in our 2nd year, her mental state (depression, ADHD, autism), sex drive and difference in relationship priorities have clearly shifted, and are getting too much for me. I think I have some kind of emotional fatigue now from working on our relationship and also starting to feel less attracted to her.

Being on the spectrum makes her really prone to emotional outbursts over small unconventional things, like lights being too bright or clothes feeling weird on her skin. She turns irritable and dismissive, and it's honestly safer for me to just shut up, not get involved and let her cool down. It's draining to always watch out for, especiall",
99vtkq,Any boring guys here who landed a relationship? What’s your secret?,AskMen,255,196,0.9,https://reddit.com/r/AskMen/comments/99vtkq/any_boring_guys_here_who_landed_a_relationship/,2018-08-24,imamaskedteapot,"When I say boring, I really mean boring. 

I’m introverted as fuck. I have no hobbies. I work and then I sleep all day. If I’m not sleeping I’m watching ants Canada on YouTube. What a great conversation starter right? 

*hiiiii I sit at home all day and watch some guy keep 100 ant farms in his bedroom*

Other than that I have no hobbies or interests.  I hate going out. My family is a bunch of alcoholics so I despise drinking. I used to like video games but now The only game I play anymore is an “idle” game where you literally just leave the app open and it progresses itself. That’s how lazy and boring I’ve become. 

The best people for me are people who do 99% of the talking because since I do absolutely nothing with my life I have absolutely nothing to talk about. But this is a flaw for me because women mistake that as me being uninterested in them past a friendship. And I have yet to find a Women in their 20s that wants to date someone who acts like a retired old man. 

How the fuck",FreANTntly Asked
usw3eo,Stop telling me how to feel.,lonely,255,64,0.97,https://reddit.com/r/lonely/comments/usw3eo/stop_telling_me_how_to_feel/,2022-05-19,DeadGirlMeg,"I seriously wish people would stop telling me how to feel, especially those in relationships or marriages. So I'm not supposed to feel upset about my failed dating attempts, or the men that ghost me?  Like dude you have someone,you don't have to worry about not feeling like you're not enough and you will never be enough. 

I'm not supposed to feel lonely or unwanted because you say I'm ""beautiful"" or ""stunning "" as you love to lie to me? If I were beautiful then I wouldn't have any problem finding someone that wants to be with me.

I feel the way I feel for a reason and you have NO right to tell me I can't feel this way!",Venting
i73goh,A Black man is serving a life sentence for stealing hedge clippers. The court won't review his case.,self,254,18,0.96,https://reddit.com/r/self/comments/i73goh/a_black_man_is_serving_a_life_sentence_for/,2020-08-10,Hour_Pack3513,"This post is a summary of the article [here](https://thelensnola.org/2020/08/04/louisiana-supreme-court-wont-review-life-sentence-for-man-convicted-of-attempting-to-steal-hedge-clippers/)

The Louisiana Supreme Court has denied a request to review the life sentence of Fair Wayne Bryant, convicted of attempted theft in 1997.

In a lone dissent, the soul black Justice Bernette Johnson wrote that Bryant’s “life sentence for a failed attempt to steal a set of hedge clippers is grossly out of proportion to the crime and serves no legitimate penal purpose.”

She also called into question the habitual offender laws, which allow prosecutors to seek harsher sentences for crimes that normally wouldn’t warrant them if a person has previous convictions. She wrote that they were the “modern manifestation” of “Pig Laws” — implemented following Reconstruction, they introduced extreme punishments for property crime associated with poverty, and largely freed ex-slaves.

Johnson also noted the cost asso",
1kaz0f,"Single men, would you consider dating a girl in a wheelchair? Why and why not?",AskMen,253,361,0.9,https://reddit.com/r/AskMen/comments/1kaz0f/single_men_would_you_consider_dating_a_girl_in_a/,2013-08-13,hjonsey,"Hi guys!! So I have some pretty heavy medical stuff going on right now (I wont go into so much detail unless asked) and I have to have back surgery very soon to corrected damage from a herniated disc. I do have a HUGE scar tissue problem which I am hearing will become a huge problem after surgery, possibly losing the loss of legs. I am already a single mom and I do not date much (I will only date someone if I feel a connection with them, it is the number one thing I look for in a man) I am concerned that my unknown illness and now possible wheelchair outcome will leave me forever alone. I don't want to worry about it, but it does suck being alone and I would like to have a relationship again one day. What are your thoughts in dating someone in a wheelchair?

Edit: So it seems like there is a good mix of yes and no. I do appreciate all of your thoughts on this, thanks for responding! Off to bed and crossing fingers tomorrows appointment with the neurosurgeon goes OK.

Edit 2: Waking up",
1dil71v,"If loneliness among males is so severe, why men don't support each other? Instead they always look for girl attention? ",lonely,253,242,0.87,https://reddit.com/r/lonely/comments/1dil71v/if_loneliness_among_males_is_so_severe_why_men/,2024-06-18,sayantn2707,"I never really got it. So many males are lonely,but they will not talk with each other or support each other. Instead they just want girls to talk with. Like it's the responsibility of women to fix men's issues. Here too,if u say u are a male ur post will get muchess attention compared to if u are a girl.",
hx7c3,The perfect life is a facade.,self,252,135,0.82,https://reddit.com/r/self/comments/hx7c3/the_perfect_life_is_a_facade/,2011-06-11,r0ssr0ss,"I'll keep this short. A lot of people on this site feel their ""forever alone"", A lot believe if they were cooler, richer, better looking maybe their life would be different.
I'm a very good looking man, I have a good body, 8 pack, well defined, I have a great job as an art director for an advertising agency, I make good money and live in a luxurious condo. So what's the problem?
I too am forever alone. I have no friends or family who truly care about me, I have acquaintances, drinking buddies and colleagues but, when nights and weekends roll around those people are all out with their friends and I'm home alone on reddit. Nobody has ever called me to hang out, asked what I'm doing later, or even just called to chat. I try to be social, but I feel I have a plague. I'm socially inept. People inherently dislike me and because of this I spend most all friday nights home in said condo, or at the gym, walking my dog or watching movies instead of out enjoying my late 20's they way I see people",
1et2r2p,Friends are not the answer to my loneliness,self,251,128,0.8,https://reddit.com/r/self/comments/1et2r2p/friends_are_not_the_answer_to_my_loneliness/,2024-08-15,Ok_Whaledolphin,"Just wanted to say that. Everyone says ""male loneliness"" would be solved if men had deeper connections with eachother. I have friends. We are vulnerable with eachother, give eachother compliments, talk about deep stuff and support eachother. 

It just doesnt solve that deep longing for a relationship. For someone who wants to share their life(or at least a significant portion of it) with me. Basically family.

Friends don't do that. Maybe it feels that way when you are in highschool and you see them everyday anyway. But I'm in my mid 30s. Most my friends are married, have children, moved away or are busy most of the time for other reasons. The last years I lost touch with some friends, and made a few new ones, others are already planning to move away. But I still have enough friends so I meet on average 1-3 of them every week. To me thats a lot. 

But even if I tripled that number, and I don't want that at all, and had another friend over every day. It would not replace the intimacy an",
1p87tft,"If you’re a lonely man, don’t be too hard on yourself. You’re fine",self,250,82,0.91,https://reddit.com/r/self/comments/1p87tft/if_youre_a_lonely_man_dont_be_too_hard_on/,2025-11-27,Dynamo4L,"The online male loneliness discourse is focused on the “problem men” for lack of a term. The types who are bitter, misogynistic, lazy, entitled, etc.

Conversations about those men, and why the number of them is increasing, absolutely should be had. However since the majority of male loneliness discourse is about that, lonely men who aren’t doing anything wrong, feel grouped in.

So if you’re lonely and see things online like, “male loneliness is self inflicted”, remember that’s it’s not about you specifically.

Still introspect and try to get better, but do it knowing that you already are good enough as is. What you need is compassion and support, not the feeling that you are a problem that needs to fix itself.",
1oanbs0,I've had enough of dating! *Rant*,dating_advice,250,93,0.91,https://reddit.com/r/dating_advice/comments/1oanbs0/ive_had_enough_of_dating_rant/,2025-10-19,Acrobatic_Love7415,"I swear dating in this generation feels like a test of my sanity. I am so tired of putting in effort just to end up disappointed. Men will act obsessed with you at first, blow up your phone, make you feel special… and then suddenly vanish like you imagined the whole thing. Or they want all the benefits of having a girlfriend but refuse to actually commit. They say they’re “emotionally mature” but can’t even communicate basic feelings. They chase you until they get you, then act bored. They say “I’m not ready for a relationship,” but they are totally ready to waste your time for months.

I’m tired of always being the one who understands, supports, and tries to build something real. Men say they want a good woman, but when they actually get one, they don’t even know how to value her. They want someone who looks perfect, cooks like their mom, makes money, never complains, never has needs, and asks for absolutely nothing in return except to be his emotional babysitter. And the bare minimum",
jv30j1,Lonely space man,lonely,250,36,0.99,https://reddit.com/r/lonely/comments/jv30j1/lonely_space_man/,2020-11-16,MorninSqueeze,"Hello, 
I guess it’s my turn to fess, being a guy who is abnormal and has a big kind heart would seem to have at least a few friends around in their life time, but unfortunately I don’t have this luxury. 

Its seems challenging to put any effort, knowing that the people you meet and have a first connection can be easily left on the term “read” nowadays. Only for you to be there for them when things go south for them but never a follow up on your whereabouts and situations.

I know it may seem shallow but it is tiring, trying to keep a composure.... 
That you’ll find that one friend to say hi or vent at any time or moment. 

It’s even harder when it includes family that you believed to be your go to, just to find out that they only care for themselves and use you to get there own desires.
It seems kindness has been lost and everyone is only worried about themselves and what they can get out of the nicest people, some of us nice people develop thick skin to endure our protection from bei",
ny6rjy,Reminder: Ideas that may at first seem progressive may turn out to be repackaged patriarchy,MensLib,250,119,0.81,https://reddit.com/r/MensLib/comments/ny6rjy/reminder_ideas_that_may_at_first_seem_progressive/,2021-06-12,SweatyDistance,"A few hours ago, I stumbled across [this post](https://www.reddit.com/r/bropill/comments/ngbr40/male_sexuality_feels_icky/) about finding male sexuality 'icky', which I felt I related to a lot. As someone who's never been in a relationship, my impressions of female heterosexual desire have been shaped almost entirely by media (and some of my friends' relationships). Initially, this practically never included depictions of women desiring men in the same way that the reverse happened. Regardless of intention, women's romantic and sexual actions were portrayed as favours, if not obligations, done to please men. Almost as if, instead of a sex drive, women had a 'make him happy' drive.

Porn isn't much better, with most attraction shown towards men centering around the penis (at least in mainstream productions). I swear it's like finding an oasis when a woman mentions liking a man's eyes, chest, hair etc. All attraction these women had towards the men they were intimate with seemed to be re",
3aale7,I feel like I'm 24 going on 18.. Need help on how to snap-to and grow up?,AskMen,250,155,0.9,https://reddit.com/r/AskMen/comments/3aale7/i_feel_like_im_24_going_on_18_need_help_on_how_to/,2015-06-18,jehe,"I catch myself playing video games too much, I'm spending money on stupid things, I just feel as if my mind is still in high school, but I'm turning 25 in the next couple months.

I currently have a part-time job at a retail store, paying off my past school debt (in which I barely went to class because of bad decisions) and looking to go back to school for something I actually want a future in, instead of blindly following a business degree that I had no interest in, in the first place.

I ended up getting a 2 year in business, then transferred to a 4 year college where I immediately lost all interest.

I worked a couple odd jobs, then collected unemployment, and today I'm working part time, as there's no full time options available, but am applying to other full time jobs.

I just feel as if I'm not acting my age, im not sure how else I can put it.. I want to be a male that others can look to for advice and respect. The way I speak with people is fine, I have friends, but they're all",
1rg5h0u,I think I blew up my relationship,offmychest,249,144,0.89,https://reddit.com/r/offmychest/comments/1rg5h0u/i_think_i_blew_up_my_relationship/,2026-02-27,Cool_Excitement_7046,"My boyfriend (M33) and I(F32) got into a fight last night and I think I blew up the relationship. The fight started because he was mad at me for not coming over on Wednesday night to watch a show we’ve been watching. We made plans for it, but I ended up not going over to his place because he never texted me that he was home from work. I wrongly assumed that maybe he’d had a bad day and just wanted to be left alone because I hadn’t heard from him since earlier that’s morning. In hindsight, I should have just gone over or reached out and double checked with him. But the past surprise dropping by usually never pans out because he’s either asleep and doesn’t answer the door or he’s not home, so I’ve stopped doing it. He did end up sending me a snarky goodnight text at 9pm that night and then ignored me all day yesterday. 

I eventually FaceTime called him and we bickered a bit about me not showing up. I was annoyed because I apologised but he kept saying “Just say you hate me. Just say you",
1ipckd1,How do I get a boyfriend? Been single since literally forever :(,dating_advice,248,323,0.88,https://reddit.com/r/dating_advice/comments/1ipckd1/how_do_i_get_a_boyfriend_been_single_since/,2025-02-14,Electrical-Laugh-456,"Context:

Im 25F and have never really dated before. I go to the malls, coffee shops, restaurants, even to the gym but never had the experience of being approached by men. Although I look decent enough with makeup, am midsized and doing everything I can to be healthy and fit, I just dont know what's wrong with me. I always wondered why I have a hard time finding someone to date. 

My parents try to reassure me that its better to be single than have bad boyfriends, but all their advises make me feel even more lonely.

Now that Im getting older, I worry feeling that I might become single for the rest of my life. The idea of being single for the rest of my life, makes me feel even more lonely. I've tried online dating (more like online chatting) but they fizzle out in the end. 

What could I possibly do as a woman to get a boyfriend?",
nhhogd,You can hit on people at the gym,dating_advice,248,202,0.75,https://reddit.com/r/dating_advice/comments/nhhogd/you_can_hit_on_people_at_the_gym/,2021-05-21,Breeze327,"I’ve met 2 of my previous girlfriends and 3 romantic buddies whilst working out at the gym.

That should be enough. But I will explain.

Edit: Attraction is relative. Period. I’ve had hot girls like me. I’ve had hot girls not like me. This is about people who like you! Not who is attractive and who is not.

This post was constructed specifically to be relative to one’s own potential. It’s about girls that like YOU, not who is attractive and who is not.

EDIT TLDR:

* If someone is into you (finds you attractive) it doesn’t matter where you are, approach (some exceptions)
* Identify people who are into you by seeing if they glance over at you often, smile when walking by, lock eyes
* If they act like you don’t exist, don’t persist
* Strike up a conversation, be playful don’t just sweatily come over and say i want number, compliment them.
* Ask for the number within 1-2 times of speaking to them, if they say no, never bother them again
* You can approach woman so long as you are respectf",
19n7lz,Missing my friend. (X-Post from r/offmychest),self,248,22,0.88,https://reddit.com/r/self/comments/19n7lz/missing_my_friend_xpost_from_roffmychest/,2013-03-04,NIUJager,"Two years ago today I received the rudest awakening of my life. I was roused by the sound of my wife crying. 

“What’s the matter?” I said. 

“Will’s dead.” she replied. 

The same Will that we had just been with hours before, having dinner and discussing life events. Venison chili mac, that’s what we were eating. That is what would be Will’s last meal. 

Based on the events we were discussing, we could tell he was distracted. He seemed much more distant that his normal, outgoing self. After dinner, we sat down and watched some television. Will was engaged in a text conversation with someone, but I did not want to pry and ask who. I thought it may be a good idea to go for a ride in my car we had just bought. 

Will and I drove about town for a while, just shooting the breeze. Talking about relationships, music, work, and whatever else came to mind. He was depressed because of some goings on in his life, and I made sure that he knew if he needed anything, to call any of his friends. We",
1nlzpan,"I realized my (F30) husband’s (M30) family doesn’t like me, and I think it’s pushing me toward divorce. Has anyone been through this?",relationship_advice,248,101,0.96,https://reddit.com/r/relationship_advice/comments/1nlzpan/i_realized_my_f30_husbands_m30_family_doesnt_like/,2025-09-20,Environmental_Tap838,"I (f, 30s) am married to a (m,30s) who unfortunately comes from a family that doesn’t like me, or at least doesn’t seem to want me around. And I’m starting to think this has been a huge factor in me considering divorce. I’d love to hear from others who’ve gone through something similar. 

Here are some examples that really affected me:
	•	Inappropriate boundaries: My MIL once asked my husband if we use protection. He shared parts of our sex life as she kept asking. He told me later since I wasn’t around then. I was mortified. When I told him I felt violated, he said it’s “normal” for him to talk about this with her. That I’m too closed on that with family and friends and that they’re like that. 
	•	Passive-aggressive jokes: She said foreigners like me always “take things,” and that an example was me because I stole her son. My husband laughed when he told me. Again she said it when I wasn’t around. 
	•	Dismissive comments about my interests: She mocked my love of books, (you guessed it",
x2qpz3,gender,lonely,247,63,0.91,https://reddit.com/r/lonely/comments/x2qpz3/gender/,2022-08-31,oche420,"some men in this sub seem to think all women look and are treated like a kardashian or something. that we can have any partner we want. women are lonely as well, hell some of us are hideous and have never even held hands. you’ve seen ugly women and maybe even insulted her.

she may even be more lonely than you, woman are only valuable if shes fuckable. so please before you comment, think. this isn’t a competition to see whose the loneliness, its a place to vent, seek advice etc

can we move on from sexism (either side of it) and just try to make friends :(

(i also would like to mention i’ve met some awesome guys on this sub, i do not mean “all men” and yes there are also women who do this. this post is addressing what i’ve seen most)

thanks for reading",Discussion
9yr80s,I’m finally so happy.,offmychest,246,15,0.91,https://reddit.com/r/offmychest/comments/9yr80s/im_finally_so_happy/,2018-11-20,Somegirl3158,"I just need to get this out because I’m so excited and so happy. See, I used to think I’d have to settle for a man that wasn’t into the same kinks or have the same sex drive as me. I’d have to settle for someone that isn’t necessarily that attractive to have that nice guy. Or settle for someone who was toxic and couldn’t keep up with me emotionally or mentally. Or settle for someone that just couldn’t match what I brought to the table. 

I used to believe that fairy tale love was just a story. Because all the relationships I’ve been in have become extremely toxic and sex would always just stop. I don’t know why but it never failed. Around a year, the guys just wouldn’t be interested in sex anymore. 

I watched all my friends and family get married and have kids while time just passed me by. I constantly had to answer, why I’m waiting so long and don’t you get tired of dating. It was so lonely but I knew I didn’t want to settle for anything less than I feel I deserve. 

But I’ve finally",
1korvv,"Is being tall manly? Is being short ""unmanly""? An essay for the men of /r/askmen who worry that they don't measure up",AskMen,246,188,0.88,https://reddit.com/r/AskMen/comments/1korvv/is_being_tall_manly_is_being_short_unmanly_an/,2013-08-19,averagegreatness,"Every few days I see a post on reddit from a guy who feels insecure about his height. And I want to help. Because I don't feel that way any more, and if I can get a few young men from where I was to where I am faster than it took me, then I feel like taking the time to write this will have been worth it.

[This post was the metaphorical straw that broke the camel's back...](http://www.reddit.com/r/AskMen/comments/1kni5e/struggling_with_being_less_of_a_man_how_can_i_get/)

If you feel insecure about your height, please read on…

-----

**Part 1 - Small Man Complex**

I am 5'8"". 

And that felt really short...

for a really long time.

Now I understand that 5'8"" probably seems wonderfully average to many people reading this, but everything is relative. See, I come from a tall family. And like many tall families, height was a source of pride. ""Eat your vegetables so you will be tall like your dad,"" ""Look how tall you are getting!"" ""You're going to be the tallest one in your class!"" But fo",
1oq9kbb,My (F48) Husband (42M) and I Have Totally Different Lives Now,relationship_advice,246,57,0.94,https://reddit.com/r/relationship_advice/comments/1oq9kbb/my_f48_husband_42m_and_i_have_totally_different/,2025-11-06,Hahway,"My husband travels a lot for work. Like, two to three weeks of the month he is out of state. I am a stay at home mom
with a severely autistic son (Level 3, significant outside support need. Think Arnie Grape and Rain Man as opposed
to Abed and Sheldon).

It is causing a lot of friction in my marriage. When he's home, he is completely involved and we share almost all the
responsibilities. I have no complaints when my husband is actually here. It's when he's gone and when he comes
home I'm struggling with.

Caring for our son alone for week stretches at a time, for half the month, is incredibly stressful. I feel isolated,
exhausted, and emotionally battered. We don't have a ton of money, and I decided I'd rather not have to worry about
housekeeping than hire qualified child care to ease things, so someone cleans the house once a week, and that's
our expendable income spent. It seemed wrong to hire a nanny so I can clean the house uninterrupted; morally I feel
it's better to be available",
1cpnbko,I'm about to turn 25 with 0 relationship experience and it's killing me on the inside ,self,245,506,0.75,https://reddit.com/r/self/comments/1cpnbko/im_about_to_turn_25_with_0_relationship/,2024-05-11,ThunderStroke90,"What bothers me the most about this is when you think about people who reach this age without ever having a girlfriend, you probably picture some overweight, smelly loser who never leaves the house and is addicted to video games, but I am literally none of those things. 

  
Aside from the huge blight of never having a relationship, I think I'm a pretty alright guy, I'm a graduate student, I work part-time, yet I've gone through 4 years of high school and 4 years of university without even so much as going on a single date. Hell, I've never even had a talking phase. I genuinely tried to meet people and network by talking to people in my classes and at school clubs, but it just always felt like no one was ever interested in actually being my friend and trying to meet people or plan events was like pulling teeth, so I just sort of gave up.  

Now of course, the first thing people ask when they meet a guy like me is ""how do you present yourself?"" and I don't think I really need any improv",
5e5hu2,"My soon to be husband was raped, and it was not his fault.",MensLib,245,38,0.95,https://reddit.com/r/MensLib/comments/5e5hu2/my_soon_to_be_husband_was_raped_and_it_was_not/,2016-11-21,chelseacatastrophe,"Hi MensLib! I have a story and a few questions for you. It involves F on M rape, so please don't read further if this may trigger bad memories for you. I don't need this person hurting ANYONE else. 

The story: 

My (soon to be) husband was raped. He was seeing someone and broke up with her due to incompatibility. His brother was seeing her sister and happened to live in the same house (but different apartment) than my SO.

She came upstairs and raped him. I can't go into details. It hurts me so much to even think about this but I needed to talk to someone about it. 

He told me this when we first started dating and it was the first time I had been with someone who was also a rape survivor. I had never even thought of the possibility that my SO could have this happen to him. He's tall and strong and so incredibly loving. How could this happen?

She was drunk. He didn't physically defend himself because he has four children to take care of and was worried that cops would put him away in",
8019up,Male loneliness epidemic: Men need to look out for one another,dating_advice,244,60,0.92,https://reddit.com/r/dating_advice/comments/8019up/male_loneliness_epidemic_men_need_to_look_out_for/,2018-02-25,Fukyamaite,"Most men don't have anyone to talk to after a breakup, a job loss or some other setback in life. It's mostly our own fault and also society's expectations. 

I don't know about you but I've had only have a few guy friends throughout my life who I can really speak to how I'm feeling. With most people, I feel forced to adopt this ""no problem ill deal with it"" front when in fact, I often feel terrified inside and sometimes just at a loss at what to do. 

Even with the few guy friends who I feel like I can show my vulnerability, you can only do it a few times or their patience will wear thin, particularly if they are in a better circumstance than you are. Nobody wants to keep hearing about your breakup when they are busy maintaining a relationship. Nobody wants to hear about your struggles to find a job when they are experiencing a high in their own careers. 

Men are used to competing with each other but I think we should also learn to have some compassion for one another too. Even if yo",
u2xciv,Suburban Sprawl/Car-Dependent Infrastructure Plays A Huge Contributing Factor in Male Loneliness,MensLib,244,44,0.97,https://reddit.com/r/MensLib/comments/u2xciv/suburban_sprawlcardependent_infrastructure_plays/,2022-04-13,gentnscholar,"This is an often overlooked factor whenever the discussion on loneliness (particularly male loneliness) is brought up. It needs to be fully understood that humans are social creatures &amp; that for the majority of our existence, we've lived in hunter-gatherer tribes that were close-knit communities. We're designed for communal living ultimately. 

The way the suburbs, rural environments &amp; many cities are designed really hinders social interaction &amp; the ability for people of all walks of life to cultivate connections/relationships with like-minded people. Since it takes about 15-20 minutes or more to reach your destination, the most efficient &amp; reliable mode of transportation is the car (which by nature isolates you from the outside). You're equally in trouble if you're unlucky enough to not have the financial ability to acquire a car, which further isolates you. There's no town square or public spaces in these environments outside of big box stores, malls &amp; strip malls",
taa0ex,She told me she wants to have sex with me but isn’t ready to be anywhere alone with me?….am I wrong that I’m getting annoyed,dating_advice,244,165,0.94,https://reddit.com/r/dating_advice/comments/taa0ex/she_told_me_she_wants_to_have_sex_with_me_but/,2022-03-09,Rah_nell,"So I’ve been seeing this woman (25F) and we’ve been on a handful of dates and it’s been a couple weeks.

I  noticed she’s cautious about her safety and brought up that she thinks  men are dangerous and the world is dangerous toward women…she explained  that she NEVER had anything happen to her personally or anything close  but she super cautious about where she goes on dates and who. I respect  it, I get it

She’s also extremely  sexual. In our dates she told me her “past sex stories” of having sex or  sexual encounters on the first date in public and in her car etc …which  is fine, I respect it, I get it

We’ve  been on a Handful of  dates and told me how she loves how safe I make  her feel and she feels relax and comfortable with me then she openly  told me she wants to have sex. She even told me she wanted to have sex  right there In my car BUT tells me she still doesn’t feel safe enough to  have sex with me alone in a room.

I  asked for clarification (assumptions make issues wo",
v5io31,I honestly wish this man tossed me aside like trash instead of treating me so gently...,lonely,242,120,0.95,https://reddit.com/r/lonely/comments/v5io31/i_honestly_wish_this_man_tossed_me_aside_like/,2022-06-05,backupforsecretstuff,"I(22F) went out last night with a guy (27M) and had an amazing time. We went dancing and drinking and went back to his apartment after. I don't hookup often, but I've done it a few times before. Usually it's a drunk mess that ends with one of us leaving, but this guy? Man he did me a number... He was so caring and gentle and kind to me both emotionally and physically. He told me to stay over because it was so late, so I did. We barely slept, just spent the whole night together talking and existing. In the moment I felt so content and happy because the way we acted was so domestic and fulfilling

I've never been in a relationship, and my hook ups have always been clinical compared to this. So waking up in the morning in someone's arms broke something inside. I secretly hoped he wouldn't wake up so I could stay there forever. When I left we vaguely agreed to meet again, but I know the chances are slim. 

This guy gave me something I craved so deeply and now I am so aware of the fact that",Venting
8r54kb,Back on the bus. I just realized my estranged older male cousin is sitting a few rows behind me. He used to try to fuck me consistently while I was in college.,self,241,73,0.9,https://reddit.com/r/self/comments/8r54kb/back_on_the_bus_i_just_realized_my_estranged/,2018-06-14,Sad-thoughts,"#TLDR: Boarded a bus from Atlanta to Manhattan for a family funeral. My alcoholic, violent, sexual predator cousin is onboard doing what he does: lurking for single moms with preteen daughters. He’s been calling my name in the dark to intimidate me. He’s sitting 2 rows behind me. I warned the woman/Mom he’s being profiling during a smoke break, and some told a dude sitting in the seat between us. Things are settling down now.


He’s a drunkard and a wife beater. Typical Loud mouthed New York douchebag that dresses in white tees and NY Yankee caps. He’s so self absorbed. He’s an ex con and lives with his parents. He initially was cool when we were kids. 

But then he started living a hustlers lifestyle and fucked it all up. Hence why he lives with mommy and daddy. 

He tried to reconnect with me a few years ago hen I was in college out of state. I thought he was like a big brother to me. He said he would show me the ropes of college life. 

But it turned out he just wanted to fuck me. H",
r0s0rk,What are some supports missing for school aged boys that might be leading to issues later on in life?,MensLib,241,50,0.99,https://reddit.com/r/MensLib/comments/r0s0rk/what_are_some_supports_missing_for_school_aged/,2021-11-24,thesith6969,"As someone who slept almost all of his teen years and beyond being lonely and depressed, and seeing most of my friends and strangers on the internet having the same issues, I am now in a position to do something about it. I've been a part of this sub for a while now and I want to know what you guys think could be ways in which we could support young men to be more confident, have stronger social connections, build resilience and courage. For context, I currently work in a youth organisation in Australia and have been given the freedom and opportunity to create a youth program to target young people of Asian backgrounds in particular.",
v55hwz,Male obesity,MensLib,240,86,0.95,https://reddit.com/r/MensLib/comments/v55hwz/male_obesity/,2022-06-05,AbyssinianLion,"What does Menslib think about the issue of Male obesity/overweight and how it intersects with other male problems like low esteem, lower life expectancy, loneliness and lack of desirability? More than half of men in the US are obese or overweight, and other western countries are catching up. 

Should we fund more community male sports group for those uncomfortable with going to the gym. Or promote healthier working hours so men can spend more time in recreational activities? How do we balance body positivity with the need to address real health issues with men?",
1biyap,Stop complaining about why you are single.,offmychest,240,71,0.93,https://reddit.com/r/offmychest/comments/1biyap/stop_complaining_about_why_you_are_single/,2013-04-02,EchoesOfElysium,"Okay, seriously, I'm sick and tired of ""lonely"" guys talking about the friend zone and being forever alone. Listen up dickmilk, you're the problem, not the ""gross amount of girls who only date assholes."" If you are constantly complaining about how you are a unique, intelligent, handsome individual and yet don't attract women, you are probably fooling yourself. Improve your self-confidence, stop fucking looking for a relationship, and calm the hell down. The more you complain about your position, the longer you will be in it. I learned this first hand. You have to man up (which does not mean you should not have a sensitive side) and start building a future for yourself without the intention of finding a partner. That should be the last focus until someone comes around who is compatible or shows an interest. Also, please learn that most girls are NOT attracted to guys who make sexist statements, even jokingly, such as ""get back in the kitchen"" or ""women's rights, what a joke!"" Nor are th",
1smpuyp,He didn't want to touch me while I was pregnant,offmychest,240,65,0.94,https://reddit.com/r/offmychest/comments/1smpuyp/he_didnt_want_to_touch_me_while_i_was_pregnant/,2026-04-16,distracted_fine864,"As the title states, I just need to get this out because I feel like I can talk to nobody. For context, I had my daughter almost a year ago, so I feel like I should be over this by now.

I got pregnant in the late summer/fall and I immediately knew something was up. My mental health drastically took a plummet, I had terrible first trimester nausea and was overall miserable. I was mean to my family, but even meaner to myself. I really didn't want to be around anyone or even be alone with my thoughts. Pregnancy terrified me and the thought of gaining weight, food anxiety, and my body changing was so overwhelming.

While I was in the beginning of all this, my husband was my rock. I mean he talked me through every bad thought, fear, and bad conversation. I would tell friends and family that he was just way too good at supporting me. Well it gradually started changing, I could sense it, but couldn't quite figure out if it was my mind playing tricks on me, or my husband was distant. I'm not",
63vuoz,Is 35 too old to change? I need serious help,socialskills,239,62,0.95,https://reddit.com/r/socialskills/comments/63vuoz/is_35_too_old_to_change_i_need_serious_help/,2017-04-06,Codeonmyshoe,"I'm a 35M, been dealing with social issues my entire life. I had extreme general / social anxiety throughout most of my 20s. I've mostly gotten over that, but I still feel very underdeveloped socially. Up to this point I've basically ignored the problem, opting to fully embrace introversion and pretend I was fine with being alone, but I'm realizing that this is seriously affecting my life and happiness.

I've worked hard to improve my outward appearance. I dress very well, have excellent hygiene, work out often, and have trained myself to stand straight and hold eye contact. People see me and think I'm a very confident man. Women often notice me and smile. But the moment I open my mouth, people realize I'm a self conscious, awkward mess, and lose interest immediately.

Dating is a nightmare for me, because I'm socially on par with a teenager. Women my age don't even give me a chance after a first date. I'm almost exclusively dating women in their early 20s because I just cannot connect",
1mq8yrl,Men Need to STEP UP to Prevent Incels (w/ Jack Cocchiarella &amp; Chris Carden),MensLib,237,138,0.79,https://reddit.com/r/MensLib/comments/1mq8yrl/men_need_to_step_up_to_prevent_incels_w_jack/,2025-08-14,M00n_Slippers,"Take aways:

1. Men can do their part to help male loneliness and prevent incels. Incel spaces only survive by bringing in more people.
2. Male spaces like bars, gyms and sports are actually very friendly, going there with the intention of making a friend WILL eventually get you one. 
3. We are humans, occasional awkwardness is allowed, it's not a big deal. Don't worry about people looking at you, they almost certainly not.
4. Make sure YOU aren't the one trying to make people feel excluded. Be inclusive.
5. When you decide to go out, wear something that makes you feel good about yourself, also put away your phone, be available to talk, peopleWANT to be social.",
vouenx,"Men, what do you say when your GF says she is lonely ?",AskMen,237,217,0.94,https://reddit.com/r/AskMen/comments/vouenx/men_what_do_you_say_when_your_gf_says_she_is/,2022-07-01,nemui-neko3,,
2v4whh,"My 10 Rules for Dating, Finding, and Being ""The One.""",dating_advice,237,24,0.95,https://reddit.com/r/dating_advice/comments/2v4whh/my_10_rules_for_dating_finding_and_being_the_one/,2015-02-07,atomicspin,"Hot off the heels of [my last post](http://www.reddit.com/r/dating_advice/comments/xjr4k/after_reading_some_of_the_same_stuff_over_and/) (And by ""hot"" I mean ""two years ago"") I figured it was time to sit down and write one for the fellas.  This isn't pick-up lines or how to get laid, believe me I've watched from behind my bar as ""artists"" get their asses handed to them and go home alone.  Don't buy in to that shit, anyway.

Some background:  I've been a bartender for a while and have had a hot wife for a while and have even had a hot wife before that.  I did marry a stripper for a week once but let's not get in to that.  So, this either makes me incredibly qualified for this little essay or a complete idiot when it comes to relationships.  I'm going with the former.  Hey, you don't learn how to stop being an alcoholic from someone who's never touched a drop, right?  I'm 10 years in to this relationship now and it's still amazing and wonderful and I pee a little bit because I get excite",
1uhs4m,"Suddenly, brain tumor. :(",self,236,83,0.89,https://reddit.com/r/self/comments/1uhs4m/suddenly_brain_tumor/,2014-01-05,AppleBucket,"Okay, not sure how to start this, but here goes.  Last week my younger sister (28) called me and let me know that our half-brother (47) was feeling bad and looked awful and that she and my two elder sisters were encouraging him to go to a hospital to find out what is wrong.  He was having the following symptoms:  Headaches, nausea, dizziness, hearing his heart beating inside his ears, leg weakness, light and sound sensitivity, and intense fatigue.  Eventually, he decided to go to a hospital.  He reluctantly told me last night that he has a 6 cm brain tumor causing intracranial pressure and that the doctors have ordered surgery for Monday (tomorrow). I'm not 100% sure what would have happened if he had waited much longer (except ultimately death). 

Needless to say, I am overwhelmed.  I live halfway across the country, so it is nearly impossible that I can see him before he goes into surgery.  I want to be there for him, but from what I have read brain surgery causes lots of side effect",
1pfn805,does loneliness just mean something completely different to men?,lonely,236,96,0.9,https://reddit.com/r/lonely/comments/1pfn805/does_loneliness_just_mean_something_completely/,2025-12-06,itsmcrbxtch,"I just don’t get it. When I say i’m lonely, i’m speaking to the soul crushing lack of meaningful connections in my life. Losing touch with the world, feeling like you’re just drifting from day to day and every goddamn day looks the same and not one person knows or cares where you are or what’s going on with you. Casual acquaintances, pointless surface level exchanges…I can get that from work or Bob on the street. 

Someone unselfish who checks in and sincerely shows an interest in how you’re actually doing without expecting something in exchange, someone you don’t have to perform for or pretend with so you don’t feel like a burden…someone with the decency and self awareness to recognize that connection requires actually showing interest in someone other than yourself and sharing the space so it’s mutually beneficial...that’s the stuff i’m talking about. 

It’s so fucking discouraging when people reach out (and it’s always dudes) and hit you with the “hey I can totally relate i’m here i",
y89ntm,"Don't want to die, but can't see myself living 30-50 years completely alone.",lonely,235,67,0.99,https://reddit.com/r/lonely/comments/y89ntm/dont_want_to_die_but_cant_see_myself_living_3050/,2022-10-19,WrittenEuphoria,"I really don't want to die. I used to be suicidal but thinking about that now just seems counterproductive. But man...being alone, feeling lonely, absolutely sucks. And as far as I can tell, I'm going to be alone for the rest of my life.  

Essentially, due to my shy nature, boring life, uninteresting hobbies, and overall unattractive demeanor, combined with my inability to ""put myself out there"" in ways that actually foster new relationships, it's no wonder I haven't made any close friends IRL. And the past does indeed inform the future, if not dictate it entirely, despite what some people would say to the contrary. So, yeah, I'm struggling to figure out why my life is worth continuing to live. I don't want to die, but I don't want to live alone, either.  

How does one reconcile these two opposing ideals? Can they be reconciled, or am I doomed to live a miserable life for the next 30-50 years (currently 30M)?",Venting
11llv73,My husband had an affair and now I might have cancer.,offmychest,235,80,0.97,https://reddit.com/r/offmychest/comments/11llv73/my_husband_had_an_affair_and_now_i_might_have/,2023-03-08,throwRA_despair4412,"I (33F) married my husband (35M) after being together for four years. Just after the wedding we experienced a series of tragedies, my mother died unexpectedly and I just fell apart, there was so much pressure dealing with my fathers grief and trying to manage my siblings grief as well. To make matters worse I was also dealing with going through IVF at the same time, there was just so much sadness as I could never seem to maintain a pregnancy past the first trimester. 

Eventually my husband and I stopped communicating effectively and although we were still talking a lot every day I was so lonely. 

One day out of the blue my husband told me he didn’t love me anymore and we needed to separate. Little did I know that just a year after we got married he started sleeping with a girl (25F) he met through his job. A couple of days later I caught him out and he confessed everything to me. He told me he loved her and that I wasn’t exciting, that he couldn’t stand all the sadness in the house a",
1dqkgsl,"This may be a dumb question, why do some men online think doing nice stuff for their woman is 'simping' or an overall bad thing to do?",self,235,369,0.74,https://reddit.com/r/self/comments/1dqkgsl/this_may_be_a_dumb_question_why_do_some_men/,2024-06-28,Purple_Assumption410,"Before anyone gets their nickel in a brickel, I know it's 'not all men.' That's why I said SOME men in the title. So if this post offends you already, I highly suggest you make a cup of warm tea after you click off this post and forget my existence. Do yourself that favor.

Now back to the topic.

Honestly, I can't wrap my mind around it. Can someone actually explain this to me? Am I actually being crazy for not understanding this?

Now, who knows, it could be because I'm 19 years old (and albeit, I don't have much romantic relationship experience), but why on Earth do so many of these lonely guys online bully/mock/make fun/etc of men who do nice things for their girlfriends/wives/crushes? Why do they see it as such a bad thing for a guy to do? Why are these guys so pessimistic? Wouldn't they want someone to do nice things for them? I like doing nice things for the people I love ALL THE TIME.

In any video where there's a hetero couple being cute, there's always one or two (if not more",
vbwn0o,Tuesday Check In: How's Everybody's Mental Health?,MensLib,234,158,0.96,https://reddit.com/r/MensLib/comments/vbwn0o/tuesday_check_in_hows_everybodys_mental_health/,2022-06-14,MLModBot,"Good day, everyone and welcome to our weekly mental health check-in thread! Feel free to comment below with how you are doing, as well as any coping skills and self-care strategies others can try! For information on mental health resources and support, feel free to consult our [resources wiki](https://www.reddit.com/r/MensLib/wiki/sidebar/resources_for_men) (also located in the sidebar!) ***(IMPORTANT NOTE RE: THE RESOURCES WIKI: As Reddit is a global community, we hope our list of resources are diverse enough to better serve our community. As such, if you live in a country and/or geographic region that is NOT listed/represented but know of a local resource you feel would be beneficial, then*** [***please don't hesitate to let us know!***](https://new.reddit.com/message/compose/?to=/r/MensLib)***)***

Remember, you are human, it's OK to not be OK. We're currently in the middle of a global pandemic and are all struggling with how to cope and make sense of things. Try to be kind to yours",Mental Health Megathread
189hat8,Sexual deprivation ≠ Loneliness,lonely,234,102,0.9,https://reddit.com/r/lonely/comments/189hat8/sexual_deprivation_loneliness/,2023-12-03,kingsilvxr,"I see way too many posts on here debating on whether women can be lonely, and arguments saying that women can get all the sex they want so they can't possibly be lonely. Aside from a lot of posts about people being sex deprived. As if having sex will magically cure your loneliness!

As a man, I strongly disagree with this. Sex does not cure loneliness one bit. If it is sex you are craving, that does not mean you are lonely (and vice versa). Loneliness is a lack of a feeling of connection to other humans, and/or a lack of a sense of community. Loneliness has nothing to do with sex whatsoever.

You could be having sex with people all day long and still be extremely lonely. Because that kind of sex is meaningless and it WILL NOT fulfill your desires for real human connection. The other way around, you could have a lovely community and a lovely partner/friend who you feel very connected to (without even having sex), and therefore not feel lonely.

I would even argue that a lot of people on",Discussion
1mw3tbq,UK's censorship is stupid,self,232,171,0.77,https://reddit.com/r/self/comments/1mw3tbq/uks_censorship_is_stupid/,2025-08-21,BrightSummer21,"None really cares about lonely men but villanise them.

Unfortunately, that seems to be the case. There's currently a moral panic about young boys and the Manosphere, all centered around the narrative of *Adolescence*. As if that was a real look into how incels actually function and their real dangers.

The fact incels are significantly more likely to kill themselves than someone else is immaterial to them. It only matters when a handful of women die.

And their solution is to shame parents into restricting internet access. Not only is it not a real solution, it's probably gonna make things worse because you're cutting off one of the few ways they could get support and social interaction.

There was a group of five 5th grade girls a few days ago that tried to kill a 5th grade boy and it was all ""oh they're just 10 they don't know what they're doing"".

Literally just ""men don't matter"" behavior.

Don't forget that the censorship law also trying to force wikipedia contributors to reveal",
1nhavmk,I am filipina girl married in pakistan and halala making me scared,offmychest,231,37,0.91,https://reddit.com/r/offmychest/comments/1nhavmk/i_am_filipina_girl_married_in_pakistan_and_halala/,2025-09-15,LionOk6440,I never think I will be writing here but my heart so heavy and I dont know where to say this I am from Philippines and I marry a man in pakistan and I love him but our life not always easy and now when divorce talk come I learn about halala and it make me so confuse and so afraid I did not know that if husband give triple talaq I cannot marry him back unless I marry another man first and then divorce again this feel like I have no choice in my own body or life I dont want to offend religion but as woman it make me feel weak and lost and I cry many night I just want to know if other woman experience this too or how they handle this because I feel so alone and maybe I just need to say it out loud thank you for reading,
1971cj,Who the fuck would do this,offmychest,231,49,0.97,https://reddit.com/r/offmychest/comments/1971cj/who_the_fuck_would_do_this/,2013-02-25,HenriettaHarkenfarkr,"People these days. Goddamn them.

I have a friend who works with me, and he is generally not treated right.  He is sorta overbearing, tries really hard, that kind of thing. but he means well, he has a really pure heart.

He doesnt ""look cool"".  his life has been hard, his mom died in childbirth and he was born premature.  He is 21, but looks 15. 
anyways, this sweet guy is looking for love.  He talks to me about the sites that he's on to meet people, and i encourage him, cause this guy deserves it. 

Yesterday he was ecstatic, he kept buggin me to come over and talk to him throughout the day, i didnt have time until the end of my shift. so when i get over there he tells me how a reallllllly hot girl started talking to him, and shes being really nice and they talked for 3 hours.

He tells me he gets her number, and that they are going to a restaurant tonight.  an expensive nice restaurant, that her parents own. im like, wow nice man! sounds fun! he says that they'll be getting free drin",
9jq6i6,I was robbed by a man and his dog on drugs,self,230,35,0.94,https://reddit.com/r/self/comments/9jq6i6/i_was_robbed_by_a_man_and_his_dog_on_drugs/,2018-09-28,crossivejoker,"This  was years ago when I was 19 years old and working at a phone store. I  was closing up for the night alone when a man walked in before I could  lock up. He then turned around, locked the door himself, and switched  the sign to, ""closed""

I knew right then  and there that I was being robbed. He looks at me with a hand in his  jacket and says, ""I want a phone and I don't want to pay."" I give this  dude the biggest grin and say, ""whatever you want boss"" and I  immediately walk to get him the newest Iphone (because he came off as an Iphone guy to me)

Though,  I do remember being really annoyed that he dragged in a bunch of mud  and water throughout the store (the dude was soaking wet because it was  raining off and on all day). I was livid that I'd have to mop the floors  again. You think of strange things in these situations.

He  then starts talking about how he has a gun (which was unneeded, I got  the hint already) and also starts talking about how he wants the  phone  hooked up",
1hfkt3n,Anyone else start their life over at 31 and it turned out ok? Feel like a walking red flag/lost in life.,AskMenOver30,230,192,0.85,https://reddit.com/r/AskMenOver30/comments/1hfkt3n/anyone_else_start_their_life_over_at_31_and_it/,2024-12-16,dmfpanon,"May be a long one, but I need to give the details. I understand if this is too long for some people.

When I was 21, I had a mental health breakdown and dropped out of college with three classes left. I was the epitome of a loser for two years (no job, no school) until my dad yelled at me to get a job. In those two years, I foolishly isolated myself from the few friends I had due to embarrassment about my life. Eventually, I finished school (accounting degree) and got a job. I manage accounts payable and do some rudimentary cost accounting.

The only reason I got the job was due to nepotism since my dad used to be the CFO there. I didn't even have to interview.

Financially, I'm doing ok for 31 (though I've made **utterly foolish** mistakes). I have $175,000 in my 401k (we get 25% vesting immediately for our profit sharing plan). The dumb part is I sunk $100,000 into a loser stock which is down 50% (I kept averaging down to chase losses). I should have listened to my dad's advice and d",Relationships/dating
1h5sggg,"People always complain about the hardships of single mothers, but it definitely isn't easy being a single father in the dating world",self,229,217,0.74,https://reddit.com/r/self/comments/1h5sggg/people_always_complain_about_the_hardships_of/,2024-12-03,Training-Scissor6662,"I have three daughters, I raise them by myself. And I'm pretty much seen as ""damaged goods"" to so many would-be partners. I cannot even blame them... before, when I was a single man, I wouldn't have entertained single mothers myself. Too much baggage. Now I'm in that situation myself. Ex-wife moved away someplace very far, with a new partner. I'm left to raise the kids alone. They're 10, 7 and 5.

It's kind of crazy, how hard this is. I'm 32. I'm not a bad looking chap by any definition, got all my hair, am quite fit, good face. Got a house, a job, loving parents and siblings. But I'm dead-tired. And I don't know what to do, quite frankly. Have been in online relationships, long distance stuff. Doesn't lead anywhere. Doesn't do anything for me. I need someone, because the loneliness is killing me. But I get nowhere, and reach nowhere. I'm at a loss. It's depressing as hell.

Doing all this alone is rough. I absolutely understand the plight of single parents of either gender so much bet",
lo9sx5,Letter to all the abusers/ narcissists/ sociopaths/ toxic friends/ toxic family/ to all my demons and to this sick society that made me hate myself and made me believe I’m not worth enough. This ends here.,socialskills,228,21,0.93,https://reddit.com/r/socialskills/comments/lo9sx5/letter_to_all_the_abusers_narcissists_sociopaths/,2021-02-20,chorines,"Let one thing be clear to you: Just because you're in my life doesn't mean I'm going to tolerate disrespect. Especially when I'm cleaning up and I've cleaned my life of people who have only hurt me. Your mother included. You included. If I have chosen to close with, addicts, and sociopathic narcissists and whatever else you can think of this is my decision. I don't want to be aware of pregnancies, marriages, deaths. If using this type of manipulation mechanism you believe it could somehow trigger my anger, envy, depression, or just plain hatred for myself, you are wrong. I am good enough for me, I am healthy and yes, I am happy. Although my condition makes things more difficult for me than others, I get up in the morning and take care of myself. And I don't understand what pleasure you feel in trying to try to hurt me? What if you are only an insecure man/ woman, with bouts of uncontrolled aggression and you need to vent your insecurities on me? Do you think that just because I'm not p",
3frer1,To the girl at the party,offmychest,227,15,0.95,https://reddit.com/r/offmychest/comments/3frer1/to_the_girl_at_the_party/,2015-08-04,Major_Melody,"I know I'm not the most talkative person around strangers and especially on birthday parties where I only know the host.  
 
But yesterday you made me feel like a human being again. These summer holidays I mostly sat lonely in my room, playing guitar, listening to music and so on... 
I can hardly remember your name, you're not on Facebook so I can't find you but maybe it's the best. I'm not your type anyway..  

You told me you don't like going to huge parties and that you feel uncomfortable around people you don't know, just like me. We talked a lot and we were understanding each other so great but sadly it was near the end of the evening we got into our conversation, man, I wish I'd have stayed longer.  

Thanks for giving a shit about me and my miserable life. 


Edit 1: I did it! I asked for her number and texted her. It's a great and relieving feeling! Thank you all so much for your advice and motivational posts! You made my day!  

Edit 2: Thank you all again for all your thought",
1tgf5o,"Men, how can I stop being a ""mother"" to my husband?",AskMen,227,146,0.92,https://reddit.com/r/AskMen/comments/1tgf5o/men_how_can_i_stop_being_a_mother_to_my_husband/,2013-12-22,IzzyTheAmazing,"He lived with his parents when we met, and his mom did everything for him. I love him and of course wanted him to be happy, so I took over everything... 

I cook, shop, plan meals and deliver them to the couch where he's sitting in front of the TV, or pack them away so he has a hot lunch at work.  8 years, many discussions and many tears later, me begging for his help with more serious tasks, and in the kitchen and I've gotten nowhere. 

I've asked, I've pleaded, I've tried various rewards/games/incentives, positive reinforcement to no avail.  How can I realistically move away from the way things have been for 8 years and save my sanity without becoming a nag?

**EDIT:** Since this has been asked a lot - we both work full time. We do manage to share lesser duties like taking out the trash, laundry, dishes, tidying and similar things. I don't want to give the impression that  he does NOTHING.  Those are just what he seems to be stuck on. More significant tasks such as cleaning the bathr",Relationship
tdgau3,God I’m so touch starved,lonely,226,39,0.99,https://reddit.com/r/lonely/comments/tdgau3/god_im_so_touch_starved/,2022-03-13,CuddleEnthusiast,"I feel like it’s been forever since I’ve had the feeling of peace that comes with being cuddled by someone you care about. I wake up everyday recently to a feeling of sadness having been alone for over two years now. I’m a 24 year old guy in the western U.S. and know I need to actually put myself out there to find a companion but man, i can’t even express how much I just want to be held by someone.",Venting
101nsh6,What’s the point of this sub?,lonely,226,67,0.88,https://reddit.com/r/lonely/comments/101nsh6/whats_the_point_of_this_sub/,2023-01-02,Ineedtofeelthings,"Here’s why. The formats usually go:

“I’m lonely gender + age. Anyone want to talk?” 

“It’s my birthday, can anyone wish me well?”

If you’re a woman, good luck. If you’re a man, good luck also. But this is the most inefficient way to connect with people. Apparently everyone is way too busy to text you back. Then if it’s not work it’s kids. I understand that mental health is also a factor when making friends. Only to get GHOSTED. It’s a joke.

What good does this sub even do? Are there really any positive outcomes? I’m not looking for love. Or even friends anymore. It’s pointless if you do or don’t put in the effort. This should not even be used for romance but mostly men are weird about it. 

All this does is perpetuate the loneliness. For some of us it may never go away. But truly what good does this sub provide? All I see is negativity and sad chat posts.",Venting
1o2s19,Can't believe the fairytale bullshit people talk on her about prison rape,self,226,26,0.88,https://reddit.com/r/self/comments/1o2s19/cant_believe_the_fairytale_bullshit_people_talk/,2013-10-09,thepentruth,"Everybody on here keeps saying it's fake or never happens or it's movie bullshit, or even worse are the idiots who claim they never saw/heard  it or it never happened to them. Ive been in; not gonna say where for what, when or how long,  because people are easy to find these days on loose leads. And I'm typing this because it seemed like a hot issue on here, and always some lying motherfucker coming on here holding someone's dick saying 'don't worry it doesn't happen', and that's dangerous, 

To get it out the way, it happened to me in juvie by a C.O. After lights out they pass by your cell door every now then and look through the window of your cell door to make sure you sleep and ain't breaking the rules. This was before the buzzer system where the office controls all locks, so C.O.s had keys. He accused me of being awake trying to hide something from view so he grabbed me,  took me to the booking cell and covered the window. It happened three times, he always threatened that I'd nev",
1pjoq3p,"7 years married, 3 weeks of silence. I’m exhausted. What do I even do now?",self,225,140,0.92,https://reddit.com/r/self/comments/1pjoq3p/7_years_married_3_weeks_of_silence_im_exhausted/,2025-12-11,knwldge_,"Long Post Alert:

We’ve been married for 7 years, and honestly, I’m tired in a way I can’t even explain.
Every time we fight, I’m the one who breaks the silence, apologizes first, or tries to make things normal again. When I finally asked my wife why it’s always me, she just said she “lets things go.”
But I can see it in her face, her tone, her body language — she doesn’t actually let things go. I feel it every time, and it eats at me.

From the start of our marriage, I tried to make life easy for her. I gave her complete freedom. I help in the kitchen, do laundry, dishes — honestly, I take on most of the house responsibilities without complaining. I’ve always wanted to be a supportive partner.
But now I’m starting to feel like maybe I overdid it. When I see other couples, I see men who are appreciated, respected, made to feel important. I don’t feel that. In our relationship, after every fight, it’s always me who has to make the first move. I’ve told her so many times that it makes me",
1sal3q7,"I did something terrible, and was never held responsible.",offmychest,225,30,0.96,https://reddit.com/r/offmychest/comments/1sal3q7/i_did_something_terrible_and_was_never_held/,2026-04-02,Fickle_Psychology995,"I cannot give out too many specific details. When I was in the military (I won't divulge which branch), my unit was activated to respond to Hurricane Katrina. We were there within hours of the storm making landfall, and we traveled by road. When our deployment was over, and we were heading back home, we were told to stop and pause as Hurricane Rita was inbound and they wanted to make sure they wouldn't need us further. Our only option was to stop at a hotel. Our unit was too large to all fit in one hotel, so we split the unit between two hotels that were within walking distance. The bulk of the unit was in the other hotel, while myself and several other members were next door. Command called a meeting one morning in the conference room of their hotel. So that morning, I was walking from my hotel to the other one. I was in full uniform, but for reasons I don't remember, I was alone. Suddenly, a man appearing to be homeless came walking up to me quickly and very aggressively demanded a c",
o58qzi,Pride: Finding my Validity in a Sexualized Society,MensLib,225,29,0.97,https://reddit.com/r/MensLib/comments/o58qzi/pride_finding_my_validity_in_a_sexualized_society/,2021-06-21,creepig,"I probably should have seen it coming, to be honest. I remember being 15 and religious, sitting in youth group while the youth pastor preached about the importance of remaining abstinent before marriage, no matter how difficult it was.  ""It's not difficult,"" I thought to myself. ""Why would that be difficult? Sure my girlfriend is cute and I like being around her, but never once have I struggled not to sleep with her.""

In college, in Psychology 101, we learned about Maslow's Heirarchy of Needs. ""It's ridiculous that sex is so low on the pyramid,"" thought young me. ""I've never had it, and yet here I am pursuing my higher order needs."" Maslow is a fucking crackpot, but I wouldn't realize that until later in my life. It was at college that I felt attracted to a man for the first time, but what I felt was the same as what I felt for women, a glow with no sparks.

People kept asking me why I didn't date. I told them I was busy with my degree. It was a hard program and I was barely scraping",LGBTQ+
4hgyim,3 Ways To Understand Your Anxieties And Be More Confident In Less Than 30 Minutes,socialskills,225,15,0.95,https://reddit.com/r/socialskills/comments/4hgyim/3_ways_to_understand_your_anxieties_and_be_more/,2016-05-02,pushin_and_shovin_me,"On the path to being confident, social, and successful (whatever success looks like to you), fears, worries and anxieties will inevitably rear their ugly head and block your path. Like everyone interested in developing themselves, I've been confronted with negative inner voices and doubts telling me “I'm not good enough”, “I'm selfish”, and that “I'll never amount to anything”.

What helps me on my personal development path (and what i believe could help you too) is to start by beginning to understand more about your anxieties and fears, such as where they come from, what caused them, and what purpose they have in existing. 

It’s like a huge cascading river that at times wreaks havoc on the villages and towns that are located near it. Simply fighting the river and blocking it’s path directly will do nothing, the river will simply build up and overpower the barriers. If however you know where the river begins, and what causes it to get more dangerous, you can work with the natural flow",
147u7cy,Nobody cares about you once you're over 40 and still single,lonely,222,172,0.84,https://reddit.com/r/lonely/comments/147u7cy/nobody_cares_about_you_once_youre_over_40_and/,2023-06-12,SansOmNomNom,"Especially if you have no family. It's almost as though you've ceased to have relevance to the world at large. 
I feel nothing but shame about being over 40 (female), creative and interesting but unable to find a decent mate. That's all I want at this point: a damn husband. Yet it seems the only men who try to chat me up are trashy, uneducated losers with nothing to offer a parakeet, let alone an intelligent adult. 
I blame my lack of family on my persistent single status; i have zero frame of reference when it comes to healthy relationships, and unfortunately, family is ridiculously important when it comes to dating. That's how potential partners decide what level of emotional investment you deserve. No family = no investment, because you're ""too clingy"", ""needy"", and of course, ""why should i give you what your family won't?""

It's shite, i tell you. Utter shite. Makes me want to shin-kick the people who whine about being lonely but are married, have families, have kids... That's a la",
1h8359t,"Men over 30, where did you ACTUALLY meet the women in your lifes?",AskMenOver30,221,634,0.86,https://reddit.com/r/AskMenOver30/comments/1h8359t/men_over_30_where_did_you_actually_meet_the_women/,2024-12-06,00000101,"edit: Maybe its interesting to someone: I just went trough all the top answers and counted them. Its not very rigorous because there were cases that could go into several categories like ""friends introduced me to her in a bar, we also went to highschool together"", some that were not very specific, or people mentioning multiple women they met, I tried to count them seperately.

But here are the results:

[https://i.imgur.com/eir8Rqj.png](https://i.imgur.com/eir8Rqj.png)

edit: I guess I should have specified that I mean ""men who met women while being over 30"". As I suspected many will say ""I met them while I was still young"" but obviously I'm asking because I'm trying to figure out how to meet them now! Unfortunately  don't have a time machine!

So reddit has a lot of strong opinions on how to to meet women in THEORY, but it always feels like there is a huge disconnect with my actual experience and what other lonely man say in the threads, so I'am interested in your stories of how you a",Life
1t51svl,"""Live by yourself""- said by the people who don't spend a minute alone.",self,221,39,0.92,https://reddit.com/r/self/comments/1t51svl/live_by_yourself_said_by_the_people_who_dont/,2026-05-06,Stock_Hunter_2380,"Everyone is just so good at finding this person they can cling to. Leave these people alone for 1 fucking minute; either they will pull out their phone and text their friends, or they'll have an aneurysm.  I can sense how desperately people fear being alone.

Lonely folks spend years alone, with their thoughts. It is no one's fault. It is not women's fault, nor men's. If you cannot sympathize with a lonely person, PLEASE do not share your opinion. It's like a disease; sometimes it fades, only to return again.

It's crushing to see that most people have their own person, and you can feel it when you talk to them. Basically, ""Hi, I'm just talking to you temporarily, and I already have a best friend, so I do not care about you; I am just here to be well-mannered with you."".

As I said, loneliness is a disease that spreads, it festers, it hurts a lot. It feels like you're limping and always so afraid from within. And most lonely people do try to attend social gatherings, events, place them",
ca8jgo,"Saw a man at a festival - alone, overweight and socially awkward, trying to engage unsuccessfully. (He didn’t try to engage with me.) My heart went out to him. For those who are socially awkward - do you want people to reach out to you - just to say hi?",lonely,220,66,0.99,https://reddit.com/r/lonely/comments/ca8jgo/saw_a_man_at_a_festival_alone_overweight_and/,2019-07-07,doodlewiggle,,
1cb3fa5,Where are all the lonely men??,lonely,219,338,0.82,https://reddit.com/r/lonely/comments/1cb3fa5/where_are_all_the_lonely_men/,2024-04-23,InuKag_Agenda,"There's a huge discussion about an epidemic of lonely men but everytime i try to talk to a stranger online that's a male, almost 90% of the time it turns out to be someone who's horny, I'm so fvcking lonely, i want to talk to someone, have a normal chat, share something, anything, but all i find are horny men. People don't talk enough about the loneliness women are going through. It's so frustrating.

edit: wow i honestly didn't expect people to notice this post......thank you for replying.",
qb58h4,Tuesday Check In: How's Everybody's Mental Health?,MensLib,218,218,0.98,https://reddit.com/r/MensLib/comments/qb58h4/tuesday_check_in_hows_everybodys_mental_health/,2021-10-19,MLModBot,"Good day, everyone and welcome to our weekly mental health check-in thread! Feel free to comment below with how you are doing, as well as any coping skills and self-care strategies others can try! For information on mental health resources and support, feel free to consult our [resources wiki](https://www.reddit.com/r/MensLib/wiki/sidebar/resources_for_men) (also located in the sidebar!)

Remember, you are human, it's OK to not be OK. We're currently in the middle of a global pandemic and are all struggling with how to cope and make sense of things. Try to be kind to yourself and remember that people need people. No one is a lone island and you need not struggle alone. Remember to practice self-care and alone time as well. You can't pour from an empty cup.

Take a moment to check in with a loved one, friend, or acquaintance. Ask them how they're doing, ask them about their mental health. Keep in mind that while we may not all be mentally ill, we all have mental health.

[If you find yo",Mental Health Megathread
5nul0h,LTA: Young Men and Male Privilege,MensLib,218,176,0.87,https://reddit.com/r/MensLib/comments/5nul0h/lta_young_men_and_male_privilege/,2017-01-14,TAKEitTOrCIRCLEJERK,"[""Young white men [18-29] favored Mr. Trump by almost 20 points (54% to 35%)""](http://civicyouth.org/wp-content/uploads/2016/11/CIRCLE-Full-Exit-Poll-Analysis_Final.pdf)

I've been talking about young dudes on this website for a godawful amount of time, and of all things that I could've been surprised about, ^ that up there is not one of them. So let's talk about young guys.

Take a look around reddit for more than ten seconds and you'll find lots of young guys who hate being told that they have male privilege. It's more-or-less an immediate argument-starter. It devolves into defining terms and debating degrees of privilege. It's no fun. 

I have a soft theory on this: for a while now, boys and young men haven't had it easy. By several measures, they have it worse than girls and young women. So **when teenaged and young-adult men hear ""you have male privilege"", they lack examples of where it applies in their lives.**

Consider:

[We treat boy babies differently, and in many ways ""worse",
1buin3v,I told my friends that I’m done going out with them. ,socialskills,217,33,0.94,https://reddit.com/r/socialskills/comments/1buin3v/i_told_my_friends_that_im_done_going_out_with_them/,2024-04-03,ControlledResults,"I don’t really know how else to say this, but I (29M) have been feeling rather disappointed with the way most of my social interactions have been lately. I used to enjoy going out to bars and nightclubs with friends who were a couple years younger than me back when I was around 26 or so. But, I’ve noticed how people at the same places I used to go have seemingly changed their tune around me. People aren’t as happy to see me out and they usually end up icing me if I try to strike up a conversation with someone. Some even call me creepy because I come up and talk to them about benign subjects to just maybe meet a new person. And frankly, I’ve gotten rather tired of going out like that because they keep calling me an old man and weird. The old part bothers me the most because it reminds me that I am almost 30 and my birthday is coming up. Most people have a family by my age and are having their lives all come together and I feel like a failure because I’ve done none of that so far. I’m pr",
1lliz2k,The key to solving male loneliness is clandestine international martial arts tournaments,self,216,38,0.94,https://reddit.com/r/self/comments/1lliz2k/the_key_to_solving_male_loneliness_is_clandestine/,2025-06-27,GingerNinja1982,"Hear me out. I just watched Bloodsport for the first time, and I noticed that when Jean Claude Van Damme enters the Kumite, he appears to be single, and friendless except for the elderly Japanese couple who befriended him as a child. It's hard to judge precisely, but it appears that the Kumite lasts about three days, in the course of which he acquires a
BFFL in the form of the hairy Harley enthusiast whose name I can't remember, as well as a googly-eyed journalist girlfriend. Therefore, a long weekend is sufficient time to completely eliminate social isolation, as long as it's spent punching strangers in a foreign country.

Posting here bc of the number of dudes who post about their longing for social connection. Don't be scared, take a chance, get on a plane and go fight people in a new environment! What could it hurt? 

PS this amazing idea brought to you by wine.",
bkcf5n,I was someone else (an empathy exercise),MensLib,216,12,0.96,https://reddit.com/r/MensLib/comments/bkcf5n/i_was_someone_else_an_empathy_exercise/,2019-05-03,muffinsandtomatoes,"I find myself having a hard time being gentle or kind to men. It feels like weakness. So I've been doing an exercise where as I walk, I imagine myself as the people I see. Below is a post I wrote about one exercise I did. I hope you get something from it.

It was me. At the subway station in San Francisco. 

It was me. In a rush to get home to my girlfriend after work. 

It was me. An anonymous face in a crowd of anonymous faces. 

Wait.

It was me. Looking at myself. As someone else.

He was an older man. Maybe 50 or 60 years, but there was no way I could know for sure. He had deep wrinkles that imprinted his dark Black skin. He wore a baseball cap that sat on top of a cleanly shaved head, accompanied by a baggy gray windbreaker, and light blue jeans. 

He had his eyes on his phone. I wondered what he was looking at. Maybe reading a text from his granddaughter. Or reviewing the sports scores from last night. Or checking the bus schedule to see if he’d have to walk home tonight. 

I wo",
hloetv,"My sister molested and abused me as a child, and I'm afraid no one will believe me",relationship_advice,215,35,0.97,https://reddit.com/r/relationship_advice/comments/hloetv/my_sister_molested_and_abused_me_as_a_child_and/,2020-07-05,throwaway_sisters,"TW: sexual abuse, self harm

Throwaway because I have friends on here and I've never confessed this to them. Tl;dr at the bottom.

My sister and I are 8 years apart. She's always been spoiled, selfish, and an awful human being. I was born in 2000, so she was 1992. I was 12 when the abuse slowed down, so I was a young child for all of this. She frequently attacked and chased me when we were alone, and I'd lock myself in the bathroom for hours. I got so lonely that I'd start talking to my reflection in the faucet. She'd force me to watch gay porn, videos of japanese men kissing (she fetishes asian people), and would try to get me to do things to her.

I remember one specific occasion where our parents were gone, and she locked me in her room, trying to get me to give her oral sex. I was 7 when this happened, I can remember the old ceiling fan I looked up when I started crying, and how her dresser had burns from her flat iron. I was able to get out and lock myself in my room, but it happe",
19d1xor,I pranked y'll,lonely,215,200,0.77,https://reddit.com/r/lonely/comments/19d1xor/i_pranked_yll/,2024-01-22,shygirl2408,"I know I will be criticized a lot for this post but I'll tell the truth actually the previous post I made about being a lonely F21 was fake I'm actually a M who just wanted to see how a women's post get more replies than a man and it was completely true. 
With a normal post a lot of men slide into my dms just to have a conversation and when I posted the same with my real account I didn't get a single msg and Infact I had to reach out to many but they also didn't respond.
I just did this experiment/prank to know how a girl feels when she gets a lot of attention and now I understand why it's not the fault of a girl that she doesn't reply me, even when I'm not a creep and just want a normal conversation, after this I get why a girl doesn't respond and how it is difficult for a girl to identify whether the person she is talking to is a creep or not and due to this reason a lot of nice guys gets ignored. 
P.s - for those who are going to abuse or say bad things to me I can be lying now too",Discussion
1jwzgk9,Why are male friendships so hard to make/maintain?,AskMen,215,104,0.84,https://reddit.com/r/AskMen/comments/1jwzgk9/why_are_male_friendships_so_hard_to_makemaintain/,2025-04-11,Thin_Vermicelli_1875,"I’m a dude and I’m married and I have close friends, but they are all females (like my wife). The only guy best friend I have is my brother in law.

The problem is I’ve been trying to change this and have gotten into a couple male friend groups, but honestly, I’m starting to feel shitty about it.

All of these guys I’m friends with are absolutely horrible at responding. Also, it feels like I’m the one planning 90% of the time.

Also, a lot of these guys just do not open up about anything. They hate talking about any feelings, or how their life is doing, etc.

I know there’s a male loneliness epidemic and luckily I got married to avoid that but is this how most guys are? No wonder we’re lonely. 

Just wondering if this was just a me problem or if it’s common.",
c2y4w0,Relinquishing the Dichotomy: A Critique of AM Brown,MensLib,214,139,0.93,https://reddit.com/r/MensLib/comments/c2y4w0/relinquishing_the_dichotomy_a_critique_of_am_brown/,2019-06-20,Corbutte,"Hi /r/MensLib! It's been a while since I wrote one of these, but now that I am graduated, unemployed, and officially in the throws of my quarter-life crisis, I figured it was time to get back into the game. Today, I would like to talk about an article that was posted yesterday titled ""[relinquishing the patriarchy](http://adriennemareebrown.net/2019/05/28/relinquishing-the-patriarchy/)"", by Adrienne Maree Brown. This article was panned in the comments for some specific points put forward by Brown, in particular her ""victim blaming"".

I am going to suggest to you that the specific ""problematic"" passages of Brown's blog post are actually indicative of a wider, systemic problem with the way she conceptualizes gender relations, and this can be teased out by examining other parts of her blog post. I am also going to suggest to you that this conceptualization of gender is often internalized by many progressively-minded individuals who don't have a deep grasp of the nuances of gender/privileg",
cyyrw4,Who else just really wants companionship above all else?,dating_advice,213,34,0.99,https://reddit.com/r/dating_advice/comments/cyyrw4/who_else_just_really_wants_companionship_above/,2019-09-03,throwawayyeet21,"I want to start off by saying that I have friends. Not a ton because I'm an introvert and socializing tires me out. I also deal with social anxiety, so in general socializing isn't something I'm heavily invested in. I'm aware that this is the only way to obtain a partner, but it's hard. 

I have hobbies that make me happy. I'm a pretty simple guy, so I can have fun and enjoy myself at home. I do enjoy going out, but I don't care for bars or clubs, so when I do get out it's not ideal for meeting a partner. I'm not LOOKING for a partner to make me complete or happy ( I'm aware that, that doesn't work and it doesn't solve self hate/low self-esteem) I just want COMPANIONSHIP. 

I want a girlfriend because I want to be able to text someone all day without me worrying that I'm annoying. I want to be able to talk about anything with someone for once. I want to be able to tell her everything that excites me. I finally want someone to be excited to tell me about their day and life. I want someo",
1m0vlv1,I'm a disabled woman and sometimes I feel ambivalent about my partner sexualizing my care,offmychest,213,72,0.9,https://reddit.com/r/offmychest/comments/1m0vlv1/im_a_disabled_woman_and_sometimes_i_feel/,2025-07-15,I-Wheely-Mean-It,"I want to stress that my partner is amazing. I require a lot of support and it's a huge burden, and before him, it took half a dozen people to get me through each day. Boyfriends I've had in the past didn't do a 1/100th of what my boyfriend now does. 

He showers and dresses me, takes me to the bathroom, feeds me, exercises me, grooms me, and gives me my medication, all with a smile, and he's very adoring. And to be honest because I'm in a wheelchair, and because I'm overweight, most men don't even recognize me as a person. 

I knew from the beginning my boyfriend is a very sexual being and in fairness, he makes me feel good and I like making him feel good. But sometimes it feels like a lot, and a lot of the time he uses my care as an excuse to make things sexual. 

Like he showers me every morning and every single time it turns into something more, and sometimes I just want to get up and get ready for the day, but we get carried away. I don't want to get too dirty here but like someti",
mw2mm,I am really proud of my dad today. He will probably never meet this man.,self,211,40,0.85,https://reddit.com/r/self/comments/mw2mm/i_am_really_proud_of_my_dad_today_he_will/,2011-12-01,Czernoboxk,"**Yesterday, my dad wrote a letter and asked me if I would print him a copy. It was addressed to the son of his sister's friend who is only 37 yet recently lost both his legs and is scheduled for a kidney transplant, spinal surgery and a triple bypass. I offered to proof the letter for him and I was blown away at his compassion for somebody who he'll likely never meet. A significant portion of my childhood was spent with my dad living away or overseas so for the longest time, I didn't really know what he was made of. Today I'm incredibly proud of this man.**    
     
     
 


Dear Jeff,    
 

You and I have never met, and you probably have never even heard of me. I am Dianne ****** brother, and I am well acquainted with your parents and your sister, so I certainly know who you are.  
 
 
I have followed your progress for quite some time now Jeff, and have thought of you so gamely fighting the good fight many, many times. It has occurred to me that in your circumstances, how it would",
1cortmr,My Life Would Be Easier if I Was a Single Mother.,offmychest,211,98,0.94,https://reddit.com/r/offmychest/comments/1cortmr/my_life_would_be_easier_if_i_was_a_single_mother/,2024-05-10,ThrowRAyourdinner,"throwaway account because my husband follows my real account and can't see this.

I said what I said.

I'm in my late 20's married to a man in his early 30's. I have a child from a previous situation-ship (their dad has always been out of the picture. they've never met him) and we have one child together. I've been a single mother. I know what it entails, I know how lonely it can get, how hard it can be. But, honestly, I would rather be a single mother than in my marriage the way it is right now.

My husband doesn't help. He's never engaged or present with our family. We probably get about 30 minutes with his attention each day, and that's while we're eating dinner. Right after dinner, he jumps on his video games and I'm left to handle bedtime, bathtime, clean up, and next day prep all on my own. He gets up early in the morning and plays video games until it's time for him to get ready for work which means that I'm responsible for getting kids up, fed, ready, and out the door. He does",
1j5i6oy,When did you start actually feeling like a grown man?,AskMen,211,194,0.95,https://reddit.com/r/AskMen/comments/1j5i6oy/when_did_you_start_actually_feeling_like_a_grown/,2025-03-07,StormRuler,"I'll* be 26 in a couple of months but I'm still so lazy and anxious that I don't feel the sense of competence or confidence that I would need to feel like a ""man"". That is to say, I still feel like a boy, whereas I've definitely crossed that threshold by most parameters. Maybe one reason is I still live with my mother because I can't afford yet to live alone, but that in turn also makes me slightly complacent. When was the point (it could have been for specific aspects or generally) in your life when you started to feel like you were a man then and no longer a boy?",Rule Violation
1q20p7v,The mother of the man of my dreams (M33) is against our marriage because I’m (F36) older. What can I do now?,relationship_advice,210,319,0.91,https://reddit.com/r/relationship_advice/comments/1q20p7v/the_mother_of_the_man_of_my_dreams_m33_is_against/,2026-01-02,Affectionate-Toe-146,"I found the man of my dreams. I feel we’re very compatible. 

He proposed and I said yes. I told my family and they were happy. 

But then his mother made a fuss. She rejected the marriage because I’m older.

 I thought he would fight harder for me, but he chose peace with his mother. 

And I’m left shattered. I was excited to announce our engagement on the first day of the new year but instead the relationship ended. 

I’m not thinking clearly. Sometimes I feel like texting him and begging him to try harder. I feel that without him, I’ll be alone for the rest of my life. 

I need advice. I really want to tell him to try harder. It’s day 2 of the breakup.",
1i6gj1t,Having a significant other does NOT cure loneliness ,lonely,209,69,0.85,https://reddit.com/r/lonely/comments/1i6gj1t/having_a_significant_other_does_not_cure/,2025-01-21,WashingtonCounselor,"Just a reminder for everyone that having a romantic partner will not cure your loneliness. I have a girlfriend and I think I'm a little less lonely, but lonely still. I didn't go into the relationship expecting the loneliness to go away of course, I'm not putting my struggles on anyone like that. That probably helped me end up feeling less lonely while talking to her. Still don't really have any friends but I'm continuing to work on that by talking to more people. It's been over 5 years of loneliness among other issues but things might finally be looking up (probably jinxed myself just by thinking that).


Also I'm not some attractive buff six foot man so I don't know how I managed to attract people. I look like the 🤓 emoji but with worse teeth.",
iooaob,Tuesday Check In: How's Everybody's Mental Health?,MensLib,209,117,0.99,https://reddit.com/r/MensLib/comments/iooaob/tuesday_check_in_hows_everybodys_mental_health/,2020-09-08,MLModBot,"Good morning everyone and welcome to our weekly mental health check in thread! Feel free to comment below with how you are doing, as well as any coping skill/relaxation aids for others can try! For information on mental health resources and support, feel free to consult our [resources wiki](https://www.reddit.com/r/MensLib/wiki/edit/sidebar/resources_for_men) (also located in the sidebar!)

Remember you are human, it's OK to not be OK. Try to be kind to yourself and remember that people need people. No one is a lone island and you need not struggle alone. Remember to practice self-care and alone time as well. You can't pour from an empty cup.

Take a moment to check in with a loved one, friend, or acquaintance. Ask them how they're doing, ask them about their mental health! Keep in mind that we may not all be mentally ill, but we ALL have mental health.",
1tep7ud,For the first time of my life I(28F) feel jealousy with this new boyfriend (24M),relationship_advice,209,272,0.82,https://reddit.com/r/relationship_advice/comments/1tep7ud/for_the_first_time_of_my_life_i28f_feel_jealousy/,2026-05-16,ThrowRA-Memories,"I (28F) have been with my boyfriend (24M) for 9 months. He’s naturally very social, confident, talkative, and loves making people laugh.  
Before him, I was in a relationship for 7 years with another man who was more reserved. During that whole relationship, I never felt even a bit jealous. He went on vacations alone, I trusted him blindly, and I never questioned anything. So I told my current boyfriend early on that I’m not a jealous person.

But… with my current boyfriend, we work at the same company, just in different office spaces, and two weeks ago a new girl joined his area. She’s very pretty. They get along really well, laugh together, talk about random things, and my boyfriend admitted from day one that she seemed very interested in him, but that he told her he had a girlfriend. He told me she looked disappointed and went quiet after that for minutes.  
A few coworkers mentioned to me that the two of them seemed really close, and when my boyfriend came to see me afterward, I ha",
178l7wn,Did you have a father who never taught you anything?,AskMenOver30,209,131,0.95,https://reddit.com/r/AskMenOver30/comments/178l7wn/did_you_have_a_father_who_never_taught_you/,2023-10-15,Lopsided_Basket_6075,"This is going to sound awful but I resent my father for never teaching me anything. My father never taught me anything about life and the ""lessons"" he did give me were probably negative, like telling me that life is all about luck, that everyone is bad, that life stinks, etc. My father never wanted to teach me anything about housework, fixing stuff, shaving, tying a tie or really anything practical because he himself doesn't know how to do many of those things. 

My father never lived alone and always had other people do things for him. When my father finally got an office job after working in a blue-collar position for years he had my mother tie his tie for him. He never even had to get a job on his own. He worked for the same employer his whole life and got his job and promotions via knowing the right people. My dad went right from living with his parents to living with my mom to having me move in with him after my mom died. Now he is elderly and sick and I am taking care of him. 

D",Life
2bi7d7,Is it normal to feel lonely despite being surrounded by people?,AskMen,209,65,0.94,https://reddit.com/r/AskMen/comments/2bi7d7/is_it_normal_to_feel_lonely_despite_being/,2014-07-23,sbpbsl,"Does anyone feel like their life is on track, they are surrounded constantly by people, but somehow still feel alone? Like late at night they could cry by themselves in a room and no one would care? I do. But I guess I should give a little bit of background information.

Since young, I have always been an introvert. My parents warned me against all the usual things: ""focus on your studies first"", ""don't mix with the wrong people"", ""excel excel excel"". In the end, I did many things except talking to people. As a result, I ended up being good in a great number of hobbies, ranging from music to sports. And when I mean good, I mean represent-your-school good. The point of saying this is to emphasize how much time I spent on always training and training. You have only 24 hours in a day, and something had to go. And so I grew up socially impaired, despite my achievements. I was always the loner, the introvert, the quiet prodigy, yadda yadda.

Then I went to college. Change of environment, ch",
15ukxse,My mom is dead and now my life is falling apart.,offmychest,209,41,0.98,https://reddit.com/r/offmychest/comments/15ukxse/my_mom_is_dead_and_now_my_life_is_falling_apart/,2023-08-18,PrincessDoll420,"I (F21)  Lost the most important person in my life at 20 years old. 

Typing this on mobile so sorry for the format :) 

My mother (F61) was a hard working single mother. It was just me and her for as long as I’ve known. She adopted me at 8 months old due to fertility issues. I never had a father but my mother did her best and she did well. She was my rock if I had a problem she always help guide me through it. She was an amazing woman who loved animals more than people. Always supporting dog rescue groups and shelters. She loved to cook and garden and most of all I was her everything. She worked hard to give me a good upbringing that she didn’t have. She made me the woman I am today and I can’t thank her enough. I am forever grieving an adult relationship with my mother I won’t have. 

About a year and a half ago my mother was killed on the sidewalk walking her dog. The man who was responsable was impaired while driving. And never even braked after going off the road over the sidewalk",
eb6sf,"Anybody notice how a lot of ""nice guys"" aren't actually all that nice?",self,209,269,0.77,https://reddit.com/r/self/comments/eb6sf/anybody_notice_how_a_lot_of_nice_guys_arent/,2010-11-24,shxgtb,"The trend of ""so this girl I like (did this) and I didn't get any play, but I'm such a **nice guy** so pity me"" posts made me think of this.

A lot of you ""nice guys"" are actually not ""nice"" at all. If you were ""nice,"" you wouldn't be so self-serving. You all blame the girl (or guy, I guess, but I don't see a lot of LGBTQ redditors complaining about being ""too nice"") you're going after for rejecting you or not paying attention to you, but most of you are passive aggressive, never make a confident attempt to actually be noticed, only do ""nice"" things with the expectation of something in return...

[Might God King has a terrific rebuttal to the typical Nice Guy^TM argument, this time in the form of a CraigsList rant.](http://mightygodking.com/index.php/2007/12/16/the-internet-nice-guy-rears-his-ugly-head-once-more/)

For those of you guys who are *genuinely* nice, who do it out of the kindness of your heart and not out of expectation of reciprocation but you're lamenting that you are alo",
1m4591a,Empathy is collapsing and we’re watching it happen.,offmychest,208,48,0.82,https://reddit.com/r/offmychest/comments/1m4591a/empathy_is_collapsing_and_were_watching_it_happen/,2025-07-19,EveryoneAndNone,"I smiled at a man today. A warm, honest, human smile.
He barely looked up.

Later, I placed my items at the register.
The cashier looked at my beer and mocked it.
He didn’t ask, he didn’t joke, he just… mocked.

That’s where we are now.

Disconnection has become the default.
Empathy? An exception.

And I keep seeing it  everywhere.

A father who adds weight to the fire instead of calming it.
A mother who lashes out without awareness.
A brother who makes ego a shield.
A sister who reacts without thinking.
A community that hears but doesn’t listen.

No one seems to pause anymore.
No one asks:

“How might they be feeling right now?”

We speak over each other.
We compare trauma like it’s a contest.
We gaslight, dismiss, deflect  and call it “strength.”

But here’s the truth:
People don’t die from hunger or thirst alone.
They die from lovelessness.
From not being seen, not being heard.

From rooms full of people where they still feel invisible.

We don’t need more opinions.
We need more wit",
nvyx4v,"I hope this marriage fails, you don't deserve another chance.",offmychest,208,15,0.98,https://reddit.com/r/offmychest/comments/nvyx4v/i_hope_this_marriage_fails_you_dont_deserve/,2021-06-09,ACowardlyComedian,"You stood there at the alter, looked your wife in the eyes and said ""In sickness and in health.""   


Then your wife got sick with Guillain-Barré syndrome and overnight was in a hospital unable to breath. You pandered to your friends for donations and wrote about how hard it was for you. She started to recover, but not fully, she can talk and think and eat and feel. That wasn't good enough for you - you thought, ""I'm too young to fulfill the oath I just took. Fuck this shit I'm out"".   


She made no ill-will posts about you, or talked any smack, but the lone picture she put up of you two on your wedding day after you left was enough to let me know just how deeply your cowardice hit. I watch from a distance as her family tries their best to give her a happy life, and can't think what  waste of a man you are for abandoning someone you were with for so long, the minute they actually needed you. 

Now you're on twitter blasting about how you're engaged and happy you are. Fuck you. I hope",
10vuceu,Tuesday Check In: How's Everybody's Mental Health?,MensLib,208,104,0.97,https://reddit.com/r/MensLib/comments/10vuceu/tuesday_check_in_hows_everybodys_mental_health/,2023-02-07,MLModBot,"Good day, everyone and welcome to our weekly mental health check-in thread! Feel free to comment below with how you are doing, as well as any coping skills and self-care strategies others can try! For information on mental health resources and support, feel free to consult our [resources wiki](https://www.reddit.com/r/MensLib/wiki/sidebar/resources_for_men) (also located in the sidebar!) ***(IMPORTANT NOTE RE: THE RESOURCES WIKI: As Reddit is a global community, we hope our list of resources are diverse enough to better serve our community. As such, if you live in a country and/or geographic region that is NOT listed/represented but know of a local resource you feel would be beneficial, then*** [***please don't hesitate to let us know!***](https://new.reddit.com/message/compose/?to=/r/MensLib)***)***

Remember, you are human, it's OK to not be OK. We're currently in the middle of a global pandemic and are all struggling with how to cope and make sense of things. Try to be kind to yours",Mental Health Megathread
1nrx9t6,My girlfriend (22F) wants to travel alone with a “business partner” (50sM) and I’m (25M) worried for her safety. How do I deal with this?,relationship_advice,207,184,0.87,https://reddit.com/r/relationship_advice/comments/1nrx9t6/my_girlfriend_22f_wants_to_travel_alone_with_a/,2025-09-27,One-Turn-5106,"**TL;DR: My girlfriend is planning to travel overnight with a man she met online who’s been showing increasingly concerning behavior. She won’t listen to my safety concerns.**

My girlfriend Sarah is a talented singer-songwriter who streams on YouTube and makes modest income from viewer donations. A few months ago, a viewer claiming to be a CEO reached out offering to pay her for custom songs. It seemed like a great opportunity at first.

Here’s what I’ve learned about this “CEO”:

- His “company” is literally just him - he buys products online and resells them
- Despite having no connection to music or media, he’s positioning himself as her business mentor
- They have weekly video calls that last 1-3 hours, covering everything from her music to deeply personal topics about her past trauma
- He recently started requesting “urgent” calls that turn out to be completely non-urgent

The situation that’s really worrying me: he’s proposed they travel to a remote location for several days to",
804pyb,"When your mom is the opposite of a role model, you grow up extremely confused.",self,206,37,0.93,https://reddit.com/r/self/comments/804pyb/when_your_mom_is_the_opposite_of_a_role_model_you/,2018-02-25,momyouresohelpless,"Often people tell you that you'll start to understand your parents and realize how right they were about everything when you were a child. People also say that you should appreciate the struggle that single moms go through, because they're so strong for it. These things, while admittedly true for the most part, are not things I can relate to. 


My mother is a middle aged child. Never bothered to mature past age 18 or so. My siblings and I have been taking care of my mother's emotional needs since we were small. I can remember being six and lying to my mom about the terrible bullying I was experiencing because I knew it would make her sad, sadder than she already was all the time.


I'm so tired of being her personal rescuer. Here I am, mid-twenties, trying to jump-start my own adult life, and my mom is still sitting in her masochistic puddle of misery, waiting for me to pull her out day after day. Yeah, obviously she's depressed, and I know there's gonna be at least one person who tel",
1auahp7,"Im 34 and have no purpose, no passion, no interest that goes deeper than surface level, money isn't a motivating factor, couldnt care any less about anything in life, dont want to work, on the verge of being homeless, stuck being not giving a shit and terrified, and dont know what to do...",AskMenOver30,205,133,0.96,https://reddit.com/r/AskMenOver30/comments/1auahp7/im_34_and_have_no_purpose_no_passion_no_interest/,2024-02-19,st_cali,"I honestly dont know what else to do or where else to turn... Ive spent my life trying to find something...ANYTHING that would give me that drive to do something... but after another failed venture... i realize I have nothing.  I am a failure of a man... a son, brother and human.  I am not motivated to do anything, but terrified of being homeless... honestly... id rather just not exist at this point.. I despise being miserable and giving my time and energy to shit i dont care about, money and stuff has never motivated me and I am at the end of my rope.  I think about giving the majority of my time and energy to something I hate and have no passion in for the next 40-50 years as disgusting and would rather just die if thats my fate...My family cant help...they dont understand where im coming from and dont know what else to do with me... I know Im alone...I guess im just looking for something... advice.. help... idk ...",Life
12xthv,"My home town Oceanside on Long Island has no power or garbage pick up since Sandy hit. 
We are doing everything that we can, with very little help.
",self,205,76,0.89,https://reddit.com/r/self/comments/12xthv/my_home_town_oceanside_on_long_island_has_no/,2012-11-09,lost_underwater,"New Edit: https://www.facebook.com/OceansideSandyHelp
This is seriously amazing! 
The NOLA Tree helped us out so much-its unbelievable
Thank you so much! 

Edit: This Needs to be updated. 
----Donation info below----
I never thought people would see this-let alone offer to help-this is amazing. Thank you @hmd27 I really hope you are able to come out to us tomorrow!

Things have shaping up its amazing! We have been getting donations from people out of state! Even Oceanside From CA Gave us a huge donation!
http://www.nbcsandiego.com/video/#!/on-air/as-seen-on/Oceanside-Helps-East-Coast-Hurricane-Victims/178281271

The support and positive energy-Even from those who lost so much, really touches my heart. 
*insert Faith in humanity meme* 

They worked out the issue with garbage pickup and have sent out people. You wouldn't believe the amount of things on front lawns...I've never experience anything like this. It was a real eye opener to see just how lucky I was, and still am. 

Some parts",
1e867so,I hate myself. Being awkward and introverted as a man is a DEATH SENTENCE for dating.,lonely,205,119,0.98,https://reddit.com/r/lonely/comments/1e867so/i_hate_myself_being_awkward_and_introverted_as_a/,2024-07-20,Fragrant-Assistant64,"I've always been on the shy side. And I LIKE being alone 90% of the time. But as a man, it's a death sentence to my dating and social life since I'm the one who has to approach.

If it was up to me, I would NEVER leave my house and use dating apps, but I'm average-looking, so I can't afford to do that if I have any chance at getting a girlfriend.

On the apps, I barely get any matches. With the few I have, I put in a lot of effort trying to manufacture attraction. But it just feels so fake and forced. I understand women have to be cautious to make sure I'm safe, but it just feels so exhausting and unnatural trying to prove myself over and over again, only to end up getting ghosted or unmatched in the end.

I want to start approaching in person, but it feels even MORE forced than online. I don't know how or where to do it successfully. I don't drink, so bars are out. I could go to events, which is something I want to try.

I'd rather meet through mutual friends, but if I ask out a mutua",Venting
5pury9,How to get introverted teenage younger sister to feel safe and share her troubles with older brother?,socialskills,204,32,0.95,https://reddit.com/r/socialskills/comments/5pury9/how_to_get_introverted_teenage_younger_sister_to/,2017-01-24,he_who_redd_it,"I am a dude in my twenties. I have a thirteen-year-old younger sister. She is a great person, so unique and no-bullshit. Just the purest soul I know. But she is not academically skilled, and my parents are giving her shit for it, and all her classmates bully her for her personality and she is just become so misanthropic and completely shut in, not like a normal teenager, like she just has zero friends and everybody is against her and she responds by being angry and she is told she is being a shitty person for it. Every time she opens up, even to my other younger sisters, people mock her and say she is being silly and oversensitive. She frequently comes home from school crying and she cuts her wrist and thighs but doesn't talk about it and I'm not sure whether I should bring attention to them. I want to be her friend, I want her to feel like she can confide in me with anything, like she doesn't deserve the way everybody is treating her and sometimes it just happens that everybody on the",
1i58rx,Yesterday I travelled to the West Bank/Palestine and met a 'terrorist'.,self,203,54,0.87,https://reddit.com/r/self/comments/1i58rx/yesterday_i_travelled_to_the_west_bankpalestine/,2013-07-12,Youareme2,"I travelled there alone, on an Arab bus, and met a Christian Palestinian woman who was born there. We went to the areas deemed unsafe, (H-1, where it is illegal for Israelis to go). I saw the other side, a Palestinian viewpoint, the Palestinian propaganda which I have never even had a chance to be exposed to, and I must say, it is very powerful.

I met Issa Amro, a man labeled a terrorist (Proof of terrorist) http://blogs.jpost.com/content/fun-and-games-issa-amru-hebron, though his telling of the story is very different, as he says he is a completely peaceful, non-violent protestor.

While in the area, I asked very little, but listened a lot. When I met this man, he asked me to ask him questions, so I asked him 2.

Why did the people of the West Bank and Gaza elect Hamas? (not verbatim, but close) - The Palestinian Authority has been in power for many years, and the situation has only become worse. We live in a military state, more homes are taken every day, and we do not have the simp",
1hj4hb0,2024 has been the worst year of my life,self,202,173,0.91,https://reddit.com/r/self/comments/1hj4hb0/2024_has_been_the_worst_year_of_my_life/,2024-12-21,Cheatercheaterbitch,"21 year old male, I went to university. Failed both semesters due to my severe depression and anxiety and loneliness. 


Literally achieved nothing this year. I made no friends, I’m working a part time job that I hate. 

I’m still a virgin and have never kissed or touched a girl.

And I just hate myself.",
rq8gb7,Tuesday Check In: How's Everybody's Mental Health?,MensLib,202,229,0.95,https://reddit.com/r/MensLib/comments/rq8gb7/tuesday_check_in_hows_everybodys_mental_health/,2021-12-28,MLModBot,"Good day, everyone and welcome to our weekly mental health check-in thread! Feel free to comment below with how you are doing, as well as any coping skills and self-care strategies others can try! For information on mental health resources and support, feel free to consult our [resources wiki](https://www.reddit.com/r/MensLib/wiki/sidebar/resources_for_men) (also located in the sidebar!)

Remember, you are human, it's OK to not be OK. We're currently in the middle of a global pandemic and are all struggling with how to cope and make sense of things. Try to be kind to yourself and remember that people need people. No one is a lone island and you need not struggle alone. Remember to practice self-care and alone time as well. You can't pour from an empty cup.

Take a moment to check in with a loved one, friend, or acquaintance. Ask them how they're doing, ask them about their mental health. Keep in mind that while we may not all be mentally ill, we all have mental health.

[If you find yo",Mental Health Megathread
1s3re50,I’ve been secretly sneaking vegetables into my husband’s food,offmychest,201,142,0.83,https://reddit.com/r/offmychest/comments/1s3re50/ive_been_secretly_sneaking_vegetables_into_my/,2026-03-25,Infinite-Case-8830,"I (25F) have been with my husband “James” (35M) for 4 years, married for 1. I eat pretty clean and dairy free, and I’ve cooked pretty much all of our meals since we’ve been together.

James, on the other hand, eats like he’s 12. He refuses to eat vegetables. Not just picky, he will straight up not touch anything that’s a vegetable. Even most fruits he avoids, along with anything he’s decided in his head is gross. He has no allergies, he’s just stubborn. I’m also picky, but mine is more health based, while he basically only likes junk food.

I love cooking. It’s something I’ve always enjoyed, and he constantly tells me my food is the best he’s ever had. He’ll eat basically anything I make and never really asks what’s in it.

So I started sneaking vegetables into his food.

Nothing crazy, just blending things like spinach, carrots, or zucchini into sauces, adding chickpeas or lentils into meatballs, mixing avocado into burgers or spreads, pureeing vegetables into soups so they’re not vis",
29xrom,"It's progress for me, dammit! If only she were single... I'll still be smiling about it for weeks!",self,201,52,0.84,https://reddit.com/r/self/comments/29xrom/its_progress_for_me_dammit_if_only_she_were/,2014-07-06,erawkTHROWSIT,"Hello /r/self, I've never posted here before, but I'm still glowing from this experience and haven't had an opportunity to talk to any friends about it since it happened, so I wanted to share it with you all!

I can't wrap this up into a story, so I'll just try to give a play by play. But first, some background: I'm a generally depressive mid-20s guy who has never had a girlfriend. I'm not an ugly troll, I just rarely follow through in my pursuits; anxiety is a real bitch. Anyways, here goes:

Tuesday: Meet friends at bar for USA v BEL World Cup game.

We get really drunk.

Chanting, screaming, I lose my voice.

After game, I'm headed to a show. None of my friends want to see the band. I go alone.

I stop at home to get stoned. It's a drone-metal/noisey kinda show.

I was so drunk I wasn't sure they'd let me in

They did

I go to the back of the venue near merch setups, back of bar. I'm tall, didn't wanna be in anyone's way just yet.

I'm getting thirsty

I glance over at the bar and s",
lmzqnf,"I was raped and abused by family, ran away from home, assault and attacked whilst homeless, harassed by police, eventually saved by a girl who loves me even though I have nothing.",offmychest,201,17,0.99,https://reddit.com/r/offmychest/comments/lmzqnf/i_was_raped_and_abused_by_family_ran_away_from/,2021-02-18,SharingMyLifeStory,"I was born into a family that didn't know what love was. My parents were cold and didn't mingle with many people. They kept their lives very private. I was born into an environment where I was very isolated. I was never allowed to go outside or even have friends.

My only view of the outside world would be a TV. I would watch nature documentaries. I used to be fascinated by animals and wanted to be a zoo keeper growing up. My parents stamped on my dreams though. ""You'll never be anything"" I remember my mother saying to me. My dad would also beat me regularly. He'd always have a reason, but looking back they were never good enough for the level of violence he used against me.

My uncle would visit my dad a lot. My parents would let him hurt and rape me. I would scream for help and think they couldn't hear me. Later on as I got older and wiser I realized I was screaming in a silent house. They knew what was happening and just chose to ignore it.

I grew up very angry and untrusting of pe",
1mxzfrq,I 37F have never been able to have sex and my 33M fiance is now no longer sure about our relationship? Where do we go from here?,relationship_advice,200,226,0.77,https://reddit.com/r/relationship_advice/comments/1mxzfrq/i_37f_have_never_been_able_to_have_sex_and_my_33m/,2025-08-23,ThrowRA_former_thing,"Here is the backstory to all this:



I 37F have suffered from severe Vaginismus and Vulvadynia my whole life. I have never been able to have sex as it is painful to even have the slightest contact in the region. I first realised at 12 when a tampon was very not an option. Then when I tried to experiment with myself the pain and discomfort was too much.



As I grew older I held back from relationships because I feared the moment they would want to have sex. I didn't know how to solve the problem, and a part of me thought maybe if it was the right person, it would work.



As I reached my 30's I had a serious relationship with someone I'd known for years. I pursued medical solutions to fix the issue and was told that exploratory surgery was needed and to hold off on sex until then in case of damage.



When I told him...he left the relationship.



After this I gave up. I was ready to go it alone, to try and be a mum through whatever means I could and do it on my own.



I sabotaged an",
150kc0y,Do you invite people over and only after remember how much you prefer being alone?,AskMenOver30,200,55,0.93,https://reddit.com/r/AskMenOver30/comments/150kc0y/do_you_invite_people_over_and_only_after_remember/,2023-07-15,Ohandbytheway12,"Happens to me ALL the time. I am like ""sure, come on over, we should hang out"" guy, all the  time. Plus my apartment is a perfect man cave. I have everything you need to not leave home. 

But after people come over, in an hour I am like, Oh, I prefer being alone....",Life
569eho,Why feminist dating advice sucks,MensLib,200,528,0.82,https://reddit.com/r/MensLib/comments/569eho/why_feminist_dating_advice_sucks/,2016-10-07,TAKEitTOrCIRCLEJERK,"**Note: I posted this about two weeks ago, and it was removed by the mod team. I was told that if I edited it and resubmitted, it might stick. I've hopefully tightened this up a bit.**

With this post, I'm hoping to do two things.

1: find a better way for us to talk about (and *to*) the kind of frustrated, lonely young men that we [instead usually just mock](https://np.reddit.com/r/niceguys)

2: discuss the impediments that generally keep us from having this honest discussion and talk about how to avoid them in the future

The things young women complain about when it comes to love and sex and dating are much different from the things young men complain about, and that has always been interesting to me. Check my post history - it’s a lot of me trying, at a high level, to understand young-male-oriented complaints about relationships. 

What young men complain about (“friendzoning”, being a “nice guy” but still feeling invisible, lack of sexual attention, never being approached) is *so",
z1lyp1,Tuesday Check In: How's Everybody's Mental Health?,MensLib,200,91,0.99,https://reddit.com/r/MensLib/comments/z1lyp1/tuesday_check_in_hows_everybodys_mental_health/,2022-11-22,MLModBot,"Good day, everyone and welcome to our weekly mental health check-in thread! Feel free to comment below with how you are doing, as well as any coping skills and self-care strategies others can try! For information on mental health resources and support, feel free to consult our [resources wiki](https://www.reddit.com/r/MensLib/wiki/sidebar/resources_for_men) (also located in the sidebar!) ***(IMPORTANT NOTE RE: THE RESOURCES WIKI: As Reddit is a global community, we hope our list of resources are diverse enough to better serve our community. As such, if you live in a country and/or geographic region that is NOT listed/represented but know of a local resource you feel would be beneficial, then*** [***please don't hesitate to let us know!***](https://new.reddit.com/message/compose/?to=/r/MensLib)***)***

Remember, you are human, it's OK to not be OK. We're currently in the middle of a global pandemic and are all struggling with how to cope and make sense of things. Try to be kind to yours",Mental Health Megathread
11x8dz3,Tuesday Check In: How's Everybody's Mental Health?,MensLib,200,151,0.96,https://reddit.com/r/MensLib/comments/11x8dz3/tuesday_check_in_hows_everybodys_mental_health/,2023-03-21,MLModBot,"Good day, everyone and welcome to our weekly mental health check-in thread! Feel free to comment below with how you are doing, as well as any coping skills and self-care strategies others can try! For information on mental health resources and support, feel free to consult our [resources wiki](https://www.reddit.com/r/MensLib/wiki/sidebar/resources_for_men) (also located in the sidebar!) ***(IMPORTANT NOTE RE: THE RESOURCES WIKI: As Reddit is a global community, we hope our list of resources are diverse enough to better serve our community. As such, if you live in a country and/or geographic region that is NOT listed/represented but know of a local resource you feel would be beneficial, then*** [***please don't hesitate to let us know!***](https://new.reddit.com/message/compose/?to=/r/MensLib)***)***

Remember, you are human, it's OK to not be OK. We're currently in the middle of a global pandemic and are all struggling with how to cope and make sense of things. Try to be kind to yours",Mental Health Megathread
