id,title,subreddit,score,num_comments,upvote_ratio,url,created_date,author,post_body,segment_tag,flair
o0m6go,"Men’s advice. If you’re hung up on one person who is not invested in you, think of the regret you will eventually have over the precious time, opportunities, and emotional energy you wasted",dating_advice,5507,279,0.97,https://reddit.com/r/dating_advice/comments/o0m6go/mens_advice_if_youre_hung_up_on_one_person_who_is/,2021-06-15,MO_drps_knwldg,"There were several girls in college that I spent far too long being fixated on, girls who weren’t even that spectacular or beautiful as I look back now. However, when in the haze of lust (which guys will confuse with love), these girls were the end all-be all.

With some life experience behind me and some wisdom, it seems insane now to focus your emotionally currency on one single person for a year or more, especially when you’ve never been in a relationship with that person.

However, this is undoubtedly the biggest mistake men make when it comes to attraction and dating - we deeply invest our emotions far too soon with someone we don’t know well. We fantasize about a life with them and our perception of their good and bad traits are misaligned with reality. Putting it simply, shit gets too serious, too soon.

If you are invested too heavily in someone, and they aren’t as receptive, it’s easy to fall into the trap of chasing this person, or an idealized version you have of them in you",General / Stable but Lonely,
k4f69v,How do I be a normal person who is fun. I'm tired of trying and getting neglected,AskMen,4635,424,0.94,https://reddit.com/r/AskMen/comments/k4f69v/how_do_i_be_a_normal_person_who_is_fun_im_tired/,2020-12-01,Mr-NotLonely,"Hey, I'm just another 18year old dude with a few guy friends with whom I'm not in touch regularly becuz of this fuckin pandemic. I'm into less normal stuff like coding, anime, tv shows and video games as perceived by the general public. Even tho I'm happy with my academic achievements, I always feel bad about my social life(I don't think I had any).I also never had a girlfriend or any good friends who are girls. 
So after that encouraging introduction let's dive into my tale.


So, I get invited to this family reunion a week ago and stayed there for a week and I met my cousins we all hit it off had a lot of fun. And when it's time to leave I felt bad cuz I know I was going to miss all this affection and attention I recieved since...well, I was born. Sure enough I missed every single one of my cousins who are around my same age. So texted one of em yesterday and the conversation became stale and replies which were instant at first became hours apart and it soon came to an end. I clearly",General / Stable but Lonely,
t9zcaw,"I figured out why women are repelled by me, finally!",socialskills,4174,422,0.97,https://reddit.com/r/socialskills/comments/t9zcaw/i_figured_out_why_women_are_repelled_by_me_finally/,2022-03-09,john105t,"So, I'm 25 years old and have never been on a date. For my entire life I couldn't figure out why so many women rejected me, and assumed I was just ugly and would get a response ""you are far from ugly, I don't understand how you can't find a relationship"" It turns out I've been doing it all wrong.

I originally thought dating was a serious step and didn't want to make a move too fast. Taking someone out on a date, or asking them out on a date was not something you did until you realized you both love each other. I'm naturally an introvert so this made sense. 

Me confessing my feelings towards other women always creeped them the hell out, to the point of being repulsed by me. I couldn't understand.

It turns out it's the opposite. Asking someone out on a date doesn't mean you love them. You ask people out on a date to find out if you like each other. It turns out that this should be the first step, before you establish a connection. 

On my last crush in college (close friends for 4 mon",General / Stable but Lonely,
lcykax,"Trying to date during covid, in the winter, in a country that has a W-I-N-T-E-R, is so frickin' frustrating.",dating_advice,3577,400,0.95,https://reddit.com/r/dating_advice/comments/lcykax/trying_to_date_during_covid_in_the_winter_in_a/,2021-02-05,xxxxxah123,"Mid-20s male. Idek what I'm looking for here. Sympathy? Commisseration? A sounding board?

I'm so tired of being single and lonely. And this pandemic is ruining my life (I know, it'sruining yours too). It's frowned upon to meet *anyone* of course, but here in the middle of a Canadian winter...I literally can't even if I wanted to. There is no indoor dining. There is no communal indoor gathering place. And due to the cold weather, there are no patios, and there is no chance you spend the evening outside without seriously risking hypothermia. 

I'm 100% taking this pandemic seriously, and f#%@ anyone who isn't! If I could meet someone for real, it would have to be safe. I'd work out a plan beforehand, ask questions about what precautions we'd like each other to take, keep distance from others or even each other until we're sure we actually wanna be closer...but none of this will even be feasible for months.

And the pressure is insane. This pandemic isn't going anywhere. So I feel like if I don't ""lock someone down"" during the late spring/summer/early fall, I'll be screwed until mid-2022!

I'm so miserable and frustrated. I hate this. I just want a girlfriend for Christ's sake. I want someone to love, man.",Career-First Late Bloomer,
14se3dq,9 Years &amp; Still Single! 🙄,Tinder,2679,1745,0.94,https://reddit.com/r/Tinder/comments/14se3dq/9_years_still_single/,2023-07-06,GadgeProJob2030,"I'm 43 and I'm always getting told I look about 10 years or so younger, I get told I look like Robert Downey Jr (Aka Tony Stark/Ironman) I get told I have the greatest Personality and that I'm such a kind and caring good looking man, I look after myself, I Travel, I have a good clean home and I most certainly can look after myself, I'm good with money and bills, I struggle getting a conversation with anyone and struggle keeping one going, I often get ghosted for no reason whatsoever, I update my profile pics often, I've made changes to my bio, I've tried so many different things yet nothing, I have 6 dating apps and nothing, I'm not even that worried about meeting anyone anymore I'm happy in myself but I often get that feeling in the back of my mind where I feel like it would be nice to have someone to love again and someone to love me, someone to travel with and someone to snuggle with while watching a movie, I'm close to deleting the apps and forgetting it all, what you all saying?",App-Burned Defeatist,
hjwhtc,I (M23) treat my dates like I do my friends... and unsurprisingly that leads me to being friendzoned. How do I even begin to change this?,dating_advice,2473,289,0.98,https://reddit.com/r/dating_advice/comments/hjwhtc/i_m23_treat_my_dates_like_i_do_my_friends_and/,2020-07-02,GhostDivision123,"Very recently I went out on a second date with a girl. Most of our plans were ruined by the awful weather, but we did eat at a nice restaurant and walked around in a shopping mall. At the end she said she's had fun, but feels like I'm more a friend than a potential partner to her. And I'm not even surprised. I've never dated, flirted, or been in a relationship with anyone, so I only know how to treat people as my friends, even if I'd want something else. Next person I go out with, I want to at least fail a little less spectacularly with them. 


But where do I even begin? I'm very shy with new people, so I always feel really awkward on dates, and feel like I can't really be interesting when I can't even keep my thoughts straight. I really struggle initiating anything. Most I've ever accomplished is hugging at the beginning and the end of the date and even that makes me nearly have a panic attack.


EDIT: Wow, there's so much here that I can't read it all as it comes in. I'm gonna take some time later to go through it all and respond to everything I can. Thanks everyone.",Unseen Good Guy,
buyumo,I fantasize about being in relationships and think it's awesome. But then I picture myself and everything looks weird. Anyone else have this?,dating_advice,2317,165,0.98,https://reddit.com/r/dating_advice/comments/buyumo/i_fantasize_about_being_in_relationships_and/,2019-05-30,ThatsTits_Janis,"So I think girls are awesome and cute and everything good. I fantasize about girls often, I mean not really the sexual part but just like kissing, holding hands, getting icecream together or whatever, just cute scenarios. But then when I actually picture myself with someone it just looks so weird. I've never been in a relationship before (because I'm awkward and stuff) but I'd like to be in one. But just the picture of me doing anything relationshippery with someone looks so weird.Am I the only one who experiences this (I mean probably not but I've never heard of it before so)?

&amp;#x200B;

Edit: Holy effing crap thank you so much everyone for the reactions! I just woke up so I'm just seeing this but I'm gonna try to answer everything asap&lt;3 Really happy to know there are so many people who experience this as well&lt;3

&amp;#x200B;

Second edit: I am a girl. A lesbian woman loving woman who loves women. Nothing against the people assuming I am a guy, because you simply couldn't know, but yeah, just a headsup hahaha. I am very gay. &lt;3",General / Stable but Lonely,
dzpb20,I [23M] have never been in a relationship or had sex and don't know where to start.,dating_advice,1734,272,0.99,https://reddit.com/r/dating_advice/comments/dzpb20/i_23m_have_never_been_in_a_relationship_or_had/,2019-11-21,23goingon13,"I've just been reading a bunch of horrible articles about how to date in your 20s (including one gem about ""fucking some tinder sloot"" so you get some practice, yeah... no.) so I thought I'd post here in hopes of some better advice that's more relevant to my situation.

There are a lot of ideas floating around in my head and I don't really know if I'll be able to convey them all properly, but I'll try.

I'm a 23 year old guy, I have started a career, I drive a car, I live on my own, I try to educate myself whenever I have time, I exercise regularly and have good social interactions at work. I think my life is going pretty well for the most part except in one aspect. I'm an incredibly lonely virgin that has never been in a relationship before. The only date I've been on (tinder date when I was 18 at university) she made an excuse to leave early and I've had no success online dating since. I'm now too embarrassed to tell people I meet that I'm a virgin, even my family members don't know.",App-Burned Defeatist,
jx03tr,Almost 25 with 0 social skills (need help),socialskills,1717,153,0.99,https://reddit.com/r/socialskills/comments/jx03tr/almost_25_with_0_social_skills_need_help/,2020-11-19,rdtrdtrdt321,"Hello

I am writing this because I have terrible social skills, and it made my life miserable.  I am looking for genuine help/guidance to improve myself.

Here are things about me that I think is causing the problem:

&amp;#x200B;

* I stutter with some letters/words,  it is noticeable but not a very bad case, but It definitely hit my confidence since childhood.
* I have resting b face and I workout. many people told me that I look intimidating and unapproachable
* For some odd reason, I always enjoyed ignoring people.  For example, I pretend that people around me don't exist, so I never look at them or talk to them.  I even do that with girls that show any interest in me (obviously I never had a girlfriend).  I realize that it is a stupid thing to do, but I don't understand why people consider it to be offensive.
* Most of the time I don't like to be around people,  I isolate myself most of the time to play video games and watch videos, which made my social skills even worse.
* I pret",Approach-Frozen Man,
rkkd2w,For the first time in my life I had sex without paying for it,offmychest,1667,54,0.98,https://reddit.com/r/offmychest/comments/rkkd2w/for_the_first_time_in_my_life_i_had_sex_without/,2021-12-20,ItWasAwesome123,"I have always been the slightly awkward nerd-type since high school. Not ugly but also not good looking - just very insecure around everything to do with dating.

My problem is that I am not a very emotional person. I have never been in love like you hear about it in movies, books and from friends (""The only thing I can think about is her...""). So It just never felt appropriate to escalate any relationship beyond friendship-level. Also since I finished university I gained a lot of weight, so that had an impact on my self-esteem.

On the other hand I have sexual urges just like most people. I live in a country where prostituion is legal. So when I was 19 I visited a prostitute to loose my virginity. Since then I have occasionally (less than once a year) visited one again when I was feeling especially lonely or horny.

A while ago (I'm 33 now) I decided that I need to change things. I started working out (only lost a few pounds until now... but it is a start). And I installed a few onlin",Career-First Late Bloomer,
vqmjl5,I've used Hinge for a year. This is what it's like:,dating_advice,1662,331,0.93,https://reddit.com/r/dating_advice/comments/vqmjl5/ive_used_hinge_for_a_year_this_is_what_its_like/,2022-07-03,Everlast23,"I'm a male.

1) I have to have a very good profile.  Good pictures and a relationship oriented profile with a witty response to one of the prompts.  If my profile is just okay, I simply won't get any dates.  

2) I have to make her laugh, witty banter with her, ask her out on a date, logistically plan the date, pay for the date, ask her out on a second date and so on.

3) I have to break the touch barrier.  That burden is on me.  I have initiate the hugging, hand holding, kissing, making out and sex.  If I fail to do so, in a limited window of time of usually a couple of dates, I 100 percent wake up to a text message saying ""you're a great guy, but I'm just not feeling it is all.""  That window of time is real.  If you're not at least making out by the 3rd date because you get caught up in your head, hello friend zone.

4) Dating starts feeling disingenuous.  Same places, same stories, same photos I show on my phone, and the same timing.

There's this thai restaurant that I has never lead to a second date.  I now know to never go there even though the food is good.  I think the lighting makes my face look bad or something.

There's this Boba place next to a nice park that leads to a 50 percent chance of a second date.  This is my go to first date spot.

Greet with hug, open door, recommend the Coconut tea, hop in my car and drive up the street to the park and sit next to her on this park bench under a tree.  Chat some, ask to walk around  a bit hold her hand.  Ask if I can wal",Unseen Good Guy,
bfb1vm,"I'm a shy/socially awkward 23 year old guy turning 24 in June and I never had a girlfriend at all, never kissed a girl, flirted with a girl and never held a girl's hand. I feel like shit",dating_advice,1652,302,0.97,https://reddit.com/r/dating_advice/comments/bfb1vm/im_a_shysocially_awkward_23_year_old_guy_turning/,2019-04-20,codywinters327,Like the title says I'm a 23 year old shy who turns 24 in June. I never had a girlfriend in my life not real or pretend I been shy for as long as I can remember and my shyness carried over into my adult hood. I have a hard time talking to females since I was young if I saw a girl I liked I would freeze up and become mute and want know what to say and start physically shaking from fear. I feel like such a loser because everyone in my family both male and female that are old enough to date has and had multiple relationships and here I am almost 24 and never even had one not even my first kiss. I feel like if I keep this up I'm going die alone never experiencing what it's like to be in a relationship. I still remember when I was in high school their was this girl I liked and she just so happen to like but because of my shyness I couldn't talk to her everytime we would get face to face I would become mute and wouldn't know what to say until she because uninterested and moved on so I blew my chance I still regret it til this day and think about what could of been if I wasn't this shy/socially awkward pathetic loser. Can anyone give me any advice on how to get a girlfriend while being a shy/socially awkward guy? And where should a shy guy such as myself go to meet girls?,General / Stable but Lonely,
hstze2,"[Venting] On the subject of ""loving yourself before loving someone else"".",dating_advice,1643,276,0.97,https://reddit.com/r/dating_advice/comments/hstze2/venting_on_the_subject_of_loving_yourself_before/,2020-07-17,MadCapRabbit,"[Crossposting from r/dating, would really appreciate any input this sub had as well, because to be frank I'm running out of ideas and need some help]

This is probably going to be a long post, so grab your popcorn and settle in if it's something you're interested in reading. And I know this probably won't be a very popular post, so place your downvotes to the left &lt;-----

I don't mean to turn this into a pity party, but to be frank I've been in a shit spot lately in terms of how I feel about myself and need to get this off my chest, and maybe have some constructive conversations regarding some of these feelings.

I'm one of those guys that you've probably heard about before; 27 years old, never been in a relationship, never had sex, never even kissed anyone. Recently I've spent a lot of time reading this sub and others related to dating/romance/etc. With everything going on in the world I've had a little too much time to do a lot of introspection, studying, and just thinking (which may or may not be a good thing). When someone in a situation similar to mine asks for help, I see the same advice posted time and time again:

""You have to love yourself before you can love someone else.""

At first pass this may seem like a great perspective, but I've got some issues with it.

While it may seem cliche, and it's often brought up as a counterpoint to those who give this advice, it's extremely difficult (if not outright impossible) to ""love yourself"" when you've never felt like any",General / Stable but Lonely,
14qv3na,"Men who've never dated, why?",AskMen,1365,890,0.95,https://reddit.com/r/AskMen/comments/14qv3na/men_whove_never_dated_why/,2023-07-05,Least-Recording-2073,"I'm 27(M) and never had a date. I feel like I'm a great guy in a lot of aspects. I'm fit, have a nice car and decent job. I'm an optimistic person as well. A lot of my friends think so too. I like to go out and experience things in life. I wouldn't say I'm desperate, but I wouldn't mind having a partner.

I've tried asking girls out and they either reject me, flake or ghost. I've learned to not take it personal, but its difficult sometimes.

I've come to realize maybe I just don't have it. I've tried for about 10 years. I kinda just gave up and started dating myself. What about you guys?


Edit: HOLY HELL! I didn't expect this much feedback! Thanks everyone for sharing your thoughts.",Career-First Late Bloomer,
jgkeju,Focusing on myself made me not miss relationships,dating,1050,65,0.97,https://reddit.com/r/dating/comments/jgkeju/focusing_on_myself_made_me_not_miss_relationships/,2020-10-23,Think_Wind4094,"For the past 5 years, I've been in such a difficult time emotionally and mentally due to my depression and frustration.

I became so frustrated at life that I thought life owed me a lot. I struggled to meet new people and I struggled to meet and date girls ( I still do and I've been single for 6 years).

I became so envious of everyone having one night stands and being in a relationship that I use to be angry about people having sex and I'm not.

Anyways, I started working on myself and focus on on my studies ( my current GPA is 4.0/4.0), my friends are inviting me a lot over and I've been gyming and I'm feeling good.

I'm at a point now, where I don't care about other people's opinions and what they think and I'm not phased about relationships anymore.

Deep down, I am focusing on myself and making myself happy and if I meet someone, I hope she will accept me the way I am.

I hope that one day someone can look at me and be proud of me and feel lucky that I'm hers. Until then, I'm not",Career-First Late Bloomer,Other
kwl6o4,I’d prefer a nightmare over dreaming about a girlfriend honestly :(,dating,1036,81,0.96,https://reddit.com/r/dating/comments/kwl6o4/id_prefer_a_nightmare_over_dreaming_about_a/,2021-01-13,iDislikeSn0w,"It was one of those nights yesterday: I was cuddling up with some girl I do know irl (my brain picked her for some reason, but I haven’t seen her in a while nor do I have feelings towards her, the brain is weird).

It was soo cute, it was touchy, it was cutesy; just generally everything I do want in a partner...

... Then I woke up 10 minutes before my alarm was supposed to go off, holding my pillow.

I’ve dated around last year with no succes, I’ve had short-term girlfriends before in high schools and I got called “cute” or something along the lines plenty of times but so far I’m still single and dating apps are really getting tiring after being on them on and off since I was 18 (20 now).

Getting in contact with woman outside of dating apps is gonna get even harder once college is over as well in about 3 years, since my profession is going to be in IT, specifically being a sysadmin. And so far the three IT companies I did an internship at were sausage fests...

I just want a special",App-Burned Defeatist,Venting
1hv9qpd,I think I'm attracted to bigger girls.,dating_advice,1003,547,0.91,https://reddit.com/r/dating_advice/comments/1hv9qpd/i_think_im_attracted_to_bigger_girls/,2025-01-06,Mr-anonymous4321,"I've been in mostly relationships with thin women. But my whole life I've thought fat girls were pretty. I brought it up to a friend once and he laughed at me. I've always been around men who only date very thin women and who say nasty things about any girl over a size 8. I'll be 30 soon and I've been single for a while. I can't seem to click with anyone. I work out a lot and there's a woman there at the gym sometimes walking the treadmill. She's a big girl and her smile is so beautiful. I try not to stare at her but sometimes I wonder if I should talk to her. But in the back of my mind I think about what my friends will think, what my family will think. I know it's stupid. Does anyone else feel like this?",Career-First Late Bloomer,
pas6q0,"today, I was called a pervert by a female colleague",ForeverAlone,962,133,0.99,https://reddit.com/r/ForeverAlone/comments/pas6q0/today_i_was_called_a_pervert_by_a_female_colleague/,2021-08-24,insanerzx,"I'm a 26 year old male, ugly, no friends, no girlfriend, classic FA.

The only thing that is not totally shitty in my life is my job, I am a software engineer and I like my job, and I earn more money than I need to live.Also, I'm not shy, I don't have any communication problems, at least professionally.

But today, a colleague, who recently joined my team and is about my age, accused me of taking pictures of her and that I was looking at her with a perverted look.

I have never done that. Never. Ironically, this is not the first time this has happened to me (being accused of being a pervert) yet I have NEVER done anything, no pictures, no touching, nothing.

I have this feeling that for a normal woman, an ugly man is necessarily a weird pervert, and that no matter what I do, I'll always be seen like that.

Now I risk losing my job and ruining my career in which I have invested a lot because after all, it's the only thing I have.  
All this because of stupid accusations from a woman who",Career-First Late Bloomer,Vent
b0wsw2,Should I Just Stop Wanting a Relationship?,dating_advice,885,307,0.97,https://reddit.com/r/dating_advice/comments/b0wsw2/should_i_just_stop_wanting_a_relationship/,2019-03-14,JuneKeys,"Looking for legitimate advice here. I'm 20M, and I've never had a relationship, never been crushed on, nothing like that. I've gone through some ups and downs about this, recently I felt like I hit a new high where I've really just been working on myself and trying to take better care of myself mentally and physically. Recently though, not being in a relationship and never having had one has had me really down lately, I don't even know why because I was doing okay before these last few weeks.

At this point, I've heard all the advice different people can possibly give. Get a hobby, meet people, focus on improving yourself, etc. Thing is, I've tried all of those and I just don't know if it's me or random chance but nothing seems to work. I genuinely like myself and am comfortable being alone, I have a healthy mindset and I exercise and eat right. I have a job, I am pursuing a career that I'm passionate about, I have healthy and fulfilling friendships and relationships with family. I am a confident person, I believe myself to be a decent person.

For some reason, though, I just have this desire to be in a relationship. I know it's silly, and I know relationships aren't these perfectly amazing sunshine-and-roses bull that someone might believe they are. But I do think they're important to being human and feeling a different sense of fulfillment. Sometimes even this irrational fear creeps in that I'll die before I ever get to experience something like that. I constantly get confl",Career-First Late Bloomer,Pity Party
1hr02m2,After 6 hours clubbing I talked to a whooping 0 women,dating_advice,805,568,0.92,https://reddit.com/r/dating_advice/comments/1hr02m2/after_6_hours_clubbing_i_talked_to_a_whooping_0/,2025-01-01,Odd_Albatross1704,"I don't know what to do anymore to learn to talk to women. I am so disappointed in myself.

I've been hyping myself up this whole december. ""2025 will be different"", ""This year it changes"", ""Start with something smal and build from that"". I am aware that doing a 180 out of the gates was unrealistic.  So This New Year party I promised myself to just talk to at least 3 girls I did not know bedore. I would consider that a victory and a step in the right direction.

 

I did not set the goal of trying to flirt. Just tell them something nice. Still couldn't do it.

I'll be real, I cried when I went to bed. I feel so let down by myself.

27M here. Needless to say I am a virgin, never been in a relationship and have never even been kissed. Not surprising if I am not capable of talking to a woman.

I remember at least 10 people whose outfits I could have complimented because I actually liked then. A ""nice necklace"", ""I love your outfit"", ""I think that ribbon really ties the whole thing together"". I could have joked about the 2025 glasses or asked what they were drinking. Such innocuous shit like that that could not have possibly been received negatively. And yet I wasn't capable of doing it.

I just can't seem to muster the courage to talk to them (women, and frankly, men too). I know they are normal people with the same fears, axieties and insecurities as me. I know that if they went clubbing they are at least not hostile to being talked to. I know that if they do not want to talk t",General / Stable but Lonely,
ug2x3b,I hate seeing couples,lonely,725,248,0.98,https://reddit.com/r/lonely/comments/ug2x3b/i_hate_seeing_couples/,2022-05-01,AwkwardBookworm1,"I'm at the point where I hate seeing couples. Wherever I turn, there's always a one genuinely or seemingly happy couple, and literally everyone's bragging about their partner or crush. Which is a fairly normal thing, but still... You know I've always been that friend who gave killer relationship advice but never had a relationship of their own. I'm tired of pretending to like listen to people vent about their relationships. While I'm sitting there, an absolutely hopeless case in relationships, they have the AUDACITY to vent about their relationships, and over a really small issue! I either get extremely angry at the universe and want to shout ""You stupid ****!"" to their faces or just get depressed and start to think about what's wrong with me. Don't get me wrong, I absolutely have no issues looks-wise, and even consider myself fairly pretty, and try to seem confident, but hell, I've never even received a single compliment from the opposite sex while all these women out here finding me",General / Stable but Lonely,Venting
dr44kj,Accidentally told my co-worker today that I never had a girlfriend at the age of 25.,ForeverAlone,699,149,0.98,https://reddit.com/r/ForeverAlone/comments/dr44kj/accidentally_told_my_coworker_today_that_i_never/,2019-11-03,[deleted],"It was early morning and me and my older co-worker were having a small talk while drinking tea; she was asking me about what I was doing before I got into that job and so on, and then she was like:

**""So...do you have a girlfriend?""**

**Me (slightly taken aback by the question):** ""No...""

**My co-worker:** ""You hesitated a bit, why?""

**Me (getting a little nervous):** ""Haha no I didn't hesitate, I just don't have a girlfriend as of now.""

**My co-worker:** ""Why not?""

**Me:** ""Well...it just didn't happen yet...""

**My co-worker (looking very puzzled and clearly shocked):** ""You didn't have a girlfriend...ever?...""

**Me (internally):** oh shit oh god oh why did I say that

**Me:** ""Oh...no I never had one...""

*awkward silence*, *another co-worker suddenly gets in the office and interrupts the conversation*

And there you have it boys and girls. My co-workers probably already thought of me as reserved, shy and very awkward person before, now they surely also think I'm strange. Kno",Career-First Late Bloomer,
1cgu4nk,"My ex girlfriend was in love with her ex for 2.5 years, I feel taken advantage of.",self,542,237,0.95,https://reddit.com/r/self/comments/1cgu4nk/my_ex_girlfriend_was_in_love_with_her_ex_for_25/,2024-04-30,HomemadeGrapplePie,"Like the title says - I got dumped on holiday with by my (now) ex girlfriend. I got a talk for some closure with her and it turns out that as well adjusted and 'better on paper' I am than her abusive ex, she is/has been in love with him this whole time. 

And never been in love with me. Never felt the same connection, and faked it the whole time while she hoped the feelings would come eventually. Did all the steps people do to have a life together, we moved in and got some cats together, with her hoping the whole time that she'd eventually start to love me. But she told me in no uncertain terms the other day that no, she never felt endgame with me. Never felt anything deeper than attraction and a deep friendship really. 

And now that we've broken up, she's admitted she'll run back to her ex and if he's willing, they'd get back together. 

It really sucks cause it just feels like all I've done is kept the seat warm for the guy and give him time to improve as a person so my ex could run",General / Stable but Lonely,
17lgllw,I will be turning 42 in a month. Never had a girlfriend. And I have resigned myself to the fact that I will be FA all my life.,ForeverAlone,505,137,0.99,https://reddit.com/r/ForeverAlone/comments/17lgllw/i_will_be_turning_42_in_a_month_never_had_a/,2023-11-01,woodclip,"I've been single all my life. Never had a girlfriend. Never received romantic attention or love from a woman.

For anyone wondering, I am not disfigured or disabled in anyway. I take care of my looks and hygiene. I have a good job, a small but tightly knit group of friends. I have hobbies and interests. I exercise and am in decent shape for my age. 

I was single throughout college and university and my 20's. But I always maintained a positive attitude and an optimistic outlook on life, sincerely believing that things will get better in life and that I will find someone.

A long time ago, I heard that the best way to find someone is to ""put yourself out there"" and keep meeting new people. I took his advice to heart and over the years, have done the following:

- Joined clubs related to my hobbies and interests and attended meetups.
- attended classes (photography, filmmaking, calligraphy, art related stuff) 
- volunteered (animal shelters, charities) 
- confided to my few close friends",Career-First Late Bloomer,Vent
udaml0,I feel like every girl I talk/crush on to has a boyfriend.,dating_advice,489,179,0.94,https://reddit.com/r/dating_advice/comments/udaml0/i_feel_like_every_girl_i_talkcrush_on_to_has_a/,2022-04-27,RepresentativeState3,"I feel like every girl I talk/crush on to has a boyfriend. I’m in college I’m 23 a transfer student who’s never had a girlfriend, and every time I I crush on or try to start something with a cute girl in a class or whatever it turns out she has a boyfriend, and I’m not talking about she tells me after I ask her out, I find out through conversation or someone else mentions it. It’s honestly getting kind depressing and it just feels like a lost cause at this point.",General / Stable but Lonely,
sj1flc,Anyone else never asked a girl out in their life?,lonely,457,132,0.99,https://reddit.com/r/lonely/comments/sj1flc/anyone_else_never_asked_a_girl_out_in_their_life/,2022-02-02,Ok_Traffic5160,"I am 26M and I have NEVER asked a girl out in my entire life. So naturally never had a Girlfriend. Never had sex. Asking a girl out is one of my biggest fears. Like it makes me shake. I am pretty confident in other aspects of life but this is just to intimidating for me. Plus, no girl has ever shown that level of interest in me, for me to ask her out.

I feel very heart broken and sad. I have missed out on a lot :( I would very much love to have a girlfriend! Almost everyone up till my age has had some sort of experience..",General / Stable but Lonely,Discussion
si7eqj,"Just Turned 30, Never Thought I Would Be Forever Alone.",ForeverAlone,456,150,0.98,https://reddit.com/r/ForeverAlone/comments/si7eqj/just_turned_30_never_thought_i_would_be_forever/,2022-02-01,FrustratedIncorp,"I turned 30 last week. It's kind of surreal no longer considered a ""kid"" by societies rules. I honestly never thought I would make it to 30 and still be forever alone. It's crazy because I feel like I've done everything society says I should do to get a relationship but have never had one. I have a good job (I work in IT), my own apartment, I own a car, I also have an old muscle car I am restoring and have fun hobbies. But girls are never interested in me.

I work out, I surf, I skate and snowboard. I play a little guitar, I collect vinyl records, I play ice hockey, I play roller hockey and fish but I have never had a girlfriend.

It's not for the lack of trying either. I've asked out dozens of girls over the years. Usually just get rejected or if they give me their number they never respond to a text (or calls just go straight to voicemail)... I've only ever had a few dates over the years and only one turned into a second date, which seemed to be a pity date (the girl said she loved t",Career-First Late Bloomer,Vent
207zko,Is it naive to think that getting a girlfriend will solve my problems?,AskMen,445,440,0.88,https://reddit.com/r/AskMen/comments/207zko/is_it_naive_to_think_that_getting_a_girlfriend/,2014-03-12,Volcanopyre,"Obviously I know that won't solve all my problems, but I'm thinking that some stability in my life could help sort it out.  
  
For some context, I'm 17, never had a girlfriend before, never even kissed a girl. I just kind of feel like most of my emotional problems and lack of motivation and whatnot is caused by anxiety over who I like and those kinds of thoughts. Any advice from you guys?

EDIT: Ok so I got too many replies to reply to overnight, but thanks so much for all your guys advice. I think this'll help me sort my shit out a bit. Thanks again from all your help, you guys are great.",Approach-Frozen Man,
p11lb3,Kissed a girl at 28,ForeverAlone,441,66,0.96,https://reddit.com/r/ForeverAlone/comments/p11lb3/kissed_a_girl_at_28/,2021-08-09,AoKuroOsaka,"Sort of success story and brain dump I guess? (Never thought I'd use this tag...)

**The background**: I am a 28yo guy, never had a girlfriend, never kissed. With time I managed to make many friends, but never had a girl interested in me in the slightest. Got rejected many times. I was recently very disappointed and depressed because the girl I liked (and felt that I've liked the most) just rejected me. I really felt a connection with this girl, and was thinking that if it wasn't happening this time, it would just never happen, given my age and my zero success so far. You can see my bad mental state in my previous posts and comments.

**The kiss**: So some days ago, I went to drink to a park with some friends. It's a pretty chill place where everybody gathers and you get to chat with random drunk people sometimes. I was still really sad and feeling hopeless like never before, and of course I was hiding it and just got really drunk. After talking with many random people, I started to ha",General / Stable but Lonely,Success Story
akq198,"The concept of ""finding a girlfriend"" seems incredibly difficult to me",ForeverAlone,427,155,0.98,https://reddit.com/r/ForeverAlone/comments/akq198/the_concept_of_finding_a_girlfriend_seems/,2019-01-28,Terminator_GR,"I am 33 and never had a girlfriend. Many people, friends, relatives etc, say to me that I should find a girlfriend or ask me when will I find a girlfriend.

What baffles me is that they say it like it is something easy and simple. Like I can go to the store and just buy one. I mean, ""finding a girlfriend"" seems like a mountain to climb for me. I just dont know what to do and how to do it. I am afraid to even talk to a woman I dont know. I dont go to bars. I dont have many friends. I consider myself uninteresting. 

Where do I even start in order to change this situation? Should I go to a bar and just sit there on my own? Ridiculous.

I want to have a girlfriend so much. The difficulty of even trying to find one and the fact that I am getting older and older, are killing me. I want this so much, but have no idea how to do it.",General / Stable but Lonely,
1kzvaq6,I'm 25 (male) and completely giving up on ever being in a relationship was the best decision I made,self,406,259,0.86,https://reddit.com/r/self/comments/1kzvaq6/im_25_male_and_completely_giving_up_on_ever_being/,2025-05-31,SirChadThundercocc,"I don't even have any friends I can share this with. Just never had a relationship or a girlfriend and I turned 25 a couple of days back. 


Honestly, it feels so much better when you've completely given up all hope. The worst was when I was still hopeful. I don't think I'm ugly really, but I'm not attractive either. I'm also quite short (5'9"") and was really insecure about my height. My younger brother (23) on the other hand is really tall (around 6'6"") and is quite successful in his dating life (he's also getting married soon). I'm happy for him and back when i was still trying to find someone I asked him for advice on what to do. Tried everything he said, working out, skincare etc, just never worked for me. Always rejected, and in most cases, ghosted. 


I would say I was quite bitter a few years back, blaming my height, wanting to end my existence and so on. But now, honestly, having fully given up,  I'm in a much better place psychologically. I understand that not everyone gets to",Career-First Late Bloomer,
ypeoio,I made terrible mistake.,dating_advice,405,201,0.92,https://reddit.com/r/dating_advice/comments/ypeoio/i_made_terrible_mistake/,2022-11-08,Djapelino97,"I've meet this girl on tinder, we exchanged numbers and texted for a while. When it was time to get on a date, we've meet, and in all honesty she doesn't look anything like the pics(only face pics and that's about it, that should be my first red flag) . She has beautiful face, but oh my God she is quite a bit overweight, her nails are long unkeept(not girly like, full on long and dirty), her hair unkeept, her personality is food and only food, she doesn't work, stay awake until 5 am on tiktok and sleeps until noon. You can see that she is quite depressed. I am not the jackpot myself, but i train, i am deecent looking guy, i have deecent job, and at least i think i am funny. 

And that would be it for me the moment i saw her, i would have turned arround and left, but the girl has cutting scars on her arms and recent, and i do not know how to end it with her, since i saw those scars, comapsionate side of me, or somethig fucking else turned on, i went on with the date. on her side it went well, since i was basicaly just being myself and tried my best to get in the friend zone, but no. At the end of the date she hugged me and actually kissed me, and texted me she can't wait for the next date to just be kissing. 

I don't want to continue to see this girl, like at all. But i don't want to be an asshole and just ghost her, or broke off with her via text, since  i am affraid, that she might do something to herself. 

Basicaly i've fucked up masively.

Also i apologize for any mistak",Unseen Good Guy,
mq9gee,I (25 year old male) who is turning 26 in June have never been in a relationship,dating_advice,392,124,0.97,https://reddit.com/r/dating_advice/comments/mq9gee/i_25_year_old_male_who_is_turning_26_in_june_have/,2021-04-13,codywinters327,"I’m a 25 year old male who is turning 26 in June. I’ve never had a girlfriend, been on a date, held hands, kissed a girl and as you might have guessed, I am still a virgin. I pretty much have no experience when it comes to romance or intimacy. I’m embarrassed and ashamed of myself. I’ve been suffering from severe shyness my whole life. The problem is, it’s kept me from developing properly socially, and I think its a big reason why I’ve never been in a relationship. Although I have quite a few female acquaintances, I have always been seen as the “good male friend” and the so called “nice guy” and never a potential partner.

I’m an introvert by nature and prefer to stay at home rather than go out and party or be social. This means I have very few chances to meet people and form relationships, apart from my work. I’ve never asked a girl out before. I know that sounds weird but the whole thing terrifies me. There have been times I have been tempted to in the past but the thing that pops into my head is “girls don’t like guys like you, you’re a ugly loser, she would never want to be with you anyway” so I end up never going ahead with it. I’ve had plenty of crushes in my life but needless so say, none of them went anywhere and they stayed merely as crushes. I can’t flirt or chat up woman. I just don’t have the confidence or self-esteem to do it and I know both of those things are big issues when it comes to attracting women. I’m convinced no girl would possibly want to be with me, ",Career-First Late Bloomer,
x0e2om,Embarrassed that I’m going on vacation with my dad at 26 because I’m such a fucking loser without friends and/or a girl,lonely,371,265,0.89,https://reddit.com/r/lonely/comments/x0e2om/embarrassed_that_im_going_on_vacation_with_my_dad/,2022-08-29,AncientLamborghini,"I’m ashamed that I’m going on my vacation to New York City with my dad at the age of 26 because I have no friends, never had a girlfriend and still live with my parents. It’s pathetic. At my age I should be going on vacation with a girlfriend or fiancé. Instead I’m just a basement dwelling NEET loser who never moved out or had a life. 

I’ve done everything together with my dad. Vacations, concerts, sporting events. Because I’ve never really had friends or a social life. I’ve only been to one concert without him, and that was my cousin’s boyfriend. My dad is my only friend. I love him. But I feel pathetic that he’s my only friend. 

Meanwhile, all my peers have surpassed me. They all go on vacation almost exclusively with their romantic partners. Many of them are engaged or married, almost all have their own place out of state, and many make over six figures. Meanwhile I only have retail experience and have been out of work for almost three years. I’m the quintessential ~~quintuplets~~",Career-First Late Bloomer,Venting
6uy7n2,"""don't worry, you'll meet someone in highschool""",ForeverAlone,330,47,0.97,https://reddit.com/r/ForeverAlone/comments/6uy7n2/dont_worry_youll_meet_someone_in_highschool/,2017-08-20,NEGATlVEMAN,"""most people don't date in highschool, regular people have their first girlfriends in college.""

""not hooking up in first year is normal, im sure you'll meet someone before you graduate""

""sure you've  been single for a while, but now that you've graduated and gotten a job you'll have people lining up to be with you.""

""people are pretty busy during their early careers, but they get less picky in their 30s""

""I know it seems like everyone has paired off, but just wait until the first wave of divorces hit, you'll be sure to find someone then""

""alright so everyone has paired off again. well what about after the second wave of divorces? don't give up hope!""

""men die younger than women, in a few years you'll have plenty of widows to choose from""",Post-Loss Restarter,
1qhf7vm,"35M, never had a girlfriend, good career, but dating feels like a locked door",dating_advice,325,162,0.98,https://reddit.com/r/dating_advice/comments/1qhf7vm/35m_never_had_a_girlfriend_good_career_but_dating/,2026-01-19,Worldly-Net-165,"I’m 35, introverted, financially very comfortable, in good shape, living alone, with a solid career. On the surface, everything is in place. Except this one part. I’ve never had a girlfriend. Never been in a relationship. No real dating experience at all. I’m not awkward in everyday life. I work with people, I socialize when I have to, I function. But attraction flips a switch in my head. I overthink, hesitate, assume I’m a bother, wait too long, and nothing ever happens. Almost all my close friends are married or in long-term relationships now. I’m happy for them, but it also makes the contrast impossible to ignore. It feels like I missed some basic life module everyone else completed. At this point it’s not even mainly about sex or having someone. It’s about being 35 with a blank page where experience should be. That starts to mess with your confidence in a deeper way.

If anyone here was a late starter or had a serious mental block around dating, what actually moved the needle for y",Career-First Late Bloomer,
1olcwuf,"Never had a girlfriend, about to turn 27. Has the ship sailed?",self,323,365,0.84,https://reddit.com/r/self/comments/1olcwuf/never_had_a_girlfriend_about_to_turn_27_has_the/,2025-11-01,Excellent-Golf6631,"I’m a 26 year old guy and unfortunately I’ve never been in a relationship and have never kissed a girl. It’s very embarrassing for me and it’s a big insecurity for me. In about a month and a half, I’ll be 27 with no sexual or romantic experience. However, it’s completely my fault because I never tried very hard. I always had such low self-esteem due to being overweight and never dated in high school or college and now into adulthood. I’ve finally found some consistency with weight loss so I’m feeling a little confident and would like to start dating.



I’m not going to lead with this detail of my life but if a woman asks me about it I’m going to be honest and say yeah I’ve never been in a relationship before. 



I’m just very worried that I’ve been so inexperienced for so long that many if not all the women I date will see it as a red flag and a dealbreaker if they find out about it. I’m worried she’ll be thinking “Well there must be something wrong with him if he’s gone this long wi",General / Stable but Lonely,
1hh0647,Has anyone here not started dating until their 30’s?,AskMenOver30,320,395,0.89,https://reddit.com/r/AskMenOver30/comments/1hh0647/has_anyone_here_not_started_dating_until_their_30s/,2024-12-18,Effective_Fox,"TLDR: I'm really just looking for any advice I can on getting a 1st date since I can't seem to get that far.  

Im 30, never had a girlfriend or sex, only 1 date.  I'm determined to make up for lost time.  I don't know if anyone else here has been in my shoes and created some kind of love life for themselves 
I've been working in therapy for a year and finally feel like I'm comfortable in my own skin, and I feel like the rest of my life is in order.  I hit the gym every day before someone recommendeds that.
Absolutely any advice is appreciated, thank you.",Career-First Late Bloomer,Relationships/dating
1n6uzm0,Trying my best in dating and nothing works. I am feeling left behind and unloved.,self,311,308,0.93,https://reddit.com/r/self/comments/1n6uzm0/trying_my_best_in_dating_and_nothing_works_i_am/,2025-09-02,Legitimate_Sink_687,"I'm 35M. Never had a girlfriend or been with a women. It's difficult because I'm trying my best but nothing seems to be working. I go to the gym, I eat healthy, I go to events or hobby groups and get to know people. But no one is interested even with my friends as wingmen.

My friends try to give me encouragement but they can see with each rejection over the years (which are mounting) I get worn down. It's difficult to feel upbeat. Being inexperienced in your 30s is treated harshly as someone who would be in their teens or 20s. It doesn't help my mother is asking why am I single - she's trying to be helpful but it just leads to a mix of hopelessness - a perfect storm of inadequacy.

My friends over the years have tried to be supportive - ""oh you'll find someone"" ""step back from dating and you might find someone when you least expect it."" I've listened and tried those things but has the same result. 

Feeling unwanted and unloved dating wise hurts. More so when I'm really tried to make",Career-First Late Bloomer,
k2q2un,In 1 month I will be 22 without ever having a girlfriend.,ForeverAlone,308,64,0.95,https://reddit.com/r/ForeverAlone/comments/k2q2un/in_1_month_i_will_be_22_without_ever_having_a/,2020-11-28,red_holiday2,"I never had a girlfriend and because I work full time in pretty much an all male enviroment with the only women there being 50+ I don't know if I will ever find a girlfriend. I still live with my parents because I can't afford a house. I just have no clue where to even start. The majority of my peers are still in college, but for someone who isn't and works like 50 hour weeks where could I even go to find a girl. At this point I don't even know how to like a girl other than just lusting after her. I've liked the same girl for 11 years, but when I last talked to her she pretty much rejected me. I don't know how to like another girl like I liked her. I wish I was just dead. I don't even know if I picked the right flair.


Edit: Thank you to all who gave the awards. I appreciate them, but please save your money and don't spend it on my post. Thank you I know you all mean well.",Career-First Late Bloomer,Vent
1hibjc8,How do you get a gf?,AskMen,304,318,0.89,https://reddit.com/r/AskMen/comments/1hibjc8/how_do_you_get_a_gf/,2024-12-20,StrikingLock2448,"I’m a 23 year old man that’s never dated, never kissed anyone, and never been in a relationship. Is this rare? Dating just feels so inaccessible to me.

Like how are other 23 year old guys meeting woman that like them so easily? I feel like unless you’re in university it’s hard. I’ve tried dating apps and those don’t work for me.

I wouldn’t even consider myself boring? I work a corporate job and attend a sports hobby club a few times a week. I also like hiking, biking, playing racket sports, I wanna travel more and into self growth and ambition. I’m not into bars and clubs.

I usually don’t flirt but rather just have a genuine conversation. In the rare case that a woman does start a casual conversation with me at a social event or wherever and it flows, I make some lighthearted jokes here and there but I typically don’t flirt because I don’t wanna make the woman feel uncomfortable. There have been a few times woman have said some comments mildly hinting at something flirty/teaseful bu",App-Burned Defeatist,
w1zij4,Tired of dating but lonely,dating_advice,301,137,0.96,https://reddit.com/r/dating_advice/comments/w1zij4/tired_of_dating_but_lonely/,2022-07-18,AndreiTD,"I really need someone to care about me so that I feel I matter in this world the least bit, but apparently every date or relationship turns out to be a great failure. Until 25 I only had 2 short relationships and that was mostly because I tried so hard for them, the partners didn't feel like being together with me. I feel I'm constantly being tested, I have to be amazing from every point of view, I just can't be myself because whenever I am, I am dumped or rejected. 

Just today the girl I was dating texted me she doesn't see us fit together and it's better to stop seeing each other. I asked for feedback and she replied she doesn't get too intimate (kissing, hugs) from the first dates and generally loves more mature men than me. Had I not kissed her, the relationship would've turned into a friendzone. I know that. It's always like this. I either jump into a toxic relationship where I'm the only one who cares or just friendzoned after a while. 

I can't take it any more at this point, dating is too painful to the point I'm losing all motivation to live. It's not the rejection itself, it's the thought nobody ever loved me and probably never will. 

I am living by myself and I'm just a lonely person most of the time but loneliness has its limits. Even as an introvert, I sometimes desire the company of others. When I go out of my way to meet someone, this is what happens. I spent time, money, energy on this without any luck and all I got in return was breaking my will to live.",Unseen Good Guy,
yzgfpg,so basically... dont talk to girl?,ForeverAlone,296,110,0.95,https://reddit.com/r/ForeverAlone/comments/yzgfpg/so_basically_dont_talk_to_girl/,2022-11-19,Tall_Cactus123,"I will be 23 next month and ive never been in a relationship in my life (no kisses, no hugs, no hands holding...). But here and there I go to dating advice subreddit and ask some basic questions to get some advices. And there will always be this one annoying person or two that will tell you: ''oh dont bother aproaching or trying to talk to women at XYZ cuz she will think you are a creep, dont talk to her, leave her alone...'' stuff like that.

So what normal folks and folks in relationships are trying to say is that I should not talk to girls and bother them at idk.. a cinema cuz she is there to only watch a movie, school cuz she is there only to study, in a bar cuz she is likely there to have fun with her friends and you will annoy her, at a party cuz she most likely already has lots of friends and doesnt need any more, in a shop or a street cuz you are a random stranger, in a gym cuz she wants to be left alone there, at a job cuz you need to keep it professional, after job cuz she wi",Career-First Late Bloomer,
li9fs5,I’m literally terrified to talk to girls.,ForeverAlone,289,58,0.97,https://reddit.com/r/ForeverAlone/comments/li9fs5/im_literally_terrified_to_talk_to_girls/,2021-02-12,p4ul1023,"I’m a 23 year old guy. I’ve never kissed anyone and I’m still a lonely virgin.

I graduated college last year and career wise I’m doing fine, but I am literally terrified of talking to a girl. When I was in college, it was a living hell. I lived in a suite with 4 other kids and every single one of them had a girlfriend they met on campus. I was the only one without one and they would always try to help me talk to a girl but I would always start sweating and my mind and heart would start racing. I could never follow through. Every time I went to a party they would be hanging out with their girlfriends and other friends, while I sat by myself drinking and smoking (weed) my sadness away. I literally had no other friends at college except my roommates, and when they went off to do their own things I was left alone. 

I wanna talk to girls, but I just can’t bring myself to do it. I’ve tried so many times but end up backing out at the last second because I felt like I was gonna pass out from",Career-First Late Bloomer,Vent
1lmuob1,What to do if you're too unattractive or too boring to get a girlfriend ?,dating_advice,289,230,0.94,https://reddit.com/r/dating_advice/comments/1lmuob1/what_to_do_if_youre_too_unattractive_or_too/,2025-06-28,Hoppip94,"I am a 26 year old guy. I never had a relationship. Never a girl has been romantically interested in me. I never got a match on dating apps. I am a loser. I am not attractive enough. Most girls are way out of my league by their looks. And I am boring. I don't drink alcohol, I don't smoke. I don't go out to bars and night clubs to approach girls. I like games, pokemon, Nintendo, doing activities with friends or dinner. I don't think my personality is bad. I am caring and kind. However if there are hundreds of guys better looking than me I don't stand a chance. 

Last week I accidentally speak to a girl who forgot her bag somewhere. I picked it up and followed her to give it back. She was stunning, friendly and sweet. We had a little chat. However she was way too beautiful for me. Like a 9 vs me 4. This incident actually mwde me more sad and insecure. I am too ugly for her that is the only thing I could think of.",App-Burned Defeatist,
14t1wwu,I can't get a single date. Why is so hard even after figuring out everything in life?,dating_advice,287,394,0.91,https://reddit.com/r/dating_advice/comments/14t1wwu/i_cant_get_a_single_date_why_is_so_hard_even/,2023-07-07,elon_fusk,"People here talk about casually dating multiple people all the time. How the hell is it happening so easily for everyone? 

I'm 24M and never had any woman interested in me. Never kissed a girl in life. Why is it impossible for me to get a single date. Where do I meet women who are willing to go out on a date. No matches on apps, not many female connections through friends as I'm new to the city, no women interested in me at bars/clubs even when drunk. No luck in meetups/social events.

I'm not socially awkward, I never have issues making male friends. I earn good money, have a stable career, stable life, network of smart people, workplace is mostly males. I have everything in life I ever wanted except a girlfriend.

What the hell do I do? I'm dying to get some love.

EDIT: I know the title sounds a bit arrogant but that's not what I meant. I haven't achieved everything but I have achieved things that I had imagined or at least on a path to. Seems like there's a lot of work to do on myself and it'll take at least a year to change myself physically and socially. Thanks a lot everyone for all the support. I can't reply to everyone but I'll try.",App-Burned Defeatist,
7sgrs6,Advice from someone who was a male kissless virgin a little over a year ago,dating_advice,273,44,0.95,https://reddit.com/r/dating_advice/comments/7sgrs6/advice_from_someone_who_was_a_male_kissless/,2018-01-23,dman1574,"A little over a year ago, I was a 23 year old that had never even kissed a girl. I have over that past year dated three different girls (two of them were really short but I was going from nothing), both had my first real heartbreaking break-up and then my first time for me to be the one to break-up, had sex a couple times, and all around feel like I'm in a significantly better place. A year ago I had never been on a date. I've now been on 4 first dates in the past three weeks and have another one planned for Friday. That being said I am still kind of on the journey and not completely where I want to be, but I've made a ton of progress and I think I've gotten myself kind of out of the hole I was in, and I want to pass on some of the stuff I learned. The following is more aimed at straight guys because thats what I am, but I think there's some stuff women in here could use too.

-**Get out of the house**. Granted it helps a lot if you are in a bigger city, but look for things to do in your city. Meetup is a great tool, use the app or the website (Meetup.com). Don't necessarily go expecting to meet women/men to date, go to have fun and make friends. From there you will expand your circle which is huge, and maybe get out of your shell. This also leads to more hobbies which makes you more interesting and gives you more to talk about. Look for outside the box stuff too. I played bubble soccer from a meet-up event, its been a great talking point for dates. Also being active can help",General / Stable but Lonely,
7x4dmp,"Girls, can I just cut the bullshit and ask you out on a date? (21M)",dating_advice,249,130,0.95,https://reddit.com/r/dating_advice/comments/7x4dmp/girls_can_i_just_cut_the_bullshit_and_ask_you_out/,2018-02-12,apassionate_douche,"Hi, I'm in college. I've been single for a year now and it's not that fun. My intentions are to find a girlfriend; I'm not interested in casual hookups. I've got a question for the girls here. 

Let's say a guy you don't know approaches you, talks to you for a bit, and then asks you out on a date. (Let's also assume you're at least mildly interested) Would you rather he just asks for your number and the two of you text back and forth, then make plans to ""hang out"", then eventually progress into something serious? Does the fact that some dude asked you out on an actual date scare the shit out of you and make you want to say no? OR would you appreciate it if someone skipped all of that, told you that he'd like to take you out on a date cause you're just too damn pretty? 

Here's my experience...

I asked a girl out on a date. She said no, and I moved on because that's how life works. Great! End of Story, close the curtains. Two months later, I start talking to another girl. I started lik",Approach-Frozen Man,
qe9xpq,Why am I afraid of women,dating,243,191,0.91,https://reddit.com/r/dating/comments/qe9xpq/why_am_i_afraid_of_women/,2021-10-23,Ivy-normous-balls,"My whole life I’ve struggled talking to girls. Never had a girlfriend, sex etc. I’m a good looking guy. Like 8/10. And I’m an athlete at my college. In case it’s important, I don’t drink alcohol. 

I went to a party last night because my season just ended. My friend wanted to help me talk to some girls. He told me to follow him around while he talked. Even that was too scary. I was worried that one of them might try to talk to me or even touch me. 

At one point I was sitting on the couch. Two girls came up to me and introduced themselves. Honestly they were kinda okay looking but not my type at all. They asked me about my sport and asked me what class I was in. I said I was a freshman and one of the girls said she’s a freshman too. I didn’t really know what to say so I just said “that’s crazy.” Then they asked me where I was from and told me where they were from. Again, I didn’t know what to say so I just said “that’s crazy.” I didn’t want to talk to them they were really intimidating",General / Stable but Lonely,I Need Advice
ke8ous,"As a straight early thirties guy, women are kind of a foreign concept to me. How does one cope with that in adulthood?",AskMen,238,278,0.94,https://reddit.com/r/AskMen/comments/ke8ous/as_a_straight_early_thirties_guy_women_are_kind/,2020-12-16,BowelMan,"Never had a sister, never had female friends, never had a girlfriend, and now in adult life I don't really have any contact with women either, as I work in a male dominated industry and also from home.

From when I was 12 years old or so, everywhere I went there were almost only men. Secondary school, High School, College. And so I never really learned how to socialize with women. At least not to the extent where I would feel comfortable around them.

For some reason they never really wanted to have any kind of extended interaction with me, so I kind of stopped seeking it altogether. I'm definitely not handsome, and not really interesting either, so that's probably the reason.

I get that they are human beings with their own hopes and worries and all. I just don't really know anything about them.",Career-First Late Bloomer,
2v4whh,"My 10 Rules for Dating, Finding, and Being ""The One.""",dating_advice,237,24,0.95,https://reddit.com/r/dating_advice/comments/2v4whh/my_10_rules_for_dating_finding_and_being_the_one/,2015-02-07,atomicspin,"Hot off the heels of [my last post](http://www.reddit.com/r/dating_advice/comments/xjr4k/after_reading_some_of_the_same_stuff_over_and/) (And by ""hot"" I mean ""two years ago"") I figured it was time to sit down and write one for the fellas.  This isn't pick-up lines or how to get laid, believe me I've watched from behind my bar as ""artists"" get their asses handed to them and go home alone.  Don't buy in to that shit, anyway.

Some background:  I've been a bartender for a while and have had a hot wife for a while and have even had a hot wife before that.  I did marry a stripper for a week once but let's not get in to that.  So, this either makes me incredibly qualified for this little essay or a complete idiot when it comes to relationships.  I'm going with the former.  Hey, you don't learn how to stop being an alcoholic from someone who's never touched a drop, right?  I'm 10 years in to this relationship now and it's still amazing and wonderful and I pee a little bit because I get excited about it.  

So, here they are, my rules for being the guy who wants to find and keep ""The One,"" not the guy who's looking to just date a bunch.  This stuff is ""after the 3rd date"" stuff.  The tough love for those that can't seem to get anywhere.

**10.  Stop being so exhausting**

It's #10 but I listed it first for a reason.  The guys that fish for compliments, bitch and moan about imaginary shit like ""Friend Zone,"" or just sit their in their own self-pity are just that.  Exhausting.  What th",Unseen Good Guy,
1j9j8hi,"""You would be a wonderful boyfriend, but...""",dating_advice,236,252,0.94,https://reddit.com/r/dating_advice/comments/1j9j8hi/you_would_be_a_wonderful_boyfriend_but/,2025-03-12,BaldrickTheBarbarian,"Do women actually mean it when they say this to a guy? Or is it just an empty compliment?

I'm asking this as someone who has heard this line many times. My female friends have often complimented me for being ""good boyfriend material"", and some of them have even openly wondered how and why am I still single because I would make for a good boyfriend. Even sometimes when I have approached someone romantically and got rejected, they have told me that I would be a good boyfriend, but that I'm just not their type. Even my ex (who is currently the only person I've had a relationship with, and that was 10 years ago) when we broke up told me that I will one day be a good boyfriend for someone else.

But as the years go by and I still find myself single and lonely I have started to wonder if it actually means anything. Can I truly be good boyfriend material if nobody ever gets interested in me romantically, and I get rejected every time I try to approach someone? Or could it be true, and I just have bad luck or something?

If there are women reading this who say this to their male friends, I genuinely want to know what do you mean by it? Is it what you truly think to be true?",Approach-Frozen Man,
8bwuo9,32 never had a girlfriend and everybody always bothers me,dating_advice,232,101,0.98,https://reddit.com/r/dating_advice/comments/8bwuo9/32_never_had_a_girlfriend_and_everybody_always/,2018-04-13,bbqedwd,"Hi I'm a 32 year old guy. I'm into women but I've never had a girlfriend or been on a date. I'm a virgin.

I have a job and a house and live alright. Don't have many friends but lots of hobbies and I enjoy my work.

My family is always asking me when I'm going to get a girlfriend or a wife. They ask when I'm going to have kids and I say never. Then my mom always says she wants grandchildren. I don't have any siblings so I'm her only shot.

I enjoy my life but everybody disapproves and also sometimes I'm afraid I might be missing out? What do you think? Am I? Is this a alright way to live? Will I regret it in my old age?",Career-First Late Bloomer,
v4zljl,I feel like I'm wasting my life.,socialskills,227,91,0.95,https://reddit.com/r/socialskills/comments/v4zljl/i_feel_like_im_wasting_my_life/,2022-06-04,NaturalORDR,"Hi, basically as the title says.

It's the weekend right now and I have no plans (as always). I am 26 years old and feel like I have wasted my youth. I never go out with friends. I have a few friends, but they're all boring as fuck now, have girlfriends and jobs, meaning they never want to do anything.

I just sit and rot in my bedroom. I'm still living at home with parents. I never go out with people. I've never had a girlfriend and feel as though I'm just so bad socially. I can't seem to make friend with people and have no idea what to talk about. I don't know what to do. I can't keep living life like this. I need to change. I know the cliche advice is to work on yourself and good things will happen. Don't focus on friends or girls and focus on being an awesome person instead. I have done this for almost a decade now. I have interests. I play instruments. I speak a second language. I have been going to the gym for 8 years, so I am very muscular. But none of it matters. I really don't",Career-First Late Bloomer,
1kk2awe,Getting a girlfriend is impossible,dating_advice,217,425,0.84,https://reddit.com/r/dating_advice/comments/1kk2awe/getting_a_girlfriend_is_impossible/,2025-05-11,Aesenix,"I (20M) have been single for 3 years and would really appreciate companionship, however it feels so impossible to find a girlfriend.

Everywhere I go there seems to be couples everywhere. I'm not sure what I'm doing wrong. I'm currently studying at university, have hobbies i.e going to the gym, playing piano, speedtyping, building pcs/keyboards, working on personal projects, reading, collecting cologne, skincare etc. and I feel like I look decent, I'm extroverted and feel like I have good social energy and a good sense of humour, and I have goals and aspirations and I feel like I am very career and family oriented. I take good care of myself and because of all of these qualities I feel like I should at least somewhat stand out or at least be somewhat desirable but every girl that I ask out always rejects me and if I ask a girl for her number I get rejected.

I've tried online dating and I get ghosted. Even IRL whenever I talk to a girl on instagram it's the exact same pattern of taking",App-Burned Defeatist,
7sw50c,How to approach a girl in one of my classes?,socialskills,208,90,0.96,https://reddit.com/r/socialskills/comments/7sw50c/how_to_approach_a_girl_in_one_of_my_classes/,2018-01-25,mitchdwx,"So there’s this one girl in a class I have who’s EXACTLY my type as far as looks go. Like whenever I describe my perfect girl to someone, she has pretty much all those qualities. I just have no idea where to start, though. 

She sits 2 seats in front of me so talking to her would be going out of my way, it’s not like I can just tap her on the shoulder and ask if she did the homework or something. I’d actually have to approach her to talk to her, which freaks me the fuck out. I know it’s kind of an irrational fear but it holds me back every single time I consider doing something like this.

I’m already way behind the dating curve. I’m 24 and I’ve never had a girlfriend - I’m not ugly or fat or anything and there have been girls into me before (which I usually didn’t notice until it was too late), I just get extreme anxiety when it comes to flirting and dating and all that stuff. I just want to say enough is enough. But how do I do this? How do I muster up the confidence? How do I approa",Approach-Frozen Man,
7ppup4,"30 years old, and never had a girlfriend",dating_advice,206,177,0.96,https://reddit.com/r/dating_advice/comments/7ppup4/30_years_old_and_never_had_a_girlfriend/,2018-01-11,BooDestroyer,"Sometimes this doesn't bother me, but at other times, it does.

I've had a few friends who were girls before, but nothing went well with that and I lost contact with them after a while. And anyone else I do meet is already taken. It's like I was too late or something. Even anyone I knew at school wasn't available or had time to hang out. If anyone has ever asked me about if I've had a girlfriend, I always feel the need to lie about it.

I recently even have trouble with being just friends with girls. Everyone else I know gets girls so easy, like they're just Christmas or birthday presents or whatever. I try everything I can, but nothing happens for me.

I tried many things to help out with it. I tried asking my folks if they know anyone who has a daughter around my age. I tried asking any of my friends if they know of any girls who are available. I even tried online dating, and it was to no avail. I can't even find any of those single meet-up things in my town either.

People keep saying things like ""there's always someone out there for you"", but that never helps. They also say to try and find girls, but the question to that is, HOW AND WHERE? I don't even know where to begin on this. I keep being told to ""go out there and find someone"". Well, sure I would, if I didn't keep running the risk of getting into trouble for it, even if I don't try to.

Don't get me wrong, I'm aware of everything that comes with a relationship, but starting one is not as easy as everyone else seems ",App-Burned Defeatist,
ur26ud,Many female friends but no girlfriend,dating_advice,201,193,0.96,https://reddit.com/r/dating_advice/comments/ur26ud/many_female_friends_but_no_girlfriend/,2022-05-16,tziahs,"I am like this. I have 7 close female friends, go out with them regularly, for drinks, tennis, squash, jogging, swimming and so on. Most of the times I meet with them 1 on 1, not in groups. However, I don't have a girlfriend, no one tries to introduce to any of their single friends and so on. In fact, I never had a girlfriend.

There are many guys like this. How come? 

Thanks!",General / Stable but Lonely,
pnyz6j,I'm an overgrown child.,ForeverAlone,200,34,0.98,https://reddit.com/r/ForeverAlone/comments/pnyz6j/im_an_overgrown_child/,2021-09-14,EnormousPurpleGarden,"I'm an autistic 29-year-old male virgin who has never had a girlfriend. I am unqualified to participate in adulthood. I live with my parents in 2021, just as I did in 2011, just as I did in 2001.

I cannot foresee myself becoming self-sufficient. I see no realistic path to financial well-being. I can't hold down a full-time job because the daily grind exacerbates my pre-existing mental health problems. I tried to become a lawyer, which ended in failure when my \[now former\] employer made it clear that I didn't have impostor syndrome; I actually just sucked and didn't belong there.

I have less hope now than ever before. Career-wise, I don't know what to do with my life. Romance-wise, I've given up. I haven't asked anyone out in almost six years because I haven't had an opportunity, by which I mean I haven't met a single person in the last six years whom I could ask out. Everyone I've met in the past six years to whom I've been attracted has either been in a relationship already or has",Career-First Late Bloomer,
l9vlmj,I Really Wish I Wasn't 27,ForeverAlone,199,55,0.96,https://reddit.com/r/ForeverAlone/comments/l9vlmj/i_really_wish_i_wasnt_27/,2021-02-01,TrentonConnector,"I turned 27 a couple weeks ago. This isn't funny anymore--I'm gonna be 30 before I know it. Never had a girlfriend, or kissed, or anything. A few dates via apps that don't go anywhere. It makes my heart ache knowing that I'll never have the high-school/college puppy love experience that is so often romanticized in pop culture, or that few women my age have the patience to date a dude with no experience. And that's the other thing--I'm getting wrinkles, and my hair's receding and going white. I'm soon gonna be past my peak attractiveness. Every year, my birthday is getting scarier, and it's harder to tell myself ""this is gonna be my year!"" and believe it. It's getting to the point where depictions of love interests getting together in fiction is bumming me out instead of making me happy because I find myself wondering how on earth I'll ever be able to have an experience like the characters in movies. Why can't I just stay the same age 'til I find someone who loves me?

.

I know some of",App-Burned Defeatist,Vent
ci1opb,I have no romantic experience at 26 and I feel like I don't belong in casual social situations.,ForeverAlone,193,51,0.98,https://reddit.com/r/ForeverAlone/comments/ci1opb/i_have_no_romantic_experience_at_26_and_i_feel/,2019-07-26,HcetIsTechBackwards,"I don't even know where to begin. I guess I want to put things into perspective first.

I am 26 year old guy in a large rural city (around 130K pop.). I have a full-time job I enjoy but don't get paid well at. I own a old trailer house and it's not in the best condition, but it's my house. I own my own car and am getting close to paying it off. I have no debt.

I have never had a girlfriend. Never held hands with a woman, never kissed, never even had a woman smile at me (outside of waitresses/cashiers). All my life I was always told by my mother that ""someone will come along"". I didn't really care when she said that, but I guess I believed it it up until last month.

I had an epiphany. I got tired of being a homebody. I started working out in my house, doing at least 40 miles a week on a treadmill and doing crunches/squats every night. I stated eating better. I want to say I dress better, but I have no fashion sense, so I didn't really make any improvements tbh. I read *How to Make Fri",Career-First Late Bloomer,Vent
1qudj16,"Introverts who don’t like party or hookup culture , where did you meet your partner?",dating_advice,188,93,0.97,https://reddit.com/r/dating_advice/comments/1qudj16/introverts_who_dont_like_party_or_hookup_culture/,2026-02-03,EquivalentWitness165,"I’m 22M, pretty introverted, and not into party or hookup culture. I don’t drink much, don’t go to bars, and I value connection more than quick flings. I’ve never been in a relationship, which sometimes makes me feel behind, but I’m not bitter about it. I’m honestly trying to figure out where people like me tend to meet partners, or just where people meet in general. I’m also wondering whether dating apps are something I should actually be looking into, or if real-life paths tend to work better for low-key, relationship-oriented people. I’d really appreciate hearing what actually worked for you.",App-Burned Defeatist,
rptn5i,Just because your a good person doesn't mean good things will happen to you.,ForeverAlone,188,43,0.97,https://reddit.com/r/ForeverAlone/comments/rptn5i/just_because_your_a_good_person_doesnt_mean_good/,2021-12-27,Accurate_Pop_8970,"When I was younger I would always try to be a good nice person. Still single for years. I had friends that were rude, selfish, cheap, etc. Got the best relationships on the planet, stayed together for years. I feel like that why I don't really care anymore. If it's something I don't want to do I don't do it, whether it's a nice gesture or not. I never get anything in return so what's the point. I want a relationship and nothing more, which I'm not good enough for so why bother.

Update: I feel like I try so hard to be a nice caring person so good karma returns yet it never does. Only rejection, especially in the relationship aspect. You can only take it for so long before you begin to give up.",General / Stable but Lonely,Vent
55az6a,"People who improved their social skills, how'd you do it?",socialskills,188,77,0.99,https://reddit.com/r/socialskills/comments/55az6a/people_who_improved_their_social_skills_howd_you/,2016-10-01,socialskillsthrow0,"I'm a sophomore in college now and still have zero friends. That's right, I seriously have ZERO friends. I'm not exaggerating. I obviously have never had a girlfriend or done anything remotely sexual, but at this point I don't even care about that. I'm so far gone that I just want to be able to talk to people of the *same gender* normally.

Each day, I go to class and then quickly escape to my room. My social anxiety is so severe that I can barely go to the dining hall because I'm so scared of people seeing me sitting alone. I completely ignore the opposite gender and never even look them in the eye. Paradoxically, I have no trouble making presentations in front of large groups of people, and I rarely get nervous in front of adults. My social anxiety makes no sense to me.

I know that nothing will come of nothing, but I'm honestly very fearful of making any actual progress. 

For those that struggled with something like this, how do you actually force yourself to go out and talk to ran",Approach-Frozen Man,
1004c9s,How many people marry college girlfriends? Am I screwed after I graduate?,dating,187,71,0.86,https://reddit.com/r/dating/comments/1004c9s/how_many_people_marry_college_girlfriends_am_i/,2022-12-31,Puzzleheaded_Emu7511,"I'm (20M) currently a junior in an engineering university and I've never had a girlfriend or went on a date with a woman.

I keep hearing that it'll get harder after I graduate. I'm already terrified because I'll be in software engineering which is like 90% male.

Am I fucked if I graduate without a girlfriend?

I feel like time is running out for me and I'm getting super nervous.",General / Stable but Lonely,Question ❓
uw3kbz,Should I just avoid dating until I fix my nice guy tendencies and people pleasing behavior?,dating_advice,185,95,0.91,https://reddit.com/r/dating_advice/comments/uw3kbz/should_i_just_avoid_dating_until_i_fix_my_nice/,2022-05-23,OG_potato_gangsta,"I'm in my mid 20s and have never been in a relationship. Back in November, my life was quite good. I was fit, killing it at my job, eating quite well, had loads of self-respect, etc. It was this month that I met up with a friend. During this, he had suggested I go to a concert with his girlfriend's sister who was recently made single. I figured I had nothing to lose, I had zero romantic intent going into this and just wanted to give her a good time due to her breakup affecting her.  

Our talks went quite well, I wanted to see her again after the concert so we made plans again and at that point I had realized I was actually interested in having something with her but had a ""whatever happens happens"" approach until she too said she had interest. Things were going well until she started pulling away.

Once she began to pull away, the stoic hard-working and calm rock she knew disappeared in favor of a needy, insecure child basically. I felt like I wanted to save her from her problems like in the movies, which is toxic as hell and inauthentic. I realize that only they can save themselves, but baggage attracts me for some reason. As you can guess, I got ghosted and stood up not long after and haven't heard from her since. I found out last weekend she is in a relationship with somebody else after she gave me the whole ""Not ready for a relationship"" talk. I wish she was just honest with me and said she lost interest as I now feel like any compliment she gave me was out of pity. The ",Post-Loss Restarter,
1me3pj9,"Never had a girlfriend, about to turn 27. Am I screwed?",self,182,142,0.89,https://reddit.com/r/self/comments/1me3pj9/never_had_a_girlfriend_about_to_turn_27_am_i/,2025-07-31,Excellent-Golf6631,"I’m currently a 26 year old guy. In a few months I will be 27 years old, and I have never been in a relationship and have never kissed a girl. I’d be lying if I said it didn’t bother me. It does. It really bothers me. However, I’m trying to learn how to make it not bother me. I’m trying to let go of that insecurity. 



The reason why it’s never happened for me is simple. I’ve tried very little. It’s completely my fault because I never felt good enough so I rarely tried very hard if at all. In high school and college I would pine over a girl and just hope she liked me back without ever actually asking them out. The one or two times I did I was let down easy. So I just stop trying because I hated myself.



I’m working on not hating myself anymore, I’m trying to fix my biggest issue I have with myself. I’m overweight and have been all my life. I recognize that my weight is not the sole reason I’ve never had a girlfriend, but it plays a factor because I’ve always viewed myself as unattra",Career-First Late Bloomer,
fhqog1,It’s been a longtime,datingoverthirty,180,91,0.96,https://reddit.com/r/datingoverthirty/comments/fhqog1/its_been_a_longtime/,2020-03-13,jabmahn,"I’ve (36m) been single for ten years and change with a few first dates sprinkled in that led to nothing. I’ve been isolated and alone all this time thinking the only person I’ll ever be able to rely on is myself. No physical contact besides the occasional friend/work stuff (hugs, huddles for pictures, hand on the back stuff) It’s been hard but I haven’t been hurt again. Lots of personal issues regarding trust and relationships because of the ex girlfriend and my insecurities have kept me low. 

Do to this I’ve been mainly focused on my job, specialty coffee service at a very kick ass coffee shop. I’m really good at it, great product, artfully displayed, I’m charming and confident, I appear to be one of the most popular people in my little world of the coffee shop. My inner self I see very differently, almost the total opposite. I self isolate, I’m shy, I prefer to not talk and silently go about my business/gym or just binge movies/shows. Always hiding this side from everyone at work.",Career-First Late Bloomer,
fbj833,Men - does anyone else walk around and feel invisible to women?,dating_advice,178,142,0.96,https://reddit.com/r/dating_advice/comments/fbj833/men_does_anyone_else_walk_around_and_feel/,2020-02-29,kaiju_journey,"I'm a 31 Male and have had girlfriends in the past, work out a lot and would consider myself attraction but I feel like I walk through life being invisible to women. 

Like women won't just look at me, they always look out of the corner of there eye. Wont approach or start conversations.

I know people will say it's the guys job, but at this point it makes me feel ugly and lose confidence in myself. Makes me question myself and makes me feel shit about myself.

I see all these other people in relationships and my confidence is so low that I wont even bring myself the opportunity to be rejected. 

I'm wanting to know if other people feel like this or have in the past and what I should do to correct it.",Unseen Good Guy,
1rxfc62,Realizing that I'm SO behind in life is killing me.,lonely,177,50,0.99,https://reddit.com/r/lonely/comments/1rxfc62/realizing_that_im_so_behind_in_life_is_killing_me/,2026-03-18,Alternative-Owl-1436,"I'm 27 (m).

I have never had a girlfriend. 

I have no meaningful friends. 

I'm desperately lonely. 

I still have no diploma, even though I've studied for almost 4 years in total on different majors. I now study at a shitty ""university"" that I absolutely despise, and I heavily considering to switch to yet another one, but the thought of me losing  yet another year for nothing is making me suffer. 

It hurts badly. Time is flying. And nothing is happening in my life. And it's my fault. 

After being expelled from my previous uni for not passing exams, I just... spent almost 5 years lying in bed in my parents home with my laptop watching dumb shit. Doing nothing meaningful. Not even chatting with people in real life or having relationships.. most of this time, with the exception for 2 jobs that I didn't last very long on, was flushed down the drain by me. 

20s, the best time in the life for normal people. When people live their lives to the fullest, party, date, finishing their degre",Career-First Late Bloomer,Venting
x9ekjj,I’m almost 21 and I barely have any friends and I’ve never had a girlfriend before,socialskills,174,145,0.95,https://reddit.com/r/socialskills/comments/x9ekjj/im_almost_21_and_i_barely_have_any_friends_and/,2022-09-08,zzzxry01,"I feel terrible because I’m 21 and never have been in a relationship before, I’ve never even had any real female friends until I met one a few years ago, the very few friends I do have never have time to do anything with because of college. I have Asperger’s too so it’s harder for me to easily go up to someone and have a conversation. As for dating, it’s non existent because I’m not a confident person, I feel like I must give off a “something is wrong with me, stay away” vibe because I never get any one to talk to me, I always have to initiate and when I do it feels so awkward. I fear I’ll never be able to get a girlfriend because of this, I work a terrible retail job too so I work a lot on weekends and when I’m off I feel so drained. I turn 21 in a little less than a month and I fear it’s going to be boring like every other birthday because I don’t have friends to celebrate with. Faking it isn’t working for me and my mental health anymore",Approach-Frozen Man,
1rug6ss,Rebuilding a social life in your 30s?,socialskills,170,42,0.99,https://reddit.com/r/socialskills/comments/1rug6ss/rebuilding_a_social_life_in_your_30s/,2026-03-15,Batetrick_Patman,I'm 36M and need to rebuild my social life. A good portion of my friends are married with kids now and I'm still single so hangouts or meeting up with them becomes a planning exercise. I enjoy spending time with them but we have to book out a time and all of that. Plus they always have their kids and their social life tends to be around others who have kids as well. I've got a few friends who are still single but our lives/interests have diverged overtime. They're still content with closing out bars and nightclubs something that for me I've largely lost interest in as I don't see it as worth losing the next day over. I mostly just focus on my hobbies though they're solitary hobbies (gym 5-6 days a week and gaming). I'd like to make new friends but it's difficult with an adult life/schedule. I've tried searching meetups but the ones on my city seem to either be networking or tailored to people in their 50s.,Career-First Late Bloomer,
1lwzqsq,Dating seems impossible as (introvert) man from gen Z,dating_advice,168,95,0.83,https://reddit.com/r/dating_advice/comments/1lwzqsq/dating_seems_impossible_as_introvert_man_from_gen/,2025-07-11,Hoppip94,"26 year old man here never had a relationship. Born in 1999 so part of the always criticised gen Z by other generations. And for dating I agree it seems absolutely impossible to date especially as an introverted man that doesn't like to go to bars, doesn't like alcohol and doesn't like partying every weekend till sunrise. 

It seems like many women have insane high standards. I am average looking, but I have a good payed job, a house, a car, a dog, not many friends but still a handfull of great friends, my family is great, I am financially independent, I can take care of my own life fine and still it is not enough for women. They still seems to want more and to me have unrealistic expectations. They seem to only want to top 20%. 

I talked to a friend who is also my age and single and he struggles with the same things. Many guys our age struggle with this and many are still single at this age which is pretty alarming to me. 

We talked about that we have no idea what people our age are",Career-First Late Bloomer,
v4p9t1,I'm learning to accept being single,dating_advice,165,75,0.94,https://reddit.com/r/dating_advice/comments/v4p9t1/im_learning_to_accept_being_single/,2022-06-04,earthbound36784,"I am 24 m and I have zero connections with women at all. I have never had a girlfriend nor female friends. When I have tried to ask women out, I have always been rejected. I also get ghosted pretty regularly even by women I know from classes or work. I'm not a desperate nor needy person as I don't force myself on anyone. Being myself has always resulted women avoiding me. 

However, after meeting with a life coach, I found out that I lack authenticity and an identity. This entire time I had no uniqueness that represented who I was. I was basically a follower of others. Thinking back to alot of interactions, I realized that it was always others making plans and mentioning conversational topics. My role was listening and being a fun guy that everyone liked to be around. Surprisingly this worked against me because I was easily replaceable. 

Now I'm building up my own personality and also taking an active role in conversations. Now, I have lost alot of friends and women are still a miss. However I'm actually alot more happy and I'm more confident. Hopefully this confident, authentic version I'm building attracts women in the future but now I happy just being me.",Career-First Late Bloomer,
1bh5o85,How to have confidence to ask women out even when being a low-income earner?,AskMen,164,397,0.81,https://reddit.com/r/AskMen/comments/1bh5o85/how_to_have_confidence_to_ask_women_out_even_when/,2024-03-17,Motor_Feed9945,"Money is pretty much the biggest thing preventing me from asking out more women. Although there are other aspects to me that I am not super comfortable with. I wish I was taller and I wish I had more hair amongst other things. But at the end of the day if I am honest, I would have way more confidence and ask out way more women if only I earned more money.  
  
I am lifelong single 37-year-old American male. I have still never been in a relationship. I think if I was earning maybe 50 or even say 60 thousand a year my confidence would be way higher. And it goes without saying that if I was earning 100 thousand dollars a year or more I would be asking out women left and right.  
  
Instead, I have still never earned more than 24,000 dollars in a year. I work hard. I have two undergraduate degrees. I went to graduate school. I work hard, have worked for my family business for years. I just do not seem to have the personality or the drive to really have my career take off.  
  
And th",Career-First Late Bloomer,
4j3kyv,I cannot connect with girls and It's making me depressed,socialskills,162,65,0.94,https://reddit.com/r/socialskills/comments/4j3kyv/i_cannot_connect_with_girls_and_its_making_me/,2016-05-12,LonelyGuy1989,"I’m 26 years old and I’ve never had a girlfriend or even dated a girl. I’ve only had three sexual experiences in my life with three different girls and each situation was brief, awkward, and mutually unsatisfying. I’m in shape, tall, and decent looking. I have good hygiene and I put effort into my physical appearance. I have a college degree and a full-time job that pays well. I have an active social life and making friends has never been an issue. On top of all this, my friends tell me all the time any girl would be lucky to be with me. But for some reason I just have no luck when it comes to sex or romance. I’d say my problem is I suck at flirting. I can’t find the happy medium between appearing like I’m not interested and appearing like I’m creepy/desperate. Usually if I am talking to a girl I am interested in I will overthink it and say or do something stupid. Or I’ll be too casual and carry on with a conversation she is clearly bored with. What do I do? I’m not perfect, but I feel",Career-First Late Bloomer,
cu1wtr,Does painting in the park sound like a date?,dating_advice,161,42,0.97,https://reddit.com/r/dating_advice/comments/cu1wtr/does_painting_in_the_park_sound_like_a_date/,2019-08-22,GmanBlue19,"I (m19) have been working with this girl(f18) for over a year now. I’ve had a crush on her since then, but I’m a baby and never had a girlfriend before so I’ve never done anything about it. I’ve posted on here for some advice about it before, most people have said to just let it go because I work with her, which is understandable, but here’s the catch with that, we both start college in 1 week. So neither of us will be working there during. 

Anyways, back to the topic. We’ve kinda become friends since working together, we play iMessage games all the time and that’s pretty fun. Recently I’ve showed her some of my drawings, she liked them said she likes to draw too. Then she wanted to see some of my paintings , and she loved those too. So we started talking about painting, and she mentioned we should go to a park one day to paint together, obviously i said I’d love to, because that sounds awesome. So is that a date? I’m pretty smart, but when it comes to relationship stuff, I’m dumb as a rock, mainly because I’ve just never done any of it before. 
If it’s a date, I’d love to pack up some stuff to eat and drink for us, but even if it’s not a date, I still want to pack that stuff cause I know at least I’ll get thirsty/ hungry at some point. Both options are ok with me anyways, if it’s a date, awesome, my first date, if it’s not, then I get to paint in the park with a cute friend. I want to just ask her if it’s a date or not, but I don’t want to make it weird if she says it’s not",Career-First Late Bloomer,
1sir0p,Beginning to think I'm squandering my youth by focusing on education. Anyone else feel this way?,AskMen,159,81,0.91,https://reddit.com/r/AskMen/comments/1sir0p/beginning_to_think_im_squandering_my_youth_by/,2013-12-10,confessionberry,"Background: 22 years old, in medical school. My entire life has basically been in school, from elementary to my current study.

I love medicine, I really do. And I've had a decent social life with friends, travel, etc. But I feel like I've missed out on so much that others experience - especially when I read threads on Reddit about dudes joining a band for a few years, going to live in a chill commune, working in the peace corps, etc etc. It makes me feel like everyone else is having fun in their 20s.

And here I am... never had a girlfriend, never been to a club, never been on my own. My parents are generous enough to pay for a lot of my school resources so I never had financial problems. But all of my summers were usually spent doing ""productive"" things, like volunteering or working in healthcare related jobs that were sort of boring. I also have spent the last four years losing 80 pounds, so that's taken up the rest of my free time.

Sometimes I think that by the time I'm done with",Career-First Late Bloomer,Social Issues
jin2yc,Looks are everything,ForeverAlone,154,47,0.93,https://reddit.com/r/ForeverAlone/comments/jin2yc/looks_are_everything/,2020-10-26,roqui15,"Looks are really everything. I just got rid of my glasses and started to use contact lenses and yeah I actually look much better now, I might even look handsome. I can see that girls now stare at me more often. But that's not it. 
There is this girl in my college class that suddenly is constantly flirting with me, touching my hair, my arms, both shoulders at the same time, resting her head on my shoulder and even adjusting a lot my mask (when I'm with it).  Before this, she well was nice most times with me but showed no interest, I could tell, sometimes she didn't even replied to my messages. 
But now the flirting is crazy. She might be an exception, I don't think all girls are like this, but there is no doubt that looks are pretty much everything. I've been single in all of my 20 years and I'm more optimistic now that I will find a girlfriend someday, but I'm still far from being sure. So far I never had a girlfriend and a virgin, still a complete failure.",General / Stable but Lonely,
1tcxjq6,Is it normal for so many people in their 30's to still be single?,dating_advice,153,85,0.93,https://reddit.com/r/dating_advice/comments/1tcxjq6/is_it_normal_for_so_many_people_in_their_30s_to/,2026-05-14,Few_Dirt_9835,"I'm M32 and lots of older people have told me I should meet a girlfriend thru my friends. 

All my friends are late 20's - early 30's and their still single and not even trying to date.

They all just spend their time with work, gym, golf, and video games. All good things, but i find it strange that I'm the only one of us that is interested in a partner.

I'm the only one of my friends that goes out on dates, and they've all been from apps, because I don't really have a network to meet anyone to date outside of the apps.",App-Burned Defeatist,
1pmwqpb,I'm 48 yr old male and it doesn't get any easier,ForeverAlone,153,26,0.96,https://reddit.com/r/ForeverAlone/comments/1pmwqpb/im_48_yr_old_male_and_it_doesnt_get_any_easier/,2025-12-15,Creative310,"I used to fantasize about having a girlfriend when I was younger. I used to go online over 20 years ago and I went on a lot of dates, but couldn't find anyone interested. I hooked up a few times in my 20s, and by 30 it dried up completely. Now I'm like a ghost; women ignore me like I don't exist. I even try talking to them, and sometimes they pretend that they can't hear me. I'm 6 ft tall and slender to average build, and I'm not ugly. I literally have never had a girlfriend. It's funny how women give the advice 'stop trying you'll meet someone without even trying.' They have no idea!!! I still dream about having a girlfriend",General / Stable but Lonely,Discussion
pvuorv,M24: Why is it so hard for me to even find a date?,dating_advice,152,134,0.96,https://reddit.com/r/dating_advice/comments/pvuorv/m24_why_is_it_so_hard_for_me_to_even_find_a_date/,2021-09-26,Heykokoracha,"Hi guys, 

The last couple of years I have worked on improving myself by becoming social, working out and chasing the job of my dreams. It has all made me happier, but I feel a need for someone to share my life with.

I have no experience with dating, and it makes it very complicated for me. I simply don't know how to meet girls. I  tried Tinder, but as an average looking person, I have had no luck with it (I get almost 0 likes, although I have good pictures and bio). I am also volunteering different places where I meet girls, but it's not like there is a chemistry between us. 

I see couples everywhere and it makes me wonder why it has been so easy for them, while I struggle just to find a date. What is it that I am doing wrong and how can I change it? Where do I meet girls, and how do I avoid getting ""friendzoned""?

I am open minded and good with people, avarage looking, good style, good career. What more can I do?",Unseen Good Guy,
3p5n31,Never had a girlfriend and I'm about to graduate college now. What could be wrong with me?,socialskills,151,70,0.91,https://reddit.com/r/socialskills/comments/3p5n31/never_had_a_girlfriend_and_im_about_to_graduate/,2015-10-17,zpsswo,"I was born in India but grew up most of my life in the U.S. Even though my family has been here for 18 years now, they still strongly latch onto our Indian culture and refuse to adopt an American lifestyle. One aspect of Indian culture is that I'm supposed to get an arranged marriage. I personally don't want one but I'll worry about that when my parents bring up the prospect of marriage in 5 years or so. For now, I just want to start dating women and explore my own sexuality. The problem is that dating/relationships/sex was extremely taboo in our home. Until I moved out to college, the only thing I knew about this kind of stuff was through movies and porn and we all know that that isn't an accurate description of reality. 

To make matters worse, I had a rough childhood. Up until I got to college, I was socially awkward, never had true friends, and was very ugly. [Here's a picture of me before going to college](http://i.imgur.com/Iemvy9j.?1). At the time, I didn't think I looked that b",General / Stable but Lonely,
17mzu3v,Is a “first date” being a coffee date bad?,dating,148,243,0.94,https://reddit.com/r/dating/comments/17mzu3v/is_a_first_date_being_a_coffee_date_bad/,2023-11-03,RobloxOfficial,"I was talking to two female friends who say they don’t like coffee dates because it makes them feel like the guy doesn’t value them enough based on their conversations. I get that aspect of it and it definitely depends on how much you know the person. However, personally, I don’t like the idea of being trapped at a date for a while and it costing so much more. I like the idea of a coffee date that can end super quickly if things don’t match or go for an hour or two. After that date if it goes well I’d offer dinner or any more elaborate / higher effort date.

Idk, maybe I’m just lazy, but dinner seems like a big jump right away. Tbh I’m not the best at dating, I’m in college and have never had a girlfriend in my life so what do I know.

Any advice would be helpful, thank you.",General / Stable but Lonely,Question ❓
29mbgn,"I'm 20, have no friends, never had a girlfriend, and despite being a generally good person have no belief in myself.",socialskills,145,37,0.92,https://reddit.com/r/socialskills/comments/29mbgn/im_20_have_no_friends_never_had_a_girlfriend_and/,2014-07-02,fcb31,To be honest I could definitely post this in /r/depression but I think this belongs here more. I'm in general a very nice person and I think even a very outgoing person but events in my life have really hurt me. To keep it short I used to have terrible anxiety issues before taking antidepressants and even though I can be more social more easily I still deal with a bit of a lack of confidence. I really lack a sense of belief that when I go to college in a month and a half that I'll make any friends or find that special someone. I don't really know what it's like to be close friends with someone or what it's like to be a boyfriend at all. I'm optimistic about some things but there's just a lot of doubt in my head.,Approach-Frozen Man,
15ppbmq,Asked out my coworker...,ForeverAlone,143,69,0.95,https://reddit.com/r/ForeverAlone/comments/15ppbmq/asked_out_my_coworker/,2023-08-13,Ryuji_Goda,"So i'm in college and I work at a fast food restaurant. Lots of other college students work at this place as well, as it's in a college town. Anyways i'm 23 and there's this girl at my job (20) that started working here about a year ago. A few months back she would talk to me a lot and initiate conversation with me, so I started to talk to her a little bit every now a then.


After a few months I did start to have a bit of a crush on her. The past few days I've wanted to ask her to hang out sometime, it wasn't until today where I finally got the chance to ask her.

I just want to clarify i've never had a girlfriend, never been on a date, and have never asked a girl IRL to go on a date with me before either. So I was really nervous and this took a lot of courage for me to do. Right before closing tonight, I was able to ask her and she turned me down. She said she doesn't date people at work. Which I suppose is true, I don't think she's ever dated any of the other guys there either.

Any",Approach-Frozen Man,
y4ls4,You know that feeling you get when you realize you will never come close to finding someone to love and that you will forever be alone? Well it just sank in.,ForeverAlone,139,75,0.93,https://reddit.com/r/ForeverAlone/comments/y4ls4/you_know_that_feeling_you_get_when_you_realize/,2012-08-13,thatfeelingofmptynss,"31 years old, tried everything to change my circumstances, hit the gym, became more social, kept up my appearance, got a nice job, and have had absolutely zero success. Never had a girlfriend, never been in a relationship, never, never, never. I have come to the conclusion that I am not nor will I ever be good for anyone. This feeling is horrible. 

God this loneliness sucks.",Career-First Late Bloomer,
1pr26ro,Everyone else is already paired,ForeverAlone,123,16,0.93,https://reddit.com/r/ForeverAlone/comments/1pr26ro/everyone_else_is_already_paired/,2025-12-20,FullShiftMindLab,"I am a 22M FA in college and have never had a relationship before. You know the annoying clichés from normies: “You’re young, you still have time. Take care of your looks and hygiene and try to socialize with no expectations, then one day you’ll find someone,” blah blah blah. I wanted to give it a try. I said okay, maybe they’re right. Maybe it’s because I don’t put in as much effort as normies do. So I spent my last semester and this semester socializing as much as I could. I joined several clubs and attended activities, only to have my FA status thrown in my face again and again.

I wasn’t rushing to get into a relationship with anyone, just observing and trying to see if I had any chances. Every girl I talked to (even when I wasn’t flirting and was just being friendly) either already had a boyfriend or had a crush. Even the first-years, like when the hell did you get into a relationship? You just started college.

And even if they are technically available, they still end up acting",General / Stable but Lonely,Vent
fciqzt,"26M, just broke down crying because I've never had a girlfriend. I swear, being autistic is worse than having an STD",dating,122,102,0.9,https://reddit.com/r/dating/comments/fciqzt/26m_just_broke_down_crying_because_ive_never_had/,2020-03-02,DateThrowaway1995,"As the title says, and I'm a virgin (I've fooled around with 2 women but have never done penetrative sex). I'm getting fucking desperate.

Some asshole is probably going to tell me to ""man up"" or ""stop being a baby"", but hear me out. I work a minumum-wage job and have my own place. I'm also going to a university for a mechanical engineering degree. I am part of a running club, and automotive engineering club, and a comedy/improv club.

I work out, and am a half-marathoner. I am white, 6'2"", 200lbs, and have long, curly hair with a light beard. I have been told that I have ""no bad features"". I play guitar and bass in my free time, draw, record my own music, and love Star Wars and a lot of post-apocalyptic horror.

The number of different women I've dated + cuddled with + fooled around with is 31. Of those, 11 of them were willing to go on a second date. Of those, I took 6 of them up on their offer. With 2 of them, we couldn't agree on a relationship or FWBs. One led me on for three date",Career-First Late Bloomer,Venting
18ms3zt,23m failed to get close to any girl.,lonely,121,74,0.92,https://reddit.com/r/lonely/comments/18ms3zt/23m_failed_to_get_close_to_any_girl/,2023-12-20,ZeiglerNatta,"I'm in medical College, and not being close to any girl makes feel as a failure socially. I never had a girlfriend. Seeing all the people around me have some sort of girls in their circle really bugs me.

It's not that I never tried. They stick with me sometime then when they find someone else, they just drift away.

It feels lonely sometimes. I even do favour for them, help them out but then again they always have someone else to enjoy their life. I want to experience what others experience just once.

They never actively approach to talk to me. If I don't make an effort, they won't.",Approach-Frozen Man,
1nik5m1,How do you get in the mindset of being okay with being single?,AskMenOver30,120,202,0.93,https://reddit.com/r/AskMenOver30/comments/1nik5m1/how_do_you_get_in_the_mindset_of_being_okay_with/,2025-09-16,Turnbuckler,"Most of my friends are in relationships or married. However, I do have an older brother who is single, and a couple of other friends who are as well- although they don’t live nearby. They don’t really mind being single, and I just really envy that mindset. Unfortunately, they can’t articulate why they’re okay with their situation. 

I’m not getting any younger, and unfortunately my dating prospects are not getting any better. I simply want to move forward in life while being content with what I have. I have never had a relationship. I am tired of yearning for one. I need to move on. Advice from men who are in their 40s and 50s would be especially appreciated.",General / Stable but Lonely,Romance/dating
1kxvppb,Not being most women’s type sucks.,self,120,108,0.86,https://reddit.com/r/self/comments/1kxvppb/not_being_most_womens_type_sucks/,2025-05-28,ZeroPrepTime,"I’d like to start by saying that my words come from my personal experiences and is not me making an attempt to baselessly generalize or invalidate another’s experiences.

As a man approaching 30 I’ve come to the conclusion that I am not most women’s type. From high-school, college, and currently I have faced nothing, but constant rejection and failure when it comes to anything dating or romance. Literally no dates, no girlfriends, no sex. I have tried everything within my power including cold approaching, warm approaching, joining clubs or other social groups, going out with my friends as much as I can, putting myself out there, OLD, and working on tirelessly myself. I’ve done it I’ve listened to advice from here, friends, and strangers, yet nothing seems to work.


I have gathered and confirmed from my women friends, coworkers, and acquaintances that they like to be around me, find me safe, think I’m funny, sweet, respectful,smart, entertaining, supportive, and emotionally intelligent",Approach-Frozen Man,
4df4iq,"I don't understand why my life is so different then everyone else's. I tried, I really did. &lt;Long&gt;",ForeverAlone,118,105,0.97,https://reddit.com/r/ForeverAlone/comments/4df4iq/i_dont_understand_why_my_life_is_so_different/,2016-04-05,trail22,"Sorry this rant went on way longer then I intended. But maybe getting this off my chest will help. 

For a long time I believed I could control my life. If I really applied myself I could get out of being FA. I wasn’t one of those  FA guys who said why bother trying I know things will turn out bad. 

I first realized I needed drastic change when I was 25 and never had a date or a relationship. Before I thought maybe it was bad luck but at 25 something was clearly wrong. 

So I put my all into being the man I wanted to be. I told my self over and over again if I became  the man I wanted to be the life I wanted would follow. 

First I got into shape. I lost the weight I had kept since college. I started lifting. I lifted for around 10 years. I would hit the gym 5 times a week.  I ran full marathons. I had a good job with a fancy sounding title. I went out of my way to meet people. I joined yoga classes, college classes, adult sports leagues, running meetup groups, spi n classes, crosffit",Career-First Late Bloomer,
1p4cv8h,I get an erection when I talk to attractive women,dating_advice,117,69,0.86,https://reddit.com/r/dating_advice/comments/1p4cv8h/i_get_an_erection_when_i_talk_to_attractive_women/,2025-11-23,wallflower765,"I'm almost 28M. Never had a girlfriend, but I'm not a virgin and have even kissed a few girls.

Still, I have this problem. Everytime I seemingly hit it off with a woman, even though sex isn't on my mind at all, I start to get hard and I get all nervous and my body language gets all closed off trying to hide it. She'll either end the conversation or walk away while my back is turned. I feel like a creep.

This only happens to women I'm attracted to. Talking to girl friends, nothing.

How do I make it stop?",Emotionally Closed Off,
2horyh,How can I be that mythical 'ugly' guy that is successful with women?,AskMen,112,140,0.87,https://reddit.com/r/AskMen/comments/2horyh/how_can_i_be_that_mythical_ugly_guy_that_is/,2014-09-28,whateverworks88,"I know it might sound like a stupid question but let me explain.

I am a weird looking guy. I have a really large forehead, receding blond hair that adds to the length, large lips and sunken in eyes. I posted once on amiugly and jokes were made, my pic was also used as a joke. Frequently in public, children mention it. The other day on the train a kid asked his mother why my head was so big. I tried growing some hair to cover it it, but it was way too thin. I have it at a buzz-cut now, the only thing I haven't tried is completely bald, but odds are that wont diminish it.

I used to be obese and I lost a lot of weight. I am a bit overweight still but working on it, as well as lifting weights. As a result, I have loose skin and stretch marks.

My whole life I have been teased and have experienced depression. I'm almost 30 and I have never had a girlfriend or had sex. I have some friends that are girls but that's it. Just typing this makes me feel pathetic. While my friends have girlfrien",Career-First Late Bloomer,
z7wq5b,"Are all ""freindships"" one sided and awful?",socialskills,111,75,0.87,https://reddit.com/r/socialskills/comments/z7wq5b/are_all_freindships_one_sided_and_awful/,2022-11-29,Alwaysaloneforever97,"All throughout my life I've always been around the most awful people. I really don't get it. 

Constantly they make the most edgy and dehumanizing jokes. Joking about me ending my own life, laugh at how I've never been with a girl and so on. 

I've literally been told this is just how men are with each other and it's pretty awful. 

They constantly joke how ill have to pay for a girl to date me. Making jokes that I'll end up ordering a mail order bride. They crank these jokes up to 11 when women are around. Why? Idk. 

They make fun of me for going to college. Saying I'll never achieve anything in life, so why bother? 

They make fun of how I look a lot too. 

I've had these kinds of friendships since idk, my whole life. So I'm wondering if thus is really how men are to each other? ""Boys will be boys"" and all that.",General / Stable but Lonely,
1m06kpx,"Never had a girlfriend, about to turn 27. Am I screwed?",dating_advice,111,89,0.96,https://reddit.com/r/dating_advice/comments/1m06kpx/never_had_a_girlfriend_about_to_turn_27_am_i/,2025-07-15,Classic_Natural_8029,"I’m currently a 26 year old guy. In a few months I will be 27 years old, and I have never been in a relationship and have never kissed a girl. I’d be lying if I said it didn’t bother me. It does. It really bothers me. However, I’m trying to learn how to make it not bother me. I’m trying to let go of that insecurity. 



The reason why it’s never happened for me is simple. I’ve tried very little. It’s completely my fault because I never felt good enough so I rarely tried very hard if at all. In high school and college I would pine over a girl and just hope she liked me back without ever actually asking them out. The one or two times I did I was let down easy. So I just stop trying because I hated myself.



I’m working on not hating myself anymore, I’m trying to fix my biggest issue I have with myself. I’m overweight and have been all my life. I recognize that my weight is not the sole reason I’ve never had a girlfriend, but it plays a factor because I’ve always viewed myself as unattra",Career-First Late Bloomer,
1jsyy1r,"Virgin 28M, never kissed or had a girlfriend",ForeverAlone,109,54,0.91,https://reddit.com/r/ForeverAlone/comments/1jsyy1r/virgin_28m_never_kissed_or_had_a_girlfriend/,2025-04-06,General_Event_4795,"I just don't understand it. I don't understand it. I wish things had turned out differently. But here I am at 28 years old. I just wish I knew what a kiss felt like. I just want to be able to be intimate with someone. I just want someone to love me. Why is that so hard to find? My dad tells me ""let her come to you, she'll come to you in time."" But he's been saying that for the past decade. That's all he does. He doesn't actually help me meet people. Whenever I explain how I feel to him, he just gets agitated and babbles on about how lonely he feels too, which doesn't make me feel any better. Literally nothing has happened romantically or even like finding a friend who is a woman, in my life at all. No one really seems to care, no one cares.

Nothing is happening and nothing is going to happen. I'm done pretending, I'm done hoping. The only thing I want is the answer why, and I don't know. I have no opportunities to meet people. From some small town in the US. I work from home full-time",Career-First Late Bloomer,Vent
1l9wygy,I just turned 18 and my friends suggest me to use a dating app.,dating_advice,106,10,0.95,https://reddit.com/r/dating_advice/comments/1l9wygy/i_just_turned_18_and_my_friends_suggest_me_to_use/,2025-06-12,fantochechinchilla,"I recently turned 18.

I've never been in a relationship, nor have I even kissed a girl in my life, nor has anyone ever been interested in me.

Almost the day I turned 18, my friends suggested I sign up for a dating app like Boo or Tinder (I have no idea about the first one or how they work, all I know is that it's paid, I think).
We lived in a not very big town (11000 people) and they told me to expand my search range or whatever.

I think it's a little early for that, right? I mean, do 18-year-olds really use dating apps? Besides, I find it more complicated to find something on an app than it just comes more naturally.

I don't know, I don't think I should, right?
Tell me something.",App-Burned Defeatist,
1qvtqpp,Anybody else feel like they are meant to be single ?,dating_advice,104,51,0.98,https://reddit.com/r/dating_advice/comments/1qvtqpp/anybody_else_feel_like_they_are_meant_to_be_single/,2026-02-04,Delicious_Honey6918,"It feels like the universe is like ""nope not for you"" when it comes to relationships.

There is not a single girl ever who was attracted to me or liked me and I am not lying. When it comes to looks I would say I am about a 6/6.5. I have lost alot of weight, take care of myself when it comes to hygiene and grooming. I am very social and I actually have 0 trouble talking to women but as soon as it comes to attraction it just doesn't happen.

I always get friendzoned, even my friends don't get why. They have tried setting me up but it's no use since all of the girls didn't find me attractive.

I think it's not meant for me. Sorry for venting.",Unseen Good Guy,
1ptcf5u,Has anyone else become more and more forever alone with age because of lack of sexual/romantic relationships?,ForeverAlone,101,18,0.96,https://reddit.com/r/ForeverAlone/comments/1ptcf5u/has_anyone_else_become_more_and_more_forever/,2025-12-22,Cold_Lunch_1818,"What I mean is that, in my case, I at least had friends, even though I have never had a relationship/situationship and still a virgin. But as I became older, one by one I saw my cousins, colleagues, childhood friends, university friends, neighbors etc get into relationships, multiple relationships and eventually settle down with kids by my age. 

So, Firstly, they don't have time and energy for me. Secondly, I feel like a loser beside them. A friend who I connected with a year ago was on her 7th boyfriend then, and is now married recently. Whereas, I am still in the beginning of the starting line and still haven't started. So, yes, as a human, I feel inferior and jealous. So, I avoid them. I have become even more isolated and alone. And lastly, I don't want their pity or sympathy when I meet them (even if it's genuine), so I avoid them. 

TL,DR : Lack of romantic/sexual relationships have made me lose my friends and I have become more FA than ever.",General / Stable but Lonely,Vent
